time,Pxx,Pyy,Pyaw,Pvv,Pbb
3.494,0.050034849156243795,0.05003400060765917,0.020018156,0.0003984117530275958,0.0010000340000000001
3.528,0.05006958517258636,0.05006803979957772,0.020038624039303995,0.0002594533132897814,0.0010000680000000002
3.5620000000000003,0.05010419533992139,0.05010210728335665,0.020061404196519993,0.0002399124822815919,0.0010001020000000003
3.596,0.05013872649283181,0.05013613228410365,0.020086496550255992,0.0002367201123640529,0.0010001360000000004
3.63,0.05017321865651389,0.050170118329206946,0.020113901179119993,0.000236186438699684,0.0010001700000000005
3.664,0.05020769353740145,0.050204111374423405,0.020143618161719994,0.00023609688307786223,0.0010002040000000006
3.698,0.05024216110093843,0.050238120049050615,0.020175647576663992,0.00023608184517966821,0.0010002380000000007
3.732,0.050276625625218924,0.050272224708572996,0.02020998950255999,0.00023607931979254437,0.0010002720000000008
3.766,0.05031108889707859,0.05030625593539817,0.020246644018015993,0.00023607889568441357,0.001000306000000001
3.8,0.05034555165450604,0.05034027769473113,0.02028561120163999,0.00023607882446038297,0.001000340000000001
3.834,0.05038001420087468,0.050374208409604514,0.020326891132039993,0.00023607881249912963,0.0010003740000000011
3.8680000000000003,0.050414476660775066,0.05040821604332006,0.020370483887823993,0.00023607881049037498,0.0010004080000000012
3.902,0.05044893908520364,0.05044222704511424,0.020416389547599993,0.00023607881015302702,0.0010004420000000013
3.936,0.05048340149507327,0.05047627934557014,0.020464608189975992,0.00023607881009637334,0.0010004760000000014
3.97,0.050517863899001404,0.05051029583277078,0.02051513989355999,0.00023607881008685973,0.0010005100000000015
4.004,0.05055232630058085,0.05054436176238096,0.02056798473695999,0.00023607881008526054,0.0010005440000000016
4.038,0.050586788701200744,0.05057833211954398,0.02062314279878399,0.00023607881008499423,0.0010005780000000017
4.072,0.050621251101399325,0.05061239564769536,0.02068061415763999,0.000236078810084948,0.0010006120000000019
4.106,0.05065571350132553,0.050646243266209694,0.020740398892135994,0.0002360788100849402,0.001000646000000002
4.14,0.05069017590116989,0.050680197081326844,0.020802497080879993,0.00023607881008493893,0.001000680000000002
4.174,0.050724638301063114,0.05071418011011593,0.020866908802479996,0.00023607881008494023,0.0010007140000000022
4.208,0.05075910070093832,0.050748109282652776,0.020933634135543996,0.00023607881008493893,0.0010007480000000023
4.242,0.0507935631008201,0.05078208940144463,0.021002673158679996,0.00023607881008493872,0.0010007820000000024
4.276,0.050828025500711436,0.05081606389366785,0.021074025950495994,0.00023607881008493866,0.0010008160000000025
4.31,0.05086248790052556,0.050850023775959693,0.021147692589599993,0.00023607881008493866,0.0010008500000000026
4.344,0.050896950300430635,0.05088401365333505,0.021223673154599994,0.00023607881008494018,0.0010008840000000027
4.378,0.050931412700378265,0.05091801304213007,0.021301967724103994,0.00023607881008493888,0.0010009180000000028
4.412,0.05096587510035975,0.0509520103783187,0.021382576376719992,0.00023607881008493872,0.0010009520000000029
4.446,0.05100033750032965,0.05098600953661164,0.021465499191055993,0.00023607881008493866,0.001000986000000003
4.48,0.05103479990030883,0.0510200172926586,0.021550736245719994,0.00023607881008494018,0.001001020000000003
4.514,0.05106926230029758,0.05105402462934188,0.021638287619319994,0.00023607881008493888,0.0010010540000000032
4.548,0.05110372470029382,0.05108801730826259,0.02172815339046399,0.00023607881008493872,0.0010010880000000033
4.582,0.05113818710029103,0.051122017354238755,0.021820333637759988,0.00023607881008493866,0.0010011220000000034
4.616,0.051172649500241474,0.05115602744112251,0.021914828439815986,0.00023607881008493866,0.0010011560000000035
4.65,0.05120711190019071,0.051190039449903454,0.02201163787523999,0.00023607881008494018,0.0010011900000000036
4.684,0.05124157430012313,0.05122407073257246,0.022110762022639986,0.00023607881008493888,0.0010012240000000037
4.718,0.05127603670006231,0.05125807389323041,0.022212200960623985,0.00023607881008493872,0.0010012580000000038
4.752,0.051310499100006166,0.051292068524860845,0.022315954767799982,0.00023607881008493866,0.0010012920000000039
4.786,0.05134496149996927,0.05132602263410994,0.02242202352277598,0.00023607881008493866,0.001001326000000004
4.82,0.051379423899962015,0.05136001904301981,0.022530407304159984,0.00023607881008494018,0.001001360000000004
4.854,0.05141388629995559,0.05139403881776499,0.022641106190559982,0.00023607881008493888,0.0010013940000000042
4.888,0.05144834869993831,0.051428099655684574,0.02275412026058398,0.00023607881008493872,0.0010014280000000043
4.922,0.05148281109993243,0.051462157709455,0.02286944959283998,0.00023607881008493866,0.0010014620000000044
4.956,0.05151727349993012,0.051496178099868235,0.02298709426593598,0.00023607881008494018,0.0010014960000000045
4.99,0.051551735899928786,0.05153015482869065,0.02310705435847998,0.00023607881008493888,0.0010015300000000046
5.024,0.05158619829991296,0.051564322351232504,0.023229329949079978,0.00023607881008493872,0.0010015640000000047
5.058,0.051620660699902766,0.05159845688450646,0.023353921116343976,0.00023607881008493866,0.0010015980000000048
5.092,0.051655123099900384,0.0516325252395457,0.023480827938879976,0.00023607881008493866,0.001001632000000005
5.126,0.05168958549989569,0.05166661766905717,0.02361005049529598,0.00023607881008494018,0.001001666000000005
5.16,0.05172404789989444,0.05170079862874147,0.02374158886419998,0.00023607881008493888,0.001001700000000005
5.194,0.05175851029989367,0.05173473095653688,0.02387544312419998,0.00023607881008493872,0.0010017340000000052
5.228,0.05179297269989267,0.051768821259882594,0.02401161335390398,0.00023607881008493866,0.0010017680000000053
5.2620000000000005,0.051827435099878826,0.0518027995414281,0.024150099631919983,0.00023607881008494018,0.0010018020000000054
5.296,0.05186189749985295,0.05183661170837822,0.024290902036855983,0.00023607881008493888,0.0010018360000000055
5.33,0.05189635989984399,0.051870518028952706,0.024434020647319983,0.00023607881008493872,0.0010018700000000056
5.364,0.05193082229984129,0.051904582127289454,0.024579455541919985,0.00023607881008493866,0.0010019040000000057
5.398,0.051965284699837216,0.05193878101047274,0.024727206799263986,0.00023607881008493866,0.0010019380000000058
5.432,0.051999747099807585,0.0519726466954024,0.02487727449795999,0.00023607881008494018,0.001001972000000006
5.466,0.05203420949978675,0.05200666716521108,0.02502965871661599,0.00023607881008493888,0.001002006000000006
5.5,0.052068671899756246,0.052040575594202984,0.025184359533839986,0.00023607881008493872,0.0010020400000000061
5.534,0.05210313429966323,0.05207466009414962,0.025341377028239985,0.00023607881008493866,0.0010020740000000062
5.568,0.052137596699446176,0.05210863340237554,0.025500711278423984,0.00023607881008493866,0.0010021080000000063
5.602,0.05217205909910066,0.052142700185150874,0.02566236236299999,0.00023607881008494018,0.0010021420000000064
5.636,0.05220652149877022,0.052176667436548245,0.025826330360575987,0.00023607881008493888,0.0010021760000000065
5.67,0.052240983898462094,0.05221071637706222,0.025992615349759985,0.00023607881008493872,0.0010022100000000066
5.704,0.05227544629816466,0.052244590284118306,0.026161217409159984,0.00023607881008493866,0.0010022440000000067
5.738,0.05230990869780848,0.05227862638894899,0.026332136617383987,0.00023607881008494018,0.0010022780000000068
5.772,0.05234437109745143,0.05231256214042074,0.026505373053039984,0.00023607881008493888,0.001002312000000007
5.806,0.05237883349703048,0.05234659364800028,0.026680926794735983,0.00023607881008493872,0.001002346000000007
5.84,0.0524132958966469,0.05238059874510888,0.02685879792107998,0.00023607881008493866,0.0010023800000000071
5.874,0.05244775829608635,0.05241471200945276,0.02703898651067998,0.00023607881008493866,0.0010024140000000072
5.908,0.052482220695423576,0.052448743203966204,0.027221492642143984,0.00023607881008494018,0.0010024480000000073
5.942,0.052516683094872854,0.05248284468581264,0.02740631639407998,0.00023607881008493888,0.0010024820000000074
5.976,0.052551145494174174,0.05251668278393176,0.027593457845095978,0.00023607881008493872,0.0010025160000000075
6.01,0.0525856078934517,0.052550614689490883,0.027782917073799977,0.00023607881008493866,0.0010025500000000076
6.044,0.052620070292513754,0.052584502831442434,0.027974694158799978,0.00023607881008493866,0.0010025840000000077
6.078,0.05265453269146688,0.05261846325640786,0.028168789178703982,0.00023607881008494018,0.0010026180000000078
6.112,0.052688995090581885,0.05265233187904476,0.02836520221211998,0.00023607881008493888,0.001002652000000008
6.146,0.05272345748948663,0.05268638094437486,0.02856393333765598,0.00023607881008493872,0.001002686000000008
6.18,0.052757919888800596,0.052720335852628204,0.02876498263391998,0.00023607881008493866,0.0010027200000000082
6.214,0.052792382287971805,0.05275428816627151,0.028968350179519983,0.00023607881008494018,0.0010027540000000083
6.248,0.052826844687230076,0.05278820116954117,0.02917403605306398,0.00023607881008493888,0.0010027880000000084
6.282,0.05286130708612269,0.05282219348548324,0.02938204033315998,0.00023607881008493872,0.0010028220000000085
6.316,0.05289576948474057,0.05285616605913153,0.02959236309841598,0.00023607881008493866,0.0010028560000000086
6.35,0.05293023188308942,0.052890122994000484,0.02980500442743998,0.00023607881008493866,0.0010028900000000087
6.384,0.05296469428167313,0.05292407963149747,0.03001996439883998,0.00023607881008494018,0.0010029240000000088
6.418,0.05299915668014787,0.05295806751283557,0.030237243091223984,0.00023607881008493888,0.0010029580000000089
6.452,0.05303361907825548,0.052992107379540195,0.030456840583199984,0.00023607881008493872,0.001002992000000009
6.486,0.053068081476839946,0.05302607154741983,0.030678756953375984,0.00023607881008493866,0.001003026000000009
6.52,0.05310254387498343,0.053060075627032854,0.030902992280359986,0.00023607881008493866,0.0010030600000000092
6.554,0.05313700627278114,0.053094109553359504,0.03112954664275999,0.00023607881008494018,0.0010030940000000093
6.588,0.05317146867090012,0.053128152757837055,0.03135842011918399,0.00023607881008493888,0.0010031280000000094
6.622,0.053205931069392566,0.05316214284789085,0.03158961278823999,0.00023607881008493872,0.0010031620000000095
6.656,0.05324039346785446,0.05319613362914556,0.031823124728536,0.00023607881008493866,0.0010031960000000096
6.69,0.053274855866422346,0.05323010391087283,0.03205895601868,0.00023607881008494018,0.0010032300000000097
6.724,0.05330931826496336,0.05326407764124799,0.03229710673728001,0.00023607881008493888,0.0010032640000000098
6.758,0.05334378066324602,0.05329809408690667,0.03253757696294401,0.00023607881008493872,0.0010032980000000099
6.792,0.0533782430611915,0.05333209833686968,0.032780366774280006,0.00023607881008493866,0.00100333200000001
6.8260000000000005,0.05341270546024656,0.05336603593417023,0.03302547624989602,0.00023607881008494018,0.00100336600000001
6.86,0.053447167859270374,0.053400033716543116,0.03327290546840002,0.00023607881008493888,0.0010034000000000102
6.894,0.053481630257843686,0.05343403594718202,0.03352265450840002,0.00023607881008493872,0.0010034340000000103
6.928,0.053516092655773846,0.05346803176855746,0.033774723448504025,0.00023607881008493866,0.0010034680000000104
6.962,0.05355055505439962,0.05350203470461971,0.03402911236732003,0.00023607881008493866,0.0010035020000000105
6.996,0.05358501745347252,0.05353606665407442,0.034285821343456035,0.00023607881008494018,0.0010035360000000106
7.03,0.053619479852092054,0.05357010769501597,0.03454485045552004,0.00023607881008493888,0.0010035700000000107
7.064,0.05365394225172731,0.05360424082821045,0.034806199782120045,0.00023607881008493872,0.0010036040000000108
7.098,0.0536884046500767,0.0536382911818335,0.03506986940186405,0.00023607881008493866,0.001003638000000011
7.132,0.05372286704771863,0.053672275405420834,0.03533585939336006,0.00023607881008493866,0.001003672000000011
7.166,0.05375732944626511,0.053706366196653706,0.03560416983521607,0.00023607881008494018,0.001003706000000011
7.2,0.0537917918436849,0.05374036097124117,0.03587480080604007,0.00023607881008493888,0.0010037400000000112
7.234,0.05382625424126973,0.05377437743975271,0.036147752384440075,0.00023607881008493872,0.0010037740000000113
7.268,0.05386071663861503,0.05380836735079103,0.036423024649024076,0.00023607881008493866,0.0010038080000000114
7.302,0.05389517903488609,0.053842258642586245,0.03670061767840008,0.00023607881008493866,0.0010038420000000115
7.336,0.05392964143211837,0.0538762379386875,0.03698053155117609,0.00023607881008494018,0.0010038760000000116
7.37,0.05396410383205844,0.053910478238261936,0.0372627663459601,0.00023607881008493888,0.0010039100000000117
7.404,0.053998566231055256,0.053944667975793406,0.037547322141360105,0.00023607881008493872,0.0010039440000000118
7.438,0.05403302863007625,0.05397889079179944,0.03783419901598411,0.00023607881008493866,0.001003978000000012
7.472,0.05406749102575685,0.05401275830438072,0.03812339704844012,0.00023607881008494018,0.001004012000000012
7.506,0.05410195342324924,0.05404686925582253,0.03841491631733612,0.00023607881008493888,0.0010040460000000121
7.54,0.054136415821905134,0.054081136276999855,0.038708756901280124,0.00023607881008493872,0.0010040800000000122
7.574,0.05417087821998307,0.05411536709068919,0.03900491887888013,0.00023607881008493866,0.0010041140000000123
7.608,0.054205340609323915,0.054148779429514106,0.03930340232874413,0.00023607881008493866,0.0010041480000000124
7.642,0.05423980300061828,0.05418235622479988,0.03960420732948014,0.00023607881008494018,0.0010041820000000125
7.676,0.054274265394592194,0.054216208933403696,0.039907333959696145,0.00023607881008493888,0.0010042160000000126
7.71,0.05430872779021277,0.05425019999834058,0.04021278229800015,0.00023607881008493872,0.0010042500000000127
7.744,0.05434319018709182,0.05428428660359945,0.04052055242300015,0.00023607881008493866,0.0010042840000000128
7.7780000000000005,0.054377652583427125,0.05431835263631431,0.04083064441330416,0.00023607881008494018,0.001004318000000013
7.812,0.05441211497862006,0.0543523694856464,0.04114305834752016,0.00023607881008493888,0.001004352000000013
7.846,0.05444657737307389,0.05438633328644498,0.04145779430425616,0.00023607881008493872,0.0010043860000000131
7.88,0.05448103976752028,0.05442028464463377,0.04177485236212016,0.00023607881008493866,0.0010044200000000132
7.914,0.05451550216365462,0.05445433943702854,0.042094232599720165,0.00023607881008493866,0.0010044540000000133
7.948,0.05454996455819486,0.05448825262243052,0.04241593509566417,0.00023607881008494018,0.0010044880000000134
7.982,0.05458442695456757,0.05452224236607177,0.04273995992856018,0.00023607881008493888,0.0010045220000000135
8.016,0.05461888935158942,0.05455628540241351,0.043066307177016185,0.00023607881008493872,0.0010045560000000136
8.05,0.05465335174757851,0.05459027779325253,0.0433949769196402,0.00023607881008494018,0.0010045900000000137
8.084,0.054687814142924826,0.05462421796625939,0.04372596923504019,0.00023607881008493742,0.0010046240000000138
8.118,0.05472227653936091,0.054658255929615415,0.04405928420182421,0.00023607881008493996,0.001004658000000014
8.152,0.054756738936549205,0.05469233314745636,0.04439492189860019,0.0002360788100849374,0.001004692000000014
8.186,0.054791201334191485,0.05472646735247174,0.0447328824039762,0.00023607881008493996,0.0010047260000000142
8.22,0.05482566372971575,0.05476040079847704,0.04507316579656021,0.00023607881008494034,0.0010047600000000143
8.254,0.054860126123914436,0.054794249340017954,0.0454157721549602,0.00023607881008493744,0.0010047940000000144
8.288,0.05489458851779676,0.054828122019395235,0.04576070155778421,0.00023607881008493996,0.0010048280000000145
8.322,0.05492905091197289,0.05486205024131745,0.0461079540836402,0.0002360788100849374,0.0010048620000000146
8.356,0.05496351330756756,0.05489605557835582,0.046457529811136204,0.00023607881008493996,0.0010048960000000147
8.39,0.05499797570308813,0.05493005482097824,0.046809428818880214,0.00023607881008494034,0.0010049300000000148
8.424,0.05503243809852708,0.05496405724340373,0.0471636511854802,0.00023607881008493744,0.0010049640000000149
8.458,0.055066900493596437,0.054998084722100965,0.04752019698954422,0.00023607881008493996,0.001004998000000015
8.492,0.055101362887602395,0.05503207428842476,0.04787906630968023,0.00023607881008494034,0.001005032000000015
8.526,0.05513582528044308,0.05506606588469784,0.04824025922449622,0.00023607881008493744,0.0010050660000000152
8.56,0.055170287673812594,0.05510009263892154,0.04860377581260023,0.00023607881008493996,0.0010051000000000153
8.594,0.055204750065882914,0.055134071760293404,0.04896961615260022,0.0002360788100849374,0.0010051340000000154
8.628,0.05523921245769723,0.05516808602892005,0.049337780323104236,0.00023607881008493996,0.0010051680000000155
8.662,0.05527367484903935,0.05520208112523519,0.04970826840272025,0.00023607881008494034,0.0010052020000000156
8.696,0.05530813723954084,0.055236057036435186,0.05008108047005624,0.00023607881008493744,0.0010052360000000157
8.73,0.05534259963045521,0.0552700419348153,0.050456216603720246,0.00023607881008493996,0.0010052700000000158
8.764,0.05537706202220426,0.05530405639615117,0.05083367688232023,0.0002360788100849374,0.0010053040000000159
8.798,0.05541152441264711,0.05533805193487501,0.05121346138446425,0.00023607881008493996,0.001005338000000016
8.832,0.05544598680317034,0.05537206762348253,0.05159557018876026,0.00023607881008494034,0.001005372000000016
8.866,0.05548044919207458,0.05540605261760116,0.051980003373816246,0.00023607881008493744,0.0010054060000000162
8.9,0.05551491158446903,0.05544014950337157,0.05236676101824026,0.00023607881008493996,0.0010054400000000163
8.934,0.05554937398584961,0.05547462163659569,0.05275584320064025,0.0002360788100849374,0.0010054740000000164
8.968,0.055583836418096506,0.05551038409561966,0.053147249999624266,0.00023607881008493996,0.0010055080000000165
9.002,0.05561829888387553,0.05554754933040583,0.05354098149380028,0.00023607881008494034,0.0010055420000000166
9.036,0.055652761440402904,0.05558786155746692,0.05393703776177627,0.00023607881008493744,0.0010055760000000167
9.07,0.05568722412217339,0.055632956977052735,0.05433541888216028,0.00023607881008493996,0.0010056100000000168
9.104,0.055721687024319226,0.05568538746972975,0.05473612493356026,0.0002360788100849374,0.001005644000000017
9.138,0.05575615027908155,0.05574776424092018,0.05513915599458428,0.00023607881008493996,0.001005678000000017
9.172,0.05579061397480369,0.05582396313279115,0.05554451214384029,0.00023607881008494034,0.001005712000000017
9.206,0.05582507820938459,0.05591454684649213,0.05595219345993628,0.00023607881008493744,0.0010057460000000172
9.24,0.05585954297529393,0.05601705976315416,0.05636220002148029,0.00023607881008493996,0.0010057800000000173
9.274000000000001,0.05589400808203083,0.056128575109638396,0.0567745319070803,0.00023607881008494034,0.0010058140000000174
9.308,0.05592847356077124,0.05624833186472442,0.057189189195344284,0.00023607881008493744,0.0010058480000000175
9.342,0.05596293981839161,0.056387164804398676,0.0576061719648803,0.00023607881008493996,0.0010058820000000176
9.376,0.055997406626089874,0.05654024660530252,0.058025480294296286,0.0002360788100849374,0.0010059160000000177
9.41,0.05603187421717261,0.05671101052569678,0.058447114262200305,0.00023607881008493996,0.0010059500000000178
9.444,0.056066342189684974,0.0568808250990285,0.05887107394720032,0.00023607881008494034,0.001005984000000018
9.478,0.056100810972800855,0.057066041411119164,0.05929735942790431,0.00023607881008493744,0.001006018000000018
9.512,0.05613528032646692,0.057265630372255745,0.05972597078292033,0.00023607881008493996,0.0010060520000000181
9.546,0.05616974989296981,0.057468538336441284,0.06015690809085632,0.0002360788100849374,0.0010060860000000182
9.58,0.05620422013813034,0.057685169731142384,0.06059017143032033,0.00023607881008493996,0.0010061200000000183
9.614,0.05623869152174038,0.05791967102491565,0.06102576087992035,0.00023607881008494034,0.0010061540000000184
9.648,0.056273164969101584,0.05819247664185008,0.061463676518264336,0.00023607881008493744,0.0010061880000000185
9.682,0.05630763774501896,0.05845441894831057,0.06190391842396035,0.00023607881008493996,0.0010062220000000186
9.716,0.05634211092534708,0.058725335218824504,0.06234648667561634,0.0002360788100849374,0.0010062560000000187
9.75,0.05637658540977429,0.05902054818622162,0.06279138135184036,0.00023607881008493996,0.0010062900000000188
9.784,0.056411061245861545,0.05934328458562557,0.06323860253124036,0.00023607881008494034,0.001006324000000019
9.818,0.056445536060419195,0.059653274069893354,0.06368815029242435,0.00023607881008493744,0.001006358000000019
9.852,0.05648001318411285,0.0599977963313023,0.06414002471400036,0.00023607881008493996,0.0010063920000000191
9.886,0.05651449073418658,0.06033134508048351,0.06459422587457635,0.0002360788100849374,0.0010064260000000192
9.92,0.056548968925359634,0.060685406492386074,0.06505075385276037,0.00023607881008493996,0.0010064600000000193
9.954,0.056583448611785936,0.061063864611176875,0.06550960872716038,0.00023607881008494034,0.0010064940000000194
9.988,0.056617929894745934,0.061459856774836286,0.06597079057638437,0.00023607881008493744,0.0010065280000000195
10.022,0.05665241319697962,0.06188058385308092,0.06643429947904039,0.00023607881008493996,0.0010065620000000196
10.056,0.05668689767509008,0.06231740589226045,0.06690013551373639,0.0002360788100849374,0.0010065960000000197
10.09,0.05672138159412044,0.06275000546963044,0.0673682987590804,0.00023607881008493996,0.0010066300000000198
10.124,0.0567558664606839,0.06319901375542239,0.06783878929368042,0.00023607881008494034,0.00100666400000002
10.158,0.056790354617769295,0.06369511515959465,0.06831160719614442,0.00023607881008493744,0.00100669800000002
10.192,0.05682484487785777,0.06420826484405634,0.06878675254508043,0.00023607881008493996,0.0010067320000000201
10.226,0.05685933697283803,0.06473227487241284,0.06926422541909645,0.00023607881008494034,0.0010067660000000203
10.26,0.05689383149406099,0.0652783144704793,0.06974402589680044,0.00023607881008493744,0.0010068000000000204
10.294,0.05692832558127804,0.06581303435037529,0.07022615405680045,0.00023607881008493996,0.0010068340000000205
10.328,0.056962822837311605,0.06637902523430077,0.07071060997770444,0.0002360788100849374,0.0010068680000000206
10.362,0.05699731933324548,0.0669175563572944,0.07119739373812045,0.00023607881008493996,0.0010069020000000207
10.396,0.0570318165980052,0.06745450380744372,0.07168650541665646,0.00023607881008494034,0.0010069360000000208
10.43,0.057066315423890436,0.06801911946432154,0.07217794509192045,0.00023607881008493744,0.0010069700000000209
10.464,0.057100816819673446,0.06862171768517027,0.07267171284252047,0.00023607881008493996,0.001007004000000021
10.498,0.057135318220112384,0.06921188558748693,0.07316780874706447,0.0002360788100849374,0.001007038000000021
10.532,0.05716982176511478,0.0698349767537235,0.07366623288416049,0.00023607881008493996,0.0010070720000000212
10.566,0.05720432507267775,0.07046202342419887,0.07416698533241652,0.00023607881008494034,0.0010071060000000213
10.6,0.0572388316160578,0.0711388322340288,0.0746700661704405,0.00023607881008493744,0.0010071400000000214
10.634,0.05727333739447283,0.07180463216073543,0.07517547547684052,0.00023607881008493996,0.0010071740000000215
10.668,0.0573078463344828,0.07250016263421585,0.07568321333022451,0.0002360788100849374,0.0010072080000000216
10.702,0.05734235604004282,0.07320569391114157,0.07619327980920054,0.00023607881008493996,0.0010072420000000217
10.736,0.057376866420822466,0.07393521419569732,0.07670567499237657,0.00023607881008494034,0.0010072760000000218
10.77,0.05741137810714254,0.07467240370952329,0.07722039895836057,0.00023607881008493744,0.0010073100000000219
10.804,0.05744589243733697,0.0754457085989039,0.07773745178576058,0.00023607881008493996,0.001007344000000022
10.838000000000001,0.057480404742846415,0.07619952394537717,0.0782568335531846,0.00023607881008494034,0.001007378000000022
10.872,0.05751492285649978,0.07701354423974706,0.07877854433924059,0.00023607881008493744,0.0010074120000000222
10.906,0.05754944097645547,0.07782648271732537,0.07930258422253661,0.00023607881008493996,0.0010074460000000223
10.94,0.057583962093339096,0.07868480253611376,0.0798289532816806,0.0002360788100849374,0.0010074800000000224
10.974,0.05761848922429046,0.07959989479216724,0.08035765159528062,0.00023607881008493996,0.0010075140000000225
11.008,0.05765301892990741,0.0805168053350129,0.08088867924194461,0.0002360788100849374,0.0010075480000000226
11.042,0.057687547271069506,0.0814203271175606,0.08142203630028064,0.00023607881008493996,0.0010075820000000227
11.076,0.05772207477581879,0.08231226074345799,0.08195772284889666,0.00023607881008494034,0.0010076160000000228
11.11,0.05775660347259182,0.08320155174505937,0.08249573896640065,0.00023607881008493744,0.001007650000000023
11.144,0.05779113481052396,0.0841169549450953,0.08303608473140067,0.00023607881008493996,0.001007684000000023
11.178,0.05782567328024803,0.08508922628393917,0.08357876022250468,0.00023607881008494034,0.001007718000000023
11.212,0.05786021954618921,0.08612195071600044,0.08412376551832067,0.00023607881008493744,0.0010077520000000232
11.246,0.05789476251663199,0.08713136841715582,0.08467110069745667,0.00023607881008493996,0.0010077860000000233
11.28,0.05792930765939714,0.08815948012529655,0.08522076583852066,0.0002360788100849374,0.0010078200000000234
11.314,0.05796385405594996,0.08921465746548629,0.08577276102012067,0.00023607881008493996,0.0010078540000000235
11.348,0.05799839997696367,0.09023958475771011,0.08632708632086468,0.00023607881008494034,0.0010078880000000236
11.382,0.05803295810913553,0.09138574810431702,0.08688374181936066,0.00023607881008493744,0.0010079220000000237
11.416,0.05806751729968939,0.09250747176148999,0.08744272759421669,0.00023607881008493996,0.0010079560000000238
11.45,0.05810207385582945,0.09361828654880852,0.08800404372404069,0.0002360788100849374,0.001007990000000024
11.484,0.05813662962607901,0.09471091764974345,0.08856769028744071,0.00023607881008493996,0.001008024000000024
11.518,0.05817119592327392,0.09590768512965935,0.08913366736302474,0.00023607881008494034,0.0010080580000000241
11.552,0.058205761733069,0.09710429517978253,0.08970197502940074,0.00023607881008493744,0.0010080920000000242
11.586,0.05824033064393642,0.09831130338871832,0.09027261336517677,0.00023607881008493996,0.0010081260000000243
11.62,0.058274901352947,0.09953088625653808,0.09084558244896075,0.0002360788100849374,0.0010081600000000244
11.654,0.05830947662193572,0.10074912824912056,0.09142088235936077,0.00023607881008493996,0.0010081940000000245
11.688,0.05834407274863338,0.10213581071878045,0.0919985131749848,0.00023607881008494034,0.0010082280000000246
11.722,0.05837866185507271,0.10340434368348363,0.09257847497444079,0.00023607881008493744,0.0010082620000000247
11.756,0.05841325828080855,0.1047314947159899,0.0931607678363368,0.00023607881008493996,0.0010082960000000248
11.79,0.058447857007413444,0.10607866528763271,0.09374539183928078,0.0002360788100849374,0.001008330000000025
11.824,0.05848245613336498,0.10746538134865255,0.0943323470618808,0.00023607881008493996,0.001008364000000025
11.858,0.05851705530664801,0.10884073230442302,0.09492163358274483,0.00023607881008494034,0.0010083980000000251
11.892,0.05855164874403433,0.11014809886062521,0.09551325148048083,0.00023607881008493744,0.0010084320000000252
11.926,0.05858625650289049,0.11156444414697697,0.09610720083369685,0.00023607881008493996,0.0010084660000000253
11.96,0.05862087587728141,0.11310030311536463,0.09670348172100086,0.00023607881008494034,0.0010085000000000254
11.994,0.05865550604395514,0.1147138663171418,0.09730209422100085,0.00023607881008493744,0.0010085340000000255
12.028,0.05869012792252101,0.11621868008036858,0.09790303841230487,0.00023607881008493996,0.0010085680000000256
12.062,0.058724755203944184,0.1177591126184769,0.09850631437352086,0.0002360788100849374,0.0010086020000000257
12.096,0.05875938175815268,0.11927753533972416,0.09911192218325689,0.00023607881008493996,0.0010086360000000258
12.13,0.05879403576420606,0.1210533862709645,0.09971986192012092,0.00023607881008494034,0.001008670000000026
12.164,0.058828677487682834,0.12272175940967689,0.10033013366272091,0.00023607881008493744,0.001008704000000026
12.198,0.05886331236541484,0.1243099242424362,0.10094273748966494,0.00023607881008493996,0.0010087380000000261
12.232,0.05889795435611173,0.12592587132898617,0.10155767347956093,0.0002360788100849374,0.0010087720000000262
12.266,0.05893260498354203,0.12761155864193277,0.10217494171101696,0.00023607881008493996,0.0010088060000000264
12.3,0.05896725005481613,0.12921576074074467,0.102794542262641,0.00023607881008494034,0.0010088400000000265
12.334,0.05900192256068344,0.1309984718150147,0.10341647521304098,0.00023607881008493744,0.0010088740000000266
12.368,0.05903660258783342,0.13280992950144388,0.104040740640825,0.00023607881008493996,0.0010089080000000267
12.402,0.05907128772404498,0.13461674350501854,0.10466733862460098,0.0002360788100849374,0.0010089420000000268
12.436,0.059105977975908844,0.1364367887385913,0.105296269242977,0.00023607881008493996,0.0010089760000000269
12.47,0.05914068770927124,0.1383678163615789,0.10592753257456101,0.00023607881008494034,0.001009010000000027
12.504,0.059175408593680964,0.14035825273387748,0.106561128697961,0.00023607881008493744,0.001009044000000027
12.538,0.059210137235227514,0.14235530315194514,0.10719705769178502,0.00023607881008493996,0.0010090780000000272
12.572,0.059244869936581665,0.14439381750337196,0.107835319634641,0.0002360788100849374,0.0010091120000000273
12.606,0.05927960564099804,0.14643779629040923,0.10847591460513702,0.00023607881008493996,0.0010091460000000274
12.64,0.0593143504811306,0.1485155855589243,0.10911884268188103,0.00023607881008494034,0.0010091800000000275
12.674,0.059349107840850006,0.15061554236963468,0.10976410394348102,0.00023607881008493744,0.0010092140000000276
12.708,0.05938385518782781,0.15264558308873685,0.11041169846854505,0.00023607881008493996,0.0010092480000000277
12.742,0.05941860196879733,0.15464477473651952,0.11106162633568108,0.00023607881008494034,0.0010092820000000278
12.776,0.059453365047041754,0.15674373372960887,0.11171388762349707,0.00023607881008493744,0.0010093160000000279
12.81,0.05948811308453257,0.15871403868984701,0.1123684824106011,0.00023607881008493996,0.001009350000000028
12.844,0.0595228751511385,0.16077366537955923,0.11302541077560109,0.0002360788100849374,0.001009384000000028
12.878,0.05955764753275976,0.1628778370229992,0.11368467279710512,0.00023607881008493996,0.0010094180000000282
12.912,0.05959243363799286,0.16504531744637796,0.11434626855372114,0.00023607881008494034,0.0010094520000000283
12.946,0.0596272243548646,0.16724193717573368,0.11501019812405713,0.00023607881008493744,0.0010094860000000284
12.98,0.05966199642289098,0.16931465865559,0.11567646158672115,0.00023607881008493996,0.0010095200000000285
13.014,0.05969682461786592,0.17171471536212862,0.11634505902032113,0.0002360788100849374,0.0010095540000000286
13.048,0.05973166126895643,0.17413055010385814,0.11701599050346516,0.00023607881008493996,0.0010095880000000287
13.082,0.059766483256982195,0.1764654905059251,0.11768925611476118,0.00023607881008494034,0.0010096220000000288
13.116,0.05980132678533212,0.17890082540653995,0.11836485593281718,0.00023607881008493744,0.0010096560000000289
13.15,0.059836167995543914,0.1813048239037019,0.1190427900362412,0.00023607881008493996,0.001009690000000029
13.184,0.059871022800034986,0.1837984972629032,0.11972305850364119,0.0002360788100849374,0.001009724000000029
13.218,0.059905880292025114,0.18631315054140893,0.12040566141362523,0.00023607881008493996,0.0010097580000000292
13.252,0.059940738801910025,0.1888198807964678,0.12109059884480126,0.00023607881008494034,0.0010097920000000293
13.286,0.05997562931230471,0.1915302627006123,0.12177787087577725,0.00023607881008493744,0.0010098260000000294
13.32,0.060010470049824426,0.19393514469441586,0.12246747758516127,0.00023607881008493996,0.0010098600000000295
13.354,0.06004536976781655,0.19667652338102473,0.12315941905156126,0.0002360788100849374,0.0010098940000000296
13.388,0.06008024719123223,0.19927068378295976,0.12385369535358529,0.00023607881008493996,0.0010099280000000297
13.422,0.060115164754926294,0.20207400196187725,0.12455030656984131,0.00023607881008494034,0.0010099620000000298
13.456,0.06015007521420019,0.20482004997727637,0.12524925277893728,0.00023607881008493744,0.00100999600000003
13.49,0.0601850036348267,0.207643275583827,0.1259505340594813,0.00023607881008493996,0.00101003000000003
13.524000000000001,0.060219928916184225,0.21046547346252292,0.12665415049008133,0.00023607881008494034,0.0010100640000000301
13.558,0.060254852893509875,0.21326900069468435,0.1273601021493453,0.00023607881008493744,0.0010100980000000302
13.592,0.06028976291954515,0.2159979842404539,0.1280683891158813,0.00023607881008493996,0.0010101320000000303
13.626,0.060324704034637376,0.2188920425493532,0.1287790114682973,0.0002360788100849374,0.0010101660000000304
13.66,0.0603596629187021,0.22184688602771394,0.1294919692852013,0.00023607881008493996,0.0010102000000000305
13.694,0.06039462828684237,0.2248339833048868,0.1302072626452013,0.00023607881008494034,0.0010102340000000306
13.728,0.060429626853674145,0.2279651785342676,0.1309248916269053,0.00023607881008493744,0.0010102680000000307
13.762,0.06046466832215451,0.23133745751051488,0.13164485630892128,0.00023607881008493996,0.0010103020000000308
13.796,0.06049970467736182,0.23465716832006048,0.13236715676985727,0.0002360788100849374,0.001010336000000031
13.83,0.06053475413271363,0.2380188529203706,0.13309179308832128,0.00023607881008493996,0.001010370000000031
13.864,0.06056976551856714,0.24113604229674984,0.1338187653429213,0.00023607881008494034,0.0010104040000000311
13.898,0.06060480024705657,0.24435090035981963,0.13454807361226528,0.00023607881008493744,0.0010104380000000312
13.932,0.06063987518135793,0.24776141884262395,0.1352797179749613,0.00023607881008493996,0.0010104720000000313
13.966,0.060674951513191265,0.25109402043148,0.13601369850961725,0.0002360788100849374,0.0010105060000000314
14.0,0.060709994284442056,0.25424629267789567,0.13675001529484127,0.00023607881008493996,0.0010105400000000315
14.034,0.06074506777273017,0.25754709122464714,0.1374886684092413,0.00023607881008494034,0.0010105740000000316
14.068,0.06078014016750529,0.2607865366563636,0.13822965793142528,0.00023607881008493744,0.0010106080000000317
14.102,0.060815282938261085,0.2643445347718757,0.1389729839400013,0.00023607881008493996,0.0010106420000000318
14.136,0.06085042671181524,0.26795086448303473,0.13971864651357727,0.0002360788100849374,0.001010676000000032
14.17,0.06088555834085513,0.27146928437262147,0.14046664573076129,0.00023607881008493996,0.001010710000000032
14.204,0.060920710620424603,0.27504314188615053,0.1412169816701613,0.00023607881008494034,0.0010107440000000321
14.238,0.06095581678800556,0.2783702736912559,0.14196965441038528,0.00023607881008493744,0.0010107780000000322
14.272,0.06099100491584622,0.2819706924535979,0.1427246640300413,0.00023607881008493996,0.0010108120000000323
14.306,0.061026208534127574,0.28566162998086236,0.1434820106077373,0.0002360788100849374,0.0010108460000000324
14.34,0.0610614341428832,0.28941554519112284,0.14424169422208133,0.00023607881008493996,0.0010108800000000326
14.374,0.06109663141188411,0.2930457875296319,0.14500371495168135,0.00023607881008494034,0.0010109140000000327
14.408,0.06113187780593832,0.2968890984231947,0.14576807287514532,0.00023607881008493744,0.0010109480000000328
14.442,0.0611671662367082,0.30084032184049087,0.14653476807108134,0.00023607881008493996,0.0010109820000000329
14.476,0.06120242247071461,0.30465398702244406,0.14730380061809736,0.00023607881008494034,0.001011016000000033
14.51,0.061237676556083184,0.308458777012349,0.14807517059480135,0.00023607881008493744,0.001011050000000033
14.544,0.06127293417501584,0.3122246419605299,0.14884887807980138,0.00023607881008493996,0.0010110840000000332
14.578,0.061308202895888605,0.315984043133106,0.14962492315170534,0.0002360788100849374,0.0010111180000000333
14.612,0.061343563898102846,0.32009275235282336,0.15040330588912135,0.00023607881008493996,0.0010111520000000334
14.646,0.06137887383787992,0.3239143189285298,0.15118402637065737,0.00023607881008494034,0.0010111860000000335
14.68,0.06141425185497629,0.3279992180536105,0.15196708467492134,0.00023607881008493744,0.0010112200000000336
14.714,0.06144964779992351,0.33209143459739465,0.15275248088052137,0.00023607881008493996,0.0010112540000000337
14.748,0.06148508434393158,0.3363429201539277,0.15354021506606536,0.0002360788100849374,0.0010112880000000338
14.782,0.06152053761558607,0.34060334616199434,0.15433028731016135,0.00023607881008493996,0.0010113220000000339
14.816,0.061556031842970454,0.345003170722598,0.15512269769141734,0.00023607881008494034,0.001011356000000034
14.85,0.06159157119726898,0.3495132817962513,0.15591744628844134,0.00023607881008493744,0.001011390000000034
14.884,0.06162710765617832,0.35393913706771335,0.15671453317984135,0.00023607881008493996,0.0010114240000000342
14.918,0.06166262409483962,0.35832231993789115,0.15751395844422533,0.0002360788100849374,0.0010114580000000343
14.952,0.061698185781843815,0.3628788134763501,0.15831572216020134,0.00023607881008493996,0.0010114920000000344
14.986,0.06173369276603829,0.3671960541203881,0.15911982440637737,0.00023607881008494034,0.0010115260000000345
15.02,0.061769166987489486,0.3713601989170939,0.15992626526136133,0.00023607881008493744,0.0010115600000000346
15.054,0.06180472149115525,0.37581197533744104,0.16073504480376136,0.00023607881008493996,0.0010115940000000347
15.088,0.061840304038601406,0.38033363497796074,0.16154616311218534,0.0002360788100849374,0.0010116280000000348
15.122,0.06187591381533883,0.38489324173506384,0.16235962026524137,0.00023607881008493996,0.0010116620000000349
15.156,0.061911613996539154,0.3897505335910249,0.16317541634153737,0.00023607881008494034,0.001011696000000035
15.19,0.06194728419771499,0.3944286615490541,0.16399355141968136,0.00023607881008493744,0.001011730000000035
15.224,0.061982938187338736,0.3990354202973197,0.1648140255782814,0.00023607881008493996,0.0010117640000000352
15.258,0.06201867018580106,0.4038942851789509,0.16563683889594538,0.0002360788100849374,0.0010117980000000353
15.292,0.062054374287712655,0.40861265548375575,0.1664619914512814,0.00023607881008493996,0.0010118320000000354
15.326,0.0620901502226428,0.41354502313059344,0.16728948332289742,0.00023607881008494034,0.0010118660000000355
15.36,0.06212587061803366,0.41827571871456704,0.1681193145894014,0.00023607881008493744,0.0010119000000000356
15.394,0.0621615500306238,0.4227751868171424,0.16895148532940144,0.00023607881008493996,0.0010119340000000357
15.428,0.06219733619520527,0.4276405975575142,0.16978599562150548,0.00023607881008494034,0.0010119680000000358
15.462,0.06223313278636093,0.43249807045472916,0.17062284554432147,0.00023607881008493744,0.001012002000000036
15.496,0.06226895433922133,0.4374441938214948,0.17146203517645747,0.00023607881008493996,0.001012036000000036
15.53,0.06230479018058033,0.44239301625693334,0.17230356459652144,0.0002360788100849374,0.0010120700000000361
15.564,0.062340737510891794,0.4477147835445108,0.17314743388312145,0.00023607881008493996,0.0010121040000000362
15.598,0.06237666312267158,0.45297093176364395,0.17399364311486548,0.00023607881008494034,0.0010121380000000363
15.632,0.06241256581632994,0.4580449081561827,0.17484219237036147,0.00023607881008493744,0.0010121720000000364
15.666,0.06244853071334032,0.46335284863815407,0.17569308172821752,0.00023607881008493996,0.0010122060000000365
15.7,0.062484584516673526,0.46893040453016127,0.1765463112670415,0.0002360788100849374,0.0010122400000000366
15.734,0.0625205962347484,0.4742959656783506,0.17740188106544152,0.00023607881008493996,0.0010122740000000367
15.768,0.06255670906074094,0.4798903469508526,0.17825979120202554,0.00023607881008494034,0.0010123080000000368
15.802,0.0625929767794204,0.4858908202442028,0.17912004175540153,0.00023607881008493744,0.001012342000000037
15.836,0.0626293001195882,0.4919477533994835,0.17998263280417756,0.00023607881008493996,0.001012376000000037
15.870000000000001,0.06266553204107675,0.4978032327643489,0.1808475644269616,0.00023607881008494034,0.0010124100000000371
15.904,0.06270168945666417,0.503316541768605,0.18171483670236158,0.00023607881008493744,0.0010124440000000372
15.938,0.0627378820741107,0.5088800185994389,0.1825844497089856,0.00023607881008493996,0.0010124780000000373
15.972,0.06277426979251131,0.5150559439839454,0.18345640352544157,0.0002360788100849374,0.0010125120000000374
16.006,0.06281039690040884,0.5203728257461696,0.1843306982303376,0.00023607881008493996,0.0010125460000000375
16.04,0.06284663555347951,0.5259771856751091,0.18520733390228156,0.0002360788100849374,0.0010125800000000376
16.074,0.06288303388126112,0.53205142071071,0.18608631061988162,0.00023607881008494295,0.0010126140000000377
16.108,0.06291942856570107,0.5381384949812408,0.18696762846174558,0.0002360788100849379,0.0010126480000000378
16.142,0.06295586452803709,0.5442659211345463,0.18785128750648156,0.0002360788100849371,0.001012682000000038
16.176,0.06299239335893156,0.5505312151129607,0.18873728783269753,0.00023607881008493693,0.001012716000000038
16.21,0.06302900979561332,0.5570147551353073,0.18962562951900158,0.00023607881008494284,0.0010127500000000381
16.244,0.06306546063501949,0.5630862692334773,0.19051631264400157,0.00023607881008493788,0.0010127840000000382
16.278,0.063102021233518,0.5694093875209075,0.19140933728630555,0.00023607881008493704,0.0010128180000000383
16.312,0.06313851294573258,0.5755077525880475,0.19230470352452161,0.0002360788100849429,0.0010128520000000384
16.346,0.06317517506094918,0.5820978851267944,0.1932024114372576,0.0002360788100849379,0.0010128860000000385
16.38,0.0632117134936242,0.5883552914312508,0.1941024611031216,0.0002360788100849371,0.0010129200000000387
16.414,0.06324826837553918,0.5945460957401832,0.19500485260072167,0.0002360788100849429,0.0010129540000000388
16.448,0.06328492209939034,0.6010192229572214,0.19590958600866565,0.0002360788100849379,0.0010129880000000389
16.482,0.06332160103809384,0.6074890673677062,0.19681666140556164,0.0002360788100849371,0.001013022000000039
16.516,0.06335837460580851,0.6141521049754659,0.19772607887001764,0.00023607881008493693,0.001013056000000039
16.55,0.06339511270477084,0.6206778174100928,0.1986378384806417,0.00023607881008494284,0.0010130900000000392
16.584,0.06343189538326872,0.6272645274560882,0.19955194031604168,0.00023607881008493788,0.0010131240000000393
16.618,0.06346884313064585,0.6342797856236414,0.20046838445482565,0.00023607881008493704,0.0010131580000000394
16.652,0.06350591422536814,0.6415455655771106,0.20138717097560171,0.0002360788100849429,0.0010131920000000395
16.686,0.06354302693086485,0.6488177518899807,0.20230829995697772,0.0002360788100849379,0.0010132260000000396
16.72,0.06358020548329897,0.6562292188692654,0.20323177147756172,0.0002360788100849371,0.0010132600000000397
16.754,0.06361753800846802,0.6640647630602353,0.20415758561596178,0.0002360788100849429,0.0010132940000000398
16.788,0.06365474615141078,0.671443689618059,0.20508574245078576,0.0002360788100849379,0.0010133280000000399
16.822,0.06369199408563336,0.6788285805275264,0.20601624206064173,0.0002360788100849371,0.00101336200000004
16.856,0.06372923098277036,0.6860217552836723,0.2069490845241378,0.0002360788100849429,0.00101339600000004
16.89,0.06376651178896355,0.6932611644770189,0.2078842699198818,0.0002360788100849379,0.0010134300000000402
16.924,0.06380386948372088,0.7006839572185827,0.2088217983264818,0.0002360788100849371,0.0010134640000000403
16.958,0.06384115571052494,0.7078956415643294,0.20976166982254577,0.00023607881008493693,0.0010134980000000404
16.992,0.06387861902546872,0.715455368131241,0.21070388448668184,0.00023607881008494284,0.0010135320000000405
17.026,0.06391600134429784,0.7227612171086739,0.21164844239749783,0.00023607881008493788,0.0010135660000000406
17.06,0.06395377244806369,0.731023303005728,0.21259534363360183,0.00023607881008493704,0.0010136000000000407
17.094,0.06399157034481835,0.7392862265288116,0.21354458827360193,0.0002360788100849429,0.0010136340000000408
17.128,0.06402944564991195,0.7475691511586823,0.2144961763961059,0.0002360788100849379,0.0010136680000000409
17.162,0.06406741412072524,0.7560407300899212,0.2154501080797219,0.0002360788100849371,0.001013702000000041
17.196,0.06410528876263116,0.7642272952996039,0.21640638340305796,0.0002360788100849429,0.001013736000000041
17.23,0.06414321367815855,0.7724798757817319,0.21736500244472193,0.0002360788100849379,0.0010137700000000412
17.264,0.06418109741284421,0.7805501239611146,0.2183259652833219,0.0002360788100849371,0.0010138040000000413
17.298000000000002,0.06421912242652134,0.788885316554263,0.21928927199746598,0.0002360788100849429,0.0010138380000000414
17.332,0.06425690427277266,0.7966738674999448,0.22025492266576194,0.0002360788100849379,0.0010138720000000415
17.366,0.06429499808826586,0.8051362021164244,0.2212229173668179,0.0002360788100849371,0.0010139060000000416
17.4,0.06433321096225948,0.8138265100841287,0.22219325617924188,0.00023607881008493693,0.0010139400000000417
17.434,0.06437125297259934,0.8221122075420658,0.22316593918164196,0.00023607881008494284,0.0010139740000000418
17.468,0.06440937794704417,0.8305911406717646,0.22414096645262593,0.00023607881008493788,0.001014008000000042
17.502,0.06444745319911706,0.8388427217581225,0.22511833807080192,0.00023607881008493704,0.001014042000000042
17.536,0.06448530193423214,0.8464874905993606,0.226098054114778,0.0002360788100849429,0.001014076000000042
17.57,0.06452343190534016,0.8547268544282572,0.227080114663162,0.0002360788100849379,0.0010141100000000422
17.604,0.06456175050831228,0.8632685517203322,0.228064519794562,0.0002360788100849371,0.0010141440000000423
17.638,0.06460013537256099,0.8719444446717096,0.22905126958758606,0.0002360788100849429,0.0010141780000000424
17.672,0.06463873987867101,0.8809150701601196,0.23004036412084203,0.0002360788100849379,0.0010142120000000425
17.706,0.06467744554170494,0.8900063608097196,0.231031803472938,0.0002360788100849371,0.0010142460000000426
17.74,0.06471601952120737,0.8987715016846104,0.232025587722482,0.00023607881008493693,0.0010142800000000427
17.774,0.0647545944679455,0.9073997345206007,0.23302171694808207,0.00023607881008494284,0.0010143140000000428
17.808,0.06479334078795851,0.9163041672528617,0.23402019122834605,0.00023607881008493788,0.001014348000000043
17.842,0.06483270136064186,0.926372142611869,0.23502101064188202,0.00023607881008493704,0.001014382000000043
17.876,0.06487207256145851,0.9362691953144594,0.2360241752672981,0.0002360788100849429,0.0010144160000000431
17.91,0.06491144066176718,0.946105179205408,0.23702968518320208,0.0002360788100849379,0.0010144500000000432
17.944,0.06495038969487323,0.9550497578101507,0.23803754046820208,0.0002360788100849371,0.0010144840000000433
17.978,0.06498957521477869,0.964317726913861,0.2390477412009062,0.0002360788100849429,0.0010145180000000434
18.012,0.06502893799720297,0.9737902762649066,0.24006028745992217,0.0002360788100849379,0.0010145520000000435
18.046,0.06506816705042659,0.9829580713996725,0.24107517932385814,0.0002360788100849371,0.0010145860000000436
18.08,0.06510756196290585,0.9923727231413861,0.2420924168713221,0.00023607881008493693,0.0010146200000000437
18.114,0.0651472033111603,1.0021926247204969,0.2431120001809222,0.00023607881008494284,0.0010146540000000438
18.148,0.06518679596694116,1.0118087045913575,0.24413392933126618,0.00023607881008493788,0.001014688000000044
18.182,0.06522638739680257,1.0212940162248008,0.24515820440096217,0.00023607881008493704,0.001014722000000044
18.216,0.06526589188128963,1.0306187486351188,0.24618482546861825,0.0002360788100849429,0.0010147560000000441
18.25,0.06530536203993115,1.0398659360557745,0.24721379261284224,0.0002360788100849379,0.0010147900000000442
18.284,0.06534482500445526,1.0490369636509163,0.24824510591224222,0.0002360788100849371,0.0010148240000000443
18.318,0.06538482227036976,1.05900990006001,0.24927876544542632,0.0002360788100849429,0.0010148580000000444
18.352,0.06542503858076644,1.069302627672221,0.2503147712910023,0.0002360788100849379,0.0010148920000000445
18.386,0.06546559965046655,1.0800950005146248,0.2513531235275783,0.0002360788100849371,0.0010149260000000446
18.42,0.06550612048416829,1.090858055913405,0.2523938222337624,0.0002360788100849429,0.0010149600000000448
18.454,0.06554681554542108,1.1018215295000833,0.25343686748816235,0.0002360788100849379,0.0010149940000000449
18.488,0.06558769067371759,1.1130248347393086,0.25448225936938634,0.0002360788100849371,0.001015028000000045
18.522,0.0656285362888329,1.1240358814461509,0.2555299979560423,0.00023607881008493693,0.001015062000000045
18.556,0.06566914431228789,1.1344897093640787,0.2565800833267384,0.00023607881008494284,0.0010150960000000452
18.59,0.06570977480047728,1.1449857911449068,0.2576325155600823,0.00023607881008493788,0.0010151300000000453
18.624,0.06575039863917247,1.1553822287741804,0.25868729473468227,0.00023607881008493704,0.0010151640000000454
18.658,0.06579152613299696,1.1664814023063297,0.25974442092914635,0.0002360788100849429,0.0010151980000000455
18.692,0.06583297435212604,1.1779808147613477,0.26080389422208233,0.0002360788100849379,0.0010152320000000456
18.726,0.06587417501289913,1.1889531325629819,0.26186571469209835,0.0002360788100849371,0.0010152660000000457
18.76,0.06591537601796259,1.199865092706582,0.2629298824178024,0.0002360788100849429,0.0010153000000000458
18.794,0.06595680236331646,1.2110178439911468,0.2639963974778024,0.0002360788100849379,0.0010153340000000459
18.828,0.0659979294839769,1.2217588545227507,0.2650652599507064,0.0002360788100849371,0.001015368000000046
18.862000000000002,0.06603933490662951,1.2329470929612143,0.26613646991512246,0.0002360788100849429,0.001015402000000046
18.896,0.0660806943129141,1.2439148709820633,0.26721002744965844,0.0002360788100849379,0.0010154360000000462
18.93,0.06612245202592669,1.255380559263284,0.26828593263292244,0.0002360788100849371,0.0010154700000000463
18.964,0.06616357960471611,1.2658278842950192,0.2693641855435224,0.00023607881008493693,0.0010155040000000464
18.998,0.06620513959639457,1.2769482730047004,0.2704447862600665,0.00023607881008494284,0.0010155380000000465
19.032,0.06624692879621154,1.2884695115460572,0.2715277348611625,0.00023607881008493788,0.0010155720000000466
19.066,0.06628869492211456,1.2999279277949274,0.2726130314254185,0.00023607881008493704,0.0010156060000000467
19.1,0.06633094053696728,1.3120447129585253,0.2737006760314426,0.0002360788100849429,0.0010156400000000468
19.134,0.06637353684260942,1.3245651054827332,0.2747906687578426,0.0002360788100849379,0.0010156740000000469
19.168,0.06641565319915257,1.336419518989507,0.27588300968322654,0.0002360788100849371,0.001015708000000047
19.202,0.06645806531915006,1.3485869825191366,0.27697769888620266,0.0002360788100849429,0.001015742000000047
19.236,0.06650022466486147,1.3602088858590409,0.27807473644537867,0.0002360788100849379,0.0010157760000000472
19.27,0.06654263314426352,1.3722644529079229,0.2791741224393626,0.0002360788100849371,0.0010158100000000473
19.304,0.06658493431758485,1.3841523774081312,0.2802758569467626,0.00023607881008493693,0.0010158440000000474
19.338,0.06662724610875237,1.3959713817671076,0.2813799400461867,0.00023607881008494284,0.0010158780000000475
19.372,0.0666701405611701,1.4085384433282926,0.2824863718162427,0.00023607881008493788,0.0010159120000000476
19.406,0.06671289606788558,1.420838653509939,0.28359515233553867,0.00023607881008493704,0.0010159460000000477
19.44,0.06675565951195175,1.4331094695456166,0.28470628168268275,0.0002360788100849429,0.0010159800000000478
19.474,0.06679886722242241,1.4458870160013446,0.2858197599362827,0.0002360788100849379,0.001016014000000048
19.508,0.06684193726314287,1.4583933464045882,0.2869355871749467,0.0002360788100849371,0.001016048000000048
19.542,0.06688495605190234,1.4708102507168814,0.28805376347728284,0.0002360788100849429,0.001016082000000048
19.576,0.06692810954503925,1.483336605897568,0.28917428892189884,0.0002360788100849379,0.0010161160000000482
19.61,0.06697114091192598,1.4956296263753794,0.2902971635874028,0.0002360788100849371,0.0010161500000000483
19.644,0.06701453648092118,1.5083112361780175,0.2914223875524028,0.00023607881008493693,0.0010161840000000484
19.678,0.06705845928705455,1.5215395750841263,0.2925499608955069,0.00023607881008494284,0.0010162180000000485
19.712,0.06710325570350625,1.53586681456383,0.2936798836953229,0.00023607881008493788,0.0010162520000000486
19.746,0.06714706206730546,1.5488594044077424,0.29481215603045885,0.00023607881008493704,0.0010162860000000487
19.78,0.06719150766299438,1.5627447960903553,0.2959467779795229,0.0002360788100849429,0.0010163200000000488
19.814,0.06723493025254665,1.575118346107784,0.2970837496211229,0.0002360788100849379,0.001016354000000049
19.848,0.0672787643269988,1.5879446648171678,0.2982230710338669,0.0002360788100849371,0.001016388000000049
19.882,0.06732272984358711,1.600881503086116,0.29936474229636306,0.0002360788100849429,0.0010164220000000491
19.916,0.06736729613054318,1.6146490528921138,0.300508763487219,0.0002360788100849379,0.0010164560000000492
19.95,0.06741194015175114,1.6282607350829366,0.30165513468504296,0.0002360788100849371,0.0010164900000000493
19.984,0.06745701003344302,1.6423580001086586,0.30280385596844306,0.0002360788100849429,0.0010165240000000494
20.018,0.0675019806939703,1.6562177479810263,0.30395492741602703,0.0002360788100849379,0.0010165580000000495
20.052,0.06754732207829978,1.67042699124788,0.305108349106403,0.0002360788100849371,0.0010165920000000496
20.086,0.06759270826008787,1.6846043122518537,0.30626412111817897,0.00023607881008493693,0.0010166260000000497
20.12,0.06763855820183358,1.6992151588908624,0.30742224352996306,0.00023607881008494284,0.0010166600000000498
20.154,0.0676846864716044,1.7140064307261482,0.30858271642036306,0.00023607881008493788,0.00101669400000005
20.188,0.0677305340488009,1.7283209153526597,0.30974553986798703,0.00023607881008493704,0.00101672800000005
20.222,0.06777585052986167,1.7419583700775279,0.3109107139514431,0.0002360788100849429,0.0010167620000000501
20.256,0.06782131218277825,1.7556211621792004,0.31207823874933904,0.0002360788100849379,0.0010167960000000502
20.29,0.06786701151581906,1.76949762106359,0.313248114340283,0.0002360788100849371,0.0010168300000000503
20.324,0.06791405524686751,1.7848695089913587,0.31442034080288306,0.0002360788100849429,0.0010168640000000504
20.358,0.06796109257978426,1.800290797086256,0.31559491821574703,0.0002360788100849379,0.0010168980000000505
20.392,0.06800690983494058,1.8142204430216702,0.31677184665748304,0.0002360788100849371,0.0010169320000000506
20.426,0.0680528192540174,1.8283096965926775,0.317951126206699,0.00023607881008493693,0.0010169660000000507
20.46,0.06810075583965286,1.8448250381744298,0.3191327569420031,0.00023607881008494284,0.0010170000000000508
20.494,0.06814743508832175,1.8596459341513372,0.3203167389420031,0.00023607881008493788,0.001017034000000051
20.528,0.06819338317994712,1.8735237335341146,0.32150307228530706,0.00023607881008493704,0.001017068000000051
20.562,0.06824007235249524,1.888217358337303,0.32269175705052316,0.0002360788100849429,0.0010171020000000512
20.596,0.06828649142480084,1.9026231094259511,0.32388279331625913,0.0002360788100849379,0.0010171360000000513
20.63,0.06833399722255451,1.9182739507942153,0.3250761811611231,0.0002360788100849371,0.0010171700000000514
20.664,0.06838138423873469,1.9336367124701566,0.3262719206637232,0.0002360788100849429,0.0010172040000000515
20.698,0.0684294788592082,1.9497827601666124,0.3274700119026671,0.0002360788100849379,0.0010172380000000516
20.732,0.06847781926947548,1.9660806697105557,0.32867045495656305,0.0002360788100849371,0.0010172720000000517
20.766,0.06852619761035804,1.9822564764058908,0.329873249904019,0.00023607881008493693,0.0010173060000000518
20.8,0.06857418913833929,1.9978598470293223,0.3310783968236431,0.00023607881008494284,0.0010173400000000519
20.834,0.06862252711595634,2.0137355513259227,0.3322858957940431,0.00023607881008493788,0.001017374000000052
20.868,0.06867073432075599,2.029445577098013,0.3334957468938271,0.00023607881008493704,0.001017408000000052
20.902,0.06871969252806878,2.0459385634807306,0.3347079502016032,0.0002360788100849429,0.0010174420000000522
20.936,0.06876881437061062,2.062474800889847,0.3359225057959792,0.0002360788100849379,0.0010174760000000523
20.97,0.06881742600832423,2.0784276391067364,0.33713941375556317,0.0002360788100849371,0.0010175100000000524
21.004,0.06886642313148619,2.0947357046614585,0.3383586741589633,0.0002360788100849429,0.0010175440000000525
21.038,0.06891670590601656,2.112272328963579,0.3395802870847873,0.0002360788100849379,0.0010175780000000526
21.072,0.06896656064826699,2.1291948103919163,0.3408042526116433,0.0002360788100849371,0.0010176120000000527
21.106,0.06901630061145311,2.14586410685462,0.3420305708181394,0.0002360788100849429,0.0010176460000000528
21.14,0.06906687118288858,2.163289970651498,0.3432592417828834,0.0002360788100849379,0.0010176800000000529
21.174,0.0691160932692518,2.179084559931792,0.3444902655844834,0.0002360788100849371,0.001017714000000053
21.208,0.06916584855904814,2.195357417903431,0.3457236423015474,0.00023607881008493693,0.001017748000000053
21.242,0.0692170067697836,2.2130181120149848,0.3469593720126835,0.00023607881008494284,0.0010177820000000532
21.276,0.06926851181246899,2.2309657610213876,0.3481974547964995,0.00023607881008493788,0.0010178160000000533
21.31,0.0693195089722637,2.2481588428009314,0.3494378907316035,0.00023607881008493704,0.0010178500000000534
21.344,0.06937034395308901,2.2651475584218606,0.35068067989660356,0.0002360788100849429,0.0010178840000000535
21.378,0.06942109948271002,2.2818926671100916,0.35192582237010755,0.0002360788100849379,0.0010179180000000536
21.412,0.0694730729241438,2.2998600313072064,0.3531733182307235,0.0002360788100849371,0.0010179520000000537
21.446,0.06952521244160655,2.317851578102077,0.35442316755705966,0.0002360788100849429,0.0010179860000000538
21.48,0.06957719949076248,2.3356662726579525,0.3556753704277237,0.0002360788100849379,0.001018020000000054
21.514,0.06963057019569477,2.354770853346182,0.3569299269213237,0.0002360788100849371,0.001018054000000054
21.548000000000002,0.06968367298196644,2.373471336324084,0.3581868371164678,0.0002360788100849429,0.001018088000000054
21.582,0.06973789125598646,2.3930560151054587,0.35944610109176384,0.0002360788100849379,0.0010181220000000542
21.616,0.06979128478070602,2.4118245311646827,0.3607077189258198,0.0002360788100849371,0.0010181560000000543
21.65,0.0698445311599203,2.4304615684978805,0.3619716906972438,0.00023607881008493693,0.0010181900000000544
21.684,0.06989710260148796,2.448431173182365,0.3632380164846439,0.00023607881008494284,0.0010182240000000545
21.718,0.0699513110190768,2.468102553840024,0.36450669636662786,0.00023607881008493788,0.0010182580000000546
21.752,0.07000623980454268,2.488401977146244,0.36577773042180384,0.00023607881008493704,0.0010182920000000547
21.786,0.07006112854265685,2.508570370170432,0.36705111872877993,0.0002360788100849429,0.0010183260000000548
21.82,0.07011668095981068,2.529345480314442,0.3683268613661639,0.0002360788100849379,0.001018360000000055
21.854,0.07017257981246083,2.550321252215717,0.36960495841256386,0.0002360788100849371,0.001018394000000055
21.888,0.07022859160102676,2.571190686674197,0.370885409946588,0.0002360788100849429,0.0010184280000000551
21.922,0.07028405985926224,2.591497638237276,0.37216821604684397,0.0002360788100849379,0.0010184620000000552
21.956,0.07033854565818193,2.610730451640161,0.37345337679193996,0.0002360788100849371,0.0010184960000000553
21.99,0.07039341020362676,2.630230389901,0.37474089226048396,0.00023607881008493693,0.0010185300000000554
22.024,0.07044811925541607,2.6494960041549778,0.3760307625310841,0.00023607881008494284,0.0010185640000000555
22.058,0.07050402476657441,2.6699885981421216,0.37732298768234807,0.00023607881008493788,0.0010185980000000556
22.092,0.07055917473878767,2.689638681714024,0.378617567792884,0.00023607881008493704,0.0010186320000000557
22.126,0.07061507829314921,2.709986637245367,0.37991450294130014,0.0002360788100849429,0.0010186660000000558
22.16,0.07067048237707518,2.729814197474698,0.38121379320620413,0.0002360788100849379,0.001018700000000056
22.194,0.0707280868209876,2.7515950147016026,0.38251543866620413,0.0002360788100849371,0.001018734000000056
22.228,0.0707860674458237,2.7736973188149485,0.38381943939990826,0.0002360788100849429,0.0010187680000000561
22.262,0.07084169004552293,2.793452968832576,0.38512579548592424,0.0002360788100849379,0.0010188020000000562
22.296,0.07089843813892052,2.8143568444739437,0.3864345070028602,0.0002360788100849371,0.0010188360000000563
22.33,0.07095528709244764,2.8352788737370362,0.38774557402932414,0.00023607881008493693,0.0010188700000000564
22.364,0.07101238787765644,2.8562774099108963,0.3890589966439243,0.00023607881008494284,0.0010189040000000565
22.398,0.07107168274388648,2.8792143157700956,0.39037477492526823,0.00023607881008493788,0.0010189380000000566
22.432,0.07113090964593889,2.902059798982081,0.3916929089519642,0.00023607881008493704,0.0010189720000000567
22.466,0.07119184783304741,2.9264028958125206,0.39301339880262026,0.0002360788100849429,0.0010190060000000568
22.5,0.07124905909143235,2.9474246738629075,0.39433624455584426,0.0002360788100849379,0.001019040000000057
22.534,0.07130762621492463,2.9695384638869653,0.39566144629024425,0.0002360788100849371,0.001019074000000057
22.568,0.07136627120082331,2.991499499959167,0.3969890040844284,0.0002360788100849429,0.0010191080000000572
22.602,0.07142413518774224,3.012655160676369,0.39831891801700436,0.0002360788100849379,0.0010191420000000573
22.636,0.0714825950280202,3.0342402732386318,0.39965118816658035,0.0002360788100849371,0.0010191760000000574
22.67,0.07154289801861846,3.057670727083819,0.40098581461176447,0.0002360788100849429,0.0010192100000000575
22.704,0.07160292003759695,3.080663698543037,0.40232279743116445,0.0002360788100849379,0.0010192440000000576
22.738,0.07166280873004476,3.1035210441350927,0.4036621367033884,0.0002360788100849371,0.0010192780000000577
22.772,0.0717219430522705,3.125720858683012,0.40500383250704436,0.00023607881008493693,0.0010193120000000578
22.806,0.07178289628444716,3.149372394250469,0.40634788492074053,0.00023607881008494284,0.0010193460000000579
22.84,0.0718436475414234,3.1727947812438977,0.4076942940230845,0.00023607881008493788,0.001019380000000058
22.874,0.07190583242987396,3.1972072724622738,0.40904305989268447,0.00023607881008493704,0.001019414000000058
22.908,0.07197057630579809,3.223937445794357,0.4103941826081486,0.0002360788100849429,0.0010194480000000582
22.942,0.07203422857552608,3.249453594565864,0.41174766224808457,0.0002360788100849379,0.0010194820000000583
22.976,0.07209592472177541,3.273189024461627,0.41310349889110054,0.0002360788100849371,0.0010195160000000584
23.01,0.07215608003799774,3.295570636805724,0.4144616926158047,0.0002360788100849429,0.0010195500000000585
23.044,0.0722171332252059,3.318534745380104,0.41582224350080466,0.0002360788100849379,0.0010195840000000586
23.078,0.07227870309281605,3.3419576879843085,0.41718515162470865,0.0002360788100849371,0.0010196180000000587
23.112,0.07233882986534955,3.3640649809750367,0.4185504170661246,0.00023607881008493693,0.0010196520000000588
23.146,0.07240053492393443,3.38734294927726,0.4199180399036608,0.00023607881008494284,0.0010196860000000589
23.18,0.07246318099431083,3.4112017111704125,0.42128802021592476,0.00023607881008493788,0.001019720000000059
23.214,0.07252473640863602,3.434008682700825,0.4226603580815248,0.00023607881008493704,0.001019754000000059
23.248,0.07258587471800523,3.456380649752602,0.42403505357906895,0.0002360788100849429,0.0010197880000000592
23.282,0.07264888460995284,3.4803414405927744,0.4254121067871649,0.0002360788100849379,0.0010198220000000593
23.316,0.07271199344616701,3.5043320269439477,0.42679151778442087,0.0002360788100849371,0.0010198560000000594
23.35,0.07277621219151503,3.5291349087998753,0.428173286649445,0.0002360788100849429,0.0010198900000000595
23.384,0.07283915110914796,3.5526362160215896,0.429557413460845,0.0002360788100849379,0.0010199240000000596
23.418,0.07290435804929578,3.5779302193042795,0.43094389829722896,0.0002360788100849371,0.0010199580000000597
23.452,0.07296777247351774,3.6017290679204064,0.4323327412372051,0.0002360788100849429,0.0010199920000000598
23.486,0.07303239395383876,3.6264254837933705,0.4337239423593811,0.0002360788100849379,0.00102002600000006
23.52,0.0730978603256149,3.651749460370282,0.43511750174236513,0.0002360788100849371,0.00102006000000006
23.554,0.07316423027647426,3.677727046880043,0.43651341946476513,0.00023607881008493693,0.00102009400000006
23.588,0.07323132003324452,3.704279047403722,0.4379116956051892,0.00023607881008494284,0.0010201280000000602
23.622,0.07329538435039609,3.7282589130100514,0.4393123302422452,0.00023607881008493788,0.0010201620000000603
23.656,0.07336152158716373,3.7538736491901634,0.4407153234545412,0.00023607881008493704,0.0010201960000000604
23.69,0.07342911350983101,3.7804942955731984,0.4421206753206853,0.0002360788100849429,0.0010202300000000605
23.724,0.0734968932944977,3.8073298719836264,0.4435283859192853,0.0002360788100849379,0.0010202640000000606
23.758,0.07356365471500939,3.8332151039985165,0.44493845532894927,0.0002360788100849371,0.0010202980000000607
23.792,0.07363119962801831,3.8596594285481705,0.4463508836282854,0.0002360788100849429,0.0010203320000000608
23.826,0.07369874895189403,3.886179561982617,0.4477656708959014,0.0002360788100849379,0.001020366000000061
23.86,0.07376601550602724,3.9124709451985438,0.4491828172104054,0.0002360788100849371,0.001020400000000061
23.894,0.07383307885687876,3.938587547644015,0.4506023226504054,0.00023607881008493693,0.0010204340000000611
23.928,0.0739011748073285,3.9654016823845284,0.45202418729450955,0.00023607881008494284,0.0010204680000000612
23.962,0.0739696269388688,3.9922840747594006,0.45344841122132556,0.00023607881008493788,0.0010205020000000613
23.996,0.07403829516968014,4.019329037588377,0.45487499450946156,0.00023607881008493704,0.0010205360000000614
24.03,0.07410746194883276,4.046604425600498,0.45630393723752566,0.0002360788100849429,0.0010205700000000615
24.064,0.07417844129756812,4.075058437029204,0.45773523948412564,0.0002360788100849379,0.0010206040000000616
24.098,0.07424897934707604,4.103131653384239,0.45916890132786964,0.0002360788100849371,0.0010206380000000617
24.132,0.07432074762355888,4.131921090787461,0.46060492284736576,0.0002360788100849429,0.0010206720000000618
24.166,0.07439137210075632,4.159835177482896,0.46204330412122174,0.0002360788100849379,0.001020706000000062
24.2,0.07446217234346186,4.187864119802889,0.4634840452280457,0.0002360788100849371,0.001020740000000062
24.234,0.07453282480166962,4.215589046149072,0.4649271462464458,0.0002360788100849429,0.0010207740000000621
24.268,0.07460347072824379,4.243219367651345,0.4663726072550298,0.0002360788100849379,0.0010208080000000622
24.302,0.07467626630829638,4.272371642458976,0.4678204283324058,0.0002360788100849371,0.0010208420000000623
24.336,0.07474962694016205,4.301964073803025,0.46927060955718175,0.00023607881008493693,0.0010208760000000624
24.37,0.07482214492807461,4.3309231198126446,0.47072315100796586,0.00023607881008494284,0.0010209100000000625
24.404,0.07489439216964806,4.359439876301692,0.47217805276336583,0.00023607881008493788,0.0010209440000000626
24.438,0.07497040093440155,4.390622200140516,0.4736353149019898,0.00023607881008493704,0.0010209780000000627
24.472,0.07504595436487359,4.421419563722949,0.47509493750244597,0.0002360788100849429,0.0010210120000000628
24.506,0.07512061430233384,4.4514337473715315,0.47655692064334193,0.0002360788100849379,0.001021046000000063
24.54,0.07519428104933962,4.480702337459401,0.4780212644032859,0.0002360788100849371,0.001021080000000063
24.574,0.0752683243331916,4.509965533109997,0.479487968860886,0.0002360788100849429,0.0010211140000000631
24.608,0.07534283158181954,4.5395413907836515,0.48095703409475,0.0002360788100849379,0.0010211480000000633
24.642,0.07541799253995601,4.569637626527183,0.48242846018348595,0.0002360788100849371,0.0010211820000000634
24.676,0.07549473359968698,4.60087436271775,0.48390224720570196,0.00023607881008493693,0.0010212160000000635
24.71,0.07556689575182299,4.628779494166769,0.4853783952400061,0.00023607881008494284,0.0010212500000000636
24.744,0.07564045459123143,4.657662837349344,0.48685690436500606,0.00023607881008493788,0.0010212840000000637
24.778,0.07571459297029823,4.68676265804359,0.48833777465931005,0.00023607881008493704,0.0010213180000000638
24.812,0.07578917577134804,4.716023776484463,0.4898210062015262,0.0002360788100849429,0.0010213520000000639
24.846,0.07586232279244173,4.744142718685035,0.4913065990702622,0.0002360788100849379,0.001021386000000064
24.88,0.07594029879853967,4.775597523115459,0.4927945533441262,0.0002360788100849371,0.001021420000000064
24.914,0.07601920354879589,4.8076218483961135,0.4942848691017263,0.0002360788100849429,0.0010214540000000642
24.948,0.0760975113234752,4.83890724540493,0.4957775464216703,0.0002360788100849379,0.0010214880000000643
24.982,0.07617547882438386,4.869759624040904,0.4972725853825663,0.0002360788100849371,0.0010215220000000644
25.016,0.0762552585931326,4.901774448933893,0.49876998606302225,0.00023607881008493693,0.0010215560000000645
25.05,0.07633256115395254,4.931942583333637,0.5002697485416465,0.00023607881008494284,0.0010215900000000646
25.084,0.07641369930314414,4.964454793183223,0.5017718728970465,0.00023607881008493788,0.0010216240000000647
25.118,0.07649462191864281,4.996842379373333,0.5032763592078305,0.00023607881008493704,0.0010216580000000648
25.152,0.07657537369357251,5.028972097888919,0.5047832075526067,0.0002360788100849429,0.0010216920000000649
25.186,0.07665490810339542,5.060086807264617,0.5062924180099828,0.0002360788100849379,0.001021726000000065
25.22,0.07673619877279536,5.092253297663216,0.5078039906585669,0.0002360788100849371,0.001021760000000065
25.254,0.07681820853548424,5.124876844321197,0.5093179255769671,0.0002360788100849429,0.0010217940000000652
25.288,0.076899286553312,5.156786190494377,0.5108342228437911,0.0002360788100849379,0.0010218280000000653
25.322,0.07697925994027541,5.187813778494796,0.5123528825376471,0.0002360788100849371,0.0010218620000000654
25.356,0.07706087214491868,5.219881098050563,0.5138739047371433,0.0002360788100849429,0.0010218960000000655
25.39,0.07714012358983768,5.250307215739404,0.5153972895208874,0.0002360788100849379,0.0010219300000000656
25.424,0.07722066212122482,5.281587948628102,0.5169230369674874,0.0002360788100849371,0.0010219640000000657
25.458,0.07730331201571136,5.314297938526916,0.5184511471555515,0.00023607881008493693,0.0010219980000000658
25.492,0.0773870616099945,5.347774847014287,0.5199816201636878,0.00023607881008494284,0.001022032000000066
25.526,0.07746849708297246,5.379651780513659,0.5215144560705037,0.00023607881008493788,0.001022066000000066
25.56,0.0775493473628627,5.410817013342141,0.5230496549546078,0.00023607881008493704,0.001022100000000066
25.594,0.07763246563882295,5.443460368452772,0.524587216894608,0.0002360788100849429,0.0010221340000000662
25.628,0.07771933610702764,5.478550063510931,0.526127141969112,0.0002360788100849379,0.0010221680000000663
25.662,0.07780693893930817,5.514167751899598,0.5276694302567281,0.0002360788100849371,0.0010222020000000664
25.696,0.07789042692592836,5.546844509792157,0.5292140818360643,0.0002360788100849429,0.0010222360000000665
25.73,0.07797464825344413,5.579677758424204,0.5307610967857284,0.0002360788100849379,0.0010222700000000666
25.764,0.07806172130212999,5.614201569848416,0.5323104751843284,0.0002360788100849371,0.0010223040000000667
25.798000000000002,0.07815400916608636,5.651989739030703,0.5338622171104727,0.0002360788100849429,0.0010223380000000668
25.832,0.07824436986957542,5.688321958589248,0.5354163226427687,0.0002360788100849379,0.001022372000000067
25.866,0.07833655898590727,5.725405907245667,0.5369727918598248,0.0002360788100849371,0.001022406000000067
25.9,0.07842878562982858,5.7622642762513365,0.5385316248402489,0.00023607881008493693,0.0010224400000000671
25.934,0.07852174107389377,5.799507376882826,0.540092821662649,0.00023607881008494284,0.0010224740000000672
25.968,0.07861164136157618,5.8347049258309465,0.5416563824056331,0.00023607881008493788,0.0010225080000000673
26.002,0.07869930132941949,5.868310939763782,0.5432223071478092,0.00023607881008493704,0.0010225420000000674
26.036,0.07879121053344137,5.904355627709776,0.5447905959677853,0.0002360788100849429,0.0010225760000000675
26.07,0.07888350517535637,5.940673000337777,0.5463612489441694,0.0002360788100849379,0.0010226100000000676
26.104,0.07897083831304769,5.973814042052303,0.5479342661555694,0.0002360788100849371,0.0010226440000000677
26.138,0.07906128978617276,6.008882471225264,0.5495096476805936,0.0002360788100849429,0.0010226780000000678
26.172,0.07915255277726176,6.044457598809171,0.5510873935978496,0.0002360788100849379,0.001022712000000068
26.206,0.07924367285748886,6.079882094238848,0.5526675039859457,0.0002360788100849371,0.001022746000000068
26.24,0.07933507689351055,6.11520930277634,0.5542499789234897,0.00023607881008493693,0.0010227800000000681
26.274,0.07942778020779034,6.151459703922626,0.5558348184890899,0.00023607881008494284,0.0010228140000000682
26.308,0.07952033909485344,6.187572199712304,0.557422022761354,0.00023607881008493788,0.0010228480000000683
26.342,0.07961698076607072,6.2261397159416365,0.55901159181889,0.00023607881008493704,0.0010228820000000684
26.376,0.07971291415181932,6.263936294883472,0.5606035257403063,0.0002360788100849429,0.0010229160000000685
26.41,0.07980912369339697,6.301568679236295,0.5621978246042103,0.0002360788100849379,0.0010229500000000686
26.444,0.07990564127087925,6.3392465342482485,0.5637944884892104,0.0002360788100849371,0.0010229840000000687
26.478,0.08000258757611434,6.377111762089091,0.5653935174739146,0.0002360788100849429,0.0010230180000000688
26.512,0.08009825319246165,6.414099166417995,0.5669949116369307,0.0002360788100849379,0.001023052000000069
26.546,0.08019405335351784,6.450997560253771,0.5685986710568668,0.0002360788100849371,0.001023086000000069
26.58,0.08029565913014672,6.491288394440323,0.5702047958123309,0.00023607881008493693,0.0010231200000000691
26.614,0.08039584343551145,6.53056569742692,0.5718132859819312,0.00023607881008494284,0.0010231540000000692
26.648,0.08049785243705777,6.570707071725528,0.5734241416442752,0.00023607881008493788,0.0010231880000000694
26.682,0.0805972599533182,6.609090272597594,0.5750373628779714,0.00023607881008493704,0.0010232220000000695
26.716,0.08070010113172416,6.649279770906098,0.5766529497616275,0.0002360788100849429,0.0010232560000000696
26.75,0.08080211197838252,6.688869320876926,0.5782709023738515,0.0002360788100849379,0.0010232900000000697
26.784,0.0809052226108563,6.728847402671218,0.5798912207932515,0.0002360788100849371,0.0010233240000000698
26.818,0.08101019360461184,6.7699137878754465,0.5815139050984357,0.0002360788100849429,0.0010233580000000699
26.852,0.08111570438330756,6.811265406096383,0.5831389553680117,0.0002360788100849379,0.00102339200000007
26.886,0.08122230966355867,6.853457495497475,0.5847663716805878,0.0002360788100849371,0.00102342600000007
26.92,0.08132931353132214,6.895819205694178,0.586396154114772,0.0002360788100849429,0.0010234600000000702
26.954,0.08143717427103844,6.938705718440233,0.5880283027491721,0.0002360788100849379,0.0010234940000000703
26.988,0.08154718856629273,6.982758699462642,0.5896628176623961,0.0002360788100849371,0.0010235280000000704
27.022,0.08165161240161165,7.023720991764702,0.5912996989330522,0.00023607881008493693,0.0010235620000000705
27.056,0.08175716423180734,7.065054546603562,0.5929389466397484,0.00023607881008494284,0.0010235960000000706
27.09,0.08186058625893566,7.105219836684792,0.5945805608610925,0.00023607881008493788,0.0010236300000000707
27.124,0.08196769221891446,7.1471212558451604,0.5962245416756925,0.00023607881008493704,0.0010236640000000708
27.158,0.08207152952525555,7.187232574525689,0.5978708891621567,0.0002360788100849429,0.0010236980000000709
27.192,0.08218086323292116,7.2302856838923635,0.5995196033990927,0.0002360788100849379,0.001023732000000071
27.226,0.0822876709732508,7.2718311763703065,0.6011706844651088,0.0002360788100849371,0.001023766000000071
27.26,0.08240145506354696,7.317390831346648,0.602824132438813,0.0002360788100849429,0.0010238000000000712
27.294,0.08251287873605258,7.3612419058358505,0.6044799473988131,0.0002360788100849379,0.0010238340000000713
27.328,0.08262651740342435,7.406419216766474,0.606138129423717,0.0002360788100849371,0.0010238680000000714
27.362,0.08274010434328352,7.451303157615807,0.607798678592133,0.00023607881008493693,0.0010239020000000715
27.396,0.08285572242695141,7.497033152938744,0.6094615949826692,0.00023607881008494284,0.0010239360000000716
27.43,0.08297002266140621,7.541725325817664,0.6111268786739331,0.00023607881008493788,0.0010239700000000717
27.464,0.08308471952751974,7.586671397239907,0.6127945297445331,0.00023607881008493704,0.0010240040000000718
27.498,0.08319259561957532,7.627863370606357,0.6144645482730773,0.0002360788100849429,0.001024038000000072
27.532,0.08330770892143684,7.673132274822865,0.6161369343381733,0.0002360788100849379,0.001024072000000072
27.566,0.08341885416294388,7.7161157693278195,0.6178116880184293,0.0002360788100849371,0.001024106000000072
27.6,0.08352981976680306,7.7590157983055,0.6194888093924535,0.0002360788100849429,0.0010241400000000722
27.634,0.08364736849261821,7.805514189379471,0.6211682985388536,0.0002360788100849379,0.0010241740000000723
27.668,0.08375707805290919,7.847467145131622,0.6228501555362376,0.0002360788100849371,0.0010242080000000724
27.702,0.08387246623975025,7.892368567166644,0.6245343804632139,0.0002360788100849429,0.0010242420000000725
27.736,0.08399033035829276,7.938546676635996,0.6262209733983899,0.0002360788100849379,0.0010242760000000726
27.77,0.0841066847048118,7.984162505445397,0.6279099344203739,0.0002360788100849371,0.0010243100000000727
27.804,0.08422790876527841,8.032393703535876,0.6296012636077739,0.00023607881008493693,0.0010243440000000728
27.838,0.08434945487487205,8.080548237245953,0.6312949610391981,0.00023607881008494284,0.001024378000000073
27.872,0.08446576907985255,8.125714601347928,0.6329910267932541,0.00023607881008493788,0.001024412000000073
27.906,0.08457990159890963,8.169398384304907,0.6346894609485502,0.00023607881008493704,0.0010244460000000731
27.94,0.0846985373421577,8.215105199454488,0.6363902635836944,0.0002360788100849429,0.0010244800000000732
27.974,0.08482038703901584,8.262431977855412,0.6380934347772945,0.0002360788100849379,0.0010245140000000733
28.008,0.08493469019076914,8.305826614988941,0.6397989746079586,0.0002360788100849371,0.0010245480000000734
28.042,0.08505480086770868,8.352240629070671,0.6415068831542949,0.0002360788100849429,0.0010245820000000735
28.076,0.08517605783595351,8.399149589801924,0.643217160494911,0.0002360788100849379,0.0010246160000000736
28.11,0.08530293505522797,8.448974070324127,0.6449298067084149,0.0002360788100849371,0.0010246500000000737
28.144,0.08543565947251917,8.501587726825896,0.646644821873415,0.00023607881008493693,0.0010246840000000738
28.178,0.08556595663587606,8.552656448868422,0.6483622060685191,0.00023607881008494284,0.001024718000000074
28.212,0.08568967547899224,8.60039471882319,0.6500819593723353,0.00023607881008493788,0.001024752000000074
28.246,0.08581223470174974,8.647494475946324,0.6518040818634714,0.00023607881008493704,0.0010247860000000741
28.28,0.08593590432105527,8.694842919154855,0.6535285736205355,0.0002360788100849429,0.0010248200000000742
28.314,0.08605928350652427,8.742288952454672,0.6552554347221357,0.0002360788100849379,0.0010248540000000743
28.348,0.08618570491421022,8.790967270005709,0.6569846652468797,0.0002360788100849371,0.0010248880000000744
28.382,0.08630711715590551,8.836733273594115,0.6587162652733759,0.0002360788100849429,0.0010249220000000745
28.416,0.08643164192402976,8.883933781136639,0.6604502348802319,0.0002360788100849379,0.0010249560000000746
28.45,0.08655713143855932,8.931316994092946,0.662186574146056,0.0002360788100849371,0.0010249900000000747
28.484,0.08668639890647786,8.980403854642228,0.6639252831494562,0.0002360788100849429,0.0010250240000000748
28.518,0.08681986756269412,9.031703697112464,0.6656663619690403,0.0002360788100849379,0.001025058000000075
28.552,0.0869536509195019,9.082981980176003,0.6674098106834163,0.0002360788100849371,0.001025092000000075
28.586,0.08708433617837454,9.132424894996234,0.6691556293711923,0.00023607881008493693,0.0010251260000000751
28.62,0.08721657936804557,9.182671237160166,0.6709038181109765,0.00023607881008494284,0.0010251600000000752
28.654,0.08734560025486873,9.230954701777337,0.6726543769813766,0.00023607881008493788,0.0010251940000000753
28.688,0.08747514843779174,9.279489877581462,0.6744073060610007,0.00023607881008493704,0.0010252280000000755
28.722,0.08760377576106496,9.327321864027097,0.676162605428457,0.0002360788100849429,0.0010252620000000756
28.756,0.08773131038677086,9.374540644411288,0.677920275162353,0.0002360788100849379,0.0010252960000000757
28.79,0.08787077530861674,9.427562015077223,0.679680315341297,0.0002360788100849371,0.0010253300000000758
28.824,0.08800728656825436,9.479123726801454,0.6814427260438972,0.0002360788100849429,0.0010253640000000759
28.858,0.08814002974371668,9.528777142125866,0.6832075073487613,0.0002360788100849379,0.001025398000000076
28.892,0.08827374393458776,9.578875351461573,0.6849746593344974,0.0002360788100849371,0.001025432000000076
28.926,0.08840858390455224,9.62932933634549,0.6867441820797134,0.00023607881008493693,0.0010254660000000762
28.96,0.08854264054642447,9.679319150899168,0.6885160756630176,0.00023607881008494284,0.0010255000000000763
28.994,0.08868311513422811,9.73278072338718,0.6902903401630177,0.00023607881008493788,0.0010255340000000764
29.028,0.08882016160780312,9.784322097643651,0.6920669756583219,0.00023607881008493704,0.0010255680000000765
29.062,0.08895986670851536,9.836958047653482,0.693845982227538,0.0002360788100849429,0.0010256020000000766
29.096,0.08910580029839212,9.892891496591066,0.6956273599492742,0.0002360788100849379,0.0010256360000000767
29.13,0.08924697489001561,9.946430549899086,0.6974111089021383,0.0002360788100849371,0.0010256700000000768
29.164,0.08938534151197618,9.998212584103191,0.6991972291647385,0.0002360788100849429,0.0010257040000000769
29.198,0.08952985253064692,10.052948760394573,0.7009857208156824,0.0002360788100849379,0.001025738000000077
29.232,0.08966949839750721,10.105284081053096,0.7027765839335784,0.0002360788100849371,0.001025772000000077
29.266,0.08980510268220993,10.15542111206751,0.7045698185970345,0.00023607881008493693,0.0010258060000000772
29.3,0.08994690142544401,10.208721578594318,0.7063654248846588,0.00023607881008494284,0.0010258400000000773
29.334,0.09009306569110806,10.263908497955804,0.7081634028750589,0.00023607881008493788,0.0010258740000000774
29.368,0.09024054017959442,10.319698676566182,0.7099637526468429,0.00023607881008493704,0.0010259080000000775
29.402,0.09037979947242061,10.371180335016216,0.7117664742786192,0.0002360788100849429,0.0010259420000000776
29.436,0.09052378077767237,10.424851178028566,0.7135715678489952,0.0002360788100849379,0.0010259760000000777
29.47,0.09067609374147513,10.482463515640735,0.7153790334365793,0.0002360788100849371,0.0010260100000000778
29.504,0.09082804976716417,10.539718802583623,0.7171888711199795,0.0002360788100849429,0.0010260440000000779
29.538,0.09096961837905702,10.591672452183861,0.7190010809778036,0.0002360788100849379,0.001026078000000078
29.572,0.09111265458464458,10.644138268746865,0.7208156630886596,0.0002360788100849371,0.001026112000000078
29.606,0.091260746111774,10.69896236484297,0.7226326175311558,0.0002360788100849429,0.0010261460000000782
29.64,0.09140791629898617,10.753360214892378,0.7244519443838999,0.0002360788100849379,0.0010261800000000783
29.674,0.09156211992003144,10.811232779504277,0.7262736437255,0.0002360788100849371,0.0010262140000000784
29.708,0.09171337418041804,10.867712438346413,0.728097715634564,0.00023607881008493693,0.0010262480000000785
29.742,0.0918765575789662,10.929720766257985,0.7299241601897003,0.00023607881008494284,0.0010262820000000786
29.776,0.09203544064047516,10.989695252363177,0.7317529774695164,0.00023607881008493788,0.0010263160000000787
29.81,0.09218465767098057,11.044673061420077,0.7335841675526205,0.00023607881008493704,0.0010263500000000788
29.844,0.09233373543642542,11.099532255301364,0.7354177305176207,0.0002360788100849429,0.001026384000000079
29.878,0.09248206454937415,11.153570969782907,0.7372536664431247,0.0002360788100849379,0.001026418000000079
29.912,0.09263175902962575,11.208318798376142,0.7390919754077407,0.0002360788100849371,0.0010264520000000791
29.946,0.09278368765296366,11.263736906204272,0.740932657490077,0.0002360788100849429,0.0010264860000000792
29.98,0.09293653346910839,11.319532170513092,0.742775712768741,0.0002360788100849379,0.0010265200000000793
30.014,0.09309100171927887,11.376178672189974,0.744621141322341,0.0002360788100849371,0.0010265540000000794
30.048,0.09324804248462162,11.433685496166087,0.7464689432294851,0.00023607881008493693,0.0010265880000000795
30.082,0.09341108927676965,11.493856924569647,0.7483191185687814,0.00023607881008494284,0.0010266220000000796
30.116,0.09356162574592233,11.54813653735575,0.7501716674188375,0.00023607881008493788,0.0010266560000000797
30.15,0.09371925423876502,11.605400942116034,0.7520265898582614,0.00023607881008493704,0.0010266900000000798
30.184,0.09387852813922687,11.663345942895539,0.7538838859656617,0.0002360788100849429,0.00102672400000008
30.218,0.09403099454131197,11.718142181531162,0.7557435558196458,0.0002360788100849379,0.00102675800000008
30.252,0.09420024482404996,11.780740071080444,0.7576055994988219,0.0002360788100849371,0.0010267920000000801
30.286,0.09437363782266352,11.844780675620916,0.7594700170817982,0.0002360788100849429,0.0010268260000000802
30.32,0.09454433396451933,11.907586927874984,0.7613368086471822,0.0002360788100849379,0.0010268600000000803
30.354,0.09471560340202483,11.97062663698702,0.7632059742735823,0.0002360788100849371,0.0010268940000000804
30.388,0.09489347921301547,12.036750156733248,0.7650775140396066,0.0002360788100849429,0.0010269280000000805
30.422,0.09506808832898515,12.1010090527099,0.7669514280238626,0.0002360788100849379,0.0010269620000000806
30.456,0.09523937346179906,12.163675432440794,0.7688277163049587,0.0002360788100849371,0.0010269960000000807
30.49,0.09540217938864917,12.222325942835504,0.7707063789615027,0.00023607881008493693,0.0010270300000000808
30.524,0.09557251006210961,12.28404751012953,0.772587416072103,0.00023607881008494284,0.001027064000000081
30.558,0.09573692807363764,12.342892482035264,0.7744708277153671,0.00023607881008493788,0.001027098000000081
30.592,0.09590461146098843,12.403122567487468,0.7763566139699032,0.00023607881008493704,0.0010271320000000811
30.626,0.09607510634000661,12.464336237042131,0.7782447749143194,0.0002360788100849429,0.0010271660000000812
30.66,0.09624634723235642,12.525992892785178,0.7801353106272234,0.0002360788100849379,0.0010272000000000813
30.694,0.09641085588171265,12.584407793043406,0.7820282211872234,0.0002360788100849371,0.0010272340000000814
30.728,0.09658435490561386,12.64672108688873,0.7839235066729275,0.0002360788100849429,0.0010272680000000815
30.762,0.09675515202511428,12.70768669692402,0.7858211671629437,0.0002360788100849379,0.0010273020000000817
30.796,0.09693168667752664,12.771044602084514,0.7877212027358799,0.0002360788100849371,0.0010273360000000818
30.83,0.0971029264717105,12.831871447586657,0.7896236134703439,0.00023607881008493693,0.0010273700000000819
30.864,0.09727045100676161,12.890866238671615,0.7915283994449441,0.00023607881008494284,0.001027404000000082
30.898,0.09744820739538215,12.954051699291073,0.7934355607382881,0.00023607881008493788,0.001027438000000082
30.932,0.09762641590079775,13.017034039574849,0.7953450974289842,0.00023607881008493704,0.0010274720000000822
30.966,0.0978205941313132,13.087143838307083,0.7972570095956405,0.0002360788100849429,0.0010275060000000823
31.0,0.09800711754354709,13.154023645481447,0.7991712973168645,0.0002360788100849379,0.0010275400000000824
31.034,0.09819055897276233,13.219553082380461,0.8010879606712645,0.0002360788100849371,0.0010275740000000825
31.068,0.09837582969584502,13.285248607854577,0.8030069997374488,0.0002360788100849429,0.0010276080000000826
31.102,0.0985592775942053,13.350226934105505,0.8049284145940249,0.0002360788100849379,0.0010276420000000827
31.136,0.09874636889055494,13.416785005331386,0.8068522053196009,0.0002360788100849371,0.0010276760000000828
31.17,0.09893982426036506,13.486081400338641,0.8087783719927851,0.0002360788100849429,0.0010277100000000829
31.204,0.09913515283765754,13.555964092724276,0.8107069146921851,0.0002360788100849379,0.001027744000000083
31.238,0.09932079057759816,13.621449859342691,0.8126378334964092,0.0002360788100849371,0.001027778000000083
31.272,0.09950128431900405,13.684737745235116,0.8145711284840652,0.00023607881008493693,0.0010278120000000832
31.306,0.09967318009073607,13.74403465306636,0.8165067997337615,0.00023607881008494284,0.0010278460000000833
31.34,0.09985630814362366,13.807948921463982,0.8184448473241055,0.00023607881008493788,0.0010278800000000834
31.374,0.1000440242270522,13.873780005523075,0.8203852713337055,0.00023607881008493704,0.0010279140000000835
31.408,0.1002398866832436,13.942792907168592,0.8223280718411698,0.0002360788100849429,0.0010279480000000836
31.442,0.10043350871424477,14.010642265300516,0.8242732489251059,0.0002360788100849379,0.0010279820000000837
31.476,0.10062659730577314,14.078369447927868,0.8262208026641219,0.0002360788100849371,0.0010280160000000838
31.51,0.10081994054980499,14.145880037184702,0.8281707331368261,0.0002360788100849429,0.0010280500000000839
31.544,0.10102538352416851,14.21831331784375,0.8301230404218262,0.0002360788100849379,0.001028084000000084
31.578,0.10121894507752627,14.285623167244367,0.8320777245977303,0.0002360788100849371,0.001028118000000084
31.612,0.10142157886887584,14.356851834619572,0.8340347857431465,0.00023607881008493693,0.0010281520000000842
31.646,0.10162151935199801,14.426747153860264,0.8359942239366827,0.00023607881008494284,0.0010281860000000843
31.68,0.1018290811675136,14.499898494493461,0.8379560392569467,0.00023607881008493788,0.0010282200000000844
31.714,0.10203394555656371,14.571847551709537,0.8399202317825467,0.00023607881008493704,0.0010282540000000845
31.748,0.10222990903631167,14.639491235124783,0.841886801592091,0.0002360788100849429,0.0010282880000000846
31.782,0.1024217841697606,14.705911684964049,0.843855748764187,0.0002360788100849379,0.0010283220000000847
31.816,0.1026099922662571,14.770747493250028,0.8458270733774431,0.0002360788100849371,0.0010283560000000848
31.85,0.10281351710052082,14.841832910857946,0.8478007755104674,0.0002360788100849429,0.001028390000000085
31.884,0.10301689923533881,14.912966737563938,0.8497768552418674,0.0002360788100849379,0.001028424000000085
31.918,0.10323557921513617,14.990322658992948,0.8517553126502515,0.0002360788100849371,0.001028458000000085
31.952,0.10344052751323876,15.061764527576168,0.8537361478142278,0.0002360788100849429,0.0010284920000000852
31.986,0.10363923727057107,15.1303644389958,0.8557193608124039,0.0002360788100849379,0.0010285260000000853
32.02,0.1038430923133191,15.200838480959057,0.8577049517233881,0.00023607881008494305,0.0010285600000000854
32.054,0.10404949824442208,15.272272951394335,0.8596929206257882,0.0002360788100849379,0.0010285940000000855
32.088,0.10427347195009197,15.350919450143525,0.8616832675982122,0.0002360788100849371,0.0010286280000000856
32.122,0.104496232932225,15.429072455619002,0.8636759927192683,0.00023607881008493693,0.0010286620000000857
32.156,0.10472037283747067,15.507748117169289,0.8656710960675644,0.00023607881008493687,0.0010286960000000858
32.19,0.1049431398969294,15.585594069427941,0.8676685777217085,0.00023607881008493687,0.001028730000000086
32.224,0.10515347695046569,15.657998236576146,0.8696684377603086,0.00023607881008493687,0.001028764000000086
32.258,0.1053848651257344,15.738689659462453,0.871670676261973,0.00023607881008494883,0.0010287980000000861
32.292,0.1056132788567137,15.817756707244119,0.8736752933053091,0.00023607881008493888,0.0010288320000000862
32.326,0.1058394616292184,15.89533853782249,0.8756822889689252,0.0002360788100849372,0.0010288660000000863
32.36,0.10607162270144174,15.975022289599982,0.8776916633314292,0.00023607881008493693,0.0010289000000000864
32.394,0.1063096988660938,16.057241900436807,0.8797034164714292,0.00023607881008493687,0.0010289340000000865
32.428,0.10652367995537432,16.128990136892135,0.8817175484675333,0.00023607881008493687,0.0010289680000000866
32.462,0.10674213198996446,16.202735666708993,0.8837340593983497,0.00023607881008494883,0.0010290020000000867
32.496,0.10695694109443608,16.274941249391148,0.8857529493424857,0.00023607881008493888,0.0010290360000000868
32.53,0.10718251111118532,16.351678555333617,0.8877742183785498,0.0002360788100849372,0.001029070000000087
32.564,0.10741935254207452,16.432907990894545,0.8897978665851498,0.00023607881008493693,0.001029104000000087
32.598,0.10765354316502447,16.513211830248206,0.8918238940408939,0.00023607881008493687,0.0010291380000000871
32.632,0.10787931458022093,16.58996263968331,0.89385230082439,0.00023607881008493687,0.0010291720000000872
32.666,0.10809837278859308,16.663966097286703,0.8958830870142461,0.00023607881008493687,0.0010292060000000873
32.7,0.10832950460492002,16.74253747247917,0.8979162526890706,0.00023607881008494883,0.0010292400000000874
32.734,0.10856312693728154,16.8219601937947,0.8999517979274707,0.00023607881008493888,0.0010292740000000875
32.768,0.1088186638601456,16.91017180864073,0.9019897228080548,0.0002360788100849372,0.0010293080000000876
32.802,0.10906172691584813,16.9933279483993,0.9040300274094308,0.00023607881008493693,0.0010293420000000878
32.836,0.10929303762312458,17.071258828409032,0.9060727118102069,0.00023607881008493687,0.0010293760000000879
32.87,0.10954011497025454,17.15493890321026,0.9081177760889909,0.00023607881008493687,0.001029410000000088
32.904,0.10977089843229867,17.23228229421383,0.9101652203243914,0.00023607881008494883,0.001029444000000088
32.938,0.1100120531064255,17.313494645677306,0.9122150445950155,0.00023607881008493888,0.0010294780000000882
32.972,0.11024872605633596,17.393091459357994,0.9142672489794715,0.0002360788100849372,0.0010295120000000883
33.006,0.11048765787689463,17.4732343086987,0.9163218335563675,0.00023607881008493693,0.0010295460000000884
33.04,0.11072459748549185,17.552475438946786,0.9183787984043116,0.00023607881008493687,0.0010295800000000885
33.074,0.11098017688988443,17.63860331648018,0.9204381436019117,0.00023607881008493687,0.0010296140000000886
33.108,0.11123095554083431,17.722716592891683,0.9224998692277757,0.00023607881008493687,0.0010296480000000887
33.142,0.11149039854298469,17.810074424643595,0.9245639753605122,0.00023607881008494883,0.0010296820000000888
33.176,0.1117442779076186,17.894827543701545,0.9266304620787282,0.00023607881008493888,0.0010297160000000889
33.21,0.11199097053863784,17.97690966288812,0.9286993294610324,0.0002360788100849372,0.001029750000000089
33.244,0.11223464595012661,18.057696082650775,0.9307705775860325,0.00023607881008493693,0.001029784000000089
33.278,0.11247961697108909,18.138963570320797,0.9328442065323367,0.00023607881008493687,0.0010298180000000892
33.312,0.11272872469006755,18.22164921266718,0.9349202163785528,0.00023607881008493687,0.0010298520000000893
33.346,0.11298330294294226,18.305599173978024,0.936998607203289,0.00023607881008493687,0.0010298860000000894
33.38,0.11322966553670367,18.3862059222581,0.9390793790851535,0.00023607881008494883,0.0010299200000000895
33.414,0.11347128416866427,18.465586226621383,0.9411625321027535,0.00023607881008493888,0.0010299540000000896
33.448,0.11372907330991512,18.55092487405644,0.9432480663346975,0.0002360788100849372,0.0010299880000000897
33.482,0.11398498882991602,18.63529410376903,0.9453359818595936,0.00023607881008493693,0.0010300220000000898
33.516,0.11425872428607554,18.72687637350497,0.9474262787560497,0.00023607881008493687,0.0010300560000000899
33.55,0.1145275157860928,18.816398311781526,0.9495189571026738,0.00023607881008493687,0.00103009000000009
33.584,0.11478965629282588,18.903468251345757,0.9516140169780742,0.00023607881008494883,0.00103012400000009
33.618,0.11504720744103948,18.988171106783817,0.9537114584608584,0.00023607881008493888,0.0010301580000000902
33.652,0.11529227497018231,19.06778592548655,0.9558112816296345,0.0002360788100849372,0.0010301920000000903
33.686,0.11555230333798018,19.152954528545738,0.9579134865630106,0.00023607881008493693,0.0010302260000000904
33.72,0.11580440074401047,19.234672864509953,0.9600180733395947,0.00023607881008493687,0.0010302600000000905
33.754,0.11605951283893358,19.317121365068026,0.9621250420379948,0.00023607881008493687,0.0010302940000000906
33.788,0.11632603193091366,19.403616748923298,0.9642343927368189,0.00023607881008493687,0.0010303280000000907
33.822,0.11660875015030138,19.49585099423521,0.9663461255146754,0.00023607881008494883,0.0010303620000000908
33.856,0.11687942245426662,19.58301664626375,0.9684602404501714,0.00023607881008493888,0.001030396000000091
33.89,0.11716137753410844,19.67416878745764,0.9705767376219155,0.0002360788100849372,0.001030430000000091
33.924,0.11743209836307279,19.76092397226803,0.9726956171085156,0.00023607881008493693,0.001030464000000091
33.958,0.11769981491539432,19.84613307333643,0.9748168789885796,0.00023607881008493687,0.0010304980000000912
33.992,0.11798973917026297,19.93930638917694,0.9769405233407157,0.00023607881008493687,0.0010305320000000913
34.026,0.11825813166059322,20.02470046838387,0.9790665502435323,0.00023607881008494883,0.0010305660000000914
34.06,0.11853171586275607,20.11168948660125,0.9811949597756364,0.00023607881008493888,0.0010306000000000915
34.094,0.11880864160705144,20.199743513780703,0.9833257520156365,0.0002360788100849372,0.0010306340000000916
34.128,0.11906686737020382,20.280848286961312,0.9854589270421407,0.00023607881008493693,0.0010306680000000917
34.162,0.1193441793902839,20.368791464951197,0.9875944849337568,0.00023607881008493687,0.0010307020000000918
34.196,0.11962977077799657,20.459860057912127,0.9897324257690929,0.00023607881008493687,0.001030736000000092
34.23,0.11992090986071013,20.552505611549936,0.9918727496267571,0.00023607881008493687,0.001030770000000092
34.264,0.12019720277279385,20.639947474013788,0.9940154565853576,0.00023607881008494883,0.0010308040000000921
34.298,0.1204885143590124,20.73290881840759,0.9961605467235016,0.00023607881008493888,0.0010308380000000922
34.332,0.12078818306684477,20.82862587880567,0.9983080201197977,0.0002360788100849372,0.0010308720000000923
34.366,0.12108617853889386,20.92330545735346,1.0004578768528536,0.00023607881008493693,0.0010309060000000924
34.4,0.12139274509787747,21.02100205971302,1.0026101170012776,0.00023607881008493687,0.0010309400000000925
34.434,0.12170159771587634,21.119020383493282,1.0047647406436775,0.00023607881008493687,0.0010309740000000926
34.468,0.12199135841422627,21.209997186590577,1.0069217478586618,0.00023607881008494883,0.0010310080000000927
34.502,0.12229545548586206,21.306136251153227,1.009081138724838,0.00023607881008493888,0.0010310420000000928
34.536,0.12258969494006326,21.39884727389078,1.011242913320814,0.0002360788100849372,0.001031076000000093
34.57,0.12290061731562363,21.49764611077649,1.0134070717251982,0.00023607881008493693,0.001031110000000093
34.604,0.12320881195467065,21.595380290169604,1.0155736140165983,0.00023607881008493687,0.0010311440000000931
34.638,0.12350136827706806,21.68733239385929,1.0177425402736222,0.00023607881008493687,0.0010311780000000932
34.672,0.12379882608591364,21.78063050623458,1.0199138505748782,0.00023607881008493687,0.0010312120000000933
34.706,0.12409655559447615,21.874109874962947,1.0220875449989746,0.00023607881008494883,0.0010312460000000934
34.74,0.12440092369617127,21.96972803161695,1.0242636236245184,0.00023607881008493888,0.0010312800000000935
34.774,0.12470835389678342,22.06632674486056,1.0264420865301183,0.0002360788100849372,0.0010313140000000936
34.808,0.12502219479600976,22.164673799774512,1.0286229337943822,0.00023607881008493693,0.0010313480000000937
34.842,0.12534005083763075,22.264172187642433,1.0308061654959182,0.00023607881008493687,0.0010313820000000939
34.876,0.12564089249628665,22.35722322647385,1.0329917817133343,0.00023607881008493687,0.001031416000000094
34.91,0.12594928884729772,22.453101894000856,1.0351797825252382,0.00023607881008493687,0.001031450000000094
34.944,0.12624915223947586,22.54582080166817,1.0373701680102385,0.00023607881008494883,0.0010314840000000942
34.978,0.12656038962617802,22.64240430329943,1.0395629382469425,0.00023607881008493888,0.0010315180000000943
35.012,0.1268610675322048,22.734913633594296,1.0417580933139585,0.0002360788100849372,0.0010315520000000944
35.046,0.12717451790143347,22.831644804384005,1.0439556332898945,0.00023607881008493693,0.0010315860000000945
35.08,0.12749215623077081,22.929357134686946,1.0461555582533584,0.00023607881008493687,0.0010316200000000946
35.114,0.12763408160316214,22.96715081906892,1.0483578682829584,0.00023607881008493687,0.0010316540000000947
35.148,0.12769653534802228,22.97705444111935,1.0505625634573028,0.00023607881008494883,0.0010316880000000948
35.182,0.12772186400041907,22.9738653819596,1.0527696438549987,0.00023607881008493888,0.0010317220000000949
35.216,0.12773835422063357,22.967593415006924,1.0549791095546548,0.0002360788100849372,0.001031756000000095
35.25,0.12777135236992887,22.96711530444384,1.0571909606348788,0.00023607881008493693,0.001031790000000095
35.284,0.12779907412852942,22.96477989325949,1.0594051971742788,0.00023607881008493687,0.0010318240000000952
35.318,0.12783595083977242,22.965660463535812,1.0616218192514628,0.00023607881008493687,0.0010318580000000953
35.352,0.12787656791345944,22.967850761459722,1.0638408269450388,0.00023607881008493687,0.0010318920000000954
35.386,0.1279150888333342,22.96931696670363,1.0660622203336152,0.00023607881008494883,0.0010319260000000955
35.42,0.12795563828523884,22.97149489398833,1.0682859994957992,0.00023607881008493888,0.0010319600000000956
35.454,0.12798140017163673,22.968442374909735,1.0705121645101991,0.0002360788100849372,0.0010319940000000957
35.488,0.12800458985504987,22.964462630997257,1.0727407154554232,0.00023607881008493693,0.0010320280000000958
35.522,0.12802162539677375,22.9582876550076,1.0749716524100792,0.00023607881008493687,0.0010320620000000959
35.556,0.1280544374750798,22.957734454433197,1.0772049754527753,0.00023607881008493687,0.001032096000000096
35.59,0.12807670696508958,22.9534377591035,1.0794406846621198,0.00023607881008494883,0.001032130000000096
35.624,0.12811043984660478,22.95321363019824,1.0816787801167198,0.00023607881008493888,0.0010321640000000962
35.658,0.12813570838676955,22.94998933994552,1.0839192618951836,0.0002360788100849372,0.0010321980000000963
35.692,0.12817939803346565,22.953286937125174,1.0861621300761195,0.00023607881008493693,0.0010322320000000964
35.726,0.12820847974460367,22.95141889578189,1.0884073847381355,0.00023607881008493687,0.0010322660000000965
35.76,0.128243490556906,22.951647757552742,1.0906550259598395,0.00023607881008493687,0.0010323000000000966
35.794,0.12827932727070218,22.95216847537593,1.0929050538198397,0.00023607881008493687,0.0010323340000000967
35.828,0.1282893602504508,22.943532501861803,1.0951574683967442,0.00023607881008494883,0.0010323680000000968
35.862,0.1282995360770959,22.934962009703387,1.0974122697691602,0.00023607881008493888,0.001032402000000097
35.896,0.12832613639328624,22.93220369604998,1.099669458015696,0.0002360788100849372,0.001032436000000097
35.93,0.12834793680683979,22.92770792227631,1.1019290332149598,0.00023607881008493693,0.001032470000000097
35.964,0.12838626403003495,22.929124434206344,1.1041909954455598,0.00023607881008493687,0.0010325040000000972
35.998,0.12842220231788182,22.929687591368054,1.1064553447861039,0.00023607881008493687,0.0010325380000000973
36.032,0.12844548371928716,22.925705677688196,1.1087220813152,0.00023607881008493687,0.0010325720000000974
36.066,0.12846602402333684,22.920742501613578,1.1109912051114563,0.00023607881008494883,0.0010326060000000975
36.1,0.1284830017437914,22.914508746632915,1.1132627162534803,0.00023607881008493888,0.0010326400000000976
36.134,0.12849638272388794,22.907003329589134,1.1155366148198802,0.0002360788100849372,0.0010326740000000977
36.168,0.1285182535842728,22.902514101630317,1.117812900889264,0.00023607881008493693,0.0010327080000000978
36.202,0.12853434426647356,22.89591164361761,1.12009157454024,0.00023607881008493687,0.001032742000000098
36.236,0.12853456586650047,22.883542374388966,1.122372635851416,0.00023607881008493687,0.001032776000000098
36.27,0.12854558030493596,22.875078198787588,1.1246560849014002,0.00023607881008494883,0.0010328100000000981
36.304,0.12858847710834495,22.8781663340745,1.1269419217688001,0.00023607881008493888,0.0010328440000000982
36.338,0.12864249999939942,22.885282764529528,1.129230146532224,0.0002360788100849372,0.0010328780000000983
36.372,0.12868623998420645,22.888677319664456,1.13152075927028,0.00023607881008493693,0.0010329120000000984
36.406,0.1286696089664186,22.87019928439648,1.133813760061576,0.00023607881008493687,0.0010329460000000985
36.44,0.12864927753839353,22.850482690800863,1.1361091489847202,0.00023607881008493687,0.0010329800000000986
36.474,0.12862442552636036,22.82945903526924,1.13840692611832,0.00023607881008493687,0.0010330140000000987
36.508,0.12859622268864965,22.8075599534823,1.1407070915409847,0.00023607881008494883,0.0010330480000000988
36.542,0.12856999586580906,22.78637201829225,1.1430096453313208,0.00023607881008493888,0.001033082000000099
36.576,0.12856478448825204,22.77251883336039,1.1453145875679367,0.0002360788100849372,0.001033116000000099
36.61,0.1285641456200926,22.760205010053184,1.1476219183294407,0.00023607881008493693,0.0010331500000000991
36.644,0.12854465338007223,22.74109820386861,1.1499316376944408,0.00023607881008493687,0.0010331840000000992
36.678,0.12853415703840892,22.72511619534737,1.1522437457415449,0.00023607881008493687,0.0010332180000000993
36.712,0.1285443362014315,22.716494993908476,1.1545582425493612,0.00023607881008494883,0.0010332520000000994
36.746,0.12856320818328168,22.710981269095686,1.1568751281964973,0.00023607881008493888,0.0010332860000000995
36.78,0.12859572913169073,22.710328297516757,1.1591944027615613,0.0002360788100849372,0.0010333200000000996
36.814,0.12861581745469644,22.705314275560617,1.1615160663231612,0.00023607881008493693,0.0010333540000000997
36.848,0.12864908189612806,22.704930956557547,1.1638401189599052,0.00023607881008493687,0.0010333880000000998
36.882,0.12868141662503368,22.704228435541744,1.1661665607504013,0.00023607881008493687,0.0010334220000001
36.916,0.12871933844592368,22.705457765327054,1.1684953917732572,0.00023607881008493687,0.0010334560000001
36.95,0.1287579107869484,22.70691182188467,1.1708266121070816,0.00023607881008494883,0.0010334900000001002
36.984,0.12878112685665552,22.703069975379478,1.1731602218304815,0.00023607881008493888,0.0010335240000001003
37.018,0.12881268489710185,22.702105969066206,1.1754962210220654,0.0002360788100849372,0.0010335580000001004
37.052,0.12883027046227716,22.69628739578023,1.1778346097604413,0.00023607881008493693,0.0010335920000001005
37.086,0.12886252547284258,22.69555803251283,1.1801753881242172,0.00023607881008493687,0.0010336260000001006
37.12,0.12888736633877454,22.692265370646908,1.182518556192001,0.00023607881008493687,0.0010336600000001007
37.154,0.12891319693759695,22.689310018293032,1.1848641140424014,0.00023607881008494883,0.0010336940000001008
37.188,0.12897714322648254,22.69954274154779,1.1872120617540254,0.00023607881008493888,0.0010337280000001009
37.222,0.12911230645382962,22.733860224884896,1.1895623994054814,0.0002360788100849372,0.001033762000000101
37.256,0.12935915082734273,22.80478488320411,1.1919151270753774,0.00023607881008493693,0.001033796000000101
37.29,0.1294805182814504,22.833683834344896,1.1942702448423215,0.00023607881008493687,0.0010338300000001012
37.324,0.1295450468911195,22.84368949660726,1.1966277527849214,0.00023607881008493687,0.0010338640000001013
37.358,0.12957916822637033,22.843610077867588,1.1989876509817852,0.00023607881008493687,0.0010338980000001014
37.392,0.12958403512841618,22.833540303273047,1.2013499395115217,0.00023607881008494883,0.0010339320000001015
37.426,0.12959862375930412,22.826578734901908,1.2037146184527376,0.00023607881008493888,0.0010339660000001016
37.46,0.12960024338332918,22.814618044859564,1.2060816878840417,0.0002360788100849372,0.0010340000000001017
37.494,0.12958409312550337,22.795572809616147,1.2084511478840418,0.00023607881008493693,0.0010340340000001018
37.528,0.12958125662074937,22.781251327876774,1.210822998531346,0.00023607881008493687,0.0010340680000001019
37.562,0.12957535137748208,22.765489211821926,1.2131972399045619,0.00023607881008493687,0.001034102000000102
37.596000000000004,0.12956007958344576,22.74588398569087,1.2155738720822984,0.00023607881008494883,0.001034136000000102
37.63,0.12957660268694535,22.73878693320984,1.2179528951431622,0.00023607881008493888,0.0010341700000001022
37.664,0.12959528485575536,22.732552439110396,1.2203343091657621,0.0002360788100849372,0.0010342040000001023
37.698,0.12963240828586736,22.733637874878628,1.2227181142287062,0.00023607881008493693,0.0010342380000001024
37.732,0.12967442354577294,22.736621632502615,1.2251043104106023,0.00023607881008493687,0.0010342720000001025
37.766,0.12969546093681777,22.7314890849203,1.2274928977900583,0.00023607881008493687,0.0010343060000001026
37.8,0.12971092385482336,22.7243777381977,1.2298838764456823,0.00023607881008493687,0.0010343400000001027
37.834,0.1297126953110181,22.712408485181204,1.2322772464560827,0.00023607881008494883,0.0010343740000001028
37.868,0.12975083117778383,22.713762750381203,1.2346730078998667,0.00023607881008493888,0.001034408000000103
37.902,0.12979361516125143,22.71675795485279,1.2370711608556426,0.0002360788100849372,0.001034442000000103
37.936,0.12985138700906057,22.725052338092578,1.2394717054020186,0.00023607881008493693,0.001034476000000103
37.97,0.12992969769944163,22.740841538053164,1.2418746416176025,0.00023607881008493687,0.0010345100000001032
38.004,0.13000463053118338,22.75567217720374,1.2442799695810025,0.00023607881008493687,0.0010345440000001033
38.038,0.13008674856490027,22.77348648790631,1.2466876893708265,0.00023607881008493687,0.0010345780000001034
38.072,0.13017278347797,22.792879445575668,1.249097801065683,0.00023607881008494883,0.0010346120000001035
38.106,0.13026610921005613,22.815291879380574,1.2515103047441791,0.00023607881008493888,0.0010346460000001036
38.14,0.13033381331322835,22.828093876441937,1.2539252004849233,0.0002360788100849372,0.0010346800000001037
38.174,0.1303691911593758,22.828482953193788,1.2563424883665233,0.00023607881008493693,0.0010347140000001038
38.208,0.1304080613451497,22.830232465881156,1.2587621684675872,0.00023607881008493687,0.001034748000000104
38.242,0.13043453000464603,22.827158828036453,1.261184240866723,0.00023607881008493687,0.001034782000000104
38.276,0.1304672136005884,22.82650495527183,1.2636087056425396,0.00023607881008494883,0.0010348160000001041
38.31,0.1304976967755465,22.825003413426646,1.2660355628736435,0.00023607881008493888,0.0010348500000001042
38.344,0.13054320164868222,22.82926965499531,1.2684648126386433,0.0002360788100849372,0.0010348840000001043
38.378,0.1305938357957483,22.835479726242333,1.2708964550161472,0.00023607881008493693,0.0010349180000001044
38.412,0.13064540144276401,22.841984497563907,1.2733304900847633,0.00023607881008493687,0.0010349520000001045
38.446,0.13066468013266785,22.836281847342626,1.2757669179230993,0.00023607881008493687,0.0010349860000001046
38.48,0.13067673803561783,22.827874808129977,1.2782057386097632,0.00023607881008493687,0.0010350200000001047
38.514,0.13070759263339712,22.826550661863454,1.2806469522233637,0.00023607881008494883,0.0010350540000001048
38.548,0.13075214342219282,22.83036720813951,1.2830905588425077,0.00023607881008493888,0.001035088000000105
38.582,0.1307836590112514,22.829302762999205,1.2855365585458036,0.0002360788100849372,0.001035122000000105
38.616,0.13081062445700578,22.826565752264887,1.2879849514118598,0.00023607881008493693,0.0010351560000001051
38.65,0.13083041798247644,22.82121703932407,1.2904357375192839,0.00023607881008493687,0.0010351900000001052
38.684,0.13083203870524548,22.809277228052895,1.292888916946684,0.00023607881008493687,0.0010352240000001053
38.718,0.13086598729924584,22.809126616975405,1.2953444897726685,0.00023607881008494883,0.0010352580000001054
38.752,0.13091354199112148,22.81383697912254,1.2978024560758445,0.00023607881008493888,0.0010352920000001055
38.786,0.13096192931331224,22.818795050916115,1.3002628159348206,0.0002360788100849372,0.0010353260000001056
38.82,0.13099650125081613,22.818868025866802,1.3027255694282047,0.00023607881008493693,0.0010353600000001057
38.854,0.13102724004217584,22.81762206301604,1.3051907166346048,0.00023607881008493687,0.0010353940000001058
38.888,0.1310851517006562,22.825620803700165,1.3076582576326288,0.00023607881008493687,0.001035428000000106
38.922,0.131145780484482,22.834370277348327,1.3101281925008847,0.00023607881008493687,0.001035462000000106
38.956,0.13119548897549843,22.839399438073606,1.3126005213179812,0.00023607881008494883,0.0010354960000001062
38.99,0.13122252817099161,22.837045010780596,1.315075244162525,0.00023607881008493888,0.0010355300000001063
39.024,0.13125494182104144,22.836432810947162,1.317552361113125,0.0002360788100849372,0.0010355640000001064
39.058,0.13129256492218497,22.83744757429818,1.320031872248389,0.00023607881008493693,0.0010355980000001065
39.092,0.13134046826108609,22.841583488824277,1.3225137776469251,0.00023607881008493687,0.0010356320000001066
39.126,0.13138070447360103,22.84336002472576,1.3249980773873413,0.00023607881008493687,0.0010356660000001067
39.16,0.13140966683252148,22.841762610756767,1.3274847715482454,0.00023607881008493687,0.0010357000000001068
39.194,0.13145540437861825,22.845085125140933,1.3299738602082458,0.00023607881008494883,0.0010357340000001069
39.228,0.13147373246989746,22.840470055111897,1.3324653434459497,0.00023607881008493888,0.001035768000000107
39.262,0.13154436184153562,22.85082428249762,1.3349592213399655,0.0002360788100849372,0.001035802000000107
39.296,0.131635447197001,22.866955011926457,1.3374554939689014,0.00023607881008493693,0.0010358360000001072
39.33,0.13174251706682039,22.88785850854276,1.3399541614113655,0.00023607881008493687,0.0010358700000001073
39.364,0.1317830249736494,22.88965714000116,1.3424552237459655,0.00023607881008493687,0.0010359040000001074
39.398,0.13181938219096548,22.89026072217082,1.34495868105131,0.00023607881008494883,0.0010359380000001075
39.432,0.13184819291109437,22.888535101301024,1.3474645334060058,0.00023607881008493888,0.0010359720000001076
39.466,0.13190289327334306,22.895157048833475,1.3499727808886617,0.0002360788100849372,0.0010360060000001077
39.5,0.13193177879647147,22.893271541200228,1.3524834235778855,0.00023607881008493693,0.0010360400000001078
39.534,0.13192575766769052,22.87832197608104,1.3549964615522854,0.00023607881008493687,0.0010360740000001079
39.568,0.13191130635212442,22.858972054883484,1.3575118948904692,0.00023607881008493687,0.001036108000000108
39.602,0.13190364656770293,22.840945536819685,1.360029723671045,0.00023607881008493687,0.001036142000000108
39.636,0.1318945653653318,22.820632738865502,1.3625499479726215,0.00023607881008494883,0.0010361760000001082
39.67,0.1319065110060825,22.80927034027663,1.3650725678738054,0.00023607881008493888,0.0010362100000001083
39.704,0.13191399176034332,22.794401463574637,1.3675975834532053,0.0002360788100849372,0.0010362440000001084
39.738,0.13193686903941493,22.78740781022412,1.3701249947894292,0.00023607881008493693,0.0010362780000001085
39.772,0.1319593996773179,22.779462938379655,1.3726548019610851,0.00023607881008493687,0.0010363120000001086
39.806,0.13198442482048844,22.77247910592649,1.3751870050467812,0.00023607881008493687,0.0010363460000001087
39.84,0.13201390781622066,22.76836750893229,1.3777216041251257,0.00023607881008494883,0.0010363800000001088
39.874,0.1320486275030059,22.768644770782,1.3802585992747256,0.00023607881008493888,0.001036414000000109
39.908,0.13208633573140174,22.772149436808917,1.3827979905741894,0.0002360788100849372,0.001036448000000109
39.942,0.13212106427145873,22.772509340035487,1.3853397781021253,0.00023607881008493693,0.001036482000000109
39.976,0.13215822997796287,22.776396982783957,1.3878839619371413,0.00023607881008493687,0.0010365160000001092
40.01,0.13220193267426647,22.79205854220182,1.3904305421578453,0.00023607881008493687,0.0010365500000001093
40.044,0.13224392184657652,22.80726300079713,1.3929795188428455,0.00023607881008493687,0.0010365840000001094
40.078,0.13227985747245263,22.81092367152758,1.39553089207075,0.00023607881008494883,0.0010366180000001095
40.112,0.13231176105720016,22.803157246652187,1.3980846619201661,0.00023607881008493888,0.0010366520000001096
40.146,0.13234332527164738,22.791617089991163,1.400640828469702,0.0002360788100849372,0.0010366860000001097
40.18,0.1323760193805406,22.780199021553226,1.403199391797966,0.00023607881008493693,0.0010367200000001098
40.214,0.1324102527431829,22.770946800592213,1.405760351983566,0.00023607881008493687,0.00103675400000011
40.248,0.13244743304438378,22.752761297595942,1.40832370910511,0.00023607881008493687,0.00103678800000011
40.282,0.13248451809605577,22.74341525828596,1.410889463241206,0.00023607881008493687,0.0010368220000001101
40.316,0.13252273891302166,22.733210252403588,1.4134576144704625,0.00023607881008494883,0.0010368560000001102
40.35,0.132556409592126,22.735140864991262,1.4160281628714866,0.00023607881008493888,0.0010368900000001103
40.384,0.13259408023219899,22.728103254122786,1.4186011085228867,0.0002360788100849372,0.0010369240000001104
40.418,0.13262635985914403,22.73251201275917,1.4211764515032708,0.00023607881008493693,0.0010369580000001105
40.452,0.13266249939214597,22.729525213213066,1.4237541918912469,0.00023607881008493687,0.0010369920000001106
40.486,0.13270153916484984,22.721774204185984,1.426334329765423,0.00023607881008493687,0.0010370260000001107
40.52,0.13274171055914935,22.71302940013902,1.4289168652044075,0.00023607881008494883,0.0010370600000001108
40.554,0.1327850110242524,22.700737135126506,1.4315017982868077,0.00023607881008493888,0.001037094000000111
40.588,0.13282421431251298,22.694573702444835,1.4340891290912317,0.0002360788100849372,0.001037128000000111
40.622,0.13286032168731757,22.692567788179044,1.4366788576962877,0.00023607881008493693,0.0010371620000001111
40.656,0.13290182967688033,22.684393715554886,1.4392709841805837,0.00023607881008493687,0.0010371960000001112
40.69,0.13294497494749935,22.674721767631773,1.4418655086227277,0.00023607881008493687,0.0010372300000001113
40.724,0.13298473954805265,22.669028870611097,1.4444624311013277,0.00023607881008493687,0.0010372640000001114
40.758,0.13302188064098094,22.666241041800028,1.4470617516949922,0.00023607881008494883,0.0010372980000001115
40.792,0.13305343632411998,22.66925017149527,1.4496634704823281,0.00023607881008493888,0.0010373320000001116
40.826,0.13309318388940497,22.663983475023763,1.452267587541944,0.0002360788100849372,0.0010373660000001117
40.86,0.13312855287420666,22.663118508448918,1.454874102952448,0.00023607881008493693,0.0010374000000001118
40.894,0.133168746266952,22.657488166757794,1.457483016792448,0.00023607881008493687,0.001037434000000112
40.928,0.13321317384263284,22.647786953941928,1.460094329140552,0.00023607881008493687,0.001037468000000112
40.962,0.13325822843015395,22.63738780690463,1.4627080400753685,0.00023607881008494883,0.0010375020000001121
40.996,0.13329329007012358,22.636823894640862,1.4653241496755045,0.00023607881008493888,0.0010375360000001123
41.03,0.13332464086734613,22.640007694360513,1.4679426580195687,0.0002360788100849372,0.0010375700000001124
41.064,0.13335142992621218,22.64789657408446,1.4705635651861688,0.00023607881008493693,0.0010376040000001125
41.098,0.13337908964702988,22.654967480738268,1.473186871253913,0.00023607881008493687,0.0010376380000001126
41.132,0.13340918812478722,22.65960582516038,1.475812576301409,0.00023607881008493687,0.0010376720000001127
41.166,0.13344076353803458,22.66272671120858,1.478440680407265,0.00023607881008493687,0.0010377060000001128
41.2,0.13347052218051988,22.667827250639014,1.4810711836500894,0.00023607881008494883,0.0010377400000001129
41.234,0.13347648309870006,22.700230848041755,1.4837040861084894,0.00023607881008493888,0.001037774000000113
41.268,0.133512272300973,22.69861035389978,1.4863393878610733,0.0002360788100849372,0.001037808000000113
41.302,0.1335326137600914,22.71895603834382,1.4889770889864493,0.00023607881008493693,0.0010378420000001132
41.336,0.13356264111532978,22.727107488369274,1.4916171895632253,0.00023607881008493687,0.0010378760000001133
41.37,0.13359254957540934,22.738711713566104,1.4942596896700093,0.00023607881008493687,0.0010379100000001134
41.404,0.13362393452919888,22.75227666377739,1.4969045893854098,0.00023607881008494883,0.0010379440000001135
41.438,0.13365859759159446,22.747997086582785,1.499551888788034,0.00023607881008493888,0.0010379780000001136
41.472,0.13369114418048886,22.735376097379444,1.50220158795649,0.0002360788100849372,0.0010380120000001137
41.506,0.1337203200187972,22.72157192399852,1.504853686969386,0.00023607881008493693,0.0010380460000001138
41.54,0.13375038601685754,22.714345892860738,1.5075081859053299,0.00023607881008493687,0.0010380800000001139
41.574,0.1337773061955369,22.705348770642434,1.5101650848429298,0.00023607881008493687,0.001038114000000114
41.608,0.13379839513684452,22.69282722567274,1.5128243838607938,0.00023607881008493687,0.001038148000000114
41.642,0.1338217240722696,22.684236325020958,1.5154860830375303,0.00023607881008494883,0.0010381820000001142
41.676,0.13383910689612344,22.673165921656196,1.5181501824517465,0.00023607881008493888,0.0010382160000001143
41.71,0.1338490127882667,22.6595092766327,1.5208166821820506,0.0002360788100849372,0.0010382500000001144
41.744,0.1338824353307658,22.65903453774265,1.5234855823070506,0.00023607881008493693,0.0010382840000001145
41.778,0.1339144582608671,22.65798594330669,1.5261568829053545,0.00023607881008493687,0.0010383180000001146
41.812,0.1339567573499711,22.66122298398393,1.5288305840555703,0.00023607881008493687,0.0010383520000001147
41.846000000000004,0.13396745487052486,22.652103853882615,1.531506685836307,0.00023607881008494883,0.0010383860000001148
41.88,0.133989374534158,22.647470403003755,1.534185188326171,0.00023607881008493888,0.001038420000000115
41.914,0.13402713003953257,22.64870796087789,1.536866091603771,0.0002360788100849372,0.001038454000000115
41.948,0.13406804516748388,22.65107644347103,1.539549395747715,0.00023607881008493693,0.001038488000000115
41.982,0.1341086672888179,22.653362242425008,1.542235100836611,0.00023607881008493687,0.0010385220000001152
42.016,0.13416532815773985,22.661706496256606,1.544923206949067,0.00023607881008493687,0.0010385560000001153
42.05,0.1342155048229804,22.667842758849794,1.547613714163691,0.00023607881008493687,0.0010385900000001154
42.084,0.13426984512790935,22.67593137175471,1.5503066225590916,0.00023607881008494883,0.0010386240000001155
42.118,0.13430746764550108,22.67731369228485,1.5530019322138755,0.00023607881008493888,0.0010386580000001156
42.152,0.13435327128961236,22.68247175291684,1.5556996432066514,0.0002360788100849372,0.0010386920000001157
42.186,0.13439429163778135,22.685650976900273,1.5583997556160274,0.00023607881008493693,0.0010387260000001158
42.22,0.134438019577804,22.69036460829072,1.5611022695206114,0.00023607881008493687,0.001038760000000116
42.254,0.1344720215677508,22.690156741068623,1.5638071849990114,0.00023607881008493687,0.001038794000000116
42.288,0.13451381334852233,22.69425417546816,1.5665145021298355,0.00023607881008493687,0.0010388280000001161
42.322,0.13455204470079965,22.696482085435672,1.569224220991692,0.00023607881008494883,0.0010388620000001162
42.356,0.13459051398086055,22.698979923056235,1.571936341663188,0.00023607881008493888,0.0010388960000001163
42.39,0.13462413970190965,22.698469219099817,1.5746508642229318,0.0002360788100849372,0.0010389300000001164
42.424,0.13464855454617497,22.691545768969917,1.5773677887495317,0.00023607881008493693,0.0010389640000001165
42.458,0.13467325009795167,22.684341170966743,1.5800871153215956,0.00023607881008493687,0.0010389980000001166
42.492,0.13469573630395484,22.67488470927342,1.5828088440177317,0.00023607881008493687,0.0010390320000001167
42.526,0.13472477964200102,22.670225199216237,1.5855329749165483,0.00023607881008494883,0.0010390660000001168
42.56,0.13475125989710207,22.662677616634994,1.5882595080966524,0.00023607881008493888,0.001039100000000117
42.594,0.13478493892500065,22.661883900036504,1.5909884436366524,0.0002360788100849372,0.001039134000000117
42.628,0.1348093395735523,22.64993833613385,1.5937197816151563,0.00023607881008493693,0.0010391680000001171
42.662,0.1348405961467563,22.64561085624314,1.596453522110772,0.00023607881008493687,0.0010392020000001172
42.696,0.13487174186217626,22.640355748264255,1.599189665202108,0.00023607881008493687,0.0010392360000001173
42.73,0.1349015463843151,22.631318768342005,1.6019282109677722,0.00023607881008493687,0.0010392700000001174
42.764,0.1349338175013102,22.62608592494676,1.6046691594863727,0.00023607881008494883,0.0010393040000001175
42.798,0.13496772511927219,22.624370481887052,1.6074125108365167,0.00023607881008493888,0.0010393380000001176
42.832,0.13500269167577275,22.626982106874472,1.6101582650968127,0.0002360788100849372,0.0010393720000001177
42.866,0.1350373828463249,22.629183475979016,1.6129064223458687,0.00023607881008493693,0.0010394060000001178
42.9,0.13507207722841125,22.63922965686304,1.6156569826622926,0.00023607881008493687,0.001039440000000118
42.934,0.13510687045230055,22.634466603188162,1.6184099461246926,0.00023607881008493687,0.001039474000000118
42.968,0.13514224866582938,22.62823838568337,1.6211653128116772,0.00023607881008494883,0.0010395080000001181
43.002,0.13517847941360409,22.620369739089316,1.6239230828018532,0.00023607881008493888,0.0010395420000001182
43.036,0.13521369558203938,22.61796788877662,1.6266832561738291,0.0002360788100849372,0.0010395760000001183
43.07,0.1352512116765981,22.610043850665615,1.6294458330062132,0.00023607881008493693,0.0010396100000001185
43.104,0.1352877021081182,22.605699621537784,1.6322108133776132,0.00023607881008493687,0.0010396440000001186
43.138,0.1353189446287971,22.61184920651802,1.6349781973666373,0.00023607881008493687,0.0010396780000001187
43.172,0.13535023254333942,22.617379994107505,1.6377479850518935,0.00023607881008493687,0.0010397120000001188
43.206,0.1353881424978919,22.61131806878493,1.6405201765119901,0.00023607881008494883,0.0010397460000001189
43.24,0.1354249967684836,22.606645270863623,1.643294771825534,0.00023607881008493888,0.001039780000000119
43.274,0.13545618565407141,22.614646717606643,1.646071771071134,0.0002360788100849372,0.001039814000000119
43.308,0.1354875477553695,22.625491414862037,1.648851174327398,0.00023607881008493693,0.0010398480000001192
43.342,0.13552112138312125,22.632129895197547,1.6516329816729338,0.00023607881008493687,0.0010398820000001193
43.376,0.13555643300888975,22.641555990593123,1.6544171931863496,0.00023607881008493687,0.0010399160000001194
43.41,0.13559015718691103,22.63946813408399,1.6572038089462535,0.00023607881008493687,0.0010399500000001195
43.444,0.1356153278825016,22.625445397209628,1.659992829031254,0.00023607881008494883,0.0010399840000001196
43.478,0.13564954097292983,22.62523449310074,1.662784253519958,0.00023607881008493888,0.0010400180000001197
43.512,0.13568420288183294,22.62541014247815,1.6655780824909738,0.0002360788100849372,0.0010400520000001198
43.546,0.13570529717796861,22.61812758665685,1.6683743160229099,0.00023607881008493693,0.0010400860000001199
43.58,0.13569439690766127,22.59790750959438,1.671172954194374,0.00023607881008493687,0.00104012000000012
43.614,0.13569784149892639,22.586199171609106,1.6739739970839742,0.00023607881008493687,0.00104015400000012
43.648,0.1357173075143622,22.581264191731282,1.6767774447703188,0.00023607881008494883,0.0010401880000001202
43.682,0.13572127173391757,22.57221980236639,1.6795832973320148,0.00023607881008493888,0.0010402220000001203
43.716,0.1357279695907264,22.564758108125005,1.682391554847671,0.0002360788100849372,0.0010402560000001204
43.75,0.13575021808724788,22.561747531870793,1.685202217395895,0.00023607881008493693,0.0010402900000001205
43.784,0.13578225212477307,22.56121479868993,1.688015285055295,0.00023607881008493687,0.0010403240000001206
43.818,0.1358601732368763,22.570788323227813,1.690830757904479,0.00023607881008493687,0.0010403580000001207
43.852,0.13592653484689227,22.57744666476999,1.693648636022055,0.00023607881008493687,0.0010403920000001208
43.886,0.13596687471343902,22.578636961563923,1.6964689194866316,0.00023607881008494883,0.0010404260000001209
43.92,0.13593594933333406,22.56642675943047,1.6992916083768157,0.00023607881008493888,0.001040460000000121
43.954,0.1358822103033555,22.550762453548526,1.7021167027712159,0.0002360788100849372,0.001040494000000121
43.988,0.1358507728557447,22.53966956865749,1.7049442027484398,0.00023607881008493693,0.0010405280000001212
44.022,0.1358206298281248,22.529285106735024,1.7077741083870956,0.00023607881008493687,0.0010405620000001213
44.056,0.135779738474885,22.51762301264191,1.7106064197657915,0.00023607881008493687,0.0010405960000001214
44.09,0.13576465579147212,22.510219655752472,1.713441136963136,0.00023607881008494883,0.0010406300000001215
44.124,0.13577107863492277,22.50616421353383,1.716278260057736,0.00023607881008493888,0.0010406640000001216
44.158,0.13573407344198085,22.49604113808793,1.7191177891282001,0.0002360788100849372,0.0010406980000001217
44.192,0.13575156429020463,22.49372889061831,1.7219597242531361,0.00023607881008493693,0.0010407320000001218
44.226,0.13574615106235904,22.488380192278232,1.724804065511152,0.00023607881008493687,0.001040766000000122
44.26,0.13578847361078905,22.489452043909207,1.727650812980856,0.00023607881008493687,0.001040800000000122
44.294,0.13577200044411242,22.482919375148512,1.7304999667408563,0.00023607881008493687,0.0010408340000001221
44.328,0.13576692236022367,22.477976650839736,1.7333515268697608,0.00023607881008494883,0.0010408680000001222
44.362,0.13580985274290258,22.479056057871816,1.7362054934461768,0.00023607881008493888,0.0010409020000001223
44.396,0.1358706419817309,22.48227072873471,1.7390618665487128,0.0002360788100849372,0.0010409360000001224
44.43,0.13586857827021237,22.477983350856547,1.7419206462559766,0.00023607881008493693,0.0010409700000001225
44.464,0.13599181985440023,22.488328377054,1.7447818326465767,0.00023607881008493687,0.0010410040000001226
44.498,0.136078729606328,22.49433428687392,1.7476454257991207,0.00023607881008493687,0.0010410380000001227
44.532,0.1361121986812018,22.494259139307562,1.7505114257922167,0.00023607881008493687,0.0010410720000001228
44.566,0.13615001773378235,22.494664465983227,1.7533798327044734,0.00023607881008494883,0.001041106000000123
44.6,0.13617418660137476,22.493587221838236,1.7562506466144974,0.00023607881008493888,0.001041140000000123
44.634,0.1362768963302846,22.500868183491924,1.7591238676008973,0.0002360788100849372,0.0010411740000001231
44.668,0.13636746489451534,22.50676605930664,1.7619994957422813,0.00023607881008493693,0.0010412080000001232
44.702,0.13640593254250497,22.50721520132949,1.7648775311172573,0.00023607881008493687,0.0010412420000001233
44.736,0.13645923512465233,22.50917265560931,1.7677579738044333,0.00023607881008493687,0.0010412760000001234
44.77,0.13648630662289754,22.50846104588726,1.770640823882418,0.00023607881008494883,0.0010413100000001235
44.804,0.1365420772630113,22.510646289734954,1.773526081429818,0.00023607881008493888,0.0010413440000001236
44.838,0.13656688533143566,22.50970785018202,1.7764137465252419,0.0002360788100849372,0.0010413780000001237
44.872,0.1365745045375245,22.50703197021454,1.7793038192472979,0.00023607881008493693,0.0010414120000001238
44.906,0.13655436196308368,22.501510559855813,1.782196299674594,0.00023607881008493687,0.001041446000000124
44.94,0.1366417812112398,22.5069856895716,1.785091187885738,0.00023607881008493687,0.001041480000000124
44.974,0.1368133843268936,22.521278020219277,1.787988483959338,0.00023607881008493687,0.0010415140000001241
45.008,0.13696811099020847,22.533973209066076,1.7908881879740028,0.00023607881008494883,0.0010415480000001242
45.042,0.13697925894849564,22.53151957853812,1.7937903000083388,0.00023607881008493888,0.0010415820000001243
45.076,0.13748588587141183,22.58261097231171,1.796694820140955,0.0002360788100849372,0.0010416160000001244
45.11,0.13834088078656365,22.67188798403315,1.799601748450459,0.00023607881008493693,0.0010416500000001246
45.144,0.13874160336249025,22.711811906743677,1.8025110850154589,0.00023607881008493687,0.0010416840000001247
45.178,0.13898536032356448,22.734869523858737,1.805422829914563,0.00023607881008493687,0.0010417180000001248
45.212,0.13906371625669486,22.739802374013614,1.8083369832263796,0.00023607881008494883,0.0010417520000001249
45.246,0.13918558782059423,22.7497510046893,1.8112535450295157,0.00023607881008493888,0.001041786000000125
45.28,0.13933080738979325,22.76260157764757,1.8141725154025798,0.0002360788100849372,0.001041820000000125
45.314,0.13942954787398323,22.77022947996884,1.81709389442418,0.00023607881008493693,0.0010418540000001252
45.348,0.1395287164820704,22.778076904600425,1.820017682172924,0.00023607881008493687,0.0010418880000001253
45.382,0.1396422749383048,22.787888718419936,1.82294387872742,0.00023607881008493687,0.0010419220000001254
45.416,0.13975888065695757,22.79831273175008,1.825872484166276,0.00023607881008493687,0.0010419560000001255
45.45,0.13981827236127925,22.801586146166766,1.8288034985681005,0.00023607881008494883,0.0010419900000001256
45.484,0.13986971035276596,22.803886536936485,1.8317369220115005,0.00023607881008493888,0.0010420240000001257
45.518,0.13997362891598616,22.813462937627836,1.8346727545750845,0.0002360788100849372,0.0010420580000001258
45.552,0.14002314957051593,22.81563765232054,1.8376109963374605,0.00023607881008493693,0.0010420920000001259
45.586,0.1401098375286444,22.823373134056364,1.8405516473772365,0.00023607881008493687,0.001042126000000126
45.62,0.14022317819258326,22.835532318864697,1.8434947077730206,0.00023607881008493687,0.001042160000000126
45.654,0.14032878542502963,22.84706838415398,1.8464401776034212,0.00023607881008494883,0.0010421940000001262
45.688,0.14038083292696055,22.850107916939027,1.8493880569470451,0.00023607881008493888,0.0010422280000001263
45.722,0.1404784801389511,22.86167139396844,1.8523383458825011,0.0002360788100849372,0.0010422620000001264
45.756,0.1405085509028745,22.86084131170032,1.8552910444883972,0.00023607881008493693,0.0010422960000001265
45.79,0.14055962017849044,22.86445504642004,1.8582461528433412,0.00023607881008493687,0.0010423300000001266
45.824,0.14065607693610585,22.8793231321778,1.8612036710259412,0.00023607881008493687,0.0010423640000001267
45.858,0.14075096142237972,22.895697587674547,1.8641635991148053,0.00023607881008493687,0.0010423980000001268
45.892,0.14082086795317883,22.90685389154269,1.867125937188542,0.00023607881008494883,0.0010424320000001269
45.926,0.14090345019923908,22.925007084167337,1.870090685325758,0.00023607881008493888,0.001042466000000127
45.96,0.1409636025907967,22.937200102299688,1.873057843605062,0.0002360788100849372,0.001042500000000127
45.994,0.14098353755619045,22.92800314894906,1.8760274121050622,0.00023607881008493693,0.0010425340000001272
46.028,0.14101939192568672,22.929353819249535,1.8789993909043663,0.00023607881008493687,0.0010425680000001273
46.062,0.14105377131822353,22.92923984216082,1.8819737800815823,0.00023607881008493687,0.0010426020000001274
46.096,0.14108730766220065,22.915058522009467,1.8849505797153183,0.00023607881008493687,0.0010426360000001275
46.13,0.14112656558187736,22.903270817787487,1.8879297898841831,0.00023607881008494883,0.0010426700000001276
46.164,0.14116370923730398,22.900244175638832,1.890911410666783,0.00023607881008493888,0.0010427040000001277
46.198,0.1412074332812595,22.893363684180624,1.893895442141727,0.0002360788100849372,0.0010427380000001278
46.232,0.14124650565569985,22.890822521576894,1.896881884387623,0.00023607881008493693,0.001042772000000128
46.266,0.1413169570879645,22.87472749994167,1.899870737483079,0.00023607881008493687,0.001042806000000128
46.3,0.14138409083883557,22.862555907502372,1.902862001506703,0.00023607881008493687,0.0010428400000001281
46.334,0.14147309076428896,22.84517954170766,1.9058556765371037,0.00023607881008494883,0.0010428740000001282
46.368,0.14158978794257557,22.822360268319564,1.9088517626528878,0.00023607881008493888,0.0010429080000001283
46.402,0.14170429871269527,22.802690344967036,1.9118502599326639,0.0002360788100849372,0.0010429420000001284
46.436,0.14182453456396088,22.7838485556565,1.9148511684550398,0.00023607881008493693,0.0010429760000001285
46.47,0.14194820010909778,22.766145196097035,1.9178544882986237,0.00023607881008493687,0.0010430100000001286
46.504,0.1420773273202553,22.74894620894,1.9208602195420237,0.00023607881008493687,0.0010430440000001287
46.538,0.14222938343502117,22.72929342334348,1.9238683622638477,0.00023607881008493687,0.0010430780000001288
46.572,0.142417291061593,22.705548650966882,1.9268789165427043,0.00023607881008494883,0.001043112000000129
46.606,0.14241507184921098,22.7108955384829,1.9298918824572002,0.00023607881008493888,0.001043146000000129
46.64,0.14249768972161217,22.70437386491359,1.932907260085944,0.0002360788100849372,0.0010431800000001291
46.674,0.14256655308699445,22.699976507763452,1.935925049507544,0.00023607881008493693,0.0010432140000001292
46.708,0.1424908449251006,22.71350805356834,1.938945250800608,0.00023607881008493687,0.0010432480000001293
46.742,0.1422978318305023,22.74021237614646,1.941967864043744,0.00023607881008493687,0.0010432820000001294
46.776,0.1417553324041956,22.805340891765617,1.9449928893155608,0.00023607881008494883,0.0010433160000001295
46.81,0.1413948171679017,22.84868279876207,1.9480203266946647,0.00023607881008493888,0.0010433500000001296
46.844,0.1412606019733192,22.866734923099763,1.9510501762596648,0.0002360788100849372,0.0010433840000001297
46.878,0.14127514474485436,22.868849298269467,1.9540824380891688,0.00023607881008493693,0.0010434180000001298
46.912,0.14126874517082127,22.8730810144107,1.9571171122617848,0.00023607881008493687,0.00104345200000013
46.946,0.14122841543717266,22.88072318971771,1.9601541988561209,0.00023607881008493687,0.00104348600000013
46.98,0.1412104045824242,22.886067211899704,1.963193697950785,0.00023607881008493687,0.0010435200000001301
47.014,0.1411676464613576,22.893926617768972,1.9662356096243856,0.00023607881008494883,0.0010435540000001302
47.048,0.1411343367615083,22.90089312819275,1.9692799339555296,0.00023607881008493888,0.0010435880000001303
47.082,0.1410997255150577,22.908103488440148,1.9723266710228256,0.0002360788100849372,0.0010436220000001304
47.116,0.1410979825760209,22.91197240648561,1.9753758209048817,0.00023607881008493693,0.0010436560000001305
47.15,0.1410323512790283,22.922894511793633,1.978427383680306,0.00023607881008493687,0.0010436900000001307
47.184,0.1410432954030534,22.925564745301955,1.981481359427706,0.00023607881008493687,0.0010437240000001308
47.218,0.1411340176359272,22.919074167883903,1.9845377482256907,0.00023607881008494883,0.0010437580000001309
47.252,0.14113744407216547,22.92285021647509,1.9875965501528667,0.00023607881008493888,0.001043792000000131
47.286,0.14113501107121534,22.927536441615143,1.9906577652878428,0.0002360788100849372,0.001043826000000131
47.32,0.14109767327386277,22.93709888447659,1.9937213937092269,0.00023607881008493693,0.0010438600000001312
47.354,0.14106701066183366,22.9462994147565,1.9967874354956268,0.00023607881008493687,0.0010438940000001313
47.388,0.14100247751219303,22.961223856477837,1.9998558907256507,0.00023607881008493687,0.0010439280000001314
47.422,0.1409839053444831,22.969878986276377,2.0029267594779068,0.00023607881008493687,0.0010439620000001315
47.456,0.14092231056168922,22.98687269755577,2.0060000418310038,0.00023607881008494883,0.0010439960000001316
47.49,0.14091771680227136,22.994453484372084,2.0090757378635478,0.00023607881008493888,0.0010440300000001317
47.524,0.1408967213056515,23.006310642213943,2.012153847654148,0.0002360788100849372,0.0010440640000001318
47.558,0.14086238075622337,23.022646698162827,2.0152343712814123,0.00023607881008493693,0.0010440980000001319
47.592,0.14085337427756062,23.03433245562279,2.0183173088239488,0.00023607881008493687,0.001044132000000132
47.626,0.14085367133535945,23.044943025142818,2.021402660360365,0.00023607881008493687,0.001044166000000132
47.66,0.14084526761663924,23.060454278376376,2.0244904259692698,0.00023607881008493687,0.0010442000000001322
47.694,0.1408300668123764,23.082074712005383,2.0275806057292707,0.00023607881008494883,0.0010442340000001323
47.728,0.1408220977528949,23.10516163222411,2.030673199718975,0.00023607881008493888,0.0010442680000001324
47.762,0.14083569143598793,23.120461028794047,2.033768208016991,0.0002360788100849372,0.0010443020000001325
47.796,0.14086661624814897,23.124496850015763,2.0368656307019273,0.00023607881008493693,0.0010443360000001326
47.83,0.14089688006202586,23.135334403561966,2.0399654678523915,0.00023607881008493687,0.0010443700000001327
47.864,0.14093235678192406,23.143423225229704,2.0430677195469915,0.00023607881008493687,0.0010444040000001328
47.898,0.1409702023364166,23.148729845732387,2.0461723858643364,0.00023607881008494883,0.0010444380000001329
47.932,0.1410153709535524,23.15804141647891,2.0492794668830325,0.00023607881008493888,0.001044472000000133
47.966,0.14107718406096087,23.174542523280174,2.0523889626816887,0.0002360788100849372,0.001044506000000133
48.0,0.14112457436742729,23.18055766975264,2.0555008733389126,0.00023607881008493693,0.0010445400000001332
48.034,0.14114001233183665,23.173456122615413,2.0586151989333126,0.00023607881008493687,0.0010445740000001333
48.068,0.14113645566700417,23.161428357932472,2.0617319395434968,0.00023607881008493687,0.0010446080000001334
48.102,0.14116411191238262,23.15958785366117,2.064851095248073,0.00023607881008493687,0.0010446420000001335
48.136,0.14114975281150385,23.147662503090864,2.06797266612565,0.00023607881008494883,0.0010446760000001336
48.17,0.1411341390297474,23.136618840913076,2.071096652254834,0.00023607881008493888,0.0010447100000001337
48.204,0.1411465463187915,23.132200207316163,2.0742230537142343,0.0002360788100849372,0.0010447440000001338
48.238,0.14109201079736514,23.115746650243413,2.0773518705824587,0.00023607881008493693,0.001044778000000134
48.272,0.14105621397229484,23.10373327592664,2.080483102938115,0.00023607881008493687,0.001044812000000134
48.306,0.14098770336036476,23.087364036055657,2.0836167508598114,0.00023607881008493687,0.001044846000000134
48.34,0.1409565560069125,23.07763557725331,2.0867528144261565,0.00023607881008494883,0.0010448800000001342
48.374,0.14087268119343274,23.0611876814112,2.0898912937157568,0.00023607881008493888,0.0010449140000001343
48.408,0.140806590443792,23.048010419682836,2.0930321888072214,0.0002360788100849372,0.0010449480000001344
48.442,0.14073241537075576,23.034586647079966,2.0961754997791577,0.00023607881008493693,0.0010449820000001345
48.476,0.14077557398894647,23.035641458635617,2.099321226710174,0.00023607881008493687,0.0010450160000001346
48.51,0.1408344898685033,23.038400896241715,2.1024693696788783,0.00023607881008493687,0.0010450500000001347
48.544,0.14089742417966641,23.041461181763246,2.1056199287638786,0.00023607881008493687,0.0010450840000001348
48.578,0.14115745164609345,23.064402547756895,2.1087729040437835,0.00023607881008494883,0.001045118000000135
48.612,0.14114400269943578,23.059759781005365,2.1119282955972,0.00023607881008493888,0.001045152000000135
48.646,0.1411975485298934,23.061598507528892,2.115086103502736,0.0002360788100849372,0.0010451860000001351
48.68,0.1412676021468627,23.06490765928359,2.118246327839,0.00023607881008493693,0.0010452200000001352
48.714,0.14131157260973334,23.065800088810754,2.1214089686846003,0.00023607881008493687,0.0010452540000001353
48.748,0.14126847903032588,23.05896144189346,2.1245740261181445,0.00023607881008493687,0.0010452880000001354
48.782,0.14126906179629448,23.056031930805112,2.1277415002182405,0.00023607881008493687,0.0010453220000001355
48.816,0.1412269393304856,23.049420061166252,2.1309113910634974,0.00023607881008494883,0.0010453560000001356
48.85,0.14117316952360653,23.041842220367766,2.1340836987325216,0.00023607881008493888,0.0010453900000001357
48.884,0.14116859129952233,23.03851745082819,2.137258423303922,0.0002360788100849372,0.0010454240000001358
48.918,0.14119096329059563,23.037510424452375,2.140435564856306,0.00023607881008493693,0.001045458000000136
48.952,0.14128946435307627,23.04309689144457,2.143615123468282,0.00023607881008493687,0.001045492000000136
48.986,0.14139709875846146,23.049521074418074,2.146797099218458,0.00023607881008493687,0.0010455260000001361
49.02,0.14159990448232213,23.064397568675453,2.149981492185443,0.00023607881008494883,0.0010455600000001362
49.054,0.14179721675668408,23.078959137538067,2.153168302447843,0.00023607881008493888,0.0010455940000001363
49.088,0.1420116961420232,23.095313100227962,2.1563575300842674,0.0002360788100849372,0.0010456280000001364
49.122,0.14208727700717763,23.09914930939739,2.1595491751733236,0.00023607881008493693,0.0010456620000001365
49.156,0.14217088884046936,23.103841805907116,2.1627432377936198,0.00023607881008493687,0.0010456960000001366
49.19,0.1422266118573793,23.105949647038532,2.1659397180237643,0.00023607881008493687,0.0010457300000001367
49.224,0.14228189309788528,23.108078011893756,2.1691386159423645,0.00023607881008493687,0.0010457640000001369
49.258,0.14224933730580042,23.101144436405846,2.1723399316280294,0.00023607881008494883,0.001045798000000137
49.292,0.14233006092544578,23.10617473771059,2.1755436651593656,0.00023607881008493888,0.001045832000000137
49.326,0.14249197517650575,23.120532119607564,2.1787498166149817,0.0002360788100849372,0.0010458660000001372
49.36,0.14259861340569982,23.129044050711318,2.181958386073486,0.00023607881008493693,0.0010459000000001373
49.394,0.14259722842688938,23.124660368921255,2.185169373613486,0.00023607881008493687,0.0010459340000001374
49.428,0.14267885005380337,23.130855298627328,2.1883827793135904,0.00023607881008493687,0.0010459680000001375
49.462,0.14275871685587568,23.13719646017421,2.191598603252407,0.00023607881008494883,0.0010460020000001376
49.496,0.14295498623718272,23.16129661039194,2.194816845508543,0.00023607881008493888,0.0010460360000001377
49.53,0.14308672973229744,23.176910567813827,2.1980375061606074,0.0002360788100849372,0.0010460700000001378
49.564,0.14316699869820093,23.184942477292587,2.201260585287208,0.00023607881008493693,0.0010461040000001379
49.598,0.14320764705846625,23.18616966803307,2.2044860829669526,0.00023607881008493687,0.001046138000000138
49.632,0.14334485052546875,23.20850539591446,2.207713999278449,0.00023607881008493687,0.001046172000000138
49.666,0.14347640070231577,23.232867991257805,2.2109443343003052,0.00023607881008493687,0.0010462060000001382
49.7,0.14355402325281535,23.245872303127644,2.21417708811113,0.00023607881008494883,0.0010462400000001383
49.734,0.14362387124665718,23.259273447086205,2.2174122607895304,0.00023607881008493888,0.0010462740000001384
49.768,0.1436873630195038,23.274204068451287,2.2206498524141147,0.0002360788100849372,0.0010463080000001385
49.802,0.14371429328263127,23.268277635315457,2.223889863063491,0.00023607881008493693,0.0010463420000001386
49.836,0.14373913421349976,23.252251242072806,2.227132292816268,0.00023607881008493687,0.0010463760000001387
49.87,0.143774415401193,23.229495365206542,2.230377141751052,0.00023607881008493687,0.0010464100000001388
49.904,0.14382261427819693,23.20876848811911,2.233624409946453,0.00023607881008494883,0.0010464440000001389
49.938,0.14388369416080168,23.1878602095904,2.2368740974810772,0.00023607881008493888,0.001046478000000139
49.972,0.1439618431412056,23.164675053515005,2.2401262044335333,0.0002360788100849372,0.001046512000000139
50.006,0.14404554552043114,23.144780280198425,2.2433807308824294,0.00023607881008493693,0.0010465460000001392
50.04,0.14412743299766204,23.12936620372313,2.246637676906374,0.00023607881008493687,0.0010465800000001393
50.074,0.14427232139165633,23.099178628673393,2.2498970425839744,0.00023607881008493687,0.0010466140000001394
50.108,0.14450397989673155,23.052603158248814,2.253158827993839,0.00023607881008493687,0.0010466480000001395
50.142,0.14459391464804638,23.04104674355097,2.256423033214576,0.00023607881008494883,0.0010466820000001396
50.176,0.14460879727868042,23.0447336336977,2.2596896583247923,0.00023607881008493888,0.0010467160000001397
50.21,0.14474904712551848,23.026871626081622,2.2629587034030965,0.0002360788100849372,0.0010467500000001398
50.244,0.14496071720957676,22.999450305528903,2.2662301685280966,0.00023607881008493693,0.00104678400000014
50.278,0.1451703056040816,22.974473958155375,2.269504053778401,0.00023607881008493687,0.00104681800000014
50.312,0.14527903615805093,22.96463420809814,2.272780359232617,0.00023607881008493687,0.00104685200000014
50.346,0.14521313639546907,22.97717198345354,2.276059084969353,0.00023607881008493687,0.0010468860000001402
50.38,0.14500460133622675,23.005812804510875,2.2793402310672177,0.00023607881008494883,0.0010469200000001403
50.414,0.14459364053274476,23.055781119407108,2.282623797604818,0.00023607881008493888,0.0010469540000001404
50.448,0.14453015609994554,23.066311133769354,2.285909784660762,0.0002360788100849372,0.0010469880000001405
50.482,0.1443527328480923,23.08814417224994,2.289198192313658,0.00023607881008493693,0.0010470220000001406
50.516,0.14436355181870397,23.09052212674215,2.2924890206421145,0.00023607881008493687,0.0010470560000001407
50.55,0.1444701905365168,23.083618741956734,2.2957822697247385,0.00023607881008493687,0.0010470900000001408
50.584,0.14455129682338555,23.079283028109167,2.2990779396401395,0.00023607881008494883,0.001047124000000141
50.618,0.14465015647071244,23.073413565121072,2.3023760304669234,0.00023607881008493888,0.001047158000000141
50.652,0.14469123025019096,23.072847666253452,2.3056765422836993,0.0002360788100849372,0.0010471920000001411
50.686,0.1448061220704663,23.06566439488631,2.3089794751690755,0.00023607881008493693,0.0010472260000001412
50.72,0.144854628554166,23.0644398483882,2.31228482920166,0.00023607881008493687,0.0010472600000001413
50.754,0.14487650315286926,23.065600831502987,2.31559260446006,0.00023607881008493687,0.0010472940000001414
50.788,0.1448319826692074,23.072784195448456,2.318902801022884,0.00023607881008493687,0.0010473280000001415
50.822,0.14485190735820308,23.074148895971454,2.322215418968741,0.00023607881008494883,0.0010473620000001416
50.856,0.14488277452458498,23.074515720578066,2.3255304583762375,0.00023607881008493888,0.0010473960000001417
50.89,0.14486114111320159,23.079875116289298,2.328847919323982,0.0002360788100849372,0.0010474300000001418
50.924,0.14480756463541836,23.088457020253387,2.3321678018905825,0.00023607881008493693,0.001047464000000142
50.958,0.1447823664988279,23.094439691320016,2.335490106154647,0.00023607881008493687,0.001047498000000142
50.992,0.14475736483233165,23.10058855316709,2.338814832194783,0.00023607881008493687,0.0010475320000001421
51.026,0.1447560591106716,23.104428074064298,2.3421419800896,0.00023607881008494883,0.0010475660000001422
51.06,0.1447528347387533,23.108624738938783,2.345471549917704,0.00023607881008493888,0.0010476000000001423
51.094,0.1447477258312689,23.113219726891163,2.3488035417577042,0.0002360788100849372,0.0010476340000001424
51.128,0.14463676895174565,23.13089723961849,2.3521379556882085,0.00023607881008493693,0.0010476680000001425
51.162,0.14456065497112058,23.145103885476814,2.355474791787825,0.00023607881008493687,0.0010477020000001426
51.196,0.14451607252281096,23.155941653025135,2.3588140501351615,0.00023607881008493687,0.0010477360000001427
51.23,0.14452450091531502,23.159796764890018,2.362155730808826,0.00023607881008493687,0.0010477700000001428
51.264,0.14449968951025344,23.169253537563588,2.365499833887427,0.00023607881008494883,0.001047804000000143
51.298,0.14446358758279182,23.181590393353172,2.3688463594495714,0.00023607881008493888,0.001047838000000143
51.332,0.14446300571971174,23.188416927718073,2.3721953075738678,0.0002360788100849372,0.0010478720000001432
51.366,0.1444120948411902,23.20733719364977,2.375546678338924,0.00023607881008493693,0.0010479060000001433
51.4,0.14441342645501068,23.215977210549806,2.3789004718233486,0.00023607881008493687,0.0010479400000001434
51.434,0.1443890262761401,23.234683099944995,2.382256688105749,0.00023607881008493687,0.0010479740000001435
51.468,0.14437428326127472,23.255112940813007,2.385615327264734,0.00023607881008494883,0.0010480080000001436
51.502,0.14438730805088854,23.268273459604387,2.3889763893789104,0.00023607881008493888,0.0010480420000001437
51.536,0.1444193818031925,23.27117927507906,2.392339874526887,0.0002360788100849372,0.0010480760000001438
51.57,0.1444538096291623,23.289592997687453,2.3957057827872714,0.00023607881008493693,0.0010481100000001439
51.604,0.14450556014060637,23.310038940012156,2.3990741142386716,0.00023607881008493687,0.001048144000000144
51.638,0.14454934987677576,23.31551765849405,2.402444868959696,0.00023607881008493687,0.001048178000000144
51.672,0.14456079724748588,23.306619683245188,2.405818047028952,0.00023607881008493687,0.0010482120000001442
51.706,0.1445555982921487,23.295129016335373,2.409193648525049,0.00023607881008494883,0.0010482460000001443
51.74,0.14447945377936822,23.26942193238471,2.4125716735265934,0.00023607881008493888,0.0010482800000001444
51.774,0.14442996686266482,23.25314333439851,2.415952122112194,0.0002360788100849372,0.0010483140000001445
51.808,0.1443591272019404,23.23561167801135,2.4193349943604585,0.00023607881008493693,0.0010483480000001446
51.842,0.14427737654008888,23.218594908589175,2.4227202903499947,0.00023607881008493687,0.0010483820000001447
51.876,0.14420371279364055,23.20441361120272,2.426108010159411,0.00023607881008493687,0.0010484160000001448
51.91,0.1440693762199805,23.184217626702843,2.429498153867315,0.00023607881008493687,0.0010484500000001449
51.944,0.14394513838777703,23.16669717414436,2.432890721552316,0.00023607881008494883,0.001048484000000145
51.978,0.143921945757674,23.16079012932631,2.4362857132930205,0.00023607881008493888,0.001048518000000145
52.012,0.1438652420384652,23.152006590638045,2.4396831291680368,0.0002360788100849372,0.0010485520000001452
52.046,0.14384399316744606,23.146956203615407,2.443082969255973,0.00023607881008493693,0.0010485860000001453
52.08,0.14392999894668113,23.15145334454568,2.446485233635437,0.00023607881008493687,0.0010486200000001454
52.114,0.14398050701307297,23.152811138051167,2.449889922385037,0.00023607881008493687,0.0010486540000001455
52.148,0.1439704596687547,23.14934272332073,2.453297035583382,0.00023607881008494883,0.0010486880000001456
52.182,0.143880944754354,23.139992618868195,2.456706573309078,0.00023607881008493888,0.0010487220000001457
52.216,0.14365525799640794,23.12102295539656,2.460118535640734,0.0002360788100849372,0.0010487560000001458
52.25,0.14360096179055323,23.11477889242504,2.4635329226569582,0.00023607881008493693,0.001048790000000146
52.284,0.14365864041503018,23.11640956907461,2.4669497344363585,0.00023607881008493687,0.001048824000000146
52.318,0.143719674187401,23.118221144185515,2.4703689710575425,0.00023607881008493687,0.001048858000000146
52.352,0.14374472186822915,23.11764545418976,2.4737906325991186,0.00023607881008493687,0.0010488920000001462
52.386,0.14369134780412698,23.112064908256734,2.477214719139696,0.00023607881008494883,0.0010489260000001463
52.42,0.1435310420644904,23.099818689049783,2.4806412307578802,0.00023607881008493888,0.0010489600000001464
52.454,0.14352068608088708,23.097053870141355,2.4840701675322805,0.0002360788100849372,0.0010489940000001465
52.488,0.14360674278068455,23.100300910466302,2.487501529541505,0.00023607881008493693,0.0010490280000001466
52.522,0.14377289386369443,23.10850016308209,2.490935316864161,0.00023607881008493687,0.0010490620000001467
52.556,0.1439458334011623,23.117106593272965,2.4943715295788573,0.00023607881008493687,0.0010490960000001468
52.59,0.14396873288071335,23.116427994685775,2.497810167764202,0.00023607881008494883,0.001049130000000147
52.624,0.14406831090961636,23.120505919303305,2.5012512314988022,0.00023607881008493888,0.001049164000000147
52.658,0.14413824782516774,23.12274819997725,2.5046947208612664,0.0002360788100849372,0.0010491980000001471
52.692,0.14425354317231334,23.127818616817237,2.5081406359302028,0.00023607881008493693,0.0010492320000001472
52.726,0.14432379536790593,23.130092821034598,2.511588976784219,0.00023607881008493687,0.0010492660000001473
52.76,0.1443388187262038,23.128909393954743,2.5150397435019234,0.00023607881008493687,0.0010493000000001474
52.794,0.1443269073817816,23.12601223622178,2.5184929361619237,0.00023607881008493687,0.0010493340000001475
52.828,0.14439691863830725,23.12832001870357,2.5219485548428286,0.00023607881008494883,0.0010493680000001476
52.862,0.14453197749018182,23.134863493708583,2.5254065996232447,0.00023607881008493888,0.0010494020000001477
52.896,0.1445819556146377,23.135919248752003,2.528867070581781,0.0002360788100849372,0.0010494360000001478
52.93,0.14469907010459457,23.141484377271386,2.532329967797045,0.00023607881008493693,0.001049470000000148
52.964,0.1449523371021486,23.1564428928393,2.535795291347645,0.00023607881008493687,0.001049504000000148
52.998,0.14516869765014848,23.169166280267838,2.539263041312189,0.00023607881008493687,0.0010495380000001481
53.032,0.14523698015583442,23.171624407936097,2.542733217769285,0.00023607881008493687,0.0010495720000001482
53.066,0.14542654708138728,23.183092230029743,2.546205820797542,0.00023607881008494883,0.0010496060000001483
53.1,0.14558158650326045,23.192310377506555,2.549680850475566,0.00023607881008493888,0.0010496400000001484
53.134,0.14585594699129417,23.211289978597875,2.553158306881966,0.0002360788100849372,0.0010496740000001485
53.168,0.14609169881657252,23.227859181379888,2.55663819009535,0.00023607881008493693,0.0010497080000001486
53.202,0.14631117232609808,23.24379822578426,2.5601205001943264,0.00023607881008493687,0.0010497420000001487
53.236,0.14644236494053475,23.252577227035744,2.5636052372575024,0.00023607881008493687,0.0010497760000001488
53.27,0.14659718896596116,23.264104076164774,2.5670924013634875,0.00023607881008494883,0.001049810000000149
53.304,0.1467355884439387,23.274643771053555,2.570581992590888,0.00023607881008493888,0.001049844000000149
53.338,0.1469057519113204,23.289240136875414,2.5740740110183125,0.0002360788100849372,0.0010498780000001492
53.372,0.14704861252614895,23.30168414140664,2.577568456724369,0.00023607881008493693,0.0010499120000001493
53.406,0.14710551271909977,23.304468921815005,2.5810653297876653,0.00023607881008493687,0.0010499460000001494
53.44,0.14718561124406448,23.310523931512233,2.5845646302868097,0.00023607881008493687,0.0010499800000001495
53.474,0.14733097252823407,23.32641443627422,2.5880663583004098,0.00023607881008493687,0.0010500140000001496
53.508,0.1474656373949741,23.34203131391578,2.5915705139070746,0.00023607881008494883,0.0010500480000001497
53.542,0.14757184462808223,23.354312227000587,2.5950770971854107,0.00023607881008493888,0.0010500820000001498
53.576,0.1476448238949446,23.361629044544753,2.598586108214027,0.0002360788100849372,0.0010501160000001499
53.61,0.1477256988545308,23.371492240833465,2.6020975470715317,0.00023607881008493693,0.00105015000000015
53.644,0.14779916445014238,23.380942914134035,2.6056114138365323,0.00023607881008493687,0.00105018400000015
53.678,0.14791373985849815,23.403675047357577,2.6091277085876365,0.00023607881008493687,0.0010502180000001502
53.712,0.14797463525136373,23.412837509592595,2.6126464314034537,0.00023607881008494883,0.0010502520000001503
53.746,0.1480453229805366,23.429000364838743,2.61616758236259,0.00023607881008493888,0.0010502860000001504
53.78,0.14809001863833055,23.43562779490362,2.6196911615436544,0.0002360788100849372,0.0010503200000001505
53.814,0.14812147240213996,23.432223043918846,2.6232171690252546,0.00023607881008493693,0.0010503540000001506
53.848,0.14815282224865903,23.414713364488392,2.6267456048859987,0.00023607881008493687,0.0010503880000001507
53.882,0.1481974947954619,23.394339415204737,2.630276469204495,0.00023607881008493687,0.0010504220000001508
53.916,0.14824969834809926,23.37942785912939,2.6338097620593515,0.00023607881008493687,0.0010504560000001509
53.95,0.14829892000619466,23.371628905792694,2.6373454835291765,0.00023607881008494883,0.001050490000000151
53.984,0.14839666000583046,23.34713700007788,2.6408836336925767,0.00023607881008493888,0.001050524000000151
54.018,0.14847009174773726,23.335255443169167,2.644424212628161,0.0002360788100849372,0.0010505580000001512
54.052,0.14856023355703715,23.32122074869658,2.6479672204145377,0.00023607881008493693,0.0010505920000001513
54.086,0.14862688060266618,23.314283689734488,2.651512657130314,0.00023607881008493687,0.0010506260000001514
54.12,0.14878547880368176,23.290657060014492,2.6550605228540984,0.00023607881008493687,0.0010506600000001515
54.154,0.148902709298,23.276605761188097,2.658610817664499,0.00023607881008494883,0.0010506940000001516
54.188,0.1490297016450457,23.262353613286745,2.6621635416401235,0.00023607881008493888,0.0010507280000001517
54.222,0.1491579189881715,23.249037155626073,2.6657186948595797,0.0002360788100849372,0.0010507620000001518
54.256,0.14925577889863353,23.240663872148286,2.669276277401476,0.00023607881008493693,0.001050796000000152
54.29,0.14932080544497583,23.236896711869456,2.67283628934442,0.00023607881008493687,0.001050830000000152
54.324,0.1495074029055658,23.21907088674202,2.6763987307670205,0.00023607881008493687,0.001050864000000152
54.358,0.1497185076193772,23.199440475640085,2.6799636017478847,0.00023607881008493687,0.0010508980000001522
54.392,0.1497803601046393,23.196558455037465,2.6835309023656215,0.00023607881008494883,0.0010509320000001523
54.426,0.14982480801410536,23.195568804556128,2.6871006326988383,0.00023607881008493888,0.0010509660000001524
54.46,0.14990800265600757,23.190787998716534,2.6906727928261427,0.0002360788100849372,0.0010510000000001525
54.494,0.1500438657038578,23.18112089975239,2.694247382826143,0.00023607881008493693,0.0010510340000001526
54.528,0.15016315296390045,23.173258235387305,2.6978244027774476,0.00023607881008493687,0.0010510680000001527
54.562,0.15021166086521112,23.172008761762562,2.701403852758664,0.00023607881008493687,0.0010511020000001528
54.596000000000004,0.1502671044000406,23.170153988210917,2.7049857328484013,0.00023607881008494883,0.001051136000000153
54.63,0.15031108895599563,23.16933808263446,2.7085700431252655,0.00023607881008493888,0.001051170000000153
54.664,0.1504130482902731,23.163416030049046,2.712156783667866,0.0002360788100849372,0.0010512040000001531
54.698,0.15061272151909766,23.148948817500376,2.7157459545548104,0.00023607881008493693,0.0010512380000001532
54.732,0.15071254545830426,23.143254561593878,2.7193375558647066,0.00023607881008493687,0.0010512720000001533
54.766,0.15091183777560796,23.128895203435967,2.722931587676163,0.00023607881008493687,0.0010513060000001534
54.8,0.15109521274169582,23.115886504700487,2.7265280500677873,0.00023607881008493687,0.0010513400000001535
54.834,0.15132488746256406,23.098702080956155,2.7301269431181887,0.00023607881008494883,0.0010513740000001536
54.868,0.1514851394188255,23.087492854916565,2.733728266905973,0.00023607881008493888,0.0010514080000001537
54.902,0.15155654538445354,23.084161976681347,2.7373320215097494,0.0002360788100849372,0.0010514420000001538
54.936,0.1516708645926411,23.076759468605985,2.740938207008126,0.00023607881008493693,0.001051476000000154
54.97,0.15172009647955792,23.07537926002515,2.7445468234797104,0.00023607881008493687,0.001051510000000154
55.004,0.1516935664866473,23.081426673003712,2.7481578710031105,0.00023607881008493687,0.0010515440000001541
55.038,0.15171042572530338,23.083245134391433,2.7517713496569347,0.00023607881008493687,0.0010515780000001542
55.072,0.1518704489026938,23.07016250099501,2.7553872595197917,0.00023607881008494883,0.0010516120000001543
55.106,0.15196371943484638,23.063876393604666,2.759005600670288,0.00023607881008493888,0.0010516460000001544
55.14,0.15199915996676897,23.063800677330075,2.7626263731870324,0.0002360788100849372,0.0010516800000001545
55.174,0.1519359180449908,23.07490155401434,2.766249577148633,0.00023607881008493693,0.0010517140000001546
55.208,0.15191735859274502,23.08110750788192,2.7698752126336976,0.00023607881008493687,0.0010517480000001547
55.242,0.15193932503413218,23.08263117953317,2.773503279720834,0.00023607881008493687,0.0010517820000001548
55.276,0.15193816783801192,23.087031059508917,2.777133778488651,0.00023607881008494883,0.001051816000000155
55.31,0.1519401656623318,23.0911799822196,2.7807667090157553,0.00023607881008493888,0.001051850000000155
55.344,0.152017731669685,23.085544556999118,2.7844020713807556,0.0002360788100849372,0.0010518840000001551
55.378,0.15202013391225197,23.089978089509568,2.78803986566226,0.00023607881008493693,0.0010519180000001553
55.412,0.15197050746429558,23.10210234664244,2.7916800919388765,0.00023607881008493687,0.0010519520000001554
55.446,0.15191289346985254,23.116119666864833,2.7953227502892126,0.00023607881008493687,0.0010519860000001555
55.48,0.1518548712948062,23.131086308221253,2.7989678407918768,0.00023607881008493687,0.0010520200000001556
55.514,0.15187161828742327,23.134189230306134,2.802615363525478,0.00023607881008494883,0.0010520540000001557
55.548,0.15180909451032368,23.152460718232344,2.8062653185686224,0.00023607881008493888,0.0010520880000001558
55.582,0.15179008790572823,23.16354879036838,2.8099177059999185,0.0002360788100849372,0.0010521220000001559
55.616,0.15173486000776898,23.184298814049814,2.8135725258979747,0.00023607881008493693,0.001052156000000156
55.65,0.15171732010158892,23.19795426718911,2.817229778341399,0.00023607881008493687,0.001052190000000156
55.684,0.1516910322671415,23.216397318780718,2.8208894634087995,0.00023607881008493687,0.0010522240000001562
55.718,0.15164931970152143,23.243751375575947,2.8245515811787847,0.00023607881008494883,0.0010522580000001563
55.752,0.15165093585640177,23.25824626093592,2.828216131729961,0.00023607881008493888,0.0010522920000001564
55.786,0.151664615867839,23.270151603461297,2.831883115140937,0.0002360788100849372,0.0010523260000001565
55.82,0.1516827180580712,23.2833442614428,2.8355525314903214,0.00023607881008493693,0.0010523600000001566
55.854,0.1517091470594995,23.29421182783561,2.839224380856722,0.00023607881008493687,0.0010523940000001567
55.888,0.15174074992608186,23.306202724178092,2.8428986633187465,0.00023607881008493687,0.0010524280000001568
55.922,0.15177746441154963,23.314929173461714,2.846575378955003,0.00023607881008493687,0.0010524620000001569
55.956,0.15182177076703765,23.327904953812425,2.8502545278441,0.00023607881008494883,0.001052496000000157
55.99,0.15187483508583646,23.34267295832895,2.853936110064644,0.00023607881008493888,0.001052530000000157
56.024,0.15194215666458277,23.361070878256236,2.8576201256952443,0.0002360788100849372,0.0010525640000001572
56.058,0.1519937896527244,23.368512907396735,2.861306574814509,0.00023607881008493693,0.0010525980000001573
56.092,0.15201677725512247,23.36449547185676,2.8649954575010455,0.00023607881008493687,0.0010526320000001574
56.126,0.15198873721847278,23.345678991434536,2.868686773833462,0.00023607881008493687,0.0010526660000001575
56.16,0.15198197401299202,23.334777745605802,2.8723805238903664,0.00023607881008493687,0.0010527000000001576
56.194,0.15195505447214525,23.32029078333018,2.8760767077503675,0.00023607881008494883,0.0010527340000001577
56.228,0.15190187294291524,23.30147000734977,2.879775325492072,0.00023607881008493888,0.0010527680000001578
56.262,0.1518809046907996,23.29057996988153,2.8834763771940883,0.0002360788100849372,0.001052802000000158
56.296,0.15182407240245518,23.273996564974286,2.887179862935025,0.00023607881008493693,0.001052836000000158
56.33,0.1518333063740982,23.269763475547773,2.8908857827934895,0.00023607881008493687,0.001052870000000158
56.364,0.15181089828379413,23.260818385232493,2.89459413684809,0.00023607881008493687,0.0010529040000001582
56.398,0.1516996139785468,23.239298383927544,2.898304925177435,0.00023607881008494883,0.0010529380000001583
56.432,0.15161586855306403,23.222889850246098,2.9020181478601317,0.00023607881008493888,0.0010529720000001584
56.466,0.15150896305390463,23.204357031800303,2.9057338049747883,0.0002360788100849372,0.0010530060000001585
56.5,0.15143308555001583,23.19065045916086,2.9094518966000127,0.00023607881008493693,0.0010530400000001586
56.534,0.15147011013989214,23.190991644094463,2.913172422814413,0.00023607881008493687,0.0010530740000001587
56.568,0.15153916601211884,23.19499154369078,2.9168953836965974,0.00023607881008493687,0.0010531080000001588
56.602,0.1514930449335018,23.186124032951852,2.9206207793251737,0.00023607881008493687,0.001053142000000159
56.636,0.15138549431385356,23.170919143272428,2.924348609778751,0.00023607881008494883,0.001053176000000159
56.67,0.15127813645376167,23.15616985131689,2.9280788751359355,0.00023607881008493888,0.0010532100000001591
56.704,0.15127633773007418,23.152519475121508,2.9318115754753356,0.0002360788100849372,0.0010532440000001592
56.738,0.1512321769495472,23.144721641527514,2.9355467108755597,0.00023607881008493693,0.0010532780000001593
56.772,0.15122098672886244,23.140277060187934,2.939284281415216,0.00023607881008493687,0.0010533120000001594
56.806,0.1511633521274241,23.131363501781088,2.943024287172912,0.00023607881008493687,0.0010533460000001595
56.84,0.1511804275741633,23.12971719546283,2.946766728227257,0.00023607881008494883,0.0010533800000001596
56.874,0.1512176832729945,23.130023103102406,2.9505116046568576,0.00023607881008493888,0.0010534140000001597
56.908,0.15133466563204434,23.138039670246965,2.954258916540322,0.0002360788100849372,0.0010534480000001598
56.942,0.15133411140893296,23.134676748765447,2.9580086639562584,0.00023607881008493693,0.00105348200000016
56.976,0.15130391789989017,23.12839627326845,2.9617608469832746,0.00023607881008493687,0.00105351600000016
57.01,0.1512879263059194,23.123457526220633,2.965515465699979,0.00023607881008493687,0.0010535500000001601
57.044,0.15131570878050485,23.12282594517138,2.9692725201849792,0.00023607881008493687,0.0010535840000001602
57.078,0.15140764415145389,23.128707395071185,2.9730320105168846,0.00023607881008494883,0.0010536180000001603
57.112,0.1516682413348411,23.152256097824882,2.976793936774301,0.00023607881008493888,0.0010536520000001604
57.146,0.1517685169331022,23.159310007394588,2.9805582990358372,0.0002360788100849372,0.0010536860000001605
57.18,0.15180194471761005,23.15923264156081,2.9843250973801014,0.00023607881008493693,0.0010537200000001606
57.214,0.15183376039083488,23.158970338626144,2.988094331885702,0.00023607881008493687,0.0010537540000001607
57.248,0.15183401683125566,23.15503793374819,2.9918660026312462,0.00023607881008493687,0.0010537880000001608
57.282,0.15184074563393044,23.151758286514546,2.9956401096953424,0.00023607881008493687,0.001053822000000161
57.316,0.15187228536352942,23.151434221465777,2.9994166531565996,0.00023607881008494883,0.001053856000000161
57.35,0.15191208374211201,23.152146264469273,3.003195633093624,0.00023607881008493888,0.0010538900000001611
