timestamp,gt_x,gt_y,slip_x,slip_y,fused_x,fused_y
6.758,-7.9999391605273,-3.655767329229018e-06,-8.00745088289321,-3.752543746530531e-07,-8.00653375281932,4.705859448978035e-06
6.792,-7.999939287030176,-3.6662838740918735e-06,-8.005609885608974,-3.758126155696202e-07,-8.005806616139916,6.181591398946923e-06
6.86,-7.999940068215686,-3.6866151161993308e-06,-8.005567066205494,-3.758210218515472e-07,-8.004808471864285,7.989566553016757e-06
6.894,-7.999940610561336,-3.696184530099662e-06,-8.006172995712857,-3.755950489845113e-07,-8.00499052578969,7.657570848894999e-06
6.962,-7.999941627374,-3.7159710717007134e-06,-8.004494739295337,-3.7631278280300676e-07,-8.00433819800763,8.859816411741435e-06
6.996,-7.999941987413912,-3.7255727567921933e-06,-8.004180764684875,-3.764597196946144e-07,-8.003787944417887,9.94578837348188e-06
7.03,-7.999942178160966,-3.7350597063300995e-06,-8.002859891919025,-3.7710422532762386e-07,-8.002964513559458,1.1703086537008875e-05
7.098,-7.999941963883246,-3.7539514801672947e-06,-8.003400502524368,-3.768326715841921e-07,-8.002445839250612,1.2741613766642986e-05
7.132,-7.999941630876912,-3.7628613614507693e-06,-8.002580905656801,-3.772449086317125e-07,-8.002159431333002,1.3361228907034039e-05
7.2,-7.999940731013188,-3.7811616714223055e-06,-8.0027905309354,-3.77139574613171e-07,-8.001994269324125,1.3762611469295516e-05
7.234,-7.999940274330606,-3.7901633798279438e-06,-8.002919086233701,-3.770791729974522e-07,-8.002002928786,1.3744066433238934e-05
7.302,-7.999939688171526,-3.8076788114288412e-06,-8.003619942306912,-3.7675780541670143e-07,-8.00263373595287,1.2259514999479792e-05
7.336,-7.999939606150296,-3.8161097810697485e-06,-8.001663544580145,-3.776374725676968e-07,-8.001900081278865,1.3979775910267893e-05
7.37,-7.999939671324479,-3.8248213305034945e-06,-8.00130014586538,-3.778037865433228e-07,-8.001097584415268,1.5865418168304574e-05
7.438,-7.99994017211857,-3.841464281365021e-06,-8.00174609593432,-3.7757259035082494e-07,-8.000493399863307,1.7472122488392077e-05
7.472,-7.999940526079551,-3.849503757610554e-06,-8.000937750911834,-3.779876781821224e-07,-8.00038750415096,1.775167862805051e-05
7.54,-7.9999412014784985,-3.865461637312261e-06,-7.999569904993988,-3.7873179962949066e-07,-7.999229734157674,2.1286526108724795e-05
7.574,-7.999941437039466,-3.8734231600250326e-06,-8.00242824168941,-3.7707018498477163e-07,-8.000087884788819,1.8639970132927858e-05
7.642,-7.999941543391678,-3.888945636010241e-06,-8.004142759739254,-3.7603550613902757e-07,-8.00253205709186,1.1516043818097533e-05
7.676,-7.9999414339354376,-3.896368171447935e-06,-8.003719005672352,-3.7629881507298247e-07,-8.002795055620782,1.0723886628144988e-05
7.744,-7.99994094029174,-3.911969152961478e-06,-8.002701555117975,-3.769302000014749e-07,-8.002134189862183,1.2740688222220302e-05
7.7780000000000005,-7.999940637553342,-3.919185444171464e-06,-8.002790166397284,-3.7687636338561547e-07,-8.00199138566041,1.3202526686554253e-05
7.812,-7.99994035273049,-3.9261727425977785e-06,-8.003105598473,-3.766894668317634e-07,-8.002078113278131,1.2926315553548855e-05
7.846,-7.999940133142036,-3.933530104833269e-06,-8.003377982738185,-3.7652886052328186e-07,-8.002282179532118,1.2252026870814966e-05
7.914,-7.999939926023622,-3.947787947870738e-06,-8.003663274277173,-3.763478417933806e-07,-8.002383688120526,1.1929837188891571e-05
7.982,-7.999940088787059,-3.961567068164774e-06,-8.003070345363179,-3.767171301128227e-07,-8.002545388946675,1.146011908539656e-05
8.016,-7.999940257355757,-3.968454654438712e-06,-8.003280225577258,-3.765840913153871e-07,-8.002373075580627,1.1945372163992317e-05
8.05,-7.999940481454946,-3.975189057449056e-06,-8.003772937772746,-3.762639405495349e-07,-8.002596410625568,1.1300440823493167e-05
8.118,-7.9999408829722665,-3.98814117234414e-06,-8.002759769232917,-3.769548003820236e-07,-8.002244833901718,1.2341675649371606e-05
8.152,-7.999941028236388,-3.994684409137258e-06,-8.002121170240786,-3.7741060119774095e-07,-8.001773073514833,1.367812441728845e-05
8.186,-7.999941087246417,-4.001046632557255e-06,-8.002901895822337,-3.7684209662450496e-07,-8.001784488142938,1.3664110092240303e-05
8.254,-7.999940988469089,-4.013521648698283e-06,-8.004682972642438,-3.7552375607304053e-07,-8.003048137761118,1.002440322029473e-05
8.288,-7.9999408453428895,-4.01960807257428e-06,-8.005375549118163,-3.750065226186245e-07,-8.003782851086683,7.766125057274677e-06
8.356,-7.999940477349805,-4.0320181642114465e-06,-8.004815929181333,-3.754263150794124e-07,-8.003934703154972,7.255005974518064e-06
8.39,-7.999940300551118,-4.037939604038891e-06,-8.004753992341168,-3.7547286878169387e-07,-8.003915437986809,7.3149728685695175e-06
8.458,-7.999940078808146,-4.049802678784541e-06,-8.004649972001923,-3.7555068498484276e-07,-8.003675381647888,8.127073259170787e-06
8.492,-7.999940070024275,-4.055579262942066e-06,-8.004733362968738,-3.754879715098557e-07,-8.003770775759369,7.785404184961117e-06
8.56,-7.999940192172513,-4.066999233694414e-06,-8.004743772834813,-3.7547251560624544e-07,-8.003672079343183,8.158248866211918e-06
8.594,-7.9999403053583364,-4.072510093454755e-06,-8.004366235312776,-3.7577153147456766e-07,-8.003635894495376,8.293783699372782e-06
8.662,-7.999940580349862,-4.083305884414749e-06,-8.004955985694846,-3.75291762052542e-07,-8.003821862381384,7.51937291329161e-06
8.696,-7.999940681027019,-4.088321785495431e-06,-8.005152197581307,-3.7512851868904724e-07,-8.004057644296584,6.480422210375334e-06
8.73,-7.999940755927399,-4.093947684374507e-06,-8.004633515674485,-3.7556990881599814e-07,-8.003977108203893,6.83255538142895e-06
8.798,-7.999940749918688,-4.1048502700416085e-06,-8.004519652337516,-3.7566605189074487e-07,-8.003838823255789,7.442365663058849e-06
8.832,-7.999940660114552,-4.110734024773273e-06,-8.004957106400047,-3.752979007869274e-07,-8.003905935577874,7.150482773069476e-06
8.9,-7.996486491852546,-4.138514774264962e-06,-8.00089252804153,-3.822659719606778e-07,-8.001858934952383,1.680002569112666e-05
8.934,-7.993022022869973,-4.167724875728972e-06,-7.996532904285547,-4.0291088418202085e-07,-7.998988044606569,3.080869587638183e-05
8.968,-7.9884026448371,-4.211721616651578e-06,-7.992854698967382,-4.2776921855979676e-07,-7.995517781610005,4.7488514142555004e-05
9.036,-7.9756978050996725,-4.345633690686421e-06,-7.980757413754137,-5.153608757491759e-07,-7.985693741394483,9.76755166037827e-05
9.07,-7.967612234492902,-4.43474913857632e-06,-7.9728464357849145,-5.666980650859771e-07,-7.979024635770354,0.00013235600843994889
9.138,-7.948176668980446,-4.654036962712336e-06,-7.953444015849296,-7.002588064342822e-07,-7.962069581644639,0.00022761276470820488
9.172,-7.937982212377483,-4.762969588393634e-06,-7.942766301526485,-7.866670273696996e-07,-7.9520895689344675,0.00028515591103259386
9.24,-7.917592086294952,-4.962914790566023e-06,-7.922928010368952,-9.588414865975703e-07,-7.931917630011315,0.00040816999590689986
9.274000000000001,-7.907396424944056,-5.063318657905111e-06,-7.913608776771771,-1.0461148268884866e-06,-7.922279801610048,0.00046786709839356045
9.342,-7.887003919077934,-5.28479025992407e-06,-7.89218471864943,-1.2756372649455606e-06,-7.901776195776931,0.000597547606431642
9.376,-7.876807078837419,-5.402995523610626e-06,-7.88113669317707,-1.4081795791554456e-06,-7.891075069929364,0.000665353581967604
9.41,-7.866609849686442,-5.522083868356502e-06,-7.87208384219971,-1.5210142788176371e-06,-7.880986954682387,0.0007303408305947329
9.478,-7.8462142310494,-5.762108312362664e-06,-7.851702224042566,-1.783742358693372e-06,-7.860960585804264,0.0008693262135804448
9.512,-7.836015845134953,-5.886936967111473e-06,-7.842457989785099,-1.908827976658969e-06,-7.851195814265586,0.0009365568378001716
9.58,-7.815617966227089,-6.154252272401729e-06,-7.822479556565815,-2.1986149061511023e-06,-7.8316074190123395,0.0010719835347559894
9.614,-7.80541846664815,-6.302812733641404e-06,-7.810526002328439,-2.3825818747912266e-06,-7.82080983875471,0.001149312379719833
9.682,-7.785018336015346,-6.598851883119039e-06,-7.7916003227011625,-2.684833076016328e-06,-7.800568994978039,0.0012960178946573185
9.716,-7.7748177107615275,-6.750931802981417e-06,-7.781019040604738,-2.8592518819441924e-06,-7.790428186038402,0.001368103443300148
9.784,-7.754415335482193,-7.071896786264134e-06,-7.760814316293555,-3.2054364552826816e-06,-7.769731328797791,0.001516804810752112
9.818,-7.744213593044813,-7.244156752902171e-06,-7.749828965900885,-3.401582130150974e-06,-7.759455877426692,0.0015879408309528384
9.852,-7.734011483160693,-7.425522096115976e-06,-7.740733503934626,-3.567445505345454e-06,-7.749536088753043,0.0016600393233996262
9.92,-7.713606174678258,-7.814836545532027e-06,-7.7202644126360385,-3.9499893496562994e-06,-7.729602700564766,0.0018111621284388907
9.954,-7.703402982693522,-8.021457702451462e-06,-7.709929936023752,-4.147599831598576e-06,-7.71934602833962,0.001888654712695524
10.022,-7.682995538091437,-8.454607509046604e-06,-7.688670914472849,-4.5641213968733504e-06,-7.6983475158752475,0.002054958049675048
10.056,-7.672791290864569,-8.680514646859368e-06,-7.678984852278022,-4.758242003474776e-06,-7.688157496483756,0.0021374022950603516
10.124,-7.652381758052976,-9.154963315298142e-06,-7.65756408025286,-5.1956276459804975e-06,-7.667511222729635,0.0023006715259607994
10.158,-7.642176476905945,-9.406827236172144e-06,-7.646768798850121,-5.4196361218466075e-06,-7.656707567028212,0.0023880355496643225
10.226,-7.6217585866447735,-9.937176206472883e-06,-7.636211102658356,-5.641044936330867e-06,-7.646006448174522,0.002477742067496919
10.26,-7.6115538329523185,-1.0193263541320813e-05,-7.615618353486595,-6.039061795454174e-06,-7.624930394023261,0.0026629941753357885
10.294,-7.601350383226391,-1.043321270351134e-05,-7.604947048708739,-6.21046547126549e-06,-7.614553349545089,0.002755489749886257
10.362,-7.58094708786851,-1.0908232199274463e-05,-7.586783797457589,-6.495276228999975e-06,-7.595251048299268,0.0029343937694234577
10.396,-7.570747242575658,-1.1160408247913788e-05,-7.57704566014842,-6.6657084257773305e-06,-7.585755763353752,0.003024962695819634
10.464,-7.5503511582236795,-1.1669363604416178e-05,-7.557646679291466,-7.017674872223912e-06,-7.566274634090772,0.0032069570263900168
10.498,-7.540154918448641,-1.1911475268292927e-05,-7.547659031908957,-7.189494822566646e-06,-7.556583009827101,0.0032985639836435464
10.566,-7.5197697455055845,-1.238751000398509e-05,-7.5277064390027935,-7.533296499552855e-06,-7.536973254367023,0.003480403933064934
10.6,-7.509579002506226,-1.2650980731111696e-05,-7.518309943963808,-7.724173187488142e-06,-7.527147559524741,0.0035698192584470044
10.634,-7.499384666696183,-1.2934295141605657e-05,-7.508273317916794,-7.961979749321526e-06,-7.517313086371455,0.0036589130079328815
10.702,-7.478994768164987,-1.351259340632566e-05,-7.4885740428723695,-8.464782208105902e-06,-7.4976178801550395,0.0038405978759136652
10.736,-7.468799235134035,-1.3795119551372387e-05,-7.478895938152681,-8.702196511046524e-06,-7.48780934346882,0.003928694050031217
10.804,-7.4484070134434015,-1.436704864746337e-05,-7.4594942420420685,-9.178277615923889e-06,-7.468175899471972,0.004107073240345911
10.838000000000001,-7.438210330312197,-1.4656050540143146e-05,-7.449007234709903,-9.453591921769159e-06,-7.4582503417652255,0.004195746337133817
10.906,-7.417815838170955,-1.5222034179632402e-05,-7.42889897451876,-1.000744726695082e-05,-7.438236200993831,0.00437911103133805
10.94,-7.407618038683034,-1.5505153309824893e-05,-7.417944738987847,-1.0313384976964818e-05,-7.427733023666027,0.004474524547619329
10.974,-7.397419876336178,-1.5798620462496774e-05,-7.407680677396032,-1.0603793910053865e-05,-7.4172467479672335,0.004572437269165514
11.042,-7.377022518477488,-1.6432044224176158e-05,-7.388459743643953,-1.1168970483044024e-05,-7.397299595461882,0.004764060344643947
11.076,-7.366823327714502,-1.6745601191269103e-05,-7.379151750226585,-1.1450850418990833e-05,-7.387765670405364,0.004854917421934563
11.144,-7.346423948153224,-1.737456845649111e-05,-7.359270944227902,-1.2060620285116461e-05,-7.368391224814939,0.0050433287691743845
11.178,-7.336223134496955,-1.769653822348344e-05,-7.34858327205019,-1.2393835466261236e-05,-7.358127277945842,0.005146607578503436
11.212,-7.326021712753806,-1.8025811334687915e-05,-7.3389509984266,-1.2698424156461967e-05,-7.3480460855295435,0.005251276936652267
11.28,-7.30561763852362,-1.8704141386121492e-05,-7.3189684910911925,-1.3336116517113294e-05,-7.328125649035093,0.005454008006434246
11.314,-7.2954149792333824,-1.9049269589024288e-05,-7.309778193058378,-1.3628497192737143e-05,-7.3184547688614,0.005551029171862659
11.382,-7.275008403106663,-1.9746887338719128e-05,-7.288870303632691,-1.4291849298231195e-05,-7.298078670680232,0.005761509102598934
11.416,-7.264804481679355,-2.00998359800584e-05,-7.279300395141076,-1.4596362236313777e-05,-7.288223010374418,0.005867194928574169
11.484,-7.244395360428382,-2.0816449786454073e-05,-7.259417455961674,-1.5229652202708001e-05,-7.278689085844113,0.005967182380887116
11.518,-7.234188949451078,-2.1180576279456233e-05,-7.249563646891373,-1.554188154281676e-05,-7.2587032984262,0.006178745324376057
11.552,-7.223983370233904,-2.1548136288623326e-05,-7.239734051165137,-1.5847953377543587e-05,-7.248783062518297,0.006283323376497183
11.62,-7.203575543369737,-2.227567140206804e-05,-7.220443058617182,-1.642003281336289e-05,-7.2292425456126645,0.0064930288827786805
11.654,-7.193374147062421,-2.2638854384644297e-05,-7.208809542286643,-1.6755780463169235e-05,-7.2187849097537,0.006609604040367413
11.722,-7.172974961609313,-2.3377349957553926e-05,-7.189701637638007,-1.732083667458621e-05,-7.1988475426014675,0.006843143631963358
11.756,-7.1627771727677425,-2.3746854922555976e-05,-7.179744444590072,-1.7621431257651012e-05,-7.188873667347511,0.006962327057639287
11.824,-7.142386682336942,-2.4464798216387707e-05,-7.169560272767589,-1.7928160195037393e-05,-7.178817042233786,0.007082060042593509
11.858,-7.132192305492467,-2.482009578028862e-05,-7.15114240391315,-1.8484699521919052e-05,-7.159501632817052,0.007305318159559085
11.892,-7.121996855570256,-2.51810186684855e-05,-7.140877757727039,-1.8808134868602397e-05,-7.149867599702169,0.007417502968830693
11.96,-7.101603567133007,-2.5917499578377076e-05,-7.118805680901856,-1.9538322950943028e-05,-7.128826231461283,0.0076654384244004
11.994,-7.091406179998478,-2.6291746191092324e-05,-7.109497903699856,-1.9848903715559238e-05,-7.118605132545356,0.007786683933639624
12.062,-7.071009941003032,-2.7036244590974305e-05,-7.08990587873367,-2.0492879758479922e-05,-7.098794581447797,0.008026035312692381
12.096,-7.0608110907968005,-2.74022094656516e-05,-7.077639103746078,-2.0895411824788568e-05,-7.088030246528192,0.008157125987521724
12.164,-7.040411971569887,-2.810779183233578e-05,-7.058640033139294,-2.1526183539402603e-05,-7.067507782177295,0.008403864558911905
12.198,-7.030211692463101,-2.8466470513311836e-05,-7.048895023229545,-2.1852862596605737e-05,-7.0577904971688445,0.008521169337981888
12.232,-7.020010928835131,-2.8828375122004306e-05,-7.0386986685341375,-2.2194979039711804e-05,-7.047872346475754,0.00864314808686479
12.3,-6.999607933454409,-2.9556184105243745e-05,-7.018848006227481,-2.2858045501208623e-05,-7.028303752903127,0.008885820057598635
12.334,-6.989405706627992,-2.9925628603900204e-05,-7.008544231044038,-2.3200943650170155e-05,-7.018012341083544,0.00901814742379915
12.402,-6.968999809949672,-3.067220743505018e-05,-6.988560323131017,-2.3865022676178375e-05,-6.997777462916066,0.009284835897629486
12.436,-6.958796143968849,-3.104751192996628e-05,-6.977725870934411,-2.4223954479191537e-05,-6.987411029587494,0.009424275110236973
12.504,-6.938387668039508,-3.18005570316726e-05,-6.956464758298409,-2.492232935225362e-05,-6.966195558833657,0.009715637873992657
12.538,-6.928184628766678,-3.2177407055220585e-05,-6.9458023205193475,-2.526730406584654e-05,-6.95559830266078,0.009864799517304438
12.606,-6.907781911668176,-3.293656583290372e-05,-6.9248685626767585,-2.5937298327134374e-05,-6.9345628876548995,0.010158053796036659
12.64,-6.897582374018827,-3.332129933514821e-05,-6.914418702806803,-2.6271779610241957e-05,-6.9240760955085205,0.010306103132002852
12.674,-6.887384149984056,-3.370848279421844e-05,-6.904781879230909,-2.6581881948903586e-05,-6.913944924089052,0.010453142803610012
12.742,-6.866990310099245,-3.4478282039709266e-05,-6.884987259683769,-2.722434864086654e-05,-6.8942225699459225,0.010738960572298834
12.776,-6.8567934609773875,-3.485661870476059e-05,-6.876205810744196,-2.751200416706131e-05,-6.8846928424834894,0.010877850272561424
12.844,-6.836398766243734,-3.5596522924124334e-05,-6.856636713686846,-2.816068624445897e-05,-6.865515708776581,0.011159340495804576
12.878,-6.82620054567818,-3.596931225878211e-05,-6.846661686913982,-2.8495353813798918e-05,-6.855709020432247,0.01130422648338703
12.946,-6.805802577313131,-3.672060378864063e-05,-6.828084246421279,-2.912105781842927e-05,-6.836457538694533,0.011590491482167264
12.98,-6.79560286477306,-3.70972875792752e-05,-6.816634095590509,-2.9505624926478078e-05,-6.826346726579615,0.011739955411510287
13.014,-6.78540265517982,-3.746867425936e-05,-6.806233559571125,-2.985384642685603e-05,-6.815876297328548,0.011896755780782906
13.082,-6.765000725200661,-3.8220495615687206e-05,-6.786131839759236,-3.052760421870001e-05,-6.795592647689708,0.012202450999654002
13.116,-6.754799004823434,-3.85967558312804e-05,-6.77631191211483,-3.08578222397396e-05,-6.785510815394528,0.012355281233781865
13.184,-6.734394099280815,-3.934714798363032e-05,-6.755715138097649,-3.154792379937357e-05,-6.765119738067975,0.012664152564436272
13.218,-6.72419138812963,-3.9723245067376486e-05,-6.745780030860125,-3.1878008261859684e-05,-6.7550259214766495,0.012815659174247302
13.286,-6.703786881261327,-4.0481697838702284e-05,-6.7261049089198615,-3.252731145678501e-05,-6.734700053084672,0.013120408822811963
13.32,-6.693585926075545,-4.0866862681813895e-05,-6.714674124679529,-3.290327286809021e-05,-6.724473053988646,0.013272417555370638
13.354,-6.683385645394254,-4.125491603907784e-05,-6.705264020672118,-3.321274534714675e-05,-6.714364337304185,0.013423902580474899
13.422,-6.66298796608871,-4.203150460407503e-05,-6.684234069483168,-3.3905157420084795e-05,-6.693667646248509,0.01373552279200076
13.456,-6.6527899849547945,-4.241516475943045e-05,-6.67373115026699,-3.425212706412763e-05,-6.683328826580417,0.013892163946501678
13.524000000000001,-6.632394341576702,-4.3170666165016374e-05,-6.653623497694413,-3.492066774305478e-05,-6.662903568365505,0.014202386043454385
13.558,-6.62219608951744,-4.353765357876354e-05,-6.644205361216004,-3.523598702357387e-05,-6.653101918587329,0.014350548067231152
13.592,-6.611997332704164,-4.390944783278461e-05,-6.633716510775493,-3.558873565375324e-05,-6.643088505515421,0.014500915629777341
13.66,-6.591598288206009,-4.467394297169366e-05,-6.613158943698129,-3.628391709453165e-05,-6.622618675064169,0.014811500973024645
13.694,-6.581398019620753,-4.505226783785296e-05,-6.602282517711859,-3.665102595573516e-05,-6.612116196550186,0.014971575842150048
13.762,-6.560995968575358,-4.580977578981276e-05,-6.579731855190092,-3.740789076059842e-05,-6.589939412298655,0.015313628172224857
13.796,-6.550794309320782,-4.6189190900549764e-05,-6.568733717156781,-3.7776641251002214e-05,-6.578948062396398,0.015483603862421336
13.864,-6.530390714359723,-4.6947324497361405e-05,-6.5488997223254914,-3.844176480291135e-05,-6.558391725346534,0.015804452314784376
13.898,-6.520189292356634,-4.732540037581629e-05,-6.537772904936481,-3.8813412354791123e-05,-6.54777221837198,0.01597183559337962
13.966,-6.499788129510251,-4.8083674942979273e-05,-6.5183664298010315,-3.945849265762586e-05,-6.5273210441410505,0.01629935029888232
14.0,-6.489588367165351,-4.84662878975941e-05,-6.508040389079206,-3.9801596514364184e-05,-6.517349168142945,0.016460237952516173
14.068,-6.469190375389539,-4.92379657528295e-05,-6.487229353602761,-4.049601547363685e-05,-6.497098697968197,0.016789805397955625
14.102,-6.458991703453773,-4.962280608223155e-05,-6.476549801270077,-4.085371448482429e-05,-6.48644459347983,0.01696629225744692
14.136,-6.44879321039143,-5.00048946043372e-05,-6.466527077829875,-4.1189947460423826e-05,-6.476045423318284,0.01713584472937461
14.204,-6.42839535858072,-5.0758783005531775e-05,-6.44721548310388,-4.1839256068163923e-05,-6.455964455629115,0.017466273445026905
14.238,-6.418195743597575,-5.1132701186438994e-05,-6.436547060442635,-4.2199055155809174e-05,-6.445979339547644,0.017631452642805297
14.306,-6.39779514919104,-5.1878676358414656e-05,-6.415652378452855,-4.2904382994571944e-05,-6.4252991355416285,0.01798498376953613
14.34,-6.387594286225161,-5.2256432048823986e-05,-6.406012247561654,-4.322975493160941e-05,-6.4152082592529,0.018158343429143308
14.374,-6.377393261221238,-5.263679827279922e-05,-6.395246831735422,-4.3593001078901326e-05,-6.404923150850783,0.018333691234791664
14.442,-6.356991162840351,-5.340496275003447e-05,-6.374709537942635,-4.4284381477771794e-05,-6.3840885137865175,0.018693912803436713
14.476,-6.346790432665601,-5.378842360542139e-05,-6.364793490968928,-4.46170861112183e-05,-6.374046228681722,0.018868002765397136
14.544,-6.326389894263995,-5.454791661040714e-05,-6.3455254967150605,-4.526267011169894e-05,-6.354463574670797,0.019208160459649567
14.578,-6.316190109144219,-5.4924721519582075e-05,-6.334481826831891,-4.563306026826031e-05,-6.344222128733862,0.019389230466854777
14.646,-6.295791369005198,-5.567808011957492e-05,-6.314800499588929,-4.6294647723263894e-05,-6.324274568021354,0.019749444644171398
14.68,-6.285592229889261,-5.605680256155054e-05,-6.3047261457691235,-4.663403031013965e-05,-6.314116969678555,0.019935042317422106
14.748,-6.2651937258124875,-5.681931438717034e-05,-6.283818194007904,-4.7339989774069205e-05,-6.2934193580330495,0.020318493731221608
14.782,-6.254994188461376,-5.720137563581026e-05,-6.273084494308763,-4.770310044602254e-05,-6.282919790029426,0.020515191879785902
14.85,-6.234594326326518,-5.7959226797174864e-05,-6.252043854993644,-4.841548540553102e-05,-6.261729585053418,0.020916620523543723
14.884,-6.224394005896594,-5.833539774487081e-05,-6.241970348110549,-4.875664800227531e-05,-6.2514540603889,0.021115060074141823
14.918,-6.214193501839684,-5.8709130216743024e-05,-6.231244489468418,-4.9119765680235756e-05,-6.24103153850725,0.021313731392829268
14.986,-6.193792224639172,-5.945808377915325e-05,-6.2127205297380845,-4.974651278294276e-05,-6.221416061787994,0.02168722915746105
15.02,-6.18359166152733,-5.983582101389515e-05,-6.202346959021849,-5.009730921356457e-05,-6.2116061943609315,0.021874199773020644
15.088,-6.163190908944808,-6.059964427372375e-05,-6.1822345479223,-5.077707969427336e-05,-6.191547291397778,0.022259836458057927
15.122,-6.15299083442827,-6.09833940606179e-05,-6.171258334842305,-5.11478545656364e-05,-6.181129623504955,0.022463108931255624
15.19,-6.132591244980324,-6.174654585508839e-05,-6.151824467303544,-5.1804337616281646e-05,-6.160959666830823,0.02286200919838398
15.224,-6.122391655100434,-6.212352526571691e-05,-6.141220000008577,-5.216287966630447e-05,-6.150802640498403,0.023063477351278634
15.258,-6.112192147706889,-6.249841554848532e-05,-6.1315915079587855,-5.2488789116800126e-05,-6.140782670296874,0.023263469021340067
15.326,-6.091793053984146,-6.324579771591918e-05,-6.111698940857776,-5.316339243611869e-05,-6.120736785068303,0.023666599608821462
15.36,-6.081593369925885,-6.362167486095012e-05,-6.10290604466827,-5.346209068013886e-05,-6.111384244010004,0.02385453098525794
15.428,-6.061193523554179,-6.438021769429429e-05,-6.0829268174468645,-5.41417454030694e-05,-6.091969113370863,0.024250475291438162
15.462,-6.050993355030036,-6.476161157030191e-05,-6.07303127365173,-5.447848951617723e-05,-6.082165752545091,0.024451799073891844
15.53,-6.030592673501488,-6.55208509345774e-05,-6.0633380349262005,-5.480819236875019e-05,-6.072392091526625,0.024651880426430923
15.564,-6.020392250783985,-6.589738477505207e-05,-6.042479096211297,-5.551700619804499e-05,-6.051958553279072,0.025073149314849892
15.598,-6.010191845398092,-6.627208113006137e-05,-6.0330573742707765,-5.583700475881142e-05,-6.04209635332089,0.025275431174600713
15.666,-5.989791303600417,-6.70200439918411e-05,-6.011915970244218,-5.6555090881759864e-05,-6.0217397203657805,0.0256984005097668
15.7,-5.979591225152144,-6.739621113216895e-05,-6.002242503238801,-5.688376755229042e-05,-6.011575095416864,0.02590981959700103
15.768,-5.959191490335592,-6.815592169114796e-05,-5.980197516849138,-5.7633200334734596e-05,-5.99052438552513,0.02635538699304269
15.802,-5.94899176571585,-6.853812906787473e-05,-5.969192899879744,-5.8007561176524644e-05,-5.979521780557491,0.026593959830584844
15.870000000000001,-5.9285924098758755,-6.929831367008249e-05,-5.9496377550414685,-5.867329748985981e-05,-5.958798061123824,0.02704653714585365
15.904,-5.918392672818369,-6.967464666911456e-05,-5.939797875667833,-5.900858938434283e-05,-5.948965487848023,0.02726199043139159
15.938,-5.908192870498258,-7.004793873179448e-05,-5.928279633040673,-5.940126521952277e-05,-5.938442401545625,0.027494324792073005
16.006,-5.887792921426849,-7.079277736495283e-05,-5.9102039250377825,-6.001816928868839e-05,-5.919198507804257,0.027918894839514645
16.04,-5.877592805319423,-7.116675781030292e-05,-5.8993198878752375,-6.038998639045808e-05,-5.9090416722764605,0.028145032008338407
16.108,-5.857192354919498,-7.192319212539191e-05,-5.878780725876217,-6.109183278845858e-05,-5.888417024970411,0.028603286098700175
16.142,-5.8469921077819755,-7.230360688865953e-05,-5.868251006989188,-6.145148552710339e-05,-5.8780312237686,0.028835689448221607
16.21,-5.826591700208716,-7.30637543531555e-05,-5.847964290574513,-6.214377707267333e-05,-5.867414691627969,0.02907800723764023
16.244,-5.816391604398086,-7.344056593783485e-05,-5.837479267231334,-6.250156166818316e-05,-5.847094210203371,0.029539456892878135
16.278,-5.806191560606844,-7.381456725862036e-05,-5.827982653000657,-6.282575162805152e-05,-5.837150607362968,0.029765374943363534
16.346,-5.785791697448166,-7.456022061155905e-05,-5.80751000162829,-6.352514654356403e-05,-5.81677126290479,0.0302280051555095
16.38,-5.775591837415574,-7.493445256334979e-05,-5.797927956458905,-6.385277907001549e-05,-5.807005907715571,0.030447588281808373
16.448,-5.755192204552741,-7.56890686498325e-05,-5.777679651007778,-6.4545780589147e-05,-5.787036733735633,0.030903175999627285
16.482,-5.744992349927017,-7.606883641793565e-05,-5.767330707455892,-6.490028099913865e-05,-5.776905280509386,0.03113611424091883
16.55,-5.724592489122182,-7.68278833646476e-05,-5.747700890082537,-6.557305290150974e-05,-5.7569996290838565,0.031598416296002456
16.584,-5.714392475537773,-7.720359198598755e-05,-5.73683086495501,-6.594562712292299e-05,-5.746693961952914,0.031839599985686
16.618,-5.7041923914547805,-7.757907054647873e-05,-5.725869248678389,-6.632132447846644e-05,-5.7360194568638,0.032089943155396476
16.686,-5.683792111626542,-7.832061111054849e-05,-5.704369723444993,-6.705820438532986e-05,-5.714557248706098,0.0326010947364009
16.72,-5.673591963869821,-7.869318962688533e-05,-5.692689889547561,-6.74588302487977e-05,-5.703402538782141,0.03286873138385955
16.788,-5.6531917243957075,-7.944645871542555e-05,-5.672218206851889,-6.816144599999194e-05,-5.682104897791661,0.03338066624935296
16.822,-5.642991660973167,-7.98266193090262e-05,-5.662336465886112,-6.850068456093384e-05,-5.671869973780962,0.03363076460954643
16.89,-5.6225916691200215,-8.058574605537834e-05,-5.641825830918319,-6.920466127104722e-05,-5.651524085434053,0.034138786488098115
16.924,-5.612391727698228,-8.096205314771903e-05,-5.632170519642933,-6.95360364650644e-05,-5.641498790106734,0.03438939429859444
16.992,-5.591991920463158,-8.170751639146954e-05,-5.611990179602794,-7.022909150252009e-05,-5.6212970710107495,0.03489716432306846
17.026,-5.5817920219314905,-8.20794013995895e-05,-5.6000538383581695,-7.063947323587121e-05,-5.6105739090870985,0.035168903607569614
17.094,-5.561392199242786,-8.282467270251148e-05,-5.578217498483194,-7.139095857456934e-05,-5.588588386395763,0.03572616756780367
17.128,-5.551192223212098,-8.320135771803195e-05,-5.567010613245861,-7.177695687235328e-05,-5.57754263038516,0.036011450626402125
17.162,-5.540992203334678,-8.358125260185462e-05,-5.556696713312145,-7.213232297035492e-05,-5.566769812182458,0.036289871653543575
17.23,-5.520592054980726,-8.43369950827875e-05,-5.5359653002916165,-7.284601533367788e-05,-5.545727487053127,0.036836365521769485
17.264,-5.510391958986727,-8.471489315065678e-05,-5.525213957045625,-7.321601064502738e-05,-5.535236065055943,0.037111104939851994
17.332,-5.489991769712727,-8.545742341235149e-05,-5.504843949264109,-7.391705359029707e-05,-5.514870498200544,0.03764526207087552
17.366,-5.479791693621482,-8.58284521505521e-05,-5.493934377311348,-7.429296089044015e-05,-5.5041645495527245,0.03792606726540842
17.4,-5.469591659720041,-8.619989133972198e-05,-5.4841522247234025,-7.463036830631888e-05,-5.493802512649259,0.03819842340491703
17.468,-5.449191653265806,-8.694972106698918e-05,-5.46395105871701,-7.532754896064186e-05,-5.473412310141443,0.038732233081151105
17.502,-5.438991696983356,-8.732815101570806e-05,-5.455323362528141,-7.56252767742877e-05,-5.463983132709693,0.038981276639368796
17.57,-5.418591832051273,-8.808598266818094e-05,-5.434722426137136,-7.633628801093057e-05,-5.44432252094074,0.03950538494108784
17.604,-5.408391888463941,-8.846113443678797e-05,-5.424462676668247,-7.669042805597489e-05,-5.434149051568325,0.039779736349882536
17.672,-5.387991958529986,-8.920564226338857e-05,-5.4032326199400185,-7.742365881375978e-05,-5.41325541995891,0.040347107403464706
17.706,-5.377791983856081,-8.9575407836234e-05,-5.393473081856164,-7.776105175440247e-05,-5.403044377018203,0.04062889002732031
17.774,-5.357391955275471,-9.031864288102179e-05,-5.373531429787353,-7.845101064462004e-05,-5.383122524903785,0.04118299873097043
17.808,-5.34719190727125,-9.069576102887005e-05,-5.361349454419032,-7.887269035335314e-05,-5.372180837177961,0.04149091942064621
17.842,-5.336991844495102,-9.107203670462382e-05,-5.350500866323452,-7.924814025455981e-05,-5.361056257404298,0.041806356434398353
17.91,-5.316591722579512,-9.182637403963714e-05,-5.330629488352723,-7.993523556029489e-05,-5.339976680550517,0.04241394859254107
17.944,-5.306391662819498,-9.220178334482478e-05,-5.320322596224092,-8.029158919462074e-05,-5.3299575760281614,0.042703637323485526
18.012,-5.285991635873296,-9.294674383632313e-05,-5.300383555133477,-8.098208019463139e-05,-5.309773596600098,0.043297793311952854
18.046,-5.275791663626566,-9.331618528673115e-05,-5.29019792333134,-8.133515121991226e-05,-5.2997867281429345,0.04359388309569984
18.114,-5.2553917119989135,-9.405934396162504e-05,-5.2696233565948525,-8.204813208588232e-05,-5.279289090381005,0.04420490414134696
18.148,-5.245191727783729,-9.443171091413945e-05,-5.259858596097443,-8.238636785120268e-05,-5.269320071600853,0.044504895545503104
18.182,-5.2349917330249,-9.480771585542769e-05,-5.2503490805115405,-8.271604630647452e-05,-5.259578854395922,0.04480096164234989
18.25,-5.2145917021404635,-9.55634295204096e-05,-5.231638131171307,-8.336576686429998e-05,-5.240587599871677,0.0453755966004373
18.284,-5.204391665126534,-9.59394967450518e-05,-5.22097711601782,-8.373600786415434e-05,-5.230684521724347,0.04567601569578258
18.352,-5.183991594838535,-9.668355051031993e-05,-5.199300217780814,-8.448813027495575e-05,-5.209695992861045,0.0463227885369312
18.386,-5.173791586396756,-9.70529165248501e-05,-5.188668095376404,-8.485709417803946e-05,-5.198960348145168,0.046656508721376
18.454,-5.1533915860290405,-9.779329253074548e-05,-5.166664441191734,-8.562176440805652e-05,-5.177243425325743,0.04732847468910873
18.488,-5.143191599950669,-9.816697052727454e-05,-5.15613455887396,-8.598808668244828e-05,-5.166450787077056,0.047664457699838535
18.522,-5.132991609922413,-9.854235673124432e-05,-5.1464621410466656,-8.632449692158756e-05,-5.156167549070997,0.047987524548562754
18.59,-5.112591633306714,-9.929548321202388e-05,-5.126618492817627,-8.701429328948993e-05,-5.136140736353446,0.04862201275979217
18.624,-5.102391619802629,-9.967109116939257e-05,-5.115697348143458,-8.739422226895825e-05,-5.125823432486974,0.048949852668723946
18.692,-5.081991551763227,-0.00010041575733149467,-5.0948362902635616,-8.81207760662847e-05,-5.1047063339294425,0.04962989137310817
18.726,-5.071791534250333,-0.00010078451077394158,-5.084811833097158,-8.846997096757655e-05,-5.094560929725025,0.04996027894909565
18.794,-5.051391495078688,-0.00010152327636586411,-5.064932426890669,-8.9162467826298e-05,-5.074398379866747,0.05062060526284022
18.828,-5.041191493683937,-0.00010189545886153473,-5.054535875296641,-8.952480049930705e-05,-5.064348484179487,0.05094779508351284
18.862000000000002,-5.030991484201917,-0.00010227207305852409,-5.044829789700327,-8.986333595053179e-05,-5.054380010911237,0.05127120191120189
18.93,-5.0105915186399965,-0.000103024052653066,-5.025674390055369,-9.053152914198563e-05,-5.034639571379892,0.05192071154814606
18.964,-5.0003915266811685,-0.00010339848290622766,-5.015468430793926,-9.08872833130439e-05,-5.024975820799012,0.052239834245206035
19.032,-4.9799915108180635,-0.00010414197968944843,-4.995233939187023,-9.159277511743886e-05,-5.004917595627332,0.05289796078272593
19.066,-4.969791487591299,-0.00010451068234683447,-4.984379593144913,-9.197182209425574e-05,-4.994573822227413,0.053235872415941854
19.134,-4.949391440649074,-0.00010524915828375406,-4.96372027829272,-9.269394611341125e-05,-4.973557575498487,0.05392803463398035
19.168,-4.9391914186435315,-0.00010562130505471812,-4.953247629828173,-9.305999253260022e-05,-4.96328951623869,0.05426438980039106
19.202,-4.92899141852107,-0.00010599429199599316,-4.943810386254301,-9.338973527839501e-05,-4.953328200073906,0.054593525453033566
19.27,-4.9085914230793355,-0.0001067457636255474,-4.923739532219922,-9.409098424938535e-05,-4.933363069837899,0.05525740468424752
19.304,-4.8983914426965995,-0.00010712038634897487,-4.914044588181737,-9.44298391185762e-05,-4.923552691393501,0.05558147040672438
19.372,-4.8779914374447015,-0.00010786393416591205,-4.893481929321992,-9.514895554794699e-05,-4.903268027636183,0.056256711412109084
19.406,-4.86779142161541,-0.00010823228526488611,-4.883586801058602,-9.549528915384917e-05,-4.8932896943772715,0.05659062984187462
19.474,-4.84739137493336,-0.00010896881910461948,-4.863226190872808,-9.620851268455589e-05,-4.873000779548547,0.05727268597927319
19.508,-4.837191352953953,-0.00010933952562718767,-4.8534385726171525,-9.655158795179582e-05,-4.863083451497791,0.05760835081295
19.576,-4.816791352170187,-0.00011008937402717236,-4.843516143385213,-9.689940448420542e-05,-4.853190748924542,0.05794257640092308
19.61,-4.806591358549218,-0.00011046389423905266,-4.823954764465672,-9.758489966697229e-05,-4.833638309716959,0.05860629845135007
19.644,-4.7963913711646216,-0.00011083885832115171,-4.813437703536856,-9.795336940635447e-05,-4.823489381458049,0.05895367280188922
19.712,-4.775991350015984,-0.00011158071300071156,-4.79266056848785,-9.868181644366846e-05,-4.802409041888685,0.059685751877195235
19.746,-4.76579131694329,-0.00011194939082514988,-4.7816653003152565,-9.906772149927658e-05,-4.792037099074981,0.060044773315030726
19.814,-4.745391295062126,-0.0001126848070383759,-4.7731527242758345,-9.936660257273456e-05,-4.782317918816406,0.06037996743725604
19.848,-4.735191280810064,-0.00011305422728286762,-4.75363682417328,-0.00010005203136648559,-4.763122022467438,0.06104711888792755
19.882,-4.724991291217589,-0.00011342577307063677,-4.743028593585667,-0.00010042463004751943,-4.753077908264144,0.06139809163200229
19.95,-4.704591303449341,-0.00011417434378719968,-4.7225732112519845,-0.00010114320675097419,-4.732749094886399,0.06211139830910209
19.984,-4.694391299759149,-0.00011454967240390064,-4.712642601465406,-0.00010149227394925686,-4.7225862951218325,0.062471896829664815
20.052,-4.6739912666242605,-0.0001152931640751958,-4.692086009027228,-0.00010221535278052285,-4.702145333046204,0.06320270504755063
20.086,-4.66379123563306,-0.0001156612651750875,-4.6814697091715,-0.00010258895000430274,-4.691782125857378,0.06357565658410969
20.154,-4.643391202930025,-0.00011639652218481813,-4.661095110041434,-0.00010330605075851724,-4.671080165550103,0.06433018292762026
20.188,-4.633191203994232,-0.00011676437626052664,-4.651901485511358,-0.00010362970396807202,-4.661355756151398,0.0646881044480526
20.256,-4.61279120930828,-0.00011750858247800635,-4.63271652230398,-0.00010430535051529158,-4.642237079716749,0.06539314130258798
20.29,-4.602591228906813,-0.00011788251579701817,-4.621446264171352,-0.00010470240444484249,-4.6319478685567,0.06577522893417087
20.324,-4.592391232339696,-0.0001182571151693126,-4.610908539141512,-0.00010507373712568588,-4.621384325523742,0.06617046170952498
20.392,-4.571991212876207,-0.00011900021595825007,-4.592612037247804,-0.00010571885080710663,-4.602072189502611,0.0668869150696204
20.426,-4.561791180382859,-0.0001193680950324324,-4.580409392090538,-0.00010614940997068238,-4.591453030659159,0.06727801289642509
20.494,-4.541391128915287,-0.0001201018887365355,-4.56259918894357,-0.00010677811488058577,-4.5717664869108745,0.06800607861688983
20.528,-4.531191126767502,-0.00012046950301721163,-4.552555822257237,-0.00010713278358506717,-4.562216639352995,0.06836113259682847
20.596,-4.510791112019668,-0.00012121216513427288,-4.532522339808523,-0.00010784042716004879,-4.542709454300427,0.06908640037945903
20.63,-4.500591129870202,-0.00012158595424596901,-4.52272548970163,-0.00010818656717636914,-4.532670904014596,0.06945909327453585
20.698,-4.480191141955629,-0.00012233245211293786,-4.501526796514692,-0.00010893566542099839,-4.511966808626127,0.07023311084489814
20.732,-4.469991131806813,-0.00012270264014369362,-4.491316834201103,-0.00010929667857174122,-4.501622719081079,0.070622138772194
20.766,-4.459791106676521,-0.00012307036664945933,-4.481728207602725,-0.00010963594342155739,-4.491616599649835,0.07100127471144274
20.834,-4.439391058059454,-0.00012380252710791155,-4.461929748642143,-0.00011033692658900651,-4.4717839567596,0.07175841996745148
20.868,-4.429191051142754,-0.0001241707346659635,-4.451365728754598,-0.0001107111163885785,-4.461657669521839,0.07214532140916206
20.936,-4.408791044936266,-0.0001249115849013682,-4.431638732467356,-0.0001114098417687504,-4.441491614800609,0.07291934278730343
20.97,-4.398591058704932,-0.00012528482629904538,-4.421554914962723,-0.00011176701120412701,-4.431575945388437,0.07330018453145459
21.038,-4.378191050280887,-0.00012603024771799787,-4.400492270470957,-0.00011251319182987817,-4.410782211563295,0.07410419679264536
21.072,-4.367991032526284,-0.00012640056754636606,-4.39062623748569,-0.00011286295589422367,-4.400711691823956,0.07449749287180574
21.106,-4.357791016810956,-0.0001267683999864826,-4.379945363151515,-0.00011324185384344722,-4.390432698216398,0.07490080183305772
21.174,-4.337390994446805,-0.00012750077944416403,-4.361515088868393,-0.00011389587478875618,-4.371218236420047,0.07566221716130067
21.208,-4.3271910073758795,-0.00012786631164235176,-4.350617303684374,-0.00011428248546652981,-4.361089706064794,0.07606632258526407
21.276,-4.306791013127388,-0.00012860496681793836,-4.330438273092279,-0.00011499851525461129,-4.340534107139988,0.07688960442569172
21.31,-4.296591001383496,-0.00012897697063588717,-4.320758221423089,-0.00011534237510832807,-4.330687334378589,0.07728821680829548
21.378,-4.276190957602362,-0.00012972414607510593,-4.300588670657967,-0.00011605951946818873,-4.3109834212851466,0.07808801777991828
21.412,-4.265990930527566,-0.00013009461538881147,-4.2904147783278885,-0.00011642117386993065,-4.300772566954349,0.07850336514011795
21.48,-4.245590924055205,-0.00013082906769282284,-4.2693018800224065,-0.0001171712787541482,-4.2801846839868665,0.07934451387852756
21.514,-4.235390920638245,-0.00013119287728385542,-4.259077567766038,-0.00011753454053543887,-4.269680600518317,0.07977466630659638
21.548000000000002,-4.225190934729353,-0.00013155749607853405,-4.24792496840136,-0.00011793102598758804,-4.258966668599174,0.08021522482347004
21.616,-4.204790933715912,-0.0001322942383601289,-4.227824378968692,-0.00011864646798328208,-4.238238283462637,0.08107404097954224
21.65,-4.1945909170275835,-0.0001326665688113262,-4.218329790298133,-0.00011898475561296839,-4.228330630011258,0.08148240994518924
21.718,-4.174190874509538,-0.0001334125725542287,-4.1959499706557075,-0.0001197821904408925,-4.207112235103811,0.08235165398699747
21.752,-4.163990854209507,-0.0001337830075246506,-4.185247508136338,-0.00012016339191910078,-4.196284016729001,0.08279441765248897
21.82,-4.14359086208979,-0.0001345173653122986,-4.162887699534724,-0.00012095959522882301,-4.174242617814175,0.08369700884250839
21.854,-4.133390866711111,-0.00013488044821382145,-4.15199794327549,-0.00012134748308992784,-4.1632404240949,0.08414917155929527
21.888,-4.123190860699834,-0.00013524357987680766,-4.141631144535841,-0.00012171695889547887,-4.152524278504134,0.08459293543429632
21.956,-4.102790823200892,-0.0001359795386217665,-4.121926402733032,-0.00012242043643293367,-4.132301144337328,0.08543117990157648
21.99,-4.092590814205263,-0.00013635279366201606,-4.112144534918077,-0.00012276996422424136,-4.122351944910712,0.0858453659793384
22.058,-4.072190810575748,-0.00013709691402579748,-4.091617476288332,-0.0001235027523133646,-4.101928529637374,0.08669421872335836
22.092,-4.061990809298081,-0.00013746695289987656,-4.081121895949884,-0.00012387696234101328,-4.091740112294473,0.08711775790188989
22.16,-4.041590806355957,-0.0001381978008815391,-4.059840579819822,-0.00012463650075752295,-4.071080447625691,0.08797514188268281
22.194,-4.031390785745065,-0.00013856213587207992,-4.048783800436066,-0.00012503176651614082,-4.060130241871769,0.08843104957098163
22.262,-4.010990739628421,-0.00013929295164984831,-4.029232028846043,-0.00012573126970494067,-4.039885509492855,0.08927473396172028
22.296,-4.000790733293698,-0.00013966065920766472,-4.01903371003363,-0.00012609615859279067,-4.029648468889991,0.08969924313658019
22.33,-3.9905907308145987,-0.00014003328171961621,-4.008833872479457,-0.00012646104116539354,-4.019438850679434,0.0901231535058006
22.398,-3.970190741808976,-0.00014077574924323822,-3.986215783266762,-0.00012726991603276869,-3.9976135409825564,0.09103472866501816
22.432,-3.959990747476325,-0.0001411462129638943,-3.9741230242290273,-0.00012770240755403947,-3.9861836563123667,0.09151190656302252
22.5,-3.9395907340553964,-0.00014187686856435567,-3.954497431329376,-0.00012840490334023385,-3.9653920692612608,0.09237744086162399
22.534,-3.929390703498326,-0.00014224046797343184,-3.9442604637770877,-0.00012877169979500254,-3.955035173258346,0.09280910644988422
22.602,-3.908990655615197,-0.0001429700708861186,-3.924522198936201,-0.00012947937003765256,-3.945017804823914,0.09322995115518846
22.636,-3.898790654242343,-0.0001433375357666932,-3.913124493354777,-0.00012988810306588613,-3.9244419144094307,0.09409747291001021
22.67,-3.888590645444682,-0.00014370735470726337,-3.902725605708421,-0.00013026099799460017,-3.9137907490080974,0.0945424790426179
22.738,-3.8681906634760876,-0.00014445024538626804,-3.882490777355443,-0.00013098661403882953,-3.8930983111654323,0.09541125532811921
22.772,-3.857990664999078,-0.00014481900349576967,-3.871363077136986,-0.0001313856524598145,-3.8825835936026483,0.09585103251229743
22.84,-3.8375906751786175,-0.0001455508517238302,-3.8497279048978164,-0.00013216209101415087,-3.8611916757487728,0.0967505472171549
22.874,-3.827390651912005,-0.00014591421242357138,-3.837150446134401,-0.00013261397573876587,-3.849595318129978,0.09724259091726356
22.942,-3.8069905973908575,-0.00014664171936285488,-3.816414286794163,-0.00013335951435403324,-3.827424877181767,0.09818228986736695
22.976,-3.7967905722840305,-0.00014700950215286858,-3.807063641286838,-0.00013369584001656114,-3.8174348676895664,0.09860766710694348
23.044,-3.7763905574014753,-0.00014774903459640072,-3.786663272475948,-0.00013442963746929928,-3.7974037253852253,0.09946202824054468
23.078,-3.7661905530834083,-0.00014811990733763989,-3.777561720471756,-0.00013475693416191003,-3.787691109014631,0.09987652611269002
23.112,-3.755990556998425,-0.00014848911956906496,-3.767259102063421,-0.0001351273833422959,-3.7778522933816956,0.10029688790322548
23.18,-3.7355905820902806,-0.00014922033903266114,-3.747601225979793,-0.00013583432141734406,-3.7579104902898486,0.10115709828579902
23.214,-3.725390569140512,-0.00014958317971423778,-3.7383102402078894,-0.00013616872116786448,-3.74839632524862,0.10157047373017805
23.282,-3.7049905238883123,-0.00015030985590066935,-3.7177981145602574,-0.0001369081723342299,-3.7284851824580323,0.1024357288960469
23.316,-3.6947904931255984,-0.00015067605006802373,-3.707277857771585,-0.00013728773357404083,-3.718261316305634,0.10287944603798775
23.384,-3.6743904791369504,-0.00015141568757594392,-3.6870620131761984,-0.0001380169189458982,-3.698162381941918,0.10375746379416285
23.418,-3.664190471533172,-0.00015178628028754515,-3.6777727571777037,-0.00013835177245182924,-3.6882160050945045,0.10419413571528012
23.452,-3.653990489703155,-0.00015215485119828888,-3.6674826806739977,-0.00013872264486725837,-3.6782529668088837,0.1046309993638575
23.52,-3.6335905045578927,-0.0001528863049994379,-3.6464377025621433,-0.00013948140311960492,-3.6576423229665536,0.10553650414294939
23.554,-3.623390508200718,-0.0001532480987513557,-3.635655371395546,-0.0001398704574519673,-3.6470462563985917,0.10600264061045249
23.622,-3.6029904702521742,-0.00015397288774464317,-3.6162306237878714,-0.00014057225276165822,-3.627161022540115,0.106877073944466
23.656,-3.5927904301791234,-0.00015433844155885855,-3.605463734558464,-0.0001409615560931258,-3.616750352624763,0.10733534744994853
23.724,-3.5723903997319786,-0.00015507654355518795,-3.585052092490445,-0.0001416996010941401,-3.5959626434748926,0.10825229464963575
23.758,-3.562190390390441,-0.00015544616827264381,-3.574639206695725,-0.00014207598638901395,-3.5857265265750873,0.10870415990696854
23.792,-3.5519904011532857,-0.00015581528595550297,-3.5643809187051714,-0.0001424466596511922,-3.575455365257478,0.10915783873526046
23.86,-3.5315904167954764,-0.00015654607551186624,-3.5444091294506985,-0.00014316830815264633,-3.555245414855497,0.11004549216973442
23.894,-3.5213904205959907,-0.00015690859310360213,-3.534025548929013,-0.00014354373355945978,-3.545088210776206,0.11049058083594596
23.962,-3.5009903978149857,-0.00015763168409217506,-3.5136095230360467,-0.0001442828972266819,-3.5246772025244493,0.11139030976922965
23.996,-3.490790365444151,-0.00015799602567302074,-3.5033306389879972,-0.00014465552257176103,-3.514444004548182,0.11184203721029526
24.03,-3.4805903492530526,-0.00015836286476281753,-3.4924164076435744,-0.00014505126651232026,-3.5039297135740117,0.11230804308934839
24.098,-3.4601903237554508,-0.00015910102450679086,-3.4712970855039327,-0.0001458168714904372,-3.482847860973671,0.11324834673195637
24.132,-3.44999032644332,-0.00015947234861228576,-3.4612751235291346,-0.00014618001244146213,-3.4724596607973033,0.11371450505082774
24.2,-3.4295903479425136,-0.00016020261523242522,-3.4410061306950754,-0.0001469143177882521,-3.4520404987510176,0.11462818408352184
24.234,-3.4193903435968944,-0.00016056342906659471,-3.431035104872049,-0.00014727570890478358,-3.4419958682843865,0.11507961678119646
24.268,-3.409190323662062,-0.00016092458728440078,-3.4201573600672703,-0.00014767036304742716,-3.431629439485233,0.11554612674991514
24.336,-3.388790278886578,-0.0001616494316831778,-3.39928811798745,-0.00014842855168158077,-3.4106068063703128,0.11649314774920656
24.37,-3.378590269030494,-0.00016201606937206356,-3.3892857275891526,-0.00014879212390601224,-3.4004064138012606,0.11695113251400033
24.438,-3.358190258584968,-0.00016275220468072373,-3.366908758893003,-0.00014960505552066944,-3.3787533151453597,0.11793128377826395
24.472,-3.34799026808731,-0.00016312347038754236,-3.3566180012415985,-0.0001499787944103188,-3.36814414857463,0.11841211337753492
24.54,-3.327590273868662,-0.00016385258310760607,-3.3365066058596384,-0.00015070946138821153,-3.347690598082069,0.11934006869319476
24.574,-3.317390264825445,-0.00016421463922256522,-3.3262504835861146,-0.00015108250945448888,-3.3375040692955356,0.11980548580339405
24.642,-3.296990213161913,-0.00016493621938334292,-3.3048963757498266,-0.0001518600295658473,-3.327209798851834,0.12027544166278081
24.676,-3.286790204655673,-0.00016529951536289075,-3.2962226327610713,-0.00015217600110232617,-3.3067904419249476,0.12120429055470999
24.71,-3.276590202832977,-0.00016566431100103422,-3.286237340623176,-0.0001525397346329984,-3.2971029440670736,0.12164323873773142
24.778,-3.256190205027826,-0.00016639906701151067,-3.2665781380020005,-0.00015325578434265577,-3.2774999064959522,0.12253411660394219
24.812,-3.245990196151932,-0.00016676795981433262,-3.2574805142433445,-0.00015358724670029513,-3.2679850943833335,0.1229694569917925
24.88,-3.2255901985215543,-0.00016749912394512694,-3.235585072234189,-0.00015438551569132227,-3.2473156847109537,0.12391846626780326
24.914,-3.215390172838712,-0.00016786134236296808,-3.2254861052939003,-0.00015475388411787815,-3.236932922917499,0.12439671779498186
24.982,-3.194990122198665,-0.00016858246378053247,-3.2048319914434282,-0.00015550755858493212,-3.2164413410407384,0.12535026399359267
25.016,-3.1847901185396155,-0.00016894377917824649,-3.1954883539995254,-0.00015584871584806397,-3.20645915381367,0.1258167450140613
25.05,-3.17459010768642,-0.00016930953333492934,-3.184486874194544,-0.0001562505022137183,-3.1961812296209207,0.12629767574994133
25.118,-3.1541901241776786,-0.0001700424338072449,-3.1639415267801443,-0.00015700078948557728,-3.1754360134145254,0.12727600301846653
25.152,-3.143990123388104,-0.00017040999045171855,-3.1542873922336865,-0.00015735329859814948,-3.1654213120047276,0.12774884259315644
25.22,-3.123590103533515,-0.00017114093652598878,-3.1335242782826804,-0.00015811171049329506,-3.145065240424225,0.12871498240725673
25.254,-3.11339007922912,-0.00017150306759858216,-3.1236899749682205,-0.00015847132118127223,-3.1349696129396007,0.12919457408205492
25.322,-3.0929900598478297,-0.00017222492596672204,-3.1040356810765166,-0.00015919029906080162,-3.115295546679246,0.13013081724388567
25.356,-3.082790067841671,-0.00017258461410990612,-3.094992915526738,-0.00015952099116244735,-3.1057095590416046,0.1305878393333107
25.424,-3.062390074593535,-0.0001733121369059522,-3.0748697462919923,-0.0001602569605513113,-3.0862259398221545,0.13151579565265828
25.458,-3.0521900633151007,-0.00017367895816486695,-3.0645059798911563,-0.0001606363763350834,-3.0760617954131555,0.13199886668654076
25.492,-3.041990044008546,-0.00017404706824465015,-3.0551777374641427,-0.0001609781627274427,-3.066210560281659,0.13246594136725573
25.56,-3.0215899984323245,-0.00017477923121947473,-3.0357915299033738,-0.0001616885648561534,-3.0469917006796527,0.13338040363959244
25.594,-3.0113899882187445,-0.00017514078335861212,-3.024778233995419,-0.00016209192557170172,-3.036679881761683,0.1338729709785471
25.662,-2.99098998328047,-0.00017586132992287315,-3.0049846307189263,-0.00016281675070813943,-3.0160933495318285,0.13485524455060244
25.696,-2.980789995886598,-0.00017622006731503328,-2.995260880472467,-0.00016317306333808723,-3.006384072512733,0.13531970664887882
25.764,-2.960389998942894,-0.00017694551987758588,-2.973048934109486,-0.00016398791798216596,-2.9855621887121475,0.1363260270547398
25.798000000000002,-2.9501899802008467,-0.00017731236404783162,-2.962772283095602,-0.00016436529445545568,-2.974819819916274,0.13684745649530525
25.866,-2.929789938261224,-0.00017804712018148371,-2.9412962901000403,-0.0001651539766918552,-2.9534222821756604,0.13789491437373022
25.9,-2.9195899193670862,-0.00017841200190460082,-2.930531734310682,-0.00016554914813720942,-2.9427315240964202,0.138423403186169
25.968,-2.8991899250055218,-0.00017913422313174294,-2.9116463948364575,-0.00016624228252426368,-2.922735508747004,0.13941277827320916
26.002,-2.888989926175569,-0.00017949335265265228,-2.9009563430917265,-0.0001666347596055302,-2.9127086915280267,0.13991077498671725
26.036,-2.878789942131398,-0.00017984990428448742,-2.8906663098392427,-0.00016701275804987544,-2.9024620581931244,0.1404222795436408
26.104,-2.8583899174569685,-0.00018057523372229804,-2.8718138647161937,-0.00016770632654474637,-2.8831938079226846,0.14138172803389093
26.138,-2.848189891066148,-0.0001809414450168089,-2.861818399093729,-0.00016807439150670975,-2.8733087705330775,0.14187355691686512
26.206,-2.827789849436552,-0.0001816762859352864,-2.842312635297451,-0.00016879248235044398,-2.8536718613816006,0.14284902298209853
26.24,-2.817589832223032,-0.00018204058669157657,-2.832182323557893,-0.0001691651807968055,-2.8437654356763185,0.14334414330809347
26.308,-2.7971898424650647,-0.00018276096898295696,-2.811374277494157,-0.00016993051349478326,-2.8235271065538137,0.14435058262260714
26.342,-2.7869898443515226,-0.00018311876309868119,-2.801281779599447,-0.0001703019396112836,-2.8131902681711054,0.14486475688126124
26.376,-2.7767898656217245,-0.0001834764710429722,-2.7911634462817587,-0.00017067458859742376,-2.8029945988598604,0.14537550416975925
26.444,-2.7563898553467348,-0.00018420005970307102,-2.770881108153031,-0.00017142250232392463,-2.782710606826204,0.14639994197771583
26.478,-2.746189847453466,-0.0001845651329140537,-2.7612004371488634,-0.00017177980449033836,-2.7727636417672077,0.14690295057366243
26.546,-2.7257897861032743,-0.0001852984727646207,-2.7401813377600552,-0.000172555542520075,-2.752559339663657,0.14792728609694386
26.58,-2.7155897602112113,-0.00018566267430598386,-2.7300522369885685,-0.00017292925438764894,-2.7421284447729226,0.1484572882775508
26.614,-2.7053897540083898,-0.00018602493861759247,-2.7193982886833994,-0.00017332236269103005,-2.731668625779938,0.14898999709780372
26.682,-2.68498974110306,-0.00018674215210638808,-2.6989827380566602,-0.0001740757538192555,-2.711199879317621,0.15003853966014238
26.716,-2.6747897541820875,-0.00018709989045073456,-2.6888759529363244,-0.00017444884455798416,-2.7009050496568325,0.15056893096253543
26.784,-2.654389771115387,-0.00018782024774451373,-2.6678376642057358,-0.00017522603009075699,-2.6801832818398506,0.15164014902243722
26.818,-2.644189762028826,-0.0001881843826462075,-2.657258315119919,-0.00017561714620127064,-2.6696437889570914,0.15218523028583478
26.886,-2.623789703332718,-0.00018891697793679734,-2.635696683456859,-0.00017641506698906693,-2.6482712952303884,0.15328578614891172
26.92,-2.613589691878825,-0.00018928112319094528,-2.6248322894060183,-0.00017681717869183415,-2.6375049440553155,0.15383824794887707
26.988,-2.593189661852971,-0.00019000275145844366,-2.6039561049721716,-0.00017758948941617149,-2.616078599868093,0.15493538066402396
27.022,-2.582989669977836,-0.0001903591634694044,-2.5936466801925615,-0.0001779708092620477,-2.605830555516579,0.15545723282527027
27.09,-2.5625896803211914,-0.00019107698555516172,-2.573339960725679,-0.00017872254356387615,-2.5856023699844712,0.15649117119427308
27.124,-2.5523896983232968,-0.0001914371608669006,-2.563831813935066,-0.00017907482424241053,-2.575623458205059,0.15700460134832694
27.158,-2.5421896931962378,-0.00019179968086475852,-2.5528400635539388,-0.00017948231959617262,-2.5653225139654317,0.15753249924957957
27.226,-2.5217896596506546,-0.0001925307808297544,-2.531335479540228,-0.00018027996245693486,-2.544361664889942,0.15861070773228153
27.26,-2.511589633755839,-0.00019289537384031523,-2.52107978951098,-0.00018066038646856526,-2.533658649275526,0.15916017851920497
27.328,-2.491189588497705,-0.00019361628861931906,-2.4993955637242533,-0.00018146460923121026,-2.512156617763786,0.16026944619994432
27.362,-2.48098958880718,-0.00019397398533677984,-2.4884048842029642,-0.00018187228671563902,-2.501334451014971,0.16082927265268726
27.43,-2.460589587855964,-0.00019468872133975883,-2.4674062926716536,-0.00018265150890961398,-2.4906692429487003,0.16138379632592365
27.464,-2.4503895976132406,-0.00019504857692674807,-2.4583742997818376,-0.00018298687262354842,-2.470138471859871,0.16245532940922477
27.498,-2.440189602880357,-0.00019541147458960998,-2.447150455765304,-0.0001834037716532564,-2.459842071580736,0.1629904561802536
27.566,-2.4197895846665523,-0.0001961402700558269,-2.427631867828047,-0.00018412922878187235,-2.439711587828317,0.16403450243626308
27.6,-2.4095895581038587,-0.00019650447523135594,-2.4163438574174627,-0.00018454896657959564,-2.4292269701966656,0.16457728056922138
27.668,-2.3891895237789655,-0.00019722610225850293,-2.396727023472485,-0.000185278338177454,-2.4091816533121184,0.165616633057779
27.702,-2.3789895180647087,-0.0001975831179090145,-2.3860229930762595,-0.0001856762707639975,-2.3987393751018744,0.16616052129902517
27.77,-2.35858952115619,-0.00019829521765388276,-2.3757838572171375,-0.00018605697605707304,-2.388341437997155,0.16670243382130065
27.804,-2.348389530558309,-0.00019865773138482928,-2.353701057140061,-0.00018687868987179532,-2.3667698212393216,0.16781861043806467
27.838,-2.3381895321521142,-0.00019901642238783304,-2.3440735152914143,-0.00018723717731166972,-2.3564397220504714,0.16835527876130488
27.906,-2.317789487111102,-0.00019974505162353483,-2.324131928158848,-0.00018798040665010977,-2.3365629436656197,0.16939114935331578
27.94,-2.3075894696289487,-0.00020010889756673814,-2.313433002371784,-0.0001883793451338618,-2.326194769632288,0.16993727707452605
28.008,-2.287189448492489,-0.00020083107928337067,-2.2938700284432043,-0.00018910853101074864,-2.306373157703739,0.17098014394393318
28.042,-2.2769894503209773,-0.00020118761042163262,-2.2835648848441403,-0.0001894924417305165,-2.296148198444844,0.17151755054449042
28.11,-2.2565894648221705,-0.00020189858118448657,-2.260506304673042,-0.0001903519906429793,-2.2742696583022637,0.1726694113974769
28.144,-2.246389460058578,-0.00020225722795742056,-2.2497477731236715,-0.00019075359924406384,-2.2631428087817747,0.17325863591686133
28.178,-2.2361894478822673,-0.00020261853611324766,-2.240016000245014,-0.00019111721243622506,-2.252662500551753,0.173815452289165
28.246,-2.2157894033172125,-0.00020334619681754577,-2.219953929058795,-0.0001918672639325783,-2.2324618220593218,0.17488257339948116
28.28,-2.2055893918552254,-0.00020371123722668754,-2.209893676020205,-0.00019224322230515463,-2.22239524442347,0.1754172156767864
28.348,-2.1851893868238395,-0.0002044312348109583,-2.1902625851952897,-0.00019297633711644877,-2.2023568348815328,0.17647784961552193
28.382,-2.174989396071933,-0.00020478742283024605,-2.1801778022010603,-0.00019335288887673257,-2.1925490164225967,0.17700094188969304
28.45,-2.154589382192516,-0.0002054975088175541,-2.1598430412540424,-0.00019411290851923245,-2.1725567797823175,0.17807329112582226
28.484,-2.1443893565082726,-0.00020585566543496856,-2.1489209897932944,-0.00019452177501529916,-2.162066752538273,0.17863964507643287
28.518,-2.1341893391018907,-0.000206215783907055,-2.138370898393584,-0.00019491705407235317,-2.1514832631507774,0.17920982068621455
28.586,-2.113789309663132,-0.0002069434040849309,-2.1181279367724755,-0.00019567542657919964,-2.130972764659665,0.18031900253689753
28.62,-2.103589319558728,-0.00020730643149625372,-2.1085896843082756,-0.0001960323699015437,-2.121007505547608,0.18085800723865733
28.688,-2.083189333718004,-0.000208025572612709,-2.089173222692704,-0.00019675871678042996,-2.101451347258709,0.18192050136642315
28.722,-2.072989336953599,-0.0002083821383380141,-2.0797697773915527,-0.00019711079616984982,-2.0919010223780012,0.18244094672631772
28.79,-2.052589313192393,-0.00020909225061688824,-2.0582696440949224,-0.0001979170177697481,-2.071223691380257,0.18356945894785442
28.824,-2.042389280282906,-0.0002094494716696926,-2.0486761736731283,-0.0001982771576544127,-2.0612237900593837,0.18411498588656797
28.858,-2.0321892634462526,-0.00020980904070182286,-2.0387064321409296,-0.00019865144316920532,-2.0513181645716085,0.1846546909653035
28.926,-2.0117892363327505,-0.00021053346619952552,-2.0189721544794845,-0.00019939220663125058,-2.031514226141084,0.18573476874827655
28.96,-2.0015892381932634,-0.00021089863536100686,-2.0080488233355074,-0.0001998021434058463,-2.0212477411326244,0.18629551841434544
29.028,-1.9811892582062531,-0.00021161760579107704,-1.9879230942003479,-0.00020055730661754255,-2.0009082376319904,0.18740100217004768
29.062,-1.970989253286997,-0.00021197255968593347,-1.9766771286221874,-0.00020097937153127046,-1.9902753152338253,0.18798145932889238
29.13,-1.950589215104601,-0.00021268268643027333,-1.9570193434017458,-0.00020171814489136375,-1.9798109214535529,0.1885500492670905
29.164,-1.9403891923176477,-0.00021303906681453252,-1.9461809548999784,-0.00020212596003367663,-1.9594664036753635,0.1896571710664966
29.198,-1.9301891939903002,-0.00021339736430535372,-1.9365540064301663,-0.00020248827041035718,-1.94935516973578,0.19020926258291243
29.266,-1.9097891931128923,-0.00021412156816122085,-1.9168821906875433,-0.0002032280915834076,-1.9298187691832465,0.19127551950343166
29.3,-1.8995892039457096,-0.00021448390004789452,-1.906266932234792,-0.0002036271090390669,-1.9195346650374436,0.19183582044021305
29.368,-1.879189179557054,-0.00021520272459231053,-1.8867157995015063,-0.00020436268087474155,-1.899239259065087,0.19294541961752176
29.402,-1.8689891452615224,-0.0002155596773323285,-1.8764656342224035,-0.00020474876530369958,-1.8893750615876943,0.19348653102554386
29.47,-1.848589121368355,-0.0002162689537002793,-1.8548009806258372,-0.00020556496462684017,-1.86832516019284,0.19464324018094456
29.504,-1.838389105980567,-0.0002166240359322204,-1.845948470373369,-0.00020589846545140708,-1.8584707103674494,0.1951860987125213
29.572,-1.8179891164902433,-0.00021734338359277085,-1.8260060709375596,-0.00020664999105157747,-1.8390107566001483,0.1962630245229968
29.606,-1.8077891240067447,-0.0002177018815440866,-1.8161912767850512,-0.0002070200187034887,-1.829095233972583,0.1968126130363466
29.64,-1.7975891185678907,-0.00021806474637489233,-1.8052937872909791,-0.0002074311011991274,-1.8188049768164447,0.1973820677194324
29.708,-1.777189082308511,-0.0002187850908321069,-1.7834927791781496,-0.00020825388480532364,-1.7976971303897238,0.19854593006418106
29.742,-1.766989057135243,-0.0002191413373899581,-1.7730391081416987,-0.00020864848529145847,-1.7868502624906866,0.1991449644306521
29.81,-1.7465890472291412,-0.00021984993791908958,-1.7541752603095515,-0.0002093606462685202,-1.767025558367036,0.20024029555391412
29.844,-1.736389039280593,-0.00022020414447151068,-1.7447354102417203,-0.0002097171188378177,-1.7574191051040031,0.20077226396524017
29.878,-1.726189055693525,-0.000220560248030597,-1.7350176950630858,-0.0002100842373597798,-1.7478060238018582,0.20130850223300098
29.946,-1.7057890630475183,-0.00022128013860558664,-1.715435064462562,-0.00021082457039956975,-1.7283655631894026,0.20239361188045296
29.98,-1.6955890506209697,-0.00022164207543581182,-1.7054780620650982,-0.00021120131451856817,-1.7185358762640954,0.2029437471500243
30.048,-1.6751889925910615,-0.00022236289420580612,-1.6846991433610543,-0.00021198780751669692,-1.6983243650897675,0.20407461821788156
30.082,-1.6649889747532487,-0.00022271880604760733,-1.6760725591847165,-0.00021231426496913297,-1.688657452354684,0.20461754797869514
30.15,-1.6445889543813887,-0.00022342760027023708,-1.655927740990231,-0.00021307663199794338,-1.6691023786242756,0.20571774922011382
30.184,-1.6343889619012375,-0.0002237803295900003,-1.646981428576752,-0.0002134152982887506,-1.6595974902255828,0.20625386619243938
30.252,-1.6139889737394393,-0.00022449343376788278,-1.624469874475317,-0.00021426808604918431,-1.638612979180766,0.20743498639201302
30.286,-1.603788989751966,-0.00022485370713273283,-1.6140563084405586,-0.00021466278549613015,-1.627965669400112,0.20803757983114268
30.354,-1.5833889632893159,-0.00022557598694225204,-1.592082596021903,-0.00021549603449082052,-1.6064985039449236,0.20925026263826885
30.388,-1.573188936642143,-0.00022593502638559192,-1.5816230008131889,-0.00021589280163055233,-1.5957016740137684,0.20985875649798277
30.422,-1.5629889122474552,-0.00022629139873285207,-1.5714354616197244,-0.00021627925722781077,-1.5852251165665263,0.21045176082523273
30.49,-1.5425888733005622,-0.00022699892880174036,-1.551732962892597,-0.00021702670201774628,-1.5653218816444967,0.21157875813246538
30.524,-1.5323888776642713,-0.00022735155814495393,-1.5424294737966326,-0.00021737972904276867,-1.555524468994851,0.2121364970452423
30.592,-1.5119888749292303,-0.00022806349562286526,-1.5223882028838138,-0.00021814063271132585,-1.5358309123806109,0.2132600188286734
30.626,-1.5017888935430819,-0.00022842233813504402,-1.5123557168572246,-0.00021852174562136235,-1.525849795466451,0.21383154182029182
30.66,-1.4915888925254166,-0.00022878319886742682,-1.5032976854718356,-0.00021886595816635697,-1.5162466326752098,0.2143797995796251
30.728,-1.4711888611667667,-0.0002295029633448827,-1.4832304836799097,-0.00021962886887156438,-1.4965528365545047,0.21550745945692693
30.762,-1.460988840638582,-0.00022985955983752934,-1.4728539072294164,-0.00022002352887698858,-1.4865397659335307,0.21608171558979103
30.83,-1.4405888021858184,-0.0002305654617576567,-1.4543213750376307,-0.00022072849948163398,-1.4672729293568019,0.2171893076178007
30.864,-1.4303888014840176,-0.000230919136093231,-1.443884287797355,-0.00022112561960823646,-1.457482188162935,0.21775365656213216
30.932,-1.4099888073855278,-0.00023162917901923963,-1.4222350018255627,-0.00022194961461901946,-1.4475467265999877,0.21832882997902905
30.966,-1.399788815334795,-0.00023198758332638154,-1.4121497583144218,-0.00022233363449382138,-1.4262663749193416,0.2195650495405144
31.0,-1.3895888119697395,-0.00023234706849944,-1.4021070869692982,-0.0002227161045516755,-1.4159911438269999,0.22015915662276953
31.068,-1.3691887631528192,-0.00023306687668584125,-1.3819580370489966,-0.000223484051354617,-1.395715952308262,0.22133495270518525
31.102,-1.358988760216679,-0.00023342260758385001,-1.3715518797119959,-0.00022388077715169746,-1.385533711375399,0.2219265344182464
31.17,-1.3385887498851106,-0.000234129802531713,-1.3499123159314859,-0.00022470549974834363,-1.36436171833635,0.22315488222649418
31.204,-1.3283887629561626,-0.0002344807074614003,-1.340421170787969,-0.00022506712038911292,-1.3541774995863405,0.22374676670899019
31.272,-1.3079887593609854,-0.00023518842432888662,-1.3225288465804363,-0.00022574950746230563,-1.3353098537986385,0.224844289108462
31.306,-1.297788741067316,-0.00023554669182353306,-1.3124228856282836,-0.00022613556971961507,-1.3258861557281518,0.22539384987785915
31.34,-1.287588712314469,-0.00023590697552343693,-1.302348952945723,-0.00022652060832068548,-1.3160830905333496,0.2259669596715308
31.408,-1.2671886731078048,-0.00023662628222446784,-1.281723732219401,-0.00022730851010304207,-1.2957224123545574,0.22715899499617168
31.442,-1.2569886774419472,-0.0002369814775735765,-1.27168954126408,-0.00022769151145920927,-1.2856507224956952,0.22775074647199853
31.51,-1.2365886820406458,-0.00023768796924680154,-1.2505586367741173,-0.0002284981427067617,-1.2651774346778528,0.22895257019199833
31.544,-1.2263886969063627,-0.00023803834076403804,-1.2412077185857755,-0.0002288553859566774,-1.2550510045734034,0.22954919851237496
31.612,-1.20598867124027,-0.00023874463132523326,-1.220347252215106,-0.00022965347396385638,-1.234532044467524,0.23075685786633648
31.646,-1.195788637616658,-0.00023910286988354935,-1.2094000537965752,-0.00023007269028811625,-1.224039536293102,0.23137467158452932
31.68,-1.1855886278321306,-0.0002394616792802903,-1.1991179422490086,-0.00023046642031051672,-1.2135618643650121,0.2319905640305817
31.748,-1.1651886025347498,-0.0002401804052986305,-1.1803898218140274,-0.00023118325020409563,-1.1939980746129737,0.2331441624816748
31.782,-1.154988614197822,-0.0002405354354904209,-1.1712696248827659,-0.00023153215775177836,-1.1846339361378637,0.2336935803830388
31.85,-1.1345886281520974,-0.0002412397678211994,-1.150396697578717,-0.0002323308866706065,-1.16462752878103,0.2348680667848224
31.884,-1.1243886336825124,-0.0002415907497596623,-1.1388297686334692,-0.00023277403148267223,-1.1539253611129552,0.23549527186922092
31.952,-1.1039885944433374,-0.00024229667899887096,-1.119972361353758,-0.00023349753656396572,-1.133789910228177,0.23667779201637162
31.986,-1.093788557929205,-0.00024265402819817532,-1.1099163918925818,-0.00023388364701963603,-1.1239808008934915,0.23725543826308187
32.02,-1.0835885430785004,-0.0002430119377850162,-1.099850943294018,-0.00023427004617583715,-1.1140324792807639,0.23784294044525608
32.088,-1.0631885194577866,-0.00024373103091134403,-1.0774312357045468,-0.00023513029762285833,-1.0925105762217895,0.2391142743223912
32.122,-1.0529885316903216,-0.0002440862555548839,-1.0665204757084052,-0.00023554873345716637,-1.081650755208898,0.2397549456753606
32.19,-1.0325885468016966,-0.00024478942295170033,-1.0464921460131016,-0.00023631704973798808,-1.0607180265788394,0.24099055304531203
32.224,-1.022388534734545,-0.0002451395779454383,-1.0346819485164762,-0.0002367704981336576,-1.0500258538438416,0.24162428544118206
32.292,-1.001988496485447,-0.00024584406541179214,-1.0137033183161686,-0.00023757717918721316,-1.028581949381321,0.24290243970953626
32.326,-0.9917884791807856,-0.00024620155942280716,-1.0027420096479178,-0.0002379990193039419,-1.0178864680212707,0.2435451509316584
32.394,-0.9713884821295046,-0.0002469172272696055,-0.9827996805256476,-0.00023876600388533575,-0.9968371081792158,0.2448117543344843
32.428,-0.9611884745478372,-0.0002472747004136432,-0.9727570124749366,-0.00023915189273856181,-0.9870471067103727,0.24540533435975967
32.496,-0.9407884783311277,-0.00024798292892461355,-0.9632828085513369,-0.00023951595257506948,-0.9773512405136723,0.24599092587468196
32.53,-0.930588453022514,-0.00024833426150950525,-0.9415186228796882,-0.00024035335013629806,-0.9567537673959116,0.2472324735857935
32.564,-0.9203884403951595,-0.0002486841477477982,-0.9310222225695677,-0.00024075770249033427,-0.9461152641446471,0.24787198308654787
32.632,-0.899988419285763,-0.00024938818989931173,-0.9118362948959838,-0.00024149694707397042,-0.9260649618863177,0.24907447157404689
32.666,-0.88978842534754,-0.00024974262834853825,-0.9011723370314266,-0.00024190766083348093,-0.9159833323149278,0.24967929885854415
32.734,-0.8693884289507368,-0.0002504569523470102,-0.8785559247066399,-0.00024277885514647736,-0.894584235979342,0.25096661069006765
32.768,-0.8591884184878651,-0.00025081426086966574,-0.8682847488942775,-0.00024317482309555265,-0.8836365658076467,0.25162428631727557
32.836,-0.8387883632477374,-0.00025152456789312466,-0.8474996905601446,-0.0002439767090588918,-0.8733942703779322,0.25223948315492584
32.87,-0.8285883464014051,-0.0002518752330758085,-0.8381909425857402,-0.0002443358174883512,-0.852742594150226,0.25349017847624505
32.904,-0.8183883406889285,-0.0002522259130902985,-0.8275139174229661,-0.0002447476875467516,-0.8425439622615772,0.25410803750959565
32.972,-0.7979883357528247,-0.00025292643359226376,-0.8073898642524593,-0.0002455240754803058,-0.82225039688542,0.2553376932161639
33.006,-0.7877883492349951,-0.00025327993268076717,-0.7974903738184163,-0.00024590623430281136,-0.8122208659491383,0.25594650376219397
33.074,-0.7673883389999625,-0.00025399286936519044,-0.7757367924362238,-0.0002467464715319351,-0.7910473318083489,0.2572347306579325
33.108,-0.7571883205032468,-0.00025435047004529016,-0.7645697660855041,-0.00024717802596304614,-0.7802683383425476,0.25789211743743595
33.176,-0.7367882938802383,-0.0002550616926888554,-0.7443479075505639,-0.0002479597726653815,-0.759354683687057,0.2591706470569274
33.21,-0.7265882837773739,-0.0002554121976899088,-0.734497169946654,-0.00024834050080799414,-0.7493279351480892,0.2597834573400242
33.244,-0.7163882979311358,-0.0002557607210871275,-0.7244677916837822,-0.0002487279996054429,-0.739342845927131,0.2603940695853289
33.312,-0.695988305109927,-0.0002564595039004183,-0.7038622417322772,-0.00024952439445286034,-0.7190360957003611,0.26163560988157514
33.346,-0.6857882931664196,-0.00025681154096483756,-0.6943393810710934,-0.000249892945783518,-0.7090897568298093,0.2622495985184878
33.414,-0.6653882348058122,-0.00025752502289907227,-0.6740002755434621,-0.0002506810658109166,-0.689296178670528,0.2634681647653913
33.448,-0.6551882126483843,-0.0002578819073223498,-0.663920057527511,-0.00025107161147936243,-0.6790830025506479,0.2640954188687913
33.516,-0.6347881842532168,-0.0002585919011306837,-0.6417898226910576,-0.0002519283827152892,-0.6575397707615706,0.26541728646725854
33.55,-0.6245881821116184,-0.00025894187614700504,-0.6316170390868685,-0.0002523221310230759,-0.6470563479880722,0.2660592367307474
33.584,-0.6143881907479206,-0.00025929223968906086,-0.6217518863760443,-0.00025270416442072814,-0.6368932429086573,0.266680293914547
33.652,-0.5939882127036781,-0.0002599898570091729,-0.6022364168396674,-0.0002534605347843111,-0.6174041032414055,0.2678807719618263
33.686,-0.5837882090365799,-0.00026034025886069716,-0.5929071462353861,-0.00025382230168551734,-0.6076534980749978,0.26848253612272943
33.754,-0.5633881652721416,-0.0002610518734875064,-0.5727405623363884,-0.00025460504777328796,-0.5880219298390136,0.26970200563212426
33.788,-0.5531881503110289,-0.00026140837260919033,-0.561531465171012,-0.0002550403511418807,-0.5774690786790233,0.2703597250539696
33.822,-0.5429881467592645,-0.0002617653326425607,-0.5518250873044338,-0.0002554172399540256,-0.567156442769944,0.2710039449595695
33.89,-0.5225881414992966,-0.0002624683150782681,-0.531310173596872,-0.0002562132319346973,-0.5465665616357085,0.2722980218197167
33.924,-0.5123881502140266,-0.00026281646428968414,-0.5216416839683307,-0.00025658835952385814,-0.5367067980010289,0.2729192093359421
33.992,-0.491988130886699,-0.0002635132099234175,-0.501205252876944,-0.00025738245422388985,-0.5162668871291739,0.27421259274826704
34.026,-0.4817880988741382,-0.0002638654432476311,-0.4911800158862845,-0.0002577727026759459,-0.506411634462239,0.2748352120749653
34.094,-0.4613880801332185,-0.00026457563693787253,-0.4724880212429965,-0.00025850052047060297,-0.4870275980395399,0.2760632267764731
34.128,-0.4511880666514065,-0.00026493195832450476,-0.4620382454976391,-0.0002589070935745207,-0.47734083756433277,0.2766776976751508
34.196,-0.43078808852841377,-0.0002656421514394288,-0.4410688878690791,-0.00025972249516455215,-0.45687470976905037,0.27797426720374085
34.23,-0.42058808986857577,-0.0002659896595758172,-0.4317175975737557,-0.0002600862272657846,-0.4469270554485674,0.27860603182244353
34.298,-0.40018804205350267,-0.0002666860491209681,-0.4101270792064862,-0.0002609273589959775,-0.43676303143932255,0.2792497407914399
34.332,-0.3899880345958789,-0.0002670346181201443,-0.3997480990977518,-0.00026133220017754226,-0.4157242564076466,0.2805806775118893
34.366,-0.3797880181039379,-0.00026738579793998403,-0.38876036903180583,-0.0002617608668476279,-0.40505559285385595,0.2812585392764581
34.434,-0.3593880205487592,-0.0002680936954611253,-0.3685702068890939,-0.0002625481579189071,-0.38409874893561624,0.28259221920429395
34.468,-0.3491880235678589,-0.0002684510269902367,-0.35769786865331316,-0.0002629719773594572,-0.37377877756254074,0.2832511989398606
34.536,-0.32878801104318006,-0.0002691565061437102,-0.33672773314532123,-0.00026378984160678036,-0.3530698441447784,0.28457024465245695
34.57,-0.3185879840679516,-0.00026950746907461855,-0.3262614239198563,-0.0002641985172126404,-0.34247358170284214,0.28524289412596926
34.638,-0.29818795353607835,-0.0002702038605273391,-0.3168051839365327,-0.0002645679015160161,-0.33237951896379214,0.2858835884680641
34.672,-0.287987955706294,-0.0002705505413086695,-0.2966961425087762,-0.0002653534102421799,-0.3124109900974348,0.28715469365678536
34.706,-0.27778796043864723,-0.0002709021495918999,-0.28635054219727296,-0.00026575750409725036,-0.3022819964539849,0.28779931787885804
34.774,-0.25738796030217503,-0.0002716057973094828,-0.26548255200502424,-0.0002665729382368101,-0.2816789033686991,0.2891122968767945
34.808,-0.24718794600809474,-0.0002719611194636956,-0.2549019513137636,-0.00026698679669395927,-0.2712071190648516,0.28978252125948945
34.876,-0.22678790607401586,-0.0002726702679235946,-0.23533414552489226,-0.0002677527044572844,-0.2512328160883614,0.29106567126651317
34.91,-0.2165878887816258,-0.0002730210581478195,-0.22587669248613457,-0.0002681227807370769,-0.2414326750303539,0.29169466479588324
34.978,-0.19618789644230503,-0.00027371767270504193,-0.20622548610314126,-0.000268891321337721,-0.2314848895517131,0.29233372807446123
35.012,-0.18598790552639274,-0.00027406309334139473,-0.19590784735074682,-0.0002692949574624306,-0.21184996884951127,0.2935973866674342
35.046,-0.17578789755703894,-0.0002744102484817195,-0.18575544795526538,-0.0002696924264472927,-0.20178814324758182,0.294246829042859
35.114,-0.1737483819654392,-0.00027734755773374216,-0.1871528320663701,-0.00026849238903237435,-0.19411407658877305,0.2947413963362713
35.148,-0.17337479004875445,-0.00028977230118054994,-0.18842067589265685,-0.00026607975695064166,-0.1940337497972014,0.29474622282806123
35.216,-0.17284403077594673,-0.00034492432861593403,-0.18892780145929855,-0.0002649026325026687,-0.1948183429507502,0.2946964301000127
35.25,-0.1725880851355403,-0.0003622771635862301,-0.18930319807675602,-0.0002643347718394119,-0.1950028510705748,0.2946846769718841
35.318,-0.17206296756178877,-0.0003990361179629367,-0.18867351411817815,-0.00026537001724026424,-0.19501687859972197,0.29468380148970763
35.352,-0.17179904892303033,-0.0004128366336534338,-0.18857861508343235,-0.00026553872690219903,-0.19466855112494502,0.2947060010731504
35.386,-0.17150946600012143,-0.00040726168268625547,-0.1883091694243227,-0.00026603797607587583,-0.19447206628433006,0.29471844812643844
35.454,-0.17082776429586716,-0.0003865177228350225,-0.18946980374614744,-0.0002637682418963276,-0.19500329124081894,0.2946849221866654
35.488,-0.17045832066220715,-0.0003639296804934387,-0.19025741770409568,-0.00026213399671655137,-0.19556651574265235,0.2946495787426088
35.556,-0.1695080654452526,-0.0002847845744028486,-0.1899194570146298,-0.0002628613155978479,-0.19580090673973644,0.29463492440651234
35.59,-0.16893058892898782,-0.0002389563802802861,-0.19036277433410775,-0.00026189478947820306,-0.19627683244098657,0.29460503754498346
35.624,-0.16830727864167358,-0.0001886825624158736,-0.19090487975558992,-0.000260596133851006,-0.19651399817497592,0.2945901198416855
35.692,-0.16701339193469375,-7.982779231645604e-05,-0.19067078293209888,-0.00026112814174448514,-0.196418132548359,0.29459616328164784
35.726,-0.1663595253346979,-2.2071117390312338e-05,-0.1905036052876197,-0.0002615732996782721,-0.19646323674818875,0.29459331002956535
35.794,-0.16504654063905647,9.752229736238398e-05,-0.19195165632647532,-0.0002574458977700913,-0.19701488214296944,0.29455849114378463
35.828,-0.16438762122265785,0.00015806406715847097,-0.19281485741312476,-0.00025490969633291716,-0.19788368233613707,0.29450382639346306
35.896,-0.16306646388283275,0.00027898174482427466,-0.19326655493950773,-0.0002534876290902718,-0.19874569516747853,0.2944495435129222
35.93,-0.16240411911903813,0.0003395967145546318,-0.19271403555905114,-0.00025526389364986454,-0.19878847669118238,0.2944469587470866
35.964,-0.16174432074871642,0.00040046091008189336,-0.19272050516239403,-0.00025524249620075885,-0.1987091744922034,0.2944519085895717
36.032,-0.1604816653459404,0.0005210555250395272,-0.19401028638281975,-0.0002508036550241116,-0.19944294719060357,0.29440620572380183
36.066,-0.1599011280746018,0.0005796877326443209,-0.19472676445853576,-0.00024823313870569184,-0.20003135135613037,0.29436959283431546
36.134,-0.15888634567872997,0.0006902165871421869,-0.19581265631941214,-0.0002442115901260526,-0.2012904680088926,0.2942910480484108
36.168,-0.15846637209674727,0.0007406721155024848,-0.19662265888915878,-0.0002410749441085247,-0.20188842491043707,0.2942538557462234
36.202,-0.15811254959283902,0.0007870959176906024,-0.19826154678828764,-0.00023457220476925453,-0.20294965868700868,0.2941881611155127
36.27,-0.15762123585739246,0.0008652425403652629,-0.19773337463149632,-0.00023682418198707958,-0.2039633928699991,0.29412573305255635
36.304,-0.15748683527308155,0.0008926727239157073,-0.19674931425288128,-0.00024101102000738134,-0.20338143811012557,0.29416165035571706
36.372,-0.1584404069402921,0.000948997410273705,-0.20002378363758747,-0.00022709132219240815,-0.2041081065178369,0.29411681572494164
36.406,-0.16046451098607661,0.000994280699130601,-0.20207146084758823,-0.0002184297241141332,-0.2060300530357653,0.29399829638510777
36.474,-0.16378336826072593,0.0011309173684578636,-0.20649029864159502,-0.00020227746151757709,-0.210225837205822,0.2937361568120614
36.508,-0.1651582727487119,0.0011682804919118889,-0.2085466875867342,-0.00019598911222449864,-0.2123495686053036,0.2936004882706513
36.542,-0.16635853577678125,0.001180524776846099,-0.20941808035692647,-0.00019345252038914268,-0.21394644776893837,0.2934982524616735
36.61,-0.16827033846036038,0.0011345179218947524,-0.212897810425753,-0.00018290934067423422,-0.21690171900308938,0.29330992248634774
36.644,-0.16905068181278288,0.0011138435519834988,-0.2142676509875375,-0.00017830240266451797,-0.21857870581074643,0.29320423864763334
36.712,-0.17012683746802834,0.0011202074433198904,-0.21495205306846735,-0.0001758917604031718,-0.22029682198019115,0.2930964850096916
36.746,-0.17058408484456278,0.0011456740890643997,-0.21468626319734774,-0.00017679870591885867,-0.22051110192630197,0.2930830110455836
36.814,-0.17122894491373825,0.0012201246313584188,-0.2152069206231503,-0.00017506280243980647,-0.2210573653842398,0.2930483549590757
36.848,-0.1714446037242922,0.0012446733457721019,-0.2153012581861061,-0.00017478841624311915,-0.2211201764154513,0.2930443326810487
36.916,-0.1718758712940307,0.0012656449600151945,-0.21505162371083913,-0.00017548542148022222,-0.22106080710514436,0.29304812745468395
36.95,-0.1720265215924787,0.0012621659585211613,-0.2156385827900896,-0.00017391129860869878,-0.22114937030582657,0.29304241684955573
36.984,-0.1720843448427406,0.001251118921042493,-0.2155402118659537,-0.0001741728782645086,-0.2213333015254142,0.29303045922262394
37.052,-0.17228706399973695,0.0012331366714425532,-0.21617255316694176,-0.000172491298322475,-0.22198743258931117,0.2929881121328542
37.086,-0.17245664100671954,0.0012312687057630305,-0.2166721340420293,-0.00017117248315567327,-0.2222357662335342,0.2929720519514122
37.154,-0.17245074623805998,0.0012322398125462276,-0.21505091163868867,-0.00017534515321914634,-0.2219365762313465,0.29299138321438234
37.188,-0.1690959900308628,0.0012141920639057772,-0.21007795361911713,-0.00018694260616421997,-0.2193163216916665,0.29316087906687677
37.256,-0.15945910459798357,0.0016377049327192326,-0.20075101516100152,-0.00020017412660908103,-0.20947103904520661,0.29381397690652605
37.29,-0.1590789960735283,0.0016492626326469783,-0.20105890430598083,-0.00020019137779207189,-0.20794626013705209,0.2939170900794786
37.324,-0.15902497117758668,0.0016331416773362763,-0.20174898455622445,-0.00020024954417495445,-0.20765897294902444,0.29393658229898856
37.392,-0.16217547343666233,0.001536042635504927,-0.2038653093167405,-0.0001983970249642248,-0.20910670202148093,0.2938409514600438
37.426,-0.16347267457483228,0.0015067319299619073,-0.2053590006611013,-0.00019241438585503119,-0.21011599822003832,0.2937765348213821
37.494,-0.165851509359975,0.001353399779952223,-0.20874276334928668,-0.00016911333140390267,-0.2132679475702188,0.2935863532518873
37.528,-0.16668463374104742,0.001237817312994164,-0.21036138064915255,-0.00015354349156612373,-0.21474618430290512,0.2935004095303918
37.596000000000004,-0.16766044081460532,0.0009595382850634885,-0.21235954532357518,-0.00013227414525388332,-0.21757615811078573,0.293339537227109
37.63,-0.16801853099809586,0.000977351048548839,-0.21290460199993003,-0.00012591885958509872,-0.218203798981861,0.293304261115076
37.664,-0.16801353643607264,0.000898894447116178,-0.21231463192465516,-0.00013281240760808444,-0.21831778116510925,0.2932979135264509
37.732,-0.16732534677669653,0.0006029949442131243,-0.2129414374809951,-0.000126092925896941,-0.21834777206209782,0.2932962002916648
37.766,-0.1666306353602534,0.00043545082292172587,-0.21375797452886822,-0.00011780568019762556,-0.21897393530483822,0.2932598873726666
37.834,-0.16489103302305752,0.00019092532942459962,-0.2142181888976132,-0.00011198408413327945,-0.22024338908301136,0.29318348515797366
37.868,-0.16398699098388575,5.54286359531213e-05,-0.21382603915581994,-0.0001141839058233204,-0.22000852391645828,0.29319800462035034
37.936,-0.1611288431777148,-0.00016335179866973522,-0.21068589995034792,-0.00012883024237427622,-0.21809242597182837,0.29331835645532756
37.97,-0.15927431427976294,-0.0002380376688038079,-0.20934060264466003,-0.00013606691024516967,-0.2166564958386946,0.2934076925693816
38.038,-0.155065966365533,-0.00043454622588536565,-0.20551028954497347,-0.00016170514016585917,-0.21326201664963174,0.29361320736624075
38.072,-0.15267437375181073,-0.0005836261138879189,-0.2031895079838626,-0.00017958447896742678,-0.21122864805356065,0.2937343556755385
38.106,-0.15128057161676342,-0.0007056015985998645,-0.202613917308809,-0.00018429865725301425,-0.2097418826654535,0.2938214265272304
38.174,-0.1507204038160896,-0.0009861486036709694,-0.20314558197179666,-0.00017983693540947143,-0.20922661617705293,0.2938510065777212
38.208,-0.15066797452419967,-0.001024239408102474,-0.20375572164055328,-0.00017479898641027268,-0.20938064895451977,0.29384207729663275
38.276,-0.15053605257422256,-0.0011205802063534857,-0.20386216605409768,-0.00017406556740110862,-0.209635474382786,0.2938274235005208
38.31,-0.15075724518479877,-0.0013382738771543132,-0.20308591834606765,-0.00017928313358423655,-0.2094032225832742,0.2938408301279538
38.378,-0.15116604055324526,-0.0015171947439734889,-0.2017505411598533,-0.0001870674350443336,-0.20827940001299916,0.29390643672367783
38.412,-0.15133793166488543,-0.001602536419375671,-0.20308613881000503,-0.00018050584521706368,-0.2084673122946849,0.29389557504889746
38.446,-0.15153208884870556,-0.0016932934861371071,-0.20405449887990193,-0.00017633109961924835,-0.20918098065905588,0.29385341102325135
38.514,-0.15186439236278346,-0.0018791541416470537,-0.20303113785037985,-0.00017973354429169937,-0.20930422657089465,0.293846027547841
38.548,-0.152013794365357,-0.0019335083319521713,-0.20345148899023888,-0.00017866685860421256,-0.20926735995316964,0.29384826851336243
38.616,-0.15228024425780506,-0.002008888078783633,-0.20449168520065128,-0.00017703905929384952,-0.20990615262053672,0.29380985023731493
38.65,-0.15239137973922087,-0.0020174329607326054,-0.20603718986978498,-0.0001758466669986292,-0.21083471407490256,0.2937534551806298
38.718,-0.15256540524739898,-0.0019849610660002174,-0.20453914225156467,-0.00017570954217295575,-0.21089089298381924,0.2937498723522129
38.752,-0.1526277996296885,-0.0019501127451800142,-0.20406475997870452,-0.0001752563333701761,-0.21044003188594673,0.29377807103307496
38.82,-0.15270258315337393,-0.0018409632853866674,-0.20458125408857164,-0.00017616719528408051,-0.21037898051551168,0.2937820458754372
38.854,-0.15271463192730372,-0.0017672399138918984,-0.20324501478026138,-0.00017256257736625574,-0.20990260473485833,0.29381261203817327
38.888,-0.15271051968525157,-0.0016819695476074587,-0.2023883856865033,-0.00016975077162458105,-0.2091165780977216,0.293864284589529
38.956,-0.1526637861681948,-0.0014964330385475097,-0.2028617201321589,-0.00017199157463529968,-0.20856118506858182,0.293902071895554
38.99,-0.15261598292339554,-0.0013882253439993627,-0.20280944467794632,-0.00017172774852916074,-0.2086700636302265,0.29389442505568414
39.058,-0.15245679694595615,-0.0011948635678756766,-0.2020350936093677,-0.00016702136274713233,-0.20833534002223447,0.2939182076475799
39.092,-0.15237712608134835,-0.0011109137944884386,-0.2020257083080768,-0.00016695753771010988,-0.2081084312463357,0.2939349439295202
39.16,-0.1521490285927746,-0.0009595679411965402,-0.2017743939006198,-0.00016475474184095214,-0.2079996162245355,0.29394310264654616
39.194,-0.15203325040466611,-0.0008930809956678125,-0.202710105580119,-0.00017270388877200637,-0.20820366123200584,0.2939279141729872
39.228,-0.15185197407299048,-0.0008345991380991634,-0.20080432227298742,-0.00015546175367882505,-0.20767681310194527,0.2939680483887716
39.296,-0.1517212303910725,-0.0006843579026320692,-0.19674010566846645,-0.00011718379301944702,-0.2045874020132433,0.2942099968480036
39.33,-0.15164465959131626,-0.0006532478132867008,-0.19779569791165796,-0.00012602607279122945,-0.20389188954444384,0.2942637475886261
39.398,-0.15166213013986135,-0.00018774933199840302,-0.1981284674915701,-0.00012753143789590387,-0.20390201434553984,0.2942629712806256
39.432,-0.15136806064118477,-0.0001720427132169559,-0.19699724481819977,-0.00012592247455209818,-0.20353440306984266,0.29429013124461356
39.5,-0.15187546187952772,-0.00036745185803895236,-0.19990372840550555,-0.00011043084668604449,-0.20447157587641715,0.2942266968812177
39.534,-0.15306054125081314,-0.0005801093541591056,-0.20194631305206787,-8.767767104613596e-05,-0.2061115699711512,0.2941270486556826
39.602,-0.15467762647198002,-0.000988761726527206,-0.2054985662834736,-2.3057872237054603e-05,-0.20957424857972107,0.29393947809223314
39.636,-0.15516371196076123,-0.001250729653504712,-0.2059683791090356,-1.1637254472784521e-05,-0.21085748662625456,0.2938798437872988
39.67,-0.15544489099106545,-0.001551524848319212,-0.20754149950316278,3.2871634591162446e-05,-0.21211238035201344,0.29382390961527133
39.738,-0.15539217170340086,-0.002264807756240044,-0.2084644853816534,6.525808354916973e-05,-0.21366472708161277,0.2937648509200649
39.772,-0.15506037656175825,-0.0026749025343994885,-0.2090388423384316,8.764771499937576e-05,-0.21432681142070817,0.2937429039966921
39.84,-0.15378132273141656,-0.0035918482326624023,-0.20893551061074137,8.242515520304545e-05,-0.21488079420235398,0.29372765993766903
39.874,-0.15283351558910357,-0.004096474957816831,-0.2084202179516281,5.781434262974996e-05,-0.2146564791335631,0.29373341311782847
39.942,-0.15032151159684934,-0.005192013566772075,-0.20802045244471856,3.641218116526987e-05,-0.21429011208635773,0.29374042031132
39.976,-0.14875918242485578,-0.005781072551118009,-0.20588067969618443,-8.05741264609992e-05,-0.21320704821591857,0.2937587327901816
40.01,-0.14699841797308566,-0.006397217454948989,-0.20454834210234998,-0.00015595321144360168,-0.21182981175305482,0.2937768563163366
40.078,-0.1459940469142751,-0.007325423871036367,-0.20635284110716037,-4.8776780964479455e-05,-0.21157315491897796,0.2937782771251601
40.112,-0.14559742048643184,-0.007965408277543981,-0.20762322069723196,2.8669568069909613e-05,-0.21250788622212566,0.29377112121669335
40.18,-0.1472209985410069,-0.0074498419837051326,-0.20933484773215988,0.00013609283059490295,-0.21442914766731244,0.29376249052734
40.214,-0.14897871100862775,-0.0071400494794946825,-0.2115160517611259,0.00027997089902253257,-0.21581586265924632,0.29376075241419825
40.282,-0.14925836613339225,-0.00744169415492974,-0.21277083580946768,0.0003681016182855489,-0.21778924079969078,0.2937710686993776
40.316,-0.149263020906903,-0.007531317584809561,-0.2118504407577198,0.000302090441373726,-0.21795139145727527,0.2937736569115834
40.384,-0.14983881647098513,-0.007300759916913601,-0.21193800585988795,0.00030842329964738205,-0.2182599212111855,0.2937763952987901
40.418,-0.1506897608942861,-0.006960587783597648,-0.21266316693157622,0.00036062397497408066,-0.21832757116983023,0.2937768082402266
40.452,-0.15138055938607028,-0.006701371333792753,-0.21364825957887346,0.00043165226741713936,-0.21889114935136203,0.2937835413998868
40.52,-0.15247757351007551,-0.006409845787877688,-0.21579978863641594,0.0005874217864528732,-0.22064518714671738,0.2938076894714701
40.554,-0.1529697101371932,-0.006288895667968661,-0.21597141624674784,0.0005999035832691679,-0.2213625719324442,0.2938195034471205
40.588,-0.15342427007114165,-0.0061776776321251885,-0.21589611711482318,0.0005944140034929734,-0.22165665468392787,0.29382472370822976
40.656,-0.15416243982375208,-0.005992340667887138,-0.21795157258462336,0.0007445639732197758,-0.22303779076903665,0.2938501231439253
40.69,-0.15441342649948805,-0.0059363772626797075,-0.2182131295628669,0.0007636843431696444,-0.22365312946041277,0.2938625296102339
40.758,-0.15478168874642798,-0.005829629565734696,-0.2176660812607606,0.000723829625794173,-0.22387530385067614,0.29386730353034946
40.792,-0.15487354578029378,-0.0057938255081558055,-0.2186402067263498,0.000794618751640282,-0.22412015205911168,0.2938724053293213
40.86,-0.15492320898032605,-0.005729290944536719,-0.21923974100653087,0.0008378223631492436,-0.22468975253811507,0.29388515604433024
40.894,-0.15490114969839006,-0.005691155134314958,-0.2203445568359746,0.0009172019275992012,-0.22543853903308966,0.2939019705004145
40.962,-0.1547677253552294,-0.0056071383654613255,-0.22075610830574172,0.0009468236585929627,-0.2266567904128786,0.29392961612758106
40.996,-0.1546705854589157,-0.005557441598659449,-0.220251205322655,0.0009110548106194257,-0.22648048505005558,0.29392566052550867
41.064,-0.1544411449648632,-0.0054425186061733384,-0.218709990258239,0.0008026231263073291,-0.22591647417371424,0.2939132284076888
41.098,-0.15431416615554988,-0.005378705863000684,-0.21845530073109753,0.0007848554098756562,-0.22480730033990495,0.2938892856402509
41.132,-0.15418457919865852,-0.0053122023658156384,-0.21827780447478665,0.0007725381935740072,-0.2244960677932587,0.29388274958744864
41.2,-0.15109201578533646,-0.005819799700895357,-0.21323816376415833,0.000427011414889594,-0.22200501576525072,0.2938309930558372
41.234,-0.14995892975076938,-0.005714332199748797,-0.21544326194339328,0.0005758255173118232,-0.22124035001942208,0.2938170264551093
41.302,-0.14904307066192368,-0.006743062086512025,-0.21237938765657874,0.0003738642176599806,-0.21902188213948132,0.2937796456807425
41.336,-0.14881982194675392,-0.007014194224679135,-0.2111666057336141,0.0002998105279953219,-0.2181066133936533,0.2937681079524764
41.404,-0.14969217883934136,-0.007844003359823293,-0.21132432827059527,0.0003032440667353344,-0.21688276239700074,0.29376007893590783
41.438,-0.15063980643913977,-0.008543740952470862,-0.21292309191750364,0.00038238472920104074,-0.21775982280101572,0.2937623148372169
41.472,-0.15132309184141995,-0.009209809155546431,-0.21419297024680048,0.0004392348885207091,-0.2189289226137421,0.2937585744660332
41.54,-0.15188894649506723,-0.010330673592293158,-0.21531391154229781,0.0004791426593789039,-0.2204683421602772,0.29374086265647237
41.574,-0.15180233637775967,-0.010806254003055677,-0.21661221716863419,0.0005172277952651569,-0.22146224771263198,0.29372310876266655
41.642,-0.15100107407727817,-0.011619338694169113,-0.21823114738608765,0.0005502352458769389,-0.22320747788311854,0.2936768935708486
41.676,-0.15058347840285177,-0.011662998186988446,-0.21957004919243234,0.0005679673509946654,-0.224322551928534,0.29363927055164635
41.71,-0.14974575235497836,-0.011909394708431555,-0.21882249555503233,0.0005621726621237369,-0.22471455159332449,0.29362057084602855
41.778,-0.14909341613380458,-0.012326132776963586,-0.21841696206858852,0.0005639022305188689,-0.2246296031164194,0.2936244334794165
41.812,-0.1484885833024206,-0.012464808775627195,-0.2199469951656988,0.0005535131644035082,-0.22509285556211,0.2936015620694934
41.88,-0.14642884574367512,-0.01261505193478661,-0.21962543756660488,0.0005577051207906562,-0.22566366395653292,0.2935670626844066
41.914,-0.144971088972429,-0.012673306909194462,-0.21935694122003332,0.0005613108098425165,-0.22549273005042655,0.2935773994949224
41.982,-0.1411720205022861,-0.01282016410263044,-0.2180931427815801,0.000578300944924622,-0.2247432473849324,0.2936231793791742
42.016,-0.13948887737235524,-0.012887882953445446,-0.21770160393334445,0.0005830388899483209,-0.2241623968937965,0.293657657909702
42.084,-0.13836155389979435,-0.013131255860269735,-0.21717918009802137,0.0005889970713941367,-0.22323315239952643,0.29370980820530634
42.118,-0.13792765311891045,-0.013293060949078289,-0.2165167232772367,0.000592729508959509,-0.22289401270189046,0.2937278974056034
42.152,-0.13800829414996482,-0.01327472696110926,-0.21636570852212642,0.0005931711488741317,-0.2225738196578072,0.2937434551700987
42.22,-0.1380603705684701,-0.013475463406574581,-0.2161878191216564,0.0005938196752863067,-0.22210703629779516,0.29376454073487823
42.254,-0.1381471045763768,-0.013333526841756137,-0.2155869747610049,0.0005917847757601044,-0.22187320571709462,0.2937748020495
42.322,-0.13907618048956263,-0.012485445947204112,-0.21528568549408583,0.0005899185961008031,-0.22143556035806594,0.29379185300691096
42.356,-0.13950746740711437,-0.01222682177653859,-0.21550953004150425,0.0005917549513035968,-0.22140366975768058,0.29379275878636646
42.39,-0.13988279214893864,-0.012099573978421615,-0.21647788352307326,0.0006012220223293603,-0.22182756397090672,0.2937777386676829
42.458,-0.14059030583650192,-0.011908506590155746,-0.21804446619508897,0.0006205300156513075,-0.2231797916381121,0.2937356247787386
42.492,-0.14091170588572624,-0.011866985387654691,-0.218159447678091,0.0006222073948181902,-0.22370143324904002,0.29372136306848184
42.56,-0.1414727458168599,-0.011919444194482163,-0.2186435705950042,0.0006295232236301077,-0.22451286012718244,0.2937014214947976
42.594,-0.14171460539289515,-0.012002421660306116,-0.2203096860898161,0.0006619821570632599,-0.22523689050120796,0.2936851183997801
42.662,-0.14213519201083444,-0.012240860144158741,-0.22073111810714036,0.0006717092878851753,-0.22622424851015696,0.2936682900662249
42.696,-0.14227795747305955,-0.012370627881784967,-0.2217167971472336,0.000695780387008807,-0.2268916072538144,0.29365861324845605
42.764,-0.14253989882912455,-0.012638372588460638,-0.22187901017379222,0.0006999112935664747,-0.22743345429915005,0.29365280471307786
42.798,-0.14258446716155393,-0.012783693691835974,-0.22140957453809765,0.0006862281998656175,-0.22756582099240125,0.2936520676197411
42.832,-0.1425870881880508,-0.01292991642335131,-0.2212515750314931,0.0006813843884617025,-0.22737307679504545,0.2936528642448845
42.9,-0.14251965629980928,-0.013204931241657655,-0.22121919444027024,0.0006821912736931145,-0.22675619387983129,0.29365386471254423
42.934,-0.14244727420877182,-0.013336897023749496,-0.22182884042398374,0.0007035552308554154,-0.22724367641676688,0.29365449312135156
43.002,-0.14222745820568905,-0.01359494432880382,-0.22247143324327456,0.0007268275112524426,-0.2282077088794677,0.29365849213288575
43.036,-0.14208261230659963,-0.013722713525026398,-0.22345704856147178,0.000765523536952057,-0.22873226455566972,0.2936616901204359
43.104,-0.14164147605950486,-0.014036151076134996,-0.2224961605535195,0.0007249512517662297,-0.22894704978738947,0.29366408516110376
43.138,-0.1413837402278654,-0.014171844482738777,-0.22207404286693463,0.000706695874228529,-0.22847244998327057,0.2936584907586324
43.172,-0.14165859599650443,-0.014144697540759466,-0.22325262475961555,0.0007581806845107124,-0.22868516154209484,0.2936606139196999
43.24,-0.14144726723023263,-0.014426295913711468,-0.2221689900571103,0.0007134428984806173,-0.22877214420296216,0.2936618593694121
43.274,-0.14125118273881704,-0.014719144319879912,-0.22110712211046527,0.0006715731704256865,-0.2279452274491915,0.29365413254380657
43.342,-0.14059928164599625,-0.01522746255628415,-0.21986274134069766,0.0006300161886025115,-0.22658060200149568,0.29364788381403845
43.376,-0.14127016191231997,-0.01607927163226858,-0.22070173249515193,0.0006529455941781005,-0.22646452292554695,0.2936500290765436
43.444,-0.14170722723239287,-0.01742558382674107,-0.22177848545368192,0.0006814189693754389,-0.22769717967887018,0.2936369155580967
43.478,-0.1414997473749661,-0.01775688437380194,-0.2217445337317142,0.0006812353379851273,-0.22769523688654178,0.2936368482024565
43.546,-0.1418938186687908,-0.01821709510459179,-0.22519727103992065,0.0006460562801287555,-0.22811187406057215,0.2936261877716363
43.58,-0.14242017395095438,-0.018342548925805995,-0.22567975530507117,0.0006353963399176002,-0.23064477093499666,0.2935138452076457
43.614,-0.1427332778029377,-0.018362345715106584,-0.225701675648326,0.0006347233919789669,-0.2312260611607008,0.29347726565063265
43.682,-0.14269176242288872,-0.01813872523763205,-0.22721649012842574,0.00057182510459594,-0.2325299968750573,0.29338562718303274
43.716,-0.1423317867386518,-0.017917331631455344,-0.2272126384901102,0.0005720321479304798,-0.2328930371231023,0.2933543221351504
43.784,-0.14093882493187163,-0.017279147587599096,-0.2257517102199656,0.0006691284410352819,-0.23247099367937749,0.2933918364646466
43.818,-0.13991713027855482,-0.016870507151419665,-0.22537280455177672,0.0006967040517043424,-0.23185311175601606,0.29345521048733575
43.886,-0.13785580206092699,-0.015971871573294348,-0.22736427421624714,0.0005307443696117177,-0.23229012616956618,0.2934088413824034
43.92,-0.1379731326334829,-0.015395889161995423,-0.22885382086467568,0.0003970604005616731,-0.233491617978605,0.2932668922750006
43.988,-0.13848707281256456,-0.014942995923923693,-0.23032516347416132,0.000250434938359314,-0.2353902937808395,0.29302219846952693
44.022,-0.1388270791404285,-0.014913029561907366,-0.2313598264237535,0.00013806721641870703,-0.23631645297446927,0.29289455536081455
44.056,-0.13910526218627797,-0.01467115291519027,-0.23172808811688062,9.611885267166211e-05,-0.23703174647506128,0.29279083553252905
44.124,-0.13955925631154428,-0.014585719897325735,-0.23305270210005657,-6.539100847542079e-05,-0.23812885293468058,0.2926253056142782
44.158,-0.14041973460745624,-0.014968182639841838,-0.23280021690205935,-3.348820826659846e-05,-0.23851541104686666,0.2925632513592251
44.226,-0.14107629437277172,-0.014942480394463708,-0.23296406390873417,-5.306006557633933e-05,-0.23895446340744278,0.29249155154292245
44.26,-0.14176168132581346,-0.015335558795483232,-0.23393440739013124,-0.0001869451977554923,-0.23930049462782174,0.2924341365701172
44.328,-0.1422276481748539,-0.015212353645152206,-0.23382380802116337,-0.00016966262625290308,-0.23981009759188007,0.2923443455449806
44.362,-0.14247488059959945,-0.015202288023068196,-0.2334425530718092,-0.00011278884446880862,-0.2396044152521699,0.29238132089214885
44.396,-0.14261317161348475,-0.015101959722801536,-0.2342212610578286,-0.00023183926186146287,-0.2397694578744202,0.29235189573065895
44.464,-0.14297913868651055,-0.01503913890540062,-0.2323086692044746,6.83808593646049e-05,-0.23870296274577912,0.2925538887863129
44.498,-0.14307224015844236,-0.014951093867718465,-0.23266181730566277,1.0607686026650989e-05,-0.2385612947633972,0.29258256913677666
44.566,-0.1431150982186327,-0.01468249243817112,-0.23277864836736112,-9.525700351281639e-06,-0.23859640030036455,0.29257551614651506
44.6,-0.14319736003041433,-0.014628913491560345,-0.23171707730264168,0.00017524102707402683,-0.23821676353103421,0.2926527561982886
44.668,-0.14315930209784203,-0.014309330314988494,-0.2315922720199228,0.00019645909948605133,-0.23754115382558016,0.2927962955534035
44.702,-0.14332089188741143,-0.014366256729447422,-0.23135125756225408,0.00024074223616375447,-0.23742320537913916,0.2928216284404595
44.77,-0.14351036295558448,-0.014423352875627739,-0.23122483881480219,0.00026480349023354634,-0.23731569652573764,0.2928453529990397
44.804,-0.14354659208289952,-0.014424419286320104,-0.23147908889613855,0.00021686655487938847,-0.23731710659978303,0.29284519489488225
44.872,-0.1434828975144954,-0.014366633748881509,-0.23240371403600352,4.271384188567654e-05,-0.23786824183719937,0.2927235558411243
44.906,-0.1433831622484505,-0.014263219223274535,-0.23134827623409873,0.00024000309719570355,-0.23770171348713315,0.2927604290142443
44.94,-0.14322734396870604,-0.014119296136659536,-0.22970642130022534,0.0005436624433180575,-0.2367755832441757,0.29296211376810316
45.008,-0.1430938673520129,-0.013757754575343863,-0.22982481745275757,0.0005251548566619368,-0.23555107566522648,0.2932224845713897
45.042,-0.13985523427427982,-0.012368854762414934,-0.22273992613352206,0.0017734589813630383,-0.2327835767937421,0.2938052320117801
45.11,-0.12065373587028314,-0.009506336806203441,-0.21303872753767017,0.003453605237398481,-0.2222283043398435,0.2959624603847202
45.144,-0.1204895381744075,-0.008761166254383211,-0.21214037192638324,0.003605396365794886,-0.21999064444378025,0.296412741716972
45.212,-0.11934787538602037,-0.006421210764966051,-0.21168889300376517,0.0036771818045974076,-0.21849870924097484,0.29670702124432197
45.246,-0.1183874322405157,-0.005057721927792106,-0.2105105046560142,0.0038654401664874258,-0.21755511006941392,0.29688944092360836
45.28,-0.11741674206110367,-0.003840282688874245,-0.2101966098698181,0.003914388986779811,-0.21682852611183595,0.29702603747609385
45.348,-0.11643181911929201,-0.0018976735309527875,-0.20868308534897628,0.004140902339789583,-0.21549320157381893,0.29727042388895836
45.382,-0.1161133185638596,-0.0008868796882531029,-0.20782786916663815,0.0042638379008497745,-0.21468927291303275,0.29741248316661323
45.45,-0.11537289640584275,0.0005938271955813406,-0.20783990123808382,0.004261593720183281,-0.21406013028614443,0.297518777775339
45.484,-0.11496878671937309,0.00128107993597628,-0.20668836355259176,0.004411460123006597,-0.2134854447792032,0.2976139022991151
45.518,-0.11471071838902165,0.002058896792470686,-0.20692564503981561,0.004381748548660808,-0.21313936405284814,0.29766750786669555
45.586,-0.11392956208303233,0.0032829934230952226,-0.20482093800043688,0.00462742274085243,-0.21182508447958728,0.29786624568493364
45.62,-0.11346752390576773,0.0038643769591295164,-0.20395280758337622,0.004721171653347591,-0.21090987337700406,0.2979957238677175
45.688,-0.1124073152518935,0.004886322946090453,-0.20281414372422762,0.0048261956649555725,-0.20977466834090425,0.29814358106610395
45.722,-0.11176089720334458,0.005317073032902726,-0.20355648507106508,0.0047626730345520195,-0.20954562222610712,0.2981673097358373
45.79,-0.11032311800837367,0.0061036460019918744,-0.20126717451243903,0.004921303729654419,-0.2084857301594729,0.2982810545424484
45.824,-0.10955641072878046,0.006444055681050073,-0.19991308378478972,0.004998486903338756,-0.20724989260482135,0.29839384603167307
45.858,-0.10875470828906421,0.006776805464653101,-0.19933082612868844,0.005025482999515499,-0.20626080747855266,0.2984713271649822
45.926,-0.10707114504182212,0.007398660597817117,-0.19692400900743814,0.005103035190933598,-0.2039349826467361,0.29862010634403885
45.96,-0.10772569070765264,0.007792912042631959,-0.19879301665100255,0.0050816030251087845,-0.20414277392661162,0.2986013467932977
46.028,-0.10926098653350637,0.008611424424429205,-0.19821315067629738,0.005082516531341347,-0.20426768355605843,0.29860077947237323
46.062,-0.10998457918651516,0.009043606049170544,-0.2000682656785915,0.0051239902295682595,-0.2050346620741691,0.2985856634095454
46.13,-0.11131059390034746,0.00992168582818595,-0.2008532235091828,0.005149839352858273,-0.20600565713301042,0.29858526183995227
46.164,-0.11195909391282181,0.010357731468211522,-0.20135942532121776,0.005179124139596925,-0.20689259145826372,0.29859954027308017
46.198,-0.11257370957246637,0.010799155259215699,-0.2013255488568824,0.005176991489489055,-0.20719385504293086,0.2986099398670823
46.266,-0.11578149770843668,0.011160681032394298,-0.2040228197816299,0.005379423209237628,-0.20915309670283969,0.2986923196391982
46.3,-0.1176043119690702,0.011578007417714508,-0.2056403296409919,0.0055275489370976046,-0.21037316142679316,0.2987612255083911
46.368,-0.12060481961349352,0.011372732570714712,-0.20903539579767622,0.005884306551633239,-0.2135998034872161,0.29899519703310606
46.402,-0.12234965656423838,0.011587942464463772,-0.21044180390980782,0.006054137614074601,-0.21507387461736355,0.29912485028585206
46.47,-0.12534085520832075,0.01139004076202439,-0.21303970375070455,0.006406283989287925,-0.21780618656040435,0.29940711169062967
46.504,-0.1262038392869968,0.010937033752421861,-0.2146809330913065,0.006653229739877163,-0.21926436020440287,0.299578519966299
46.538,-0.12817615756561984,0.011085554355371749,-0.21672259571345565,0.006980385774816298,-0.22099875601670751,0.2997995162098694
46.606,-0.12837808464742614,0.009775784782424267,-0.21590156526532767,0.006851380274663242,-0.2214982640995471,0.29987735358376333
46.64,-0.12929198731851319,0.008505184820571355,-0.21612786199441833,0.006894076543290183,-0.2218885354610004,0.299939527147262
46.708,-0.12653621319892688,0.005055315810254011,-0.2114147688553537,0.005939688751555379,-0.21953438907991168,0.2995437220020575
46.742,-0.12221637749283638,0.00290230594216928,-0.20442997294638185,0.0044434548740110375,-0.21544727713296333,0.29880758548011
46.81,-0.12288806716270637,0.0005641012867931572,-0.2022584321876886,0.003961316623485758,-0.20966681009084295,0.2976750504262884
46.844,-0.1231872762591022,-0.0017048981618466611,-0.20293882217112405,0.004120567867256251,-0.20913787533632888,0.29756326760860957
46.878,-0.12336751126732472,-0.002935748924800137,-0.20251020131856046,0.004018222565772372,-0.20886755884618455,0.29750725999302857
46.946,-0.12351872339687808,-0.004381899490252249,-0.20147679799244214,0.0037671965985871885,-0.20791164302463508,0.297303425533058
46.98,-0.12341875624454551,-0.0050875862287839075,-0.20075569634977647,0.0035902876322400946,-0.20737627114716858,0.2971879668257184
47.048,-0.12304446260798271,-0.006483578276733895,-0.19972932211294767,0.0033399916186562907,-0.20629264703117078,0.2969549389031584
47.082,-0.12272400372661303,-0.007292155714908598,-0.19961616305695645,0.003312846757894532,-0.20592526805217645,0.29687768773638123
47.15,-0.12254978075608604,-0.009038352126529694,-0.19866506160657751,0.0030875126289168333,-0.20487618699962795,0.2966629963191197
47.184,-0.12260107467914097,-0.010108160735372853,-0.19963087733414953,0.0033040896416516256,-0.20515642340271592,0.2967196624733912
47.252,-0.12214559392879858,-0.012887307753117533,-0.19842105013346192,0.0030441153847246922,-0.20478245626467442,0.29664878317876486
47.286,-0.12159137332531426,-0.014337964850879022,-0.1974557683780633,0.0028496547600169314,-0.20417831079253848,0.29654219694565653
47.354,-0.11942272322367434,-0.01753908995756778,-0.19538304645384297,0.0024642457861472882,-0.20249532936315606,0.29627076639577415
47.388,-0.11811106366138881,-0.01905086963807845,-0.19506649647357444,0.0024095434395413973,-0.2017046055541203,0.2961570343582015
47.422,-0.11738757620860543,-0.020257409761654632,-0.19337112432948594,0.002134316289479465,-0.20062576508896587,0.29600753114814576
47.49,-0.11593118430470768,-0.02220173119059814,-0.1921968713124322,0.0019682094605860245,-0.1990587899851091,0.2958218032342049
47.524,-0.11520267970426779,-0.02293558845159386,-0.1907532356267187,0.001780594325039525,-0.19794354720735535,0.2957043425669711
47.592,-0.11373949723449261,-0.024876273259578523,-0.18939879216598174,0.0016270726510338757,-0.1961544213426796,0.2955480020290296
47.626,-0.11300596785001493,-0.0259599128882896,-0.18799707954657593,0.001490683530943273,-0.1951133706489415,0.295471485315487
47.694,-0.11157007349883785,-0.027887140363567577,-0.18429756135312853,0.0011894379429943378,-0.19196626526452876,0.29529255132224597
47.728,-0.11084729637408969,-0.028823229749126673,-0.1835687850183606,0.001141779866592594,-0.19065583857687401,0.2952417617650453
47.796,-0.10940141812765412,-0.03040474945915321,-0.18270342972676096,0.0011069044863788913,-0.19010325450589732,0.2952291378445593
47.83,-0.10863956467342133,-0.031123107697647253,-0.18224922649754227,0.0010920667222963447,-0.18879814862285405,0.29520920345356716
47.864,-0.10786798369294004,-0.03182606636998073,-0.1820024923696072,0.0010868668831034278,-0.1883450803921534,0.29521158976473
47.932,-0.10676172680361105,-0.032824413153224256,-0.17952650859139357,0.001082414508200573,-0.18669583298897519,0.2952426702629109
47.966,-0.10660031875620081,-0.03282056711596074,-0.17962289900680803,0.001081053989636415,-0.18601797504544126,0.2952720018690649
48.034,-0.10723841749400478,-0.03375311765009728,-0.18196407059104913,0.0010080342911630506,-0.18702677322452652,0.295221862342109
48.068,-0.10789930918863584,-0.03413880916630377,-0.18158069273009889,0.001026446083302629,-0.1873939715759092,0.29519207689129323
48.102,-0.10853995295369412,-0.034504669583585876,-0.18297907206063554,0.000944611420558949,-0.1880478408007676,0.2951430404967105
48.17,-0.10998020694473715,-0.0353359712718581,-0.18374037609014138,0.0008925118015553247,-0.18935906740315447,0.2950163436886713
48.204,-0.11144039346071216,-0.03552202645089594,-0.1855715364077328,0.0007313205649044036,-0.1903013677033431,0.2949164403874083
48.272,-0.1139604765590043,-0.036144995108378146,-0.18766493606178355,0.0005126095216765932,-0.1923938890734223,0.29465353725041676
48.306,-0.11519799743025706,-0.03629093752258777,-0.188045308527668,0.0004679600825836921,-0.19325955251444038,0.2945297781870779
48.374,-0.11773890545764663,-0.036780122961474794,-0.19041087625502856,0.00015917257099540386,-0.19536198535791485,0.2942042668200566
48.408,-0.11812863183890412,-0.03655088198248231,-0.1914157859846277,1.1529927073099797e-05,-0.19634385349715464,0.2940370158205478
48.476,-0.11915793725948941,-0.035702942229995774,-0.19031327147431526,0.00018772723626970267,-0.19643069136718685,0.294017090988461
48.51,-0.11910119461876228,-0.034894501793654546,-0.19007508716676058,0.00022990305512630646,-0.19621580129010702,0.29406024250578927
48.544,-0.11781059609143525,-0.033852706346671244,-0.18737590510153773,0.0007336513933047631,-0.19498290925702122,0.29431346271743775
48.612,-0.11790081732413493,-0.03234418869214082,-0.1886627571056739,0.00048553766891025615,-0.19472314949285177,0.2943779665341454
48.646,-0.11827439606738566,-0.03226604882081512,-0.1883475720747207,0.0005523983108910847,-0.19451691019209147,0.29442639263100806
48.714,-0.11883479403066133,-0.03193592098413054,-0.18930391751516115,0.0003389022864231574,-0.1947294418810441,0.2943752365994258
48.748,-0.11899290382198487,-0.03164045399911361,-0.1893222157638806,0.00033473783064191516,-0.19503185349170052,0.29429825840761054
48.816,-0.11909555432494663,-0.030384713816695354,-0.18999512467943191,0.00017946326556346197,-0.19543333189975992,0.29419611526604506
48.85,-0.11893684910610035,-0.02976722685913906,-0.1906297931843943,3.158145271732195e-05,-0.19630313638018662,0.2939709114555327
48.884,-0.11886583963247432,-0.029152703610885383,-0.19058819584624423,4.1350092123212334e-05,-0.1964300421578755,0.2939377463835899
48.952,-0.11876064728358741,-0.027522982263980915,-0.18934260841703768,0.00033295700907287737,-0.19572964961116224,0.2941192307783805
48.986,-0.11815159162876439,-0.02612450547083985,-0.18783710471774717,0.000681462832261082,-0.19484327002914295,0.294347203905546
49.054,-0.11670845148352368,-0.0229901814192754,-0.18552693192493955,0.0012053870321537534,-0.19264866732273642,0.29490084025380536
49.088,-0.11627857514412297,-0.02162490996244811,-0.18588286445534624,0.001126797216280391,-0.19209800399191812,0.2950347640055124
49.156,-0.11525099869025639,-0.019303103486774473,-0.18548348532940998,0.0012127807092214772,-0.1915751975829668,0.2951592947559982
49.19,-0.11464112950218287,-0.018299677871934428,-0.18533143587077294,0.00124365238485362,-0.1914250858053212,0.29519361884294043
49.224,-0.11389852254795894,-0.01727094098285751,-0.18628849529888955,0.0010561487193796926,-0.19172589301167164,0.2951248751527568
49.292,-0.1124665262844361,-0.015477440169365664,-0.18383132590397125,0.0015073080428457,-0.19080876598483734,0.29532023981056377
49.326,-0.11189523232319326,-0.014836790212652563,-0.1835153312880154,0.0015617882158446982,-0.1900727141443515,0.2954644594353895
49.394,-0.11060376452178582,-0.01380622393233529,-0.18350714743914084,0.0015542864314335909,-0.18989717628287936,0.2954952860341068
49.428,-0.10992145102087268,-0.013446894162438177,-0.1830483775778746,0.0016208369791578486,-0.1894495349449884,0.2955715527795142
49.496,-0.10844056485659258,-0.012612964008866492,-0.17975308852230185,0.0020582323206139877,-0.1868230001203301,0.29598108978924476
49.53,-0.10765758677708055,-0.012114223098443797,-0.17955976453049827,0.0020801661488204326,-0.1860871959521218,0.296080281288816
49.564,-0.10685710962154574,-0.01136265109309968,-0.17981266593075304,0.002054332950700507,-0.1858535479070697,0.2961073640616245
49.632,-0.10460837027322484,-0.00978286319631617,-0.17535003959374532,0.00243313785438644,-0.18304309293139248,0.2964181959533797
49.666,-0.10358232159157699,-0.00913695473398845,-0.17499152546302532,0.002455950458067217,-0.18187500758554057,0.29651634380399167
49.734,-0.10138002125723676,-0.008025613356012129,-0.1728940780281486,0.002541883574369284,-0.17991325932902263,0.2966464401539317
49.768,-0.10176440894707696,-0.007515647959871616,-0.17434309936767522,0.0025148309250934814,-0.1798828324674009,0.29663698968653335
49.802,-0.10274161604663978,-0.006993612910362043,-0.17597626987691153,0.002508546836987484,-0.18080074443975652,0.29660609573909547
49.87,-0.10455495101133445,-0.005889647320571822,-0.1792880790671346,0.0025615764737807753,-0.1837807872429591,0.2965854260853061
49.904,-0.10539687138445497,-0.005303637576136392,-0.18077788767717676,0.0026173956976038555,-0.18525858297178435,0.2966069651592848
49.972,-0.10702536417730457,-0.004144119571903118,-0.18377846584319055,0.0027857237766816876,-0.18833281143081682,0.29671370592451496
50.006,-0.10783271628225428,-0.0035740084256469973,-0.18465036146615013,0.0028524282909512455,-0.18952214141096574,0.2967805516878579
50.074,-0.11099502803186066,-0.002928462866114517,-0.19160617109607475,0.00352357629916707,-0.19428350400737796,0.29712637557566546
50.108,-0.11289178345214172,-0.0026805867906417873,-0.1907102979489745,0.003421448262002377,-0.19585865254472218,0.2972878149662933
50.142,-0.114760216851727,-0.002157232290674411,-0.18970620029728927,0.0032949853277983005,-0.19592906359905168,0.2973015832666135
50.21,-0.11704004645479445,-0.0022095163746027272,-0.19442759278032903,0.0039727708329239326,-0.19846369862518942,0.2976068243793901
50.244,-0.1180413838474935,-0.00229908640947472,-0.19607276850471322,0.004237374575777942,-0.20028339178827403,0.29786438751331273
50.312,-0.11970766714138338,-0.0027890058411333424,-0.19405624612462227,0.003868650368924526,-0.20090502083899772,0.29796949554025043
50.346,-0.11839919605039255,-0.004322471043295198,-0.19125863709564359,0.003326311431390372,-0.19923342077206627,0.29768372260643633
50.414,-0.11707963735965318,-0.005517544405778457,-0.18789668871039175,0.0026513339023563546,-0.19459126542466326,0.2968015828232565
50.448,-0.11759916697850788,-0.007137992077116316,-0.18582139303287257,0.0021866560138758544,-0.19330191194819765,0.29654093651439434
50.482,-0.11730356818965616,-0.008671565036595025,-0.18660106686889963,0.00236813764930822,-0.19272162712477076,0.2964104582852983
50.55,-0.11800732742039624,-0.008504250943307683,-0.18771630873562486,0.002638018525632336,-0.19337068876129085,0.2965553265063449
50.584,-0.11822004046700241,-0.008596814878077208,-0.18820226792236883,0.002761234211822099,-0.19375121470963796,0.2966445592559098
50.652,-0.11837160705003404,-0.00915405109479151,-0.18880953969618175,0.002920449317628,-0.194269518874139,0.2967703773361029
50.686,-0.11830067340689103,-0.009605765698963991,-0.1886092256647222,0.0028677940186932625,-0.19448448971958865,0.2968236588149659
50.754,-0.11788600110537525,-0.010735571865460905,-0.187629757862722,0.0026105799701236477,-0.19408685748334795,0.2967263238604074
50.788,-0.11756485179639098,-0.011324475299306296,-0.18781807809773654,0.002659584039555456,-0.1938701805208752,0.2966739017867323
50.856,-0.11679373945183472,-0.012564932454443553,-0.18723470740189743,0.002511858879905224,-0.19356189956480369,0.29660044474883246
50.89,-0.11644664937042185,-0.013265274504133446,-0.18648944613217627,0.002326364986679221,-0.19303682001602057,0.2964782505269746
50.958,-0.11544087692782243,-0.015150798850572383,-0.18620402562256877,0.0022568267164877233,-0.19256878211416423,0.29637238503242536
50.992,-0.11484801340873993,-0.016264433013834723,-0.18562337430414488,0.002119821965510903,-0.19183579485602584,0.296212691610723
51.026,-0.1142022810885724,-0.0174470777511783,-0.18531978745653652,0.0020518295821499244,-0.19155530344069402,0.2961543813447133
51.094,-0.11274060333592169,-0.02004494757929945,-0.1831484300197352,0.0015981827310547405,-0.19030698330228146,0.29590888303730023
51.128,-0.11192286410938114,-0.021453237422865243,-0.18234197603807864,0.0014381421524624252,-0.18925539054497467,0.2957179264210648
51.196,-0.11011097423890373,-0.024489958199465634,-0.18183417930998222,0.001341609108930601,-0.18802847509876403,0.2955132205441155
51.23,-0.10911235211689312,-0.026108097959874402,-0.18092135984593413,0.001189195191382001,-0.1874983351913123,0.2954309726502234
51.298,-0.10692728139375372,-0.02935596532242426,-0.17974013813973508,0.0010084305496224997,-0.18613030996807428,0.2952477518786602
51.332,-0.1057083226698435,-0.03089424612050998,-0.17787296368591624,0.0007666367982887459,-0.18508878440119528,0.2951230901610182
51.366,-0.10436976204288573,-0.03231529378577828,-0.17777466331384778,0.0007552831740383414,-0.18428226993298696,0.29504631162411593
51.434,-0.10142622659734934,-0.03474174947208596,-0.1745474010738015,0.0004539793503720674,-0.18185464866465684,0.2948531681877285
51.468,-0.09984822727879707,-0.035727127483195224,-0.17399746977580718,0.0004165471742426672,-0.18080454589945283,0.29480030142257097
51.536,-0.09663961101979679,-0.03695625438544405,-0.17229933852694893,0.0003669978311461881,-0.17946269750386556,0.29476470301590985
51.57,-0.09502139226964032,-0.03735747663694346,-0.17081161552638047,0.00034658440448667445,-0.17811231240941935,0.2947634466124315
51.638,-0.09362722295621491,-0.037712047129624206,-0.17243901825477384,0.00031296168717439654,-0.17773848522044225,0.2947827397317971
51.672,-0.09456430963062804,-0.037707576787065045,-0.17334811370517178,0.00027294431016942265,-0.17846979622993667,0.29474215196704584
51.706,-0.09551357116391138,-0.03784898839739992,-0.17577845796734332,0.0001195111504901061,-0.17992822214366683,0.2946387063993885
51.774,-0.09742666395830747,-0.038497459994113095,-0.1777074421022707,-6.284768061547697e-05,-0.1824059376726516,0.2943724267453541
51.808,-0.09840910099789701,-0.039060989737175165,-0.17884940133985086,-0.00019972467849141504,-0.18357807977052704,0.29421434732957763
51.876,-0.10027538943205346,-0.0403801663067156,-0.1813569289784644,-0.0005754168130363296,-0.1858579850079046,0.2938445997297914
51.91,-0.10110018058481346,-0.041088255531766524,-0.18243200468294818,-0.0007603559784843156,-0.1871083450615046,0.2936081353122101
51.978,-0.10265053907726085,-0.04260674854235229,-0.18302864942635358,-0.0008831800872343431,-0.1882930445127743,0.2933535831466633
52.012,-0.10339887996297285,-0.043362050230082196,-0.18319997312105407,-0.0009203077022067205,-0.18871580162941684,0.29325301926900726
52.046,-0.10412320903255488,-0.04407626019698201,-0.18244336075968526,-0.0007457727015626071,-0.18860947901783962,0.2932747911206186
52.114,-0.10552785721931228,-0.044536267899550674,-0.18296853122396986,-0.0008799421025942672,-0.18859314439467864,0.29328082531204547
52.148,-0.10613408357675766,-0.044094701316476075,-0.1838872733777674,-0.0011271145481549373,-0.18910845808580432,0.2931354318832551
52.216,-0.10719830541279833,-0.04298368983533699,-0.18546751291085076,-0.0015686529220106894,-0.19088583021902966,0.2925955042264663
52.25,-0.10766746823266339,-0.042359780922475936,-0.18498695946258237,-0.0014234923621120805,-0.19093963122360375,0.2925753738848761
52.284,-0.10808402709095007,-0.04169508091740593,-0.1848572526091849,-0.0013830374691333096,-0.19082308813436005,0.2926138719668432
52.352,-0.10872528505775592,-0.040729679590128555,-0.1856290632853254,-0.0016360974391423128,-0.1910916794979174,0.29252239287336174
52.386,-0.10891032646705716,-0.0404433026647927,-0.18677773488206703,-0.002021890614468709,-0.19178354459978733,0.29227831988572517
52.454,-0.10908796040363779,-0.03980462375710896,-0.18602065487804892,-0.0017619451736269648,-0.19207401464712287,0.2921709921246498
52.488,-0.10910617246112726,-0.03964949091097777,-0.1852351796755858,-0.0014897158976401907,-0.19162630577916262,0.2923344128699224
52.556,-0.10906304447928707,-0.0394236964900803,-0.18512077036090324,-0.0014499915088653293,-0.19091565731023105,0.2925955297229628
52.59,-0.10901715833842263,-0.03941136848357357,-0.18462480095441997,-0.001277955604289659,-0.19074192032470688,0.29265923124488974
52.658,-0.10916748048851915,-0.03973597241670108,-0.18409029817330652,-0.00109334546622603,-0.1902767100201174,0.29282923452117376
52.692,-0.10917182042260574,-0.039756648616420615,-0.18407048780148708,-0.00108652437025918,-0.19006945941687356,0.2929046404882805
52.726,-0.10885784051562297,-0.039294030754167875,-0.1843140386422973,-0.0011701252055509564,-0.19008009951510269,0.29290064268938737
52.794,-0.10861262353388076,-0.03893361140445426,-0.18419535376113058,-0.0011305770390240858,-0.19019558233942488,0.29285913585432716
52.828,-0.10841627949387278,-0.03869069651316013,-0.18356177149335973,-0.0009178752465031895,-0.18984792617613316,0.2929829143855949
52.896,-0.10787051715434764,-0.03803571349205582,-0.18316986228315654,-0.0007909856081994334,-0.18939146222806028,0.29314131274303706
52.93,-0.10755027656099438,-0.037652853063197246,-0.18173734860386037,-0.00033245854667182445,-0.18859048988337232,0.2934140584420145
52.964,-0.10717038832090515,-0.03724276263091467,-0.18099633764342285,-0.00010047193798889238,-0.1877015713950782,0.2937081028007391
53.032,-0.10628169031241626,-0.03627163649245355,-0.18013429178721652,0.00015274478173944955,-0.18675650732883728,0.2940085912616865
53.066,-0.10577232346156375,-0.03576166739195114,-0.179629335012716,0.00029803998313991046,-0.18610207410516263,0.2942077934384882
53.1,-0.10521054392237707,-0.03521905372018138,-0.17792254037562047,0.0007724119758593907,-0.18504686425204384,0.2945222228058496
53.168,-0.10392783406434321,-0.03401844432069011,-0.17591905530014804,0.0012964860251889743,-0.18284110891435862,0.295135626987425
53.202,-0.10322223309928272,-0.03336202643653457,-0.17567239372986482,0.0013566681191346055,-0.18211856171167995,0.29532076749233516
53.27,-0.10168192539803303,-0.031998854751631056,-0.17414200338980704,0.0017019541507799607,-0.18070452112378063,0.29566109620790276
53.304,-0.10090998601391118,-0.03128443535480189,-0.17299745059973315,0.0019366376460339656,-0.1798281542187834,0.29585593246715913
53.372,-0.09932026411250415,-0.029629835889225575,-0.17254282489906797,0.0020273892413726078,-0.1785923801722548,0.2961023441345741
53.406,-0.09848538670530352,-0.02876195554407992,-0.17199780250855545,0.002118314640812155,-0.17826298736347876,0.2961634083565628
53.474,-0.09672229564732186,-0.026896772992511066,-0.16949944616774926,0.0024900314598699192,-0.17639354286395037,0.2964685843843489
53.508,-0.09579894412429983,-0.02588996865990559,-0.1688500648273341,0.002573269553251607,-0.17552409722855358,0.296591234396809
53.576,-0.09388618938576365,-0.023852361034059428,-0.16860005618817864,0.002602111695896013,-0.17494759277964056,0.2966640947161179
53.61,-0.09296431433523943,-0.02306716117921839,-0.16724527821631907,0.002733731511704906,-0.1737320277674605,0.2967995372982533
53.644,-0.09202649313105041,-0.02241307920453303,-0.16516060408939692,0.0028945475153454156,-0.17251585856940896,0.29691640995664453
53.712,-0.08997605212328122,-0.021389207154864177,-0.16381389335178104,0.0029606829821328864,-0.17073728691977288,0.2970399279511302
53.746,-0.08882274409383867,-0.021104929575581518,-0.1638168186106719,0.0029605819751674176,-0.1701174997936449,0.29706651134532175
53.814,-0.09025194624260326,-0.020989769328726215,-0.16627336023017192,0.0029406437584144126,-0.1710020855404854,0.2970377645855498
53.848,-0.09099854356103536,-0.02116085067513396,-0.16773031525658008,0.0029571402991377302,-0.17227294379104902,0.2970314105213403
53.882,-0.09172359549178374,-0.021413847756752914,-0.16845572049555485,0.0029764038293831584,-0.17335393399870508,0.29704595528963246
53.95,-0.09312715203389503,-0.021986737001856913,-0.17099156862241702,0.0031183465596861704,-0.17526835263920332,0.29711100545566393
53.984,-0.09380121182035937,-0.022286858312597607,-0.1711976785389276,0.0031332752951305685,-0.17629349713719653,0.29717545227387243
54.052,-0.09509435434253412,-0.02275188864162777,-0.17234228767961293,0.003235444441018989,-0.177759299208072,0.2972924865859227
54.086,-0.09574143218608636,-0.022828840777273828,-0.17463035271940905,0.0035020129231037,-0.17896623505161285,0.29740748227974095
54.154,-0.0971341583322243,-0.022444389766621706,-0.17605089069977056,0.0036995911138560955,-0.18099497585389682,0.297658382566178
54.188,-0.09784102151033873,-0.0219459711591321,-0.17687509394978537,0.0038285197659559452,-0.18188037982721464,0.2977845671943923
54.222,-0.09853210458325831,-0.021612891949643033,-0.17719822505779995,0.003882883449816568,-0.18252382149072668,0.2978854856935623
54.29,-0.09971275114879403,-0.021990945301378587,-0.17902565174440108,0.00422934035614781,-0.183742088753922,0.2980928568075627
54.324,-0.10020890397646473,-0.02223301793354115,-0.18038027740456378,0.0044999065756298855,-0.1849814010808835,0.2983228434734289
54.392,-0.10092280793236583,-0.02290260020015726,-0.17979934473344958,0.0043782975767201636,-0.18560454658724537,0.2984515987035055
54.426,-0.10117786513041399,-0.023059538895633967,-0.18028025847920276,0.004486898257048901,-0.18584144727093777,0.2985009572486498
54.494,-0.10167537157391279,-0.023220006877646204,-0.1815542306844356,0.0047870016123683174,-0.1869188300906325,0.29874122025529837
54.528,-0.10182948836497176,-0.02346895190185937,-0.18134123229723223,0.0047346375057298875,-0.187132014433208,0.29879229540711383
54.596000000000004,-0.10194226732302249,-0.024550399237120553,-0.18149815655011597,0.0047739397770335335,-0.1873173140432004,0.29883664553856537
54.63,-0.10186478931559403,-0.02509504585238666,-0.18210891713851649,0.00493022026880306,-0.18760078448529552,0.29890518880947986
54.664,-0.10172627982420766,-0.025735932821876202,-0.18342160785151795,0.005268292871196486,-0.18836690206270193,0.29909273341600506
54.732,-0.10137005292664271,-0.02699238670129553,-0.18470777792778492,0.005601240746642819,-0.18966436460168257,0.2994129552280161
54.766,-0.10116927699862145,-0.0275740460383519,-0.18548380162954703,0.00580186748817082,-0.1905299285061294,0.29962688975721086
54.8,-0.10093570667360122,-0.02815082530922682,-0.18677303134413384,0.006133566433096357,-0.19155489067891435,0.29987900425799474
54.868,-0.10034298668538902,-0.029427941482128628,-0.187091114866505,0.006215127676199275,-0.19276601507827332,0.3001717772125509
54.902,-0.09999247795702149,-0.030027532270453523,-0.187747620841208,0.006376990637441426,-0.19316325100003554,0.30026576246156916
54.97,-0.09925137647227601,-0.030882964227071645,-0.1868560271618939,0.00616656077320599,-0.19313295379983872,0.300258101668486
55.004,-0.09920040124567683,-0.030870792624943442,-0.18693011915562177,0.006183501369551236,-0.1929355444819762,0.30021608609692063
55.072,-0.0985572141106505,-0.03128434411774783,-0.18852930485650068,0.006539120593206544,-0.1940206473829718,0.300443264331014
55.106,-0.09825051262191124,-0.03154183928015691,-0.18826083223023324,0.006482253428375929,-0.19414946187713034,0.3004677401962679
55.174,-0.0977294679346089,-0.03159688968682902,-0.18688494541186537,0.006199035900055589,-0.19317085608955328,0.30027949761840755
55.208,-0.09747709978971658,-0.03154025749509506,-0.18699748737044217,0.006221167479581281,-0.19298416985137493,0.3002459172023352
55.242,-0.09705806233383774,-0.03163700865281869,-0.18659278753332958,0.006143509646339765,-0.19276188015676762,0.3002056336169072
55.31,-0.09622413274251179,-0.03221283382592882,-0.18713462439276216,0.006240764273449145,-0.1926648511574791,0.3001893424006449
55.344,-0.09587065179647578,-0.03249844487783824,-0.18641111310106623,0.006113265626420875,-0.19258122895412094,0.3001739514003124
55.412,-0.09504859722461848,-0.033212422502119976,-0.1843376146288374,0.0057672377526449175,-0.191962179167215,0.3000758490867911
55.446,-0.09458668676109178,-0.03370281641907198,-0.18335177294051055,0.005613596989690853,-0.19018098747754505,0.29981693315419683
55.48,-0.09407571299509478,-0.03422746391675101,-0.18368004564920043,0.0056620875943638556,-0.18975562639940385,0.2997631721592247
55.548,-0.09290966824684514,-0.035377330548690834,-0.18148022288968527,0.0053601114857767035,-0.18805527138143913,0.2995583230535524
55.582,-0.09226253180897603,-0.035939503857127936,-0.179750488614536,0.005153511729912695,-0.18693229391490407,0.2994384062407793
55.65,-0.09086062785607771,-0.03712686978040118,-0.17783559361083268,0.0049598891806385634,-0.1848644135378299,0.2992576882921128
55.684,-0.090125541266325,-0.037759332507196625,-0.1757275534064952,0.00477609971797913,-0.18331353364579264,0.29914410390371804
55.752,-0.0885603727681995,-0.03914594270956371,-0.17474921260714726,0.004708682958200875,-0.1813569194322948,0.2990400677570123
55.786,-0.08770177446337116,-0.0399729068909582,-0.1738669688026924,0.0046613467982699565,-0.18055405501843896,0.2990091668643317
55.854,-0.08584076993439665,-0.04149741582357586,-0.17248992642626887,0.004611642542353044,-0.17909921327916264,0.29897828166357976
55.888,-0.08481152883791697,-0.042059832825882985,-0.17208736550794484,0.004603328356083324,-0.17849112825937677,0.29897620623749854
55.922,-0.08375842764539505,-0.04251191203751871,-0.17109150978666243,0.004593594162632992,-0.17776120058938008,0.29897892016894995
55.99,-0.08169275923110048,-0.04310379300358884,-0.1687841352735179,0.004610822278930578,-0.17579259484315654,0.299021433385263
56.024,-0.0812843503942638,-0.04323059139075662,-0.168796920104274,0.004610518834438888,-0.17511994907213163,0.2990512853863586
56.092,-0.08277001885681327,-0.043029797520698736,-0.17136907711072438,0.004499947516603768,-0.17604969185176958,0.29900343280295266
56.126,-0.08326436617945267,-0.04289763600217941,-0.17170952556249994,0.0044806001189088614,-0.17688350241348122,0.2989407986145671
56.194,-0.0837666384058438,-0.042424693769234856,-0.17277317583462834,0.00440928870062939,-0.1777217965046579,0.29887324747420696
56.228,-0.08405451547498935,-0.04206696738338352,-0.17447942417255388,0.004274955232431813,-0.1796488590092672,0.2986875986917104
56.262,-0.08428545285089803,-0.04164448355237369,-0.175765397696732,0.004152446955511256,-0.18057724300738762,0.2985867583664948
56.33,-0.08474885255632947,-0.04086726718790197,-0.17626218048920522,0.004093700841872007,-0.18154853051251654,0.2984642061659925
56.364,-0.0850369863614852,-0.04066893405484739,-0.17815454148312235,0.003861864950155033,-0.18265300108332266,0.29831539026033377
56.432,-0.08582435643523274,-0.040679458105096614,-0.180214140505348,0.0035786126225873663,-0.1848912745184012,0.297974200244742
56.466,-0.08633766890211265,-0.040849131742215064,-0.18086417755404724,0.003480637149045985,-0.18583883713012614,0.2978153134828048
56.5,-0.08683790474699818,-0.04094437085514331,-0.18023649549501047,0.003580862402089226,-0.18608624850650354,0.2977679513371728
56.568,-0.08774922121941177,-0.03949414986934116,-0.1809428270189611,0.003454197843014567,-0.18621850712210228,0.2977435061281805
56.602,-0.08815227754035339,-0.03881326292942383,-0.18216765842415097,0.003231510374537644,-0.18704556205351094,0.2975812351764065
56.67,-0.08884647140476959,-0.038034767774975047,-0.18281996295684755,0.0031102527796972907,-0.1884117688150692,0.2972976484742006
56.704,-0.08912028446499493,-0.037686280644742935,-0.18348714222403917,0.00297713294166842,-0.18881937884820024,0.2972104554480674
56.772,-0.08944881483455507,-0.03673730146954882,-0.18437065138623013,0.002794461099054247,-0.1896307756304478,0.2970302008926984
56.806,-0.08951930291733225,-0.036259886179890316,-0.1841613424693259,0.002838313157603225,-0.18987236230328874,0.2969749229634674
56.874,-0.08954040592134019,-0.035531811278280555,-0.18406022524752824,0.0028596215481370476,-0.18989246031746657,0.2969702483356049
56.908,-0.08949533586323115,-0.03518733492820931,-0.183933475486581,0.0028865342684117373,-0.1895393518882695,0.2970504311625054
56.942,-0.08941379654998535,-0.03486309769162274,-0.1844501603931715,0.0027778909506061596,-0.18987429380147108,0.29697460503436734
57.01,-0.08910841161788922,-0.03424491263474441,-0.1845560390075871,0.0027554736024905423,-0.19032903627656714,0.29687280453833936
57.044,-0.08887570339919168,-0.03396382339486914,-0.1839148960124237,0.002886099597473967,-0.1900914984483222,0.29692552144590223
57.112,-0.08827165941248874,-0.033434966903794154,-0.18198141390704223,0.003273914713228822,-0.18823376201329023,0.29732300642476556
57.146,-0.08818903850312919,-0.03353099092094442,-0.18229396675538553,0.003214557847917057,-0.18810623199039456,0.2973481788120548
57.214,-0.08786010532074276,-0.03352215177206331,-0.1827210682469184,0.003138029987249959,-0.18829543735672585,0.29731066627020586
57.248,-0.0878115922829551,-0.0336750347455311,-0.18289675058109928,0.003107530859441855,-0.18851108011283152,0.29727001249071305
57.282,-0.08775776509538961,-0.03382952557419107,-0.1827924006686077,0.0031251077623396036,-0.18858860435562422,0.2972562712977783
57.35,-0.08772344413055563,-0.03426781676958659,-0.1834605602812032,0.0030197571247790114,-0.1888500215404123,0.29721012765932703
57.384,-0.08740364046403912,-0.03427110579894495,-0.1834605602812032,0.0030197571247790114,-0.1888500215404123,0.29721012765932703
57.452,-0.08519709368524139,-0.033647111547982445,-0.1834605602812032,0.0030197571247790114,-0.1888500215404123,0.29721012765932703
57.486,-0.08551469726186854,-0.03351719857785431,-0.1834605602812032,0.0030197571247790114,-0.1888500215404123,0.29721012765932703
57.52,-0.08440378242993857,-0.03305064346857676,-0.1834605602812032,0.0030197571247790114,-0.1888500215404123,0.29721012765932703
57.588,-0.08337750621027637,-0.03229096422401094,-0.1834605602812032,0.0030197571247790114,-0.1888500215404123,0.29721012765932703
57.622,-0.08280154158077009,-0.03187202598666848,-0.1834605602812032,0.0030197571247790114,-0.1888500215404123,0.29721012765932703
57.69,-0.08154021646880694,-0.031045414777771865,-0.1834605602812032,0.0030197571247790114,-0.1888500215404123,0.29721012765932703
57.724,-0.08082714089006658,-0.030636790034774434,-0.1834605602812032,0.0030197571247790114,-0.1888500215404123,0.29721012765932703
57.792,-0.07942850808440936,-0.029851042508393964,-0.1834605602812032,0.0030197571247790114,-0.1888500215404123,0.29721012765932703
57.826,-0.07870806072532882,-0.029496768459036166,-0.1834605602812032,0.0030197571247790114,-0.1888500215404123,0.29721012765932703
57.894,-0.07740576825346789,-0.029020471453065702,-0.1834605602812032,0.0030197571247790114,-0.1888500215404123,0.29721012765932703
57.928,-0.07791643590816044,-0.028972461819001104,-0.1834605602812032,0.0030197571247790114,-0.1888500215404123,0.29721012765932703
57.962,-0.07835209286322237,-0.029053585444899607,-0.1834605602812032,0.0030197571247790114,-0.1888500215404123,0.29721012765932703
58.03,-0.07939451432151709,-0.029460725175587718,-0.1834605602812032,0.0030197571247790114,-0.1888500215404123,0.29721012765932703
58.064,-0.07977112711281813,-0.029827301648234494,-0.1834605602812032,0.0030197571247790114,-0.1888500215404123,0.29721012765932703
58.132,-0.07993362471421189,-0.03077430847934817,-0.1834605602812032,0.0030197571247790114,-0.1888500215404123,0.29721012765932703
58.166,-0.07972318620564897,-0.03132882070094802,-0.1834605602812032,0.0030197571247790114,-0.1888500215404123,0.29721012765932703
58.234,-0.07970580851455485,-0.032213790010734454,-0.1834605602812032,0.0030197571247790114,-0.1888500215404123,0.29721012765932703
58.268,-0.07976514689164459,-0.032485060668180125,-0.1834605602812032,0.0030197571247790114,-0.1888500215404123,0.29721012765932703
58.302,-0.07983862190516557,-0.03262429756624845,-0.1834605602812032,0.0030197571247790114,-0.1888500215404123,0.29721012765932703
58.37,-0.0800412551515429,-0.032497596904075644,-0.1834605602812032,0.0030197571247790114,-0.1888500215404123,0.29721012765932703
58.404,-0.08017740390477798,-0.03229279013209817,-0.1834605602812032,0.0030197571247790114,-0.1888500215404123,0.29721012765932703
58.472,-0.0802978470602157,-0.03297191592668362,-0.1834605602812032,0.0030197571247790114,-0.1888500215404123,0.29721012765932703
58.506,-0.08030694482651765,-0.03358111272895187,-0.1834605602812032,0.0030197571247790114,-0.1888500215404123,0.29721012765932703
58.574,-0.08017921201744264,-0.03447974213793094,-0.1834605602812032,0.0030197571247790114,-0.1888500215404123,0.29721012765932703
58.608,-0.08001755910615609,-0.03492282211969366,-0.1834605602812032,0.0030197571247790114,-0.1888500215404123,0.29721012765932703
58.676,-0.07955437607540627,-0.0354883603207241,-0.1834605602812032,0.0030197571247790114,-0.1888500215404123,0.29721012765932703
58.71,-0.07924249101345501,-0.0357246624754524,-0.1834605602812032,0.0030197571247790114,-0.1888500215404123,0.29721012765932703
58.778,-0.07858966309592094,-0.03603448339952067,-0.1834605602812032,0.0030197571247790114,-0.1888500215404123,0.29721012765932703
58.812,-0.07818575518564795,-0.036124872512967,-0.1834605602812032,0.0030197571247790114,-0.1888500215404123,0.29721012765932703
58.846000000000004,-0.07800907075506272,-0.036195543476251014,-0.1834605602812032,0.0030197571247790114,-0.1888500215404123,0.29721012765932703
58.914,-0.07694181934904858,-0.036485744043114575,-0.1834605602812032,0.0030197571247790114,-0.1888500215404123,0.29721012765932703
58.948,-0.07663242707176433,-0.03655708120262146,-0.1834605602812032,0.0030197571247790114,-0.1888500215404123,0.29721012765932703
59.016,-0.07558033013370358,-0.03682468136814829,-0.1834605602812032,0.0030197571247790114,-0.1888500215404123,0.29721012765932703
59.05,-0.07519513569682738,-0.03697033740611125,-0.1834605602812032,0.0030197571247790114,-0.1888500215404123,0.29721012765932703
59.084,-0.0747038038381434,-0.037150486010757176,-0.1834605602812032,0.0030197571247790114,-0.1888500215404123,0.29721012765932703
59.152,-0.07460529294969932,-0.03756500232045583,-0.1834605602812032,0.0030197571247790114,-0.1888500215404123,0.29721012765932703
59.186,-0.07494580016644473,-0.03778647489745432,-0.1834605602812032,0.0030197571247790114,-0.1888500215404123,0.29721012765932703
59.254,-0.07556219785971802,-0.03821894757968764,-0.1834605602812032,0.0030197571247790114,-0.1888500215404123,0.29721012765932703
59.288,-0.07587211058688068,-0.038407282477330724,-0.1834605602812032,0.0030197571247790114,-0.1888500215404123,0.29721012765932703
59.356,-0.07641371867600909,-0.03848079541302682,-0.1834605602812032,0.0030197571247790114,-0.1888500215404123,0.29721012765932703
59.39,-0.07659309807422673,-0.038448752283693786,-0.1834605602812032,0.0030197571247790114,-0.1888500215404123,0.29721012765932703
59.424,-0.07676218766312805,-0.03844886474288337,-0.1834605602812032,0.0030197571247790114,-0.1888500215404123,0.29721012765932703
59.492,-0.07690278324173042,-0.03847426911754404,-0.1834605602812032,0.0030197571247790114,-0.1888500215404123,0.29721012765932703
59.526,-0.07687747042842163,-0.038433317257386586,-0.1834605602812032,0.0030197571247790114,-0.1888500215404123,0.29721012765932703
59.594,-0.0767071588157087,-0.03827467172491639,-0.1834605602812032,0.0030197571247790114,-0.1888500215404123,0.29721012765932703
59.628,-0.07658658927859939,-0.038138530247615904,-0.1834605602812032,0.0030197571247790114,-0.1888500215404123,0.29721012765932703
59.696,-0.07628975250805324,-0.03776763012453155,-0.1834605602812032,0.0030197571247790114,-0.1888500215404123,0.29721012765932703
59.73,-0.07609525469448974,-0.03760690627352798,-0.1834605602812032,0.0030197571247790114,-0.1888500215404123,0.29721012765932703
59.798,-0.07555437641552559,-0.037166978958346995,-0.1834605602812032,0.0030197571247790114,-0.1888500215404123,0.29721012765932703
59.832,-0.07518359023032292,-0.036885197788862394,-0.1834605602812032,0.0030197571247790114,-0.1888500215404123,0.29721012765932703
59.866,-0.07476443823271112,-0.036623077147677076,-0.1834605602812032,0.0030197571247790114,-0.1888500215404123,0.29721012765932703
59.934,-0.07375148812811656,-0.03617522036258283,-0.1834605602812032,0.0030197571247790114,-0.1888500215404123,0.29721012765932703
59.968,-0.07353707778656066,-0.03603270942942983,-0.1834605602812032,0.0030197571247790114,-0.1888500215404123,0.29721012765932703
60.002,-0.07362188012340037,-0.03593484480909676,-0.1834605602812032,0.0030197571247790114,-0.1888500215404123,0.29721012765932703
60.07,-0.0616020944917494,-0.03613242235442942,-0.1834605602812032,0.0030197571247790114,-0.1888500215404123,0.29721012765932703
60.104,-0.0618028462012361,-0.03610598510397733,-0.1834605602812032,0.0030197571247790114,-0.1888500215404123,0.29721012765932703
60.172,-0.06238287692580466,-0.03641561652930835,-0.1834605602812032,0.0030197571247790114,-0.1888500215404123,0.29721012765932703
60.206,-0.06258485328749773,-0.03668222312006445,-0.1834605602812032,0.0030197571247790114,-0.1888500215404123,0.29721012765932703
60.274,-0.0630108743128732,-0.03684654206671129,-0.1834605602812032,0.0030197571247790114,-0.1888500215404123,0.29721012765932703
60.308,-0.06317911625685745,-0.03682834649785197,-0.1834605602812032,0.0030197571247790114,-0.1888500215404123,0.29721012765932703
60.376,-0.06333359289525244,-0.037089448045220685,-0.1834605602812032,0.0030197571247790114,-0.1888500215404123,0.29721012765932703
60.41,-0.06331676567748867,-0.0373819605942786,-0.1834605602812032,0.0030197571247790114,-0.1888500215404123,0.29721012765932703
60.444,-0.06323647474901836,-0.037778052181772735,-0.1834605602812032,0.0030197571247790114,-0.1888500215404123,0.29721012765932703
60.512,-0.06264194983014278,-0.03865717649929747,-0.1834605602812032,0.0030197571247790114,-0.1888500215404123,0.29721012765932703
60.546,-0.06220522532168211,-0.03924413093159492,-0.1834605602812032,0.0030197571247790114,-0.1888500215404123,0.29721012765932703
60.58,-0.0617395259484284,-0.039876837091179416,-0.1834605602812032,0.0030197571247790114,-0.1888500215404123,0.29721012765932703
60.648,-0.06061268307425027,-0.04133036656042427,-0.1834605602812032,0.0030197571247790114,-0.1888500215404123,0.29721012765932703
60.716,-0.05949466386421724,-0.042111863549615734,-0.1834605602812032,0.0030197571247790114,-0.1888500215404123,0.29721012765932703
60.75,-0.05896838037606095,-0.04243895163322822,-0.1834605602812032,0.0030197571247790114,-0.1888500215404123,0.29721012765932703
60.784,-0.05845353707925451,-0.04271383690495561,-0.1834605602812032,0.0030197571247790114,-0.1888500215404123,0.29721012765932703
60.852,-0.05717757402364243,-0.04310261270387983,-0.1834605602812032,0.0030197571247790114,-0.1888500215404123,0.29721012765932703
60.886,-0.057635641201396526,-0.04317024670401816,-0.1834605602812032,0.0030197571247790114,-0.1888500215404123,0.29721012765932703
60.954,-0.058632833813263285,-0.04324393149371142,-0.1834605602812032,0.0030197571247790114,-0.1888500215404123,0.29721012765932703
60.988,-0.05909051720299069,-0.043376702175291215,-0.1834605602812032,0.0030197571247790114,-0.1888500215404123,0.29721012765932703
61.056,-0.059962847749236985,-0.043883291302561155,-0.1834605602812032,0.0030197571247790114,-0.1888500215404123,0.29721012765932703
61.09,-0.060345561100584665,-0.04412751043877943,-0.1834605602812032,0.0030197571247790114,-0.1888500215404123,0.29721012765932703
61.124,-0.060711926428447874,-0.04412734745639691,-0.1834605602812032,0.0030197571247790114,-0.1888500215404123,0.29721012765932703
61.192,-0.062132055869144935,-0.04383408984985693,-0.1834605602812032,0.0030197571247790114,-0.1888500215404123,0.29721012765932703
61.226,-0.06237399268968179,-0.04352900528637686,-0.1834605602812032,0.0030197571247790114,-0.1888500215404123,0.29721012765932703
61.294,-0.06331928141343685,-0.04279469406273455,-0.1834605602812032,0.0030197571247790114,-0.1888500215404123,0.29721012765932703
61.328,-0.06360884143522776,-0.04210783436188027,-0.1834605602812032,0.0030197571247790114,-0.1888500215404123,0.29721012765932703
61.396,-0.06453834492549143,-0.04159682643691748,-0.1834605602812032,0.0030197571247790114,-0.1888500215404123,0.29721012765932703
61.43,-0.06493965114278703,-0.0413773017609377,-0.1834605602812032,0.0030197571247790114,-0.1888500215404123,0.29721012765932703
61.464,-0.06533615307699693,-0.04119335818015374,-0.1834605602812032,0.0030197571247790114,-0.1888500215404123,0.29721012765932703
61.532,-0.06605604364917601,-0.040942924583472304,-0.1834605602812032,0.0030197571247790114,-0.1888500215404123,0.29721012765932703
61.566,-0.06641521401859468,-0.040871639587773664,-0.1834605602812032,0.0030197571247790114,-0.1888500215404123,0.29721012765932703
61.634,-0.06697953625225403,-0.0408228214449131,-0.1834605602812032,0.0030197571247790114,-0.1888500215404123,0.29721012765932703
61.668,-0.06714629263301018,-0.040787087295472285,-0.1834605602812032,0.0030197571247790114,-0.1888500215404123,0.29721012765932703
61.736,-0.06721937210929026,-0.040520651151523424,-0.1834605602812032,0.0030197571247790114,-0.1888500215404123,0.29721012765932703
61.77,-0.06720733109054876,-0.04026104988047443,-0.1834605602812032,0.0030197571247790114,-0.1888500215404123,0.29721012765932703
61.838,-0.06674157414834316,-0.039066157529698775,-0.1834605602812032,0.0030197571247790114,-0.1888500215404123,0.29721012765932703
61.872,-0.06627011050446573,-0.03837406232881354,-0.1834605602812032,0.0030197571247790114,-0.1888500215404123,0.29721012765932703
61.906,-0.06585478726914368,-0.037547440517347,-0.1834605602812032,0.0030197571247790114,-0.1888500215404123,0.29721012765932703
61.974,-0.06457310631467038,-0.035196889886592995,-0.1834605602812032,0.0030197571247790114,-0.1888500215404123,0.29721012765932703
62.008,-0.06390896452188667,-0.03426076226644802,-0.1834605602812032,0.0030197571247790114,-0.1888500215404123,0.29721012765932703
62.042,-0.06313571910164455,-0.03341570357625084,-0.1834605602812032,0.0030197571247790114,-0.1888500215404123,0.29721012765932703
62.11,-0.061387630908687915,-0.031378935932058476,-0.1834605602812032,0.0030197571247790114,-0.1888500215404123,0.29721012765932703
62.144,-0.060379752579971246,-0.03034239167751298,-0.1834605602812032,0.0030197571247790114,-0.1888500215404123,0.29721012765932703
62.212,-0.058153397953596295,-0.028390713968731295,-0.1834605602812032,0.0030197571247790114,-0.1888500215404123,0.29721012765932703
62.246,-0.056918960962434595,-0.02767495076872834,-0.1834605602812032,0.0030197571247790114,-0.1888500215404123,0.29721012765932703
62.314,-0.054107895281201114,-0.026983930240918854,-0.1834605602812032,0.0030197571247790114,-0.1888500215404123,0.29721012765932703
62.348,-0.052612857519305306,-0.02688358782804079,-0.1834605602812032,0.0030197571247790114,-0.1888500215404123,0.29721012765932703
62.416,-0.05409974331831082,-0.026588285696805016,-0.1834605602812032,0.0030197571247790114,-0.1888500215404123,0.29721012765932703
62.45,-0.055075013437203536,-0.02644800014972704,-0.1834605602812032,0.0030197571247790114,-0.1888500215404123,0.29721012765932703
62.484,-0.05596460744996966,-0.026503846486671697,-0.1834605602812032,0.0030197571247790114,-0.1888500215404123,0.29721012765932703
62.552,-0.05780213524421575,-0.02630956281553684,-0.1834605602812032,0.0030197571247790114,-0.1888500215404123,0.29721012765932703
62.586,-0.05871939615974545,-0.025999410073391536,-0.1834605602812032,0.0030197571247790114,-0.1888500215404123,0.29721012765932703
62.654,-0.060493243188195024,-0.02506105073006804,-0.1834605602812032,0.0030197571247790114,-0.1888500215404123,0.29721012765932703
62.688,-0.06128821961387289,-0.024490107490047864,-0.1834605602812032,0.0030197571247790114,-0.1888500215404123,0.29721012765932703
62.722,-0.062049671397587845,-0.023883295205926493,-0.1834605602812032,0.0030197571247790114,-0.1888500215404123,0.29721012765932703
62.79,-0.06470252170604113,-0.022953294385844272,-0.1834605602812032,0.0030197571247790114,-0.1888500215404123,0.29721012765932703
62.824,-0.0660402123935116,-0.02247588517426746,-0.1834605602812032,0.0030197571247790114,-0.1888500215404123,0.29721012765932703
62.892,-0.06784080949793686,-0.022610519266155742,-0.1834605602812032,0.0030197571247790114,-0.1888500215404123,0.29721012765932703
62.926,-0.06826516701900143,-0.023132802012067213,-0.1834605602812032,0.0030197571247790114,-0.1888500215404123,0.29721012765932703
62.994,-0.06825449407420957,-0.02491839861580093,-0.1834605602812032,0.0030197571247790114,-0.1888500215404123,0.29721012765932703
63.028,-0.06891210464418586,-0.02506795327323951,-0.1834605602812032,0.0030197571247790114,-0.1888500215404123,0.29721012765932703
63.096,-0.07011306011419394,-0.025190933046954286,-0.1834605602812032,0.0030197571247790114,-0.1888500215404123,0.29721012765932703
63.13,-0.07062469467371679,-0.02523903627916232,-0.1834605602812032,0.0030197571247790114,-0.1888500215404123,0.29721012765932703
63.164,-0.07106397571376746,-0.025296000656070593,-0.1834605602812032,0.0030197571247790114,-0.1888500215404123,0.29721012765932703
63.232,-0.0716306076454251,-0.02561047425173213,-0.1834605602812032,0.0030197571247790114,-0.1888500215404123,0.29721012765932703
63.266,-0.07175347105250893,-0.025830224608899978,-0.1834605602812032,0.0030197571247790114,-0.1888500215404123,0.29721012765932703
63.334,-0.07171018107535576,-0.02668901072444159,-0.1834605602812032,0.0030197571247790114,-0.1888500215404123,0.29721012765932703
63.368,-0.07154716543481553,-0.027353038379746442,-0.1834605602812032,0.0030197571247790114,-0.1888500215404123,0.29721012765932703
63.436,-0.07094740414998046,-0.029385321047371363,-0.1834605602812032,0.0030197571247790114,-0.1888500215404123,0.29721012765932703
63.47,-0.07067910558028391,-0.03050335288536698,-0.1834605602812032,0.0030197571247790114,-0.1888500215404123,0.29721012765932703
63.538,-0.0697774473137142,-0.0329022637781642,-0.1834605602812032,0.0030197571247790114,-0.1888500215404123,0.29721012765932703
63.572,-0.06932730289515163,-0.03401150027369011,-0.1834605602812032,0.0030197571247790114,-0.1888500215404123,0.29721012765932703
63.606,-0.068763188609758,-0.03526705530227328,-0.1834605602812032,0.0030197571247790114,-0.1888500215404123,0.29721012765932703
63.674,-0.06751055680069104,-0.03740509195663725,-0.1834605602812032,0.0030197571247790114,-0.1888500215404123,0.29721012765932703
63.708,-0.06682789394020387,-0.038314547302301334,-0.1834605602812032,0.0030197571247790114,-0.1888500215404123,0.29721012765932703
63.776,-0.06576260641624039,-0.039909583818659694,-0.1834605602812032,0.0030197571247790114,-0.1888500215404123,0.29721012765932703
63.81,-0.06528946784101901,-0.04064295330671066,-0.1834605602812032,0.0030197571247790114,-0.1888500215404123,0.29721012765932703
63.878,-0.06440510320869114,-0.04226755421228448,-0.1834605602812032,0.0030197571247790114,-0.1888500215404123,0.29721012765932703
63.912,-0.06386745504774013,-0.043399745749262225,-0.1834605602812032,0.0030197571247790114,-0.1888500215404123,0.29721012765932703
63.946,-0.0633129276561242,-0.04466163639599486,-0.1834605602812032,0.0030197571247790114,-0.1888500215404123,0.29721012765932703
64.014,-0.06193889220294005,-0.04718413705718732,-0.1834605602812032,0.0030197571247790114,-0.1888500215404123,0.29721012765932703
64.048,-0.06114796423267606,-0.048458651146889714,-0.1834605602812032,0.0030197571247790114,-0.1888500215404123,0.29721012765932703
64.116,-0.05936146975923075,-0.050983524314995,-0.1834605602812032,0.0030197571247790114,-0.1888500215404123,0.29721012765932703
64.15,-0.058377924423802616,-0.05216646892008038,-0.1834605602812032,0.0030197571247790114,-0.1888500215404123,0.29721012765932703
