time,Pxx,Pyy,Pyaw,Pvv,Pbb
366.438,0.050034849156243816,0.05003493461872745,0.020018155999999995,0.0003984117530275958,0.001000034
366.472,0.05006958517259614,0.050071346108488346,0.02003862403930399,0.0002594533132897715,0.0010000679999999998
366.506,0.050104195340078844,0.05010958134344574,0.020061404196519982,0.00023991248228157677,0.0010001019999999997
366.54,0.050138726492995105,0.050149932941508615,0.020086496550256017,0.0002367201123641318,0.0010001359999999998
366.574,0.05017321865661744,0.05019179496269708,0.020113901179120014,0.00023618643869968383,0.0010001699999999997
366.608,0.050207693537676595,0.05023597160902902,0.020143618161720007,0.00023609688307784805,0.0010002039999999995
366.642,0.05024216110179329,0.05028155547331776,0.020175647576664,0.0002360818451796524,0.0010002379999999994
366.676,0.05027662562750704,0.050329192567327985,0.02020998950255999,0.00023607931979252757,0.0010002719999999993
366.71,0.05031108890254372,0.05037809059066318,0.020246644018015982,0.00023607889568439734,0.0010003059999999992
366.744,0.05034555166635158,0.05043097539305791,0.02028561120164004,0.00023607882446046227,0.0010003399999999993
366.778,0.05038001422206741,0.050484810106331,0.02032689113204003,0.00023607881249912877,0.0010003739999999992
366.812,0.050414476692823715,0.05054265448782466,0.02037048388782402,0.00023607881049036067,0.001000407999999999
366.846,0.0504489391323104,0.050601253373498446,0.02041638954760001,0.00023607881015301122,0.001000441999999999
366.88,0.05048340156891339,0.05066472410805494,0.020464608189976,0.00023607881009635726,0.0010004759999999988
366.914,0.05051786400671674,0.050727556381359715,0.020515139893559985,0.0002360788100868429,0.0010005099999999987
366.948,0.05055232644658438,0.050790968589897054,0.02056798473695997,0.00023607881008524503,0.0010005439999999986
366.982,0.050586788891779505,0.05085437406842202,0.02062314279878405,0.00023607881008507218,0.0010005779999999987
367.016,0.05062125134269562,0.05091819995527452,0.020680614157640036,0.0002360788100849477,0.0010006119999999986
367.05,0.050655713801582736,0.05098661825733423,0.02074039889213602,0.0002360788100849268,0.0010006459999999985
367.084,0.05069017626435715,0.051054651049088386,0.020802497080880007,0.00023607881008492327,0.0010006799999999984
367.118,0.05072463874414273,0.05112644991731814,0.020866908802479992,0.00023607881008492267,0.0010007139999999983
367.152,0.05075910124104643,0.051201550874708415,0.020933634135543975,0.00023607881008492256,0.0010007479999999981
367.186,0.05079356376873448,0.05128091779203963,0.021002673158679958,0.00023607881008492256,0.001000781999999998
367.22,0.05082802629731425,0.051360954780364676,0.02107402595049606,0.00023607881008501803,0.0010008159999999981
367.254,0.05086248884739266,0.05144372883539077,0.021147692589600045,0.0002360788100849386,0.001000849999999998
367.288,0.05089695141775376,0.05152624721512007,0.02122367315460003,0.00023607881008492525,0.001000883999999998
367.322,0.05093141401805045,0.05161293702693502,0.02130196772410401,0.000236078810084923,0.0010009179999999978
367.356,0.050965876595571814,0.051692115936983966,0.021382576376719992,0.00023607881008492262,0.0010009519999999977
367.39,0.05100033920118971,0.05177363673695917,0.021465499191055972,0.00023607881008492256,0.0010009859999999975
367.424,0.05103480186571362,0.05186358531003368,0.02155073624571995,0.00023607881008492256,0.0010010199999999974
367.458,0.05106926452289556,0.05195176458366725,0.021638287619320073,0.00023607881008501803,0.0010010539999999975
367.492,0.05110372721525275,0.05204734209204816,0.021728153390464054,0.0002360788100849386,0.0010010879999999974
367.526,0.05113818995279465,0.052145462307560585,0.021820333637760033,0.00023607881008492525,0.0010011219999999973
367.56,0.05117265273067003,0.052242291459010125,0.02191482843981601,0.000236078810084923,0.0010011559999999972
367.594,0.05120711555242748,0.052341902121585945,0.022011637875239985,0.00023607881008492262,0.001001189999999997
367.628,0.0512415784541507,0.05244658681109521,0.02211076202263996,0.00023607881008492256,0.001001223999999997
367.662,0.051276041296462675,0.052543534175876226,0.022212200960623932,0.00023607881008492256,0.0010012579999999968
367.696,0.051310504237400655,0.052647502501761805,0.022315954767800083,0.00023607881008501803,0.001001291999999997
367.73,0.051344967197458555,0.05275346800154685,0.02242202352277606,0.0002360788100849386,0.0010013259999999968
367.764,0.05137943031262339,0.05286681596132048,0.022530407304160036,0.00023607881008492525,0.0010013599999999967
367.798,0.05141389346782229,0.05298214137629069,0.02264110619056001,0.000236078810084923,0.0010013939999999966
367.832,0.05144835655553553,0.05308971832707206,0.022754120260583984,0.00023607881008492262,0.0010014279999999965
367.866,0.051482819752657935,0.05320560310628199,0.022869449592839958,0.00023607881008492256,0.0010014619999999964
367.9,0.051517282923253575,0.05331307295969819,0.02298709426593593,0.00023607881008492256,0.0010014959999999963
367.934,0.051551746378914826,0.05344247413082072,0.0231070543584801,0.00023607881008501803,0.0010015299999999964
367.968,0.0515862097984372,0.053564681886339206,0.023229329949080075,0.0002360788100849386,0.0010015639999999962
368.002,0.05162067334142975,0.05369820836907481,0.023353921116344045,0.00023607881008492525,0.0010015979999999961
368.036,0.05165513682332414,0.053823380541068826,0.023480827938880015,0.000236078810084923,0.001001631999999996
368.07,0.05168960046147535,0.053956347909084657,0.023610050495295985,0.00023607881008492262,0.001001665999999996
368.104,0.05172406409761273,0.05408813019022881,0.023741588864199956,0.00023607881008492256,0.0010016999999999958
368.138,0.051758527821985506,0.05422325816265324,0.023875443124199924,0.00023607881008492256,0.0010017339999999957
368.172,0.051792991629879645,0.054361552104754456,0.02401161335390412,0.00023607881008501803,0.0010017679999999958
368.206,0.05182745563062634,0.05450345975952286,0.024150099631920087,0.0002360788100849386,0.0010018019999999957
368.24,0.05186191982572328,0.0546500625849391,0.024290902036856053,0.00023607881008492525,0.0010018359999999955
368.274,0.05189638422924022,0.05479942518829921,0.024434020647320018,0.000236078810084923,0.0010018699999999954
368.308,0.05193084876996313,0.05495139139455537,0.02457945554191998,0.00023607881008492262,0.0010019039999999953
368.342,0.05196531383539123,0.05512106207293619,0.024727206799263945,0.00023607881008492256,0.0010019379999999952
368.376,0.05199977860263765,0.055269085003274925,0.024877274497959907,0.00023607881008492256,0.001001971999999995
368.41,0.052034243586531234,0.05542058969098879,0.025029658716616127,0.00023607881008501803,0.0010020059999999952
368.444,0.052068709061139015,0.0555849749987102,0.025184359533840094,0.0002360788100849386,0.001002039999999995
368.478,0.05210317442943892,0.055737896986805154,0.025341377028240058,0.00023607881008492525,0.001002073999999995
368.512,0.05213763965731298,0.055879390023796056,0.02550071127842402,0.000236078810084923,0.0010021079999999948
368.546,0.052172105527964814,0.05604081418880534,0.02566236236299998,0.00023607881008492262,0.0010021419999999947
368.58,0.052206571668471424,0.05620905009482329,0.02582633036057594,0.00023607881008492256,0.0010021759999999946
368.614,0.05224103815201037,0.05638028271957464,0.0259926153497599,0.00023607881008492256,0.0010022099999999945
368.648,0.05227550538926743,0.05656940418520592,0.026161217409160137,0.00023607881008501803,0.0010022439999999946
368.682,0.05230997249789974,0.0567467126884462,0.026332136617384098,0.0002360788100849386,0.0010022779999999945
368.716,0.052344440377012,0.05693645484985976,0.026505373053040057,0.00023607881008492525,0.0010023119999999944
368.75,0.052378909359691556,0.057141960106089386,0.026680926794736017,0.000236078810084923,0.0010023459999999942
368.784,0.05241337743977363,0.057319174944164254,0.026858797921079976,0.00023607881008492262,0.0010023799999999941
368.818,0.052447846246611474,0.05750978185996044,0.027038986510679933,0.00023607881008492256,0.001002413999999994
368.852,0.05248231590363256,0.05771126163091626,0.027221492642143887,0.00023607881008492256,0.001002447999999994
368.886,0.05251678513756035,0.057898204707068315,0.02740631639408015,0.00023607881008501803,0.001002481999999994
368.92,0.052551254567030324,0.058086373189420545,0.027593457845096106,0.0002360788100849386,0.0010025159999999939
368.954,0.052585724864589845,0.05828500486765382,0.02778291707380006,0.00023607881008492525,0.0010025499999999938
368.988,0.052620195587634214,0.05848331818156284,0.027974694158800016,0.000236078810084923,0.0010025839999999937
369.022,0.05265466684219978,0.05868494864036704,0.02816878917870397,0.00023607881008492262,0.0010026179999999935
369.056,0.05268913845143191,0.05888956942783329,0.028365202212119925,0.00023607881008492256,0.0010026519999999934
369.09,0.05272361061080168,0.059099792522638986,0.028563933337655875,0.00023607881008492256,0.0010026859999999933
369.124,0.05275808291401198,0.05930900878947788,0.02876498263392016,0.00023607881008501803,0.0010027199999999934
369.158,0.05279255600830012,0.05952465281586366,0.028968350179520114,0.0002360788100849386,0.0010027539999999933
369.192,0.05282702865831583,0.05972603311576891,0.029174036053064064,0.00023607881008492525,0.0010027879999999932
369.226,0.052861501832343824,0.05993289900464557,0.02938204033316001,0.000236078810084923,0.001002821999999993
369.26,0.05289597389561966,0.06011962656732157,0.02959236309841596,0.00023607881008492262,0.001002855999999993
369.294,0.052930448063010394,0.06033746605318441,0.029805004427439906,0.00023607881008492256,0.0010028899999999928
369.328,0.05296492310887113,0.060565152457887135,0.03001996439883985,0.00023607881008492256,0.0010029239999999927
369.362,0.05299939858426731,0.06079508818122875,0.030237243091224157,0.00023607881008501803,0.0010029579999999928
369.396,0.05303387418821318,0.06102031315002502,0.030456840583200105,0.0002360788100849386,0.0010029919999999927
369.43,0.05306834996038938,0.06124297682147613,0.03067875695337605,0.00023607881008492525,0.0010030259999999926
369.464,0.05310282670889227,0.06147336378018646,0.030902992280359993,0.000236078810084923,0.0010030599999999925
369.498,0.05313730381455807,0.06170352507666471,0.031129546642759937,0.00023607881008492262,0.0010030939999999924
369.532,0.05317178340966754,0.06196033244329349,0.03135842011918388,0.00023607881008492256,0.0010031279999999922
369.566,0.053206264713184646,0.06223778650844667,0.03158961278823983,0.00023607881008492256,0.0010031619999999921
369.6,0.053240745403872206,0.06250332045229355,0.03182312472853616,0.00023607881008501803,0.0010031959999999922
369.634,0.053275224309135505,0.0627419267920009,0.032058956018680106,0.0002360788100849386,0.0010032299999999921
369.668,0.053309705157397066,0.06299746901680513,0.03229710673728005,0.00023607881008492525,0.001003263999999992
369.702,0.05334418746906144,0.06326524426491835,0.03253757696294399,0.000236078810084923,0.0010032979999999919
369.736,0.05337867060866917,0.06353569906834375,0.03278036677427992,0.00023607881008492262,0.0010033319999999918
369.77,0.053413153979515765,0.06380253164650145,0.03302547624989586,0.00023607881008492256,0.0010033659999999917
369.804,0.05344763796338197,0.06407346539750337,0.0332729054683998,0.00023607881008492256,0.0010033999999999915
369.838,0.05348212222645299,0.06434200021671659,0.033522654508400154,0.00023607881008501803,0.0010034339999999916
369.872,0.05351660618849289,0.06460466078359654,0.033774723448504095,0.0002360788100849386,0.0010034679999999915
369.906,0.05355109246836671,0.06488461734945093,0.034029112367320036,0.00023607881008492525,0.0010035019999999914
369.94,0.05358557817807159,0.06515208135895992,0.03428582134345597,0.000236078810084923,0.0010035359999999913
369.974,0.053620061217731545,0.06538848628841291,0.03454485045551991,0.00023607881008492262,0.0010035699999999912
370.008,0.05365454626816467,0.06564424910012441,0.034806199782119844,0.00023607881008492256,0.001003603999999991
370.042,0.053689034056020254,0.0659227000665161,0.035069869401863775,0.00023607881008492256,0.001003637999999991
370.076,0.05372352550587245,0.06622749744788367,0.035335859393360154,0.00023607881008501803,0.001003671999999991
370.11,0.05375801898157653,0.06654611551062846,0.03560416983521609,0.0002360788100849386,0.001003705999999991
370.144,0.053792515705461036,0.06688848562705524,0.03587480080604002,0.00023607881008492525,0.0010037399999999908
370.178,0.053827011742383406,0.0672123338532384,0.03614775238443995,0.000236078810084923,0.0010037739999999907
370.212,0.053861506870838,0.06752445563289705,0.03642302464902388,0.00023607881008492262,0.0010038079999999906
370.246,0.05389600350060754,0.06784317556036706,0.036700617678399806,0.00023607881008492256,0.0010038419999999905
370.28,0.05393050207209727,0.06816931427624595,0.036980531551175734,0.00023607881008492256,0.0010038759999999904
370.314,0.05396500330659942,0.06850871805491417,0.03726276634596014,0.00023607881008501803,0.0010039099999999905
370.348,0.05399950619736092,0.06885446048568572,0.03754732214136007,0.0002360788100849386,0.0010039439999999903
370.382,0.05403400753473909,0.06917869469192421,0.037834199015984,0.00023607881008492525,0.0010039779999999902
370.416,0.05406851114000236,0.0695165397536147,0.03812339704843992,0.000236078810084923,0.0010040119999999901
370.45,0.05410301845976466,0.06986818225912728,0.038414916317335845,0.00023607881008492262,0.00100404599999999
370.484,0.05413752649673258,0.07022084623599399,0.03870875690127977,0.00023607881008492256,0.0010040799999999899
370.518,0.05417203391057999,0.07056874196633878,0.0390049188788797,0.00023607881008492256,0.0010041139999999898
370.552,0.05420653997280775,0.07090031685689074,0.03930340232874412,0.00023607881008501803,0.0010041479999999899
370.586,0.05424105092567061,0.07125836389816849,0.03960420732948005,0.0002360788100849386,0.0010041819999999898
370.62,0.05427556007058106,0.07159956466141232,0.03990733395969598,0.00023607881008492525,0.0010042159999999896
370.654,0.05431007929489222,0.07200842603046413,0.040212782297999905,0.000236078810084923,0.0010042499999999895
370.688,0.054344601769842765,0.07243036975785076,0.04052055242299983,0.00023607881008492262,0.0010042839999999894
370.722,0.05437913022011924,0.07288369513330933,0.04083064441330376,0.00023607881008492256,0.0010043179999999893
370.756,0.05441365735641905,0.07331962329402712,0.04114305834751968,0.00023607881008492256,0.0010043519999999892
370.79,0.05444818231236135,0.0737347136481253,0.04145779430425613,0.00023607881008501803,0.0010043859999999893
370.824,0.05448271342191143,0.07418141881813943,0.04177485236212006,0.0002360788100849386,0.0010044199999999892
370.858,0.0545172326663279,0.07455071142750944,0.04209423259971998,0.00023607881008492525,0.001004453999999989
370.892,0.054551761560457004,0.07496733139663551,0.042415935095663895,0.000236078810084923,0.001004487999999989
370.926,0.054586292903219764,0.07538914408363875,0.04273995992855981,0.00023607881008492262,0.0010045219999999888
370.96,0.05462082951167638,0.07582821365344819,0.043066307177015734,0.00023607881008492256,0.0010045559999999887
370.994,0.05465536535369552,0.07625469745873424,0.0433949769196402,0.00023607881008501803,0.0010045899999999888
371.028,0.05468990235198694,0.07667758898845503,0.04372596923504012,0.0002360788100849386,0.0010046239999999887
371.062,0.05472444597241463,0.07712913413836096,0.04405928420182404,0.00023607881008492525,0.0010046579999999886
371.096,0.054758997682865095,0.07761548321736085,0.044394921898599955,0.000236078810084923,0.0010046919999999885
371.13,0.05479354804595048,0.0780815747268643,0.04473288240397587,0.00023607881008492262,0.0010047259999999883
371.164,0.0548280930773735,0.07851586050971641,0.04507316579655978,0.00023607881008492256,0.0010047599999999882
371.198,0.05486264852207299,0.07899592093952192,0.0454157721549597,0.00023607881008492256,0.0010047939999999881
371.232,0.0548972008520855,0.07945632900022341,0.04576070155778419,0.00023607881008501803,0.0010048279999999882
371.266,0.0549317576541789,0.07993255556744258,0.0461079540836401,0.0002360788100849386,0.001004861999999988
371.3,0.05496631316521917,0.08040092159481332,0.04645752981113602,0.00023607881008492525,0.001004895999999988
371.334,0.055000870558321174,0.08087181892600864,0.04680942881887993,0.000236078810084923,0.0010049299999999879
371.368,0.05503542931460622,0.0813463643510953,0.04716365118547984,0.00023607881008492262,0.0010049639999999878
371.402,0.055069995135152816,0.08184507414089107,0.04752019698954375,0.00023607881008492256,0.0010049979999999876
371.436,0.055104561447601,0.08234910641964673,0.04787906630967966,0.00023607881008492256,0.0010050319999999875
371.47,0.055139116737941155,0.08279798971590832,0.04824025922449618,0.00023607881008501803,0.0010050659999999876
371.504,0.05517368563139058,0.08330160139859283,0.048603775812600086,0.0002360788100849386,0.0010050999999999875
371.538,0.05520825849151997,0.08381264776578178,0.048969616152599996,0.00023607881008492525,0.0010051339999999874
371.572,0.05524282945970176,0.08430944405631205,0.04933778032310391,0.000236078810084923,0.0010051679999999873
371.606,0.055277400310692316,0.08479509298634645,0.04970826840271982,0.00023607881008492262,0.0010052019999999872
371.64,0.05531196546842897,0.08525191711088073,0.05008108047005573,0.00023607881008492256,0.001005235999999987
371.674,0.05534654466773749,0.08575903766888443,0.050456216603719635,0.00023607881008492256,0.001005269999999987
371.708,0.055381124872900436,0.0862595510390625,0.05083367688232017,0.00023607881008501803,0.001005303999999987
371.742,0.05541572372342618,0.08683575799336983,0.05121346138446408,0.0002360788100849386,0.001005337999999987
371.776,0.055450321097606836,0.087398942713276,0.05159557018875999,0.00023607881008492525,0.0010053719999999868
371.81,0.055484928965384796,0.08800290132649624,0.05198000337381589,0.000236078810084923,0.0010054059999999867
371.844,0.05551953604925566,0.08859418573480816,0.052366761018239796,0.00023607881008492262,0.0010054399999999866
371.878,0.05555415174469385,0.089213120551546,0.0527558432006397,0.00023607881008492256,0.0010054739999999865
371.912,0.05558875611576465,0.08978890977509994,0.05314724999962361,0.00023607881008492256,0.0010055079999999863
371.946,0.055623372052500876,0.09040638946327999,0.05354098149380017,0.00023607881008501803,0.0010055419999999865
371.98,0.0556579920058993,0.09103763562146565,0.05393703776177607,0.0002360788100849386,0.0010055759999999863
372.014,0.055692620097596054,0.09168855109579001,0.05433541888215997,0.00023607881008492525,0.0010056099999999862
372.048,0.055727244468715936,0.09231617765157177,0.05473612493355987,0.000236078810084923,0.001005643999999986
372.082,0.05576187083967424,0.09294275940260706,0.05513915599458377,0.00023607881008492262,0.001005677999999986
372.116,0.055796507324509886,0.09360053925041849,0.055544512143839674,0.00023607881008492256,0.0010057119999999859
372.15,0.05583114555964776,0.09425448666743923,0.05595219345993557,0.00023607881008492256,0.0010057459999999858
372.184,0.05586576849757865,0.09485138030540947,0.05636220002148015,0.00023607881008501803,0.0010057799999999859
372.218,0.055900401510191426,0.09547398644975053,0.05677453190708005,0.0002360788100849386,0.0010058139999999857
372.252,0.055935059228010384,0.09617274582528616,0.05718918919534395,0.00023607881008492525,0.0010058479999999856
372.286,0.055969706280543874,0.09683003241598094,0.05760617196487985,0.000236078810084923,0.0010058819999999855
372.32,0.056004359281691826,0.09749358115376931,0.058025480294295745,0.00023607881008492262,0.0010059159999999854
372.354,0.056038996160792276,0.09810556412165898,0.058447114262199645,0.00023607881008492256,0.0010059499999999853
372.388,0.05607365015008933,0.09876174639076765,0.058871073947199544,0.00023607881008492256,0.0010059839999999852
372.422,0.05610831036886284,0.09943476026804202,0.05929735942790415,0.00023607881008501803,0.0010060179999999853
372.456,0.056142966296162264,0.10008424023724741,0.05972597078292005,0.0002360788100849386,0.0010060519999999852
372.49,0.05617762615740155,0.10073628391105742,0.06015690809085595,0.00023607881008492525,0.001006085999999985
372.524,0.056212284544600255,0.10137650752483741,0.06059017143031985,0.000236078810084923,0.001006119999999985
372.558,0.056246924197915944,0.10195749466300089,0.06102576087991974,0.00023607881008492262,0.0010061539999999848
372.592,0.05628159206484951,0.10262128995676242,0.06146367651826363,0.00023607881008492256,0.0010061879999999847
372.626,0.05631627324097892,0.10332416056585172,0.06190391842395952,0.00023607881008492256,0.0010062219999999846
372.66,0.05635096971851581,0.10407393155872631,0.06234648667561615,0.00023607881008501803,0.0010062559999999847
372.694,0.05638568961858825,0.10488589917051429,0.06279138135184004,0.0002360788100849386,0.0010062899999999846
372.728,0.05642037672447299,0.10559494525237853,0.06323860253123992,0.00023607881008492525,0.0010063239999999845
372.762,0.05645506962414403,0.1063103524055017,0.0636881502924238,0.000236078810084923,0.0010063579999999843
372.796,0.05648976743062423,0.10703322732978701,0.0641400247139997,0.00023607881008492262,0.0010063919999999842
372.83,0.05652447213749237,0.10777604297306863,0.06459422587457558,0.00023607881008492256,0.001006425999999984
372.864,0.0565591956873936,0.1085635221925746,0.06505075385275946,0.00023607881008492256,0.001006459999999984
372.898,0.05659391285204915,0.10932849379882202,0.06550960872716012,0.00023607881008501803,0.001006493999999984
372.932,0.05662862535191501,0.11007493857898108,0.06597079057638401,0.0002360788100849386,0.001006527999999984
372.966,0.05666331778336602,0.11075474717082771,0.0664342994790399,0.00023607881008492525,0.0010065619999999839
373.0,0.056698071207396755,0.11160346387559517,0.06690013551373576,0.000236078810084923,0.0010065959999999837
373.034,0.056732818716296436,0.11242622737244702,0.06736829875907963,0.00023607881008492262,0.0010066299999999836
373.068,0.05676754783679614,0.11319393695398013,0.0678387892936795,0.00023607881008492256,0.0010066639999999835
373.102,0.0568022862714368,0.11397699551899447,0.06831160719614336,0.00023607881008492256,0.0010066979999999834
373.136,0.05683701345383362,0.11472763739570373,0.06878675254508004,0.00023607881008501803,0.0010067319999999835
373.17,0.05687177238856597,0.11555823829515702,0.06926422541909592,0.0002360788100849386,0.0010067659999999834
373.204,0.056906519333689155,0.11634823112125876,0.0697440258967998,0.00023607881008492525,0.0010067999999999833
373.238,0.056941271335883996,0.1171428275208443,0.07022615405679969,0.000236078810084923,0.0010068339999999832
373.272,0.05697603818418518,0.11796991453422873,0.07071060997770356,0.00023607881008492262,0.001006867999999983
373.306,0.05701085339902561,0.11890678810065285,0.07119739373811944,0.00023607881008492256,0.001006901999999983
373.34,0.05704566345349455,0.11981851874376097,0.07168650541665532,0.00023607881008492256,0.0010069359999999828
373.374,0.05708050063180553,0.12078309316461287,0.07217794509192002,0.00023607881008501803,0.001006969999999983
373.408,0.05711534617080904,0.12176186389155388,0.0726717128425199,0.0002360788100849386,0.0010070039999999828
373.442,0.057150202153606666,0.12275235751135494,0.07316780874706377,0.00023607881008492525,0.0010070379999999827
373.476,0.05718504193477016,0.12368908863587079,0.07366623288415965,0.000236078810084923,0.0010070719999999826
373.51,0.057219912847161984,0.12468860730299394,0.07416698533241552,0.00023607881008492262,0.0010071059999999825
373.544,0.05725479979360893,0.12572057218561475,0.07467006617043938,0.00023607881008492256,0.0010071399999999823
373.578,0.05728966680847027,0.1267055203242779,0.07517547547683924,0.00023607881008492256,0.0010071739999999822
373.612,0.05732453735774609,0.1276897042476648,0.07568321333022397,0.00023607881008501803,0.0010072079999999823
373.646,0.05735942150770845,0.12869400916329257,0.07619327980919985,0.0002360788100849386,0.0010072419999999822
373.68,0.05739427885674795,0.12963492453514658,0.07670567499237572,0.00023607881008492525,0.001007275999999982
373.714,0.05742914636439215,0.13058779901551273,0.0772203989583596,0.000236078810084923,0.001007309999999982
373.748,0.05746396047982951,0.1314174382926031,0.07773745178575946,0.00023607881008492262,0.0010073439999999819
373.782,0.05749881804721663,0.1323340831001703,0.07825683355318332,0.00023607881008492256,0.0010073779999999817
373.816,0.05753373010783874,0.13336988799337737,0.07877854433923918,0.00023607881008492256,0.0010074119999999816
373.85,0.05756865939062291,0.13443594809975024,0.07930258422253593,0.00023607881008501803,0.0010074459999999817
373.884,0.057603559651568284,0.13543023635046736,0.0798289532816798,0.0002360788100849386,0.0010074799999999816
373.918,0.05763850067016981,0.13650018875404066,0.08035765159527966,0.00023607881008492525,0.0010075139999999815
373.952,0.05767342788214579,0.13754305159057084,0.08088867924194351,0.000236078810084923,0.0010075479999999814
373.986,0.05770834686108463,0.1385618880755611,0.08142203630027936,0.00023607881008492262,0.0010075819999999813
374.02,0.057743264639330764,0.13957175719801262,0.08195772284889521,0.00023607881008492256,0.0010076159999999812
374.054,0.05777823180187552,0.1406785101519903,0.08249573896639907,0.00023607881008492256,0.001007649999999981
374.088,0.05781322732371664,0.14183568618844536,0.08303608473139985,0.00023607881008501803,0.0010076839999999811
374.122,0.05784824981997111,0.1430306279498143,0.08357876022250371,0.0002360788100849386,0.001007717999999981
374.156,0.057883252240683955,0.14417967209442029,0.08412376551831957,0.00023607881008492525,0.001007751999999981
374.19,0.05791824414806404,0.1452904168415671,0.08467110069745543,0.000236078810084923,0.0010077859999999808
374.224,0.0579532330263469,0.14638775614535365,0.08522076583851929,0.00023607881008492262,0.0010078199999999807
374.258,0.05798819017305687,0.14740791344520662,0.08577276102011915,0.00023607881008492256,0.0010078539999999806
374.292,0.058023197540841724,0.14852402635705758,0.086327086320863,0.00023607881008492256,0.0010078879999999805
374.326,0.058058200166794895,0.1496241650980563,0.08688374181935979,0.00023607881008501803,0.0010079219999999806
374.36,0.058093185075958016,0.15068067606077015,0.08744272759421565,0.0002360788100849386,0.0010079559999999804
374.394,0.058128196511157325,0.15177837291689114,0.0880040437240395,0.00023607881008492525,0.0010079899999999803
374.428,0.058163263875948605,0.15297773599268794,0.08856769028743935,0.000236078810084923,0.0010080239999999802
374.462,0.05819834719360685,0.15419801655824317,0.08913366736302321,0.00023607881008492262,0.00100805799999998
374.496,0.058233412373835426,0.15536781811259784,0.08970197502939906,0.00023607881008492256,0.00100809199999998
374.53,0.05826856053578746,0.15668065556354308,0.0902726133651749,0.00023607881008492256,0.0010081259999999799
374.564,0.058303668306392796,0.15790280348711425,0.09084558244895972,0.00023607881008501803,0.00100815999999998
374.598,0.058338798704286994,0.1591479333672482,0.09142088235935956,0.0002360788100849386,0.0010081939999999799
374.632,0.05837394024592336,0.1604157015095069,0.0919985131749834,0.00023607881008492525,0.0010082279999999797
374.666,0.05840914584252781,0.16178903104186293,0.09257847497443926,0.000236078810084923,0.0010082619999999796
374.7,0.058444249992079894,0.16297682726735438,0.09316076783633512,0.00023607881008492262,0.0010082959999999795
374.734,0.058479343867762636,0.1641233756663045,0.09374539183927896,0.00023607881008492256,0.0010083299999999794
374.768,0.05851452298596508,0.16541818269990602,0.0943323470618788,0.00023607881008492256,0.0010083639999999793
374.802,0.058549702597745765,0.16671394881013865,0.09492163358274365,0.00023607881008501803,0.0010083979999999794
374.836,0.05858486571041718,0.16798205924668003,0.0955132514804795,0.0002360788100849386,0.0010084319999999793
374.87,0.0586200987086738,0.16936600399850513,0.09610720083369534,0.00023607881008492525,0.0010084659999999791
374.904,0.058655256860406145,0.1706114530677088,0.09670348172099917,0.000236078810084923,0.001008499999999979
374.938,0.05869040172692953,0.17184234989596855,0.097302094220999,0.00023607881008492262,0.001008533999999979
374.972,0.05872557932933769,0.17312089682429674,0.09790303841230284,0.00023607881008492256,0.0010085679999999788
375.006,0.05876079110327957,0.1744452504040117,0.09850631437351869,0.00023607881008492256,0.0010086019999999787
375.04,0.05879602536576267,0.17580018519399482,0.09911192218325554,0.00023607881008501803,0.0010086359999999788
375.074,0.05883124226061168,0.17712191362499827,0.09971986192011938,0.0002360788100849386,0.0010086699999999787
375.108,0.05886647293876881,0.17846423010688622,0.10033013366271921,0.00023607881008492525,0.0010087039999999786
375.142,0.058901691253615655,0.1797904112796201,0.10094273748966306,0.000236078810084923,0.0010087379999999784
375.176,0.0589370227543464,0.18130296903885545,0.10155767347955891,0.00023607881008492262,0.0010087719999999783
375.21,0.058972378903253096,0.18283447729433908,0.10217494171101474,0.00023607881008492256,0.0010088059999999782
375.244,0.0590077960780108,0.18444475255835877,0.10279454226263963,0.00023607881008501803,0.0010088399999999783
375.278,0.059043090074010346,0.1858522762893069,0.10341647521303947,0.0002360788100849386,0.0010088739999999782
375.312,0.0590784308008869,0.18733286538913663,0.1040407406408233,0.00023607881008492525,0.001008907999999978
375.346,0.05911385763985917,0.1889514588286448,0.10466733862459913,0.000236078810084923,0.001008941999999978
375.38,0.059149205833429044,0.19041918393308063,0.10529626924297497,0.00023607881008492262,0.0010089759999999779
375.414,0.05918461336971456,0.19196888783661337,0.10592753257455881,0.00023607881008492256,0.0010090099999999777
375.448,0.05922014152907359,0.19368747857244076,0.10656112869795864,0.00023607881008492256,0.0010090439999999776
375.482,0.059255696678808444,0.19544451109811184,0.10719705769178355,0.00023607881008501803,0.0010090779999999777
375.516,0.0592912744436845,0.19721482999088813,0.10783531963463938,0.0002360788100849386,0.0010091119999999776
375.55,0.05932686851248875,0.1990008921980435,0.10847591460513521,0.00023607881008492525,0.0010091459999999775
375.584,0.05936249526200318,0.20082597206398295,0.10911884268187905,0.000236078810084923,0.0010091799999999774
375.618,0.059398040734654364,0.20248965710712907,0.10976410394347888,0.00023607881008492262,0.0010092139999999773
375.652,0.05943352052337287,0.20404517122715066,0.11041169846854271,0.00023607881008492256,0.0010092479999999771
375.686,0.05946904671981803,0.20566814599667457,0.11106162633567854,0.00023607881008492256,0.001009281999999977
375.72,0.05950473672614731,0.20752285606340082,0.11171388762349548,0.00023607881008501803,0.0010093159999999771
375.754,0.0595403981496925,0.2093326720713678,0.1123684824105993,0.0002360788100849386,0.001009349999999977
375.788,0.05957613716756973,0.21123955807181796,0.11302541077559912,0.00023607881008492525,0.001009383999999977
375.822,0.059611768153707966,0.21298136205602808,0.11368467279710294,0.000236078810084923,0.0010094179999999768
375.856,0.059647515486050184,0.2148738260785954,0.11434626855371877,0.00023607881008492262,0.0010094519999999767
375.89,0.059683272809822115,0.21676538817353158,0.1150101981240546,0.00023607881008492256,0.0010094859999999766
375.924,0.059718956617612146,0.2185422213343144,0.11567646158671842,0.00023607881008492256,0.0010095199999999764
375.958,0.05975461052849839,0.22026799056015778,0.11634505902031937,0.00023607881008501803,0.0010095539999999765
375.992,0.059790261993133365,0.22198579740351582,0.1170159905034632,0.0002360788100849386,0.0010095879999999764
376.026,0.05982599084214808,0.223812521345992,0.11768925611475903,0.00023607881008492525,0.0010096219999999763
376.06,0.05986179152673463,0.22572526963293962,0.11836485593281484,0.000236078810084923,0.0010096559999999762
376.094,0.05989757370270862,0.22759721680919223,0.11904279003623866,0.00023607881008492262,0.001009689999999976
376.128,0.05993345345287893,0.2295969901920389,0.11972305850363849,0.00023607881008492256,0.001009723999999976
376.162,0.059969298006190344,0.23152072350934777,0.12040566141362231,0.00023607881008492256,0.0010097579999999759
376.196,0.060005128013028236,0.2334066620265453,0.1210905988447993,0.00023607881008501803,0.001009791999999976
376.23,0.060040895181515494,0.23519735658319826,0.12177787087577512,0.0002360788100849386,0.0010098259999999758
376.264,0.06007681168313069,0.23719144622305405,0.12246747758515893,0.00023607881008492525,0.0010098599999999757
376.298,0.06011267049587091,0.2390926778280639,0.12315941905155874,0.000236078810084923,0.0010098939999999756
376.332,0.0601484677122365,0.24089689581365992,0.12385369535358255,0.00023607881008492262,0.0010099279999999755
376.366,0.06018432952460672,0.24279008983540107,0.12455030656983837,0.00023607881008492256,0.0010099619999999754
376.4,0.06022020613124818,0.24469025849862117,0.12524925277893417,0.00023607881008492256,0.0010099959999999753
376.434,0.06025610385718584,0.24660498253541085,0.12595053405947917,0.00023607881008501803,0.0010100299999999754
376.468,0.06029186041876085,0.2483252142162441,0.12665415049007897,0.0002360788100849386,0.0010100639999999753
376.502,0.06032778488589597,0.25025376499467145,0.12736010214934276,0.00023607881008492525,0.0010100979999999751
376.536,0.06036390093015937,0.25242126349051336,0.12806838911587856,0.000236078810084923,0.001010131999999975
376.57,0.060399988693206466,0.25453910660747936,0.12877901146829437,0.00023607881008492262,0.001010165999999975
376.604,0.060436067863165056,0.25662735618851695,0.12949196928519818,0.00023607881008492256,0.0010101999999999748
376.638,0.06047224857256917,0.25883133986165036,0.130207262645198,0.00023607881008492256,0.0010102339999999747
376.672,0.06050839273835279,0.26098368502184094,0.13092489162690302,0.00023607881008501803,0.0010102679999999748
376.706,0.06054464058435472,0.26325482947080364,0.13164485630891884,0.0002360788100849386,0.0010103019999999747
376.74,0.06058049335751576,0.26501377070883214,0.13236715676985467,0.00023607881008492525,0.0010103359999999745
376.774,0.06061666678493824,0.26714580257447257,0.13309179308831848,0.000236078810084923,0.0010103699999999744
376.808,0.06065293202778844,0.26936479580690004,0.13381876534291828,0.00023607881008492262,0.0010104039999999743
376.842,0.06068930752090194,0.271704642076895,0.1345480736122621,0.00023607881008492256,0.0010104379999999742
376.876,0.0607255396609698,0.27386751672434134,0.13527971797495789,0.00023607881008492256,0.001010471999999974
376.91,0.06076164949162256,0.2758732663961694,0.13601369850961492,0.00023607881008501803,0.0010105059999999742
376.944,0.06079798697300715,0.27813006930164286,0.1367500152948387,0.0002360788100849386,0.001010539999999974
376.978,0.06083431835413222,0.28034615895876636,0.1374886684092385,0.00023607881008492525,0.001010573999999974
377.012,0.06087086071095979,0.28276954610437327,0.1382296579314223,0.000236078810084923,0.0010106079999999738
377.046,0.06090735733474301,0.2851185309058702,0.1389729839399981,0.00023607881008492262,0.0010106419999999737
377.08,0.06094386167201839,0.2874502555447875,0.1397186465135739,0.00023607881008492256,0.0010106759999999736
377.114,0.06098042462837664,0.2898358657122213,0.1404666457307577,0.00023607881008492256,0.0010107099999999735
377.148,0.061016833642075975,0.2920403263997405,0.14121698167015875,0.00023607881008501803,0.0010107439999999736
377.182,0.06105348722543004,0.2944974900905859,0.14196965441038256,0.0002360788100849386,0.0010107779999999735
377.216,0.06109033952420213,0.2971516730313121,0.14272466403003836,0.00023607881008492525,0.0010108119999999734
377.25,0.06112700636925607,0.29958650287220995,0.14348201060773416,0.000236078810084923,0.0010108459999999733
377.284,0.06116373585551526,0.30209104131421444,0.14424169422207797,0.00023607881008492262,0.0010108799999999731
377.318,0.06120041282842355,0.30453918569479693,0.14500371495167777,0.00023607881008492256,0.001010913999999973
377.352,0.061237173275272117,0.3070392712644576,0.14576807287514157,0.00023607881008492256,0.001010947999999973
377.386,0.06127386729416276,0.3094447438325783,0.14653476807107862,0.00023607881008501803,0.001010981999999973
377.42,0.06131064662746391,0.3119226621489719,0.14730380061809442,0.0002360788100849386,0.001011015999999973
377.454,0.061347630046481465,0.3145955876330674,0.14807517059479822,0.00023607881008492525,0.0010110499999999728
377.488,0.06138460022081028,0.31723249870098397,0.14884887807979802,0.000236078810084923,0.0010110839999999727
377.522,0.06142148723835723,0.3197781745545992,0.1496249231517018,0.00023607881008492262,0.0010111179999999725
377.556,0.06145852016419446,0.3224590291787516,0.1504033058891176,0.00023607881008492256,0.0010111519999999724
377.59,0.061495705918351,0.3252751224677554,0.1511840263706534,0.00023607881008492256,0.0010111859999999723
377.624,0.06153283319755471,0.3280268759245348,0.1519670846749185,0.00023607881008501803,0.0010112199999999724
377.658,0.06157001508699121,0.3308313030828473,0.15275248088051832,0.0002360788100849386,0.0010112539999999723
377.692,0.06160711657350502,0.3335292750297168,0.1535402150660621,0.00023607881008492525,0.0010112879999999722
377.726,0.06164415982145212,0.3361645841094993,0.15433028731015788,0.000236078810084923,0.001011321999999972
377.76,0.06168112773013512,0.33872324230995554,0.15512269769141365,0.00023607881008492262,0.001011355999999972
377.794,0.06171831828902247,0.341477163788198,0.15591744628843743,0.00023607881008492256,0.0010113899999999718
377.828,0.06175555745626904,0.34425622720091914,0.15671453317983722,0.00023607881008492256,0.0010114239999999717
377.862,0.0617924676743932,0.3466885324003815,0.15751395844422234,0.00023607881008501803,0.0010114579999999718
377.896,0.061829563676057644,0.349286210109825,0.15831572216019812,0.0002360788100849386,0.0010114919999999717
377.93,0.06186716036608871,0.3523631855970882,0.15911982440637393,0.00023607881008492525,0.0010115259999999716
377.964,0.06190460152078059,0.3552930757242944,0.15992626526135773,0.000236078810084923,0.0010115599999999715
377.998,0.06194191790778931,0.3581011957549397,0.16073504480375753,0.00023607881008492262,0.0010115939999999714
378.032,0.06197940386992585,0.3610741326884181,0.1615461631121813,0.00023607881008492256,0.0010116279999999713
378.066,0.0620169238283519,0.364023851275371,0.1623596202652371,0.00023607881008492256,0.0010116619999999711
378.1,0.06205442859824926,0.3669344129805925,0.16317541634153424,0.00023607881008501803,0.0010116959999999712
378.134,0.06209198838032366,0.36989126541648626,0.163993551419678,0.0002360788100849386,0.0010117299999999711
378.168,0.062129181897185186,0.37247795482048,0.16481402557827776,0.00023607881008492525,0.001011763999999971
378.202,0.062166613026570276,0.37526485571502327,0.16563683889594152,0.000236078810084923,0.001011797999999971
378.236,0.06220395826344336,0.3779721999686951,0.1664619914512773,0.00023607881008492262,0.0010118319999999708
378.27,0.06224137943628026,0.3807359524294667,0.1672894833228931,0.00023607881008492256,0.0010118659999999707
378.304,0.06227903276167048,0.3837030759447294,0.16811931458939688,0.00023607881008492256,0.0010118999999999705
378.338,0.06231662165359916,0.38659971951656985,0.16895148532939805,0.00023607881008501803,0.0010119339999999707
378.372,0.06235403452666135,0.3893254952382456,0.16978599562150182,0.0002360788100849386,0.0010119679999999705
378.406,0.062391724173106504,0.39228818888917566,0.1706228455443176,0.00023607881008492525,0.0010120019999999704
378.44,0.06242943219202192,0.3952358790531941,0.17146203517645336,0.000236078810084923,0.0010120359999999703
378.474,0.06246700042132902,0.3980528540705459,0.17230356459651713,0.00023607881008492262,0.0010120699999999702
378.508,0.06250497365687427,0.40119489032175226,0.1731474338831169,0.00023607881008492256,0.00101210399999997
378.542,0.06254321451417796,0.404550990026933,0.17399364311486068,0.00023607881008492256,0.00101213799999997
378.576,0.06258145187053962,0.40787572980664577,0.17484219237035786,0.00023607881008501803,0.00101217199999997
378.61,0.06261968374365395,0.41117312587362376,0.17569308172821363,0.0002360788100849386,0.00101220599999997
378.644,0.06265815890495241,0.41467382576901496,0.1765463112670374,0.00023607881008492525,0.0010122399999999698
378.678,0.06269638561642735,0.41793510580897525,0.1774018810654372,0.000236078810084923,0.0010122739999999697
378.712,0.06273450224243657,0.4210847967076323,0.17825979120202098,0.00023607881008492262,0.0010123079999999696
378.746,0.06277290603796205,0.42446184287795147,0.17912004175539675,0.00023607881008492256,0.0010123419999999695
378.78,0.06281084585420181,0.4274159590097756,0.1799826328041725,0.00023607881008492256,0.0010123759999999694
378.814,0.06284914783090695,0.4306444893795558,0.18084756442695774,0.00023607881008501803,0.0010124099999999695
378.848,0.06288766175305409,0.4340156024012883,0.1817148367023575,0.0002360788100849386,0.0010124439999999694
378.882,0.06292659047949345,0.43769845867719226,0.18258444970898127,0.00023607881008492525,0.0010124779999999692
378.916,0.06296525569786125,0.44116343115031526,0.18345640352543705,0.000236078810084923,0.0010125119999999691
378.95,0.06300401448370563,0.44470130701860694,0.1843306982303328,0.00023607881008492262,0.001012545999999969
378.984,0.06304282267123396,0.44827637642829826,0.18520733390227656,0.00023607881008492256,0.001012579999999969
379.018,0.06308156448959305,0.4517863042205408,0.18608631061987635,0.00023607881008492256,0.0010126139999999688
379.052,0.0631202688334919,0.45526341296337386,0.18696762846174161,0.00023607881008501803,0.0010126479999999689
379.086,0.06315889666953477,0.458647596253193,0.18785128750647737,0.0002360788100849386,0.0010126819999999688
379.12,0.06319774575264525,0.46215111570647227,0.18873728783269314,0.00023607881008492525,0.0010127159999999687
379.154,0.0632364464164563,0.4655343840126832,0.18962562951899692,0.000236078810084923,0.0010127499999999685
379.188,0.06327547861747367,0.4691638033456421,0.19051631264399668,0.00023607881008492262,0.0010127839999999684
379.222,0.06331487955289286,0.47306732069181673,0.19140933728630044,0.00023607881008492256,0.0010128179999999683
379.256,0.06335427198533183,0.4769251627628841,0.1923047035245162,0.00023607881008492256,0.0010128519999999682
379.29,0.06339329656948885,0.4804723476919789,0.19320241143725345,0.00023607881008501803,0.0010128859999999683
379.324,0.06343273610632912,0.4843010853316055,0.1941024611031172,0.0002360788100849386,0.0010129199999999682
379.358,0.06347302567561913,0.4887594143424668,0.19500485260071698,0.00023607881008492525,0.001012953999999968
379.392,0.06351287062083648,0.49283635396404846,0.19590958600866076,0.000236078810084923,0.001012987999999968
379.426,0.06355241341126926,0.49665003532461593,0.19681666140555654,0.00023607881008492262,0.0010130219999999678
379.46,0.0635917419165335,0.5002791571045911,0.1977260788700123,0.00023607881008492256,0.0010130559999999677
379.494,0.06363164448506504,0.5043212987754285,0.1986378384806376,0.00023607881008501803,0.0010130899999999678
379.528,0.06367174118701988,0.5084828975037252,0.19955194031603735,0.0002360788100849386,0.0010131239999999677
379.562,0.06371204649893995,0.5127600795726316,0.2004683844548211,0.00023607881008492525,0.0010131579999999676
379.596,0.06375238810929887,0.5170138511117148,0.20138717097559686,0.000236078810084923,0.0010131919999999675
379.63,0.06379280858657474,0.5213084407118217,0.20230829995697264,0.00023607881008492262,0.0010132259999999674
379.664,0.06383312475400378,0.5255084986595773,0.20323177147755642,0.00023607881008492256,0.0010132599999999672
379.698,0.06387312296548614,0.529459826989793,0.20415758561595618,0.00023607881008492256,0.0010132939999999671
379.732,0.06391343804426777,0.5336221787547082,0.20508574245078148,0.00023607881008501803,0.0010133279999999672
379.766,0.06395386670631642,0.5378353319025095,0.20601624206063723,0.0002360788100849386,0.0010133619999999671
379.8,0.06399446786593292,0.5421183436202113,0.206949084524133,0.00023607881008492525,0.001013395999999967
379.834,0.06403471161604325,0.5461523848459231,0.20788426991987677,0.000236078810084923,0.0010134299999999669
379.868,0.06407549123799626,0.5505349092024319,0.20882179832647654,0.00023607881008492262,0.0010134639999999668
379.902,0.06411498480604456,0.5540037609847058,0.2097616698225403,0.00023607881008492256,0.0010134979999999667
379.936,0.06415512039255791,0.5579086305092643,0.21070388448667604,0.00023607881008492256,0.0010135319999999665
379.97,0.06419559251411448,0.5620522819486058,0.21164844239749336,0.00023607881008501803,0.0010135659999999666
380.004,0.06423625937049744,0.5663174033479438,0.2125953436335971,0.0002360788100849386,0.0010135999999999665
380.038,0.06427732993076853,0.5708524791465649,0.21354458827359687,0.00023607881008492525,0.0010136339999999664
380.072,0.06431796345421104,0.5750898050592252,0.21449617639610064,0.000236078810084923,0.0010136679999999663
380.106,0.06435859019379768,0.5793183567376422,0.2154501080797164,0.00023607881008492262,0.0010137019999999662
380.14,0.06439944393980986,0.5836737177582247,0.21640638340305215,0.00023607881008492256,0.001013735999999966
380.174,0.06444049808811175,0.5881568651048203,0.2173650024447159,0.00023607881008492256,0.001013769999999966
380.208,0.06448207454662071,0.5929780505732315,0.21832596528331724,0.00023607881008501803,0.001013803999999966
380.242,0.06452386744827322,0.5979186807420921,0.21928927199746098,0.0002360788100849386,0.001013837999999966
380.276,0.06456508876940666,0.6024708793150284,0.22025492266575672,0.00023607881008492525,0.0010138719999999658
380.31,0.06460636216052994,0.6070450316869542,0.22122291736681246,0.000236078810084923,0.0010139059999999657
380.344,0.06464780505124028,0.6116759004917485,0.22219325617923621,0.00023607881008492262,0.0010139399999999656
380.378,0.06468898027906882,0.6161094272030646,0.22316593918163596,0.00023607881008492256,0.0010139739999999655
380.412,0.06473041783056091,0.6206720310700815,0.2241409664526197,0.00023607881008492256,0.0010140079999999654
380.446,0.06477231563929003,0.6255290170930097,0.22511833807079706,0.00023607881008501803,0.0010140419999999655
380.48,0.06481432512470157,0.6304608781120716,0.22609805411477282,0.0002360788100849386,0.0010140759999999653
380.514,0.0648564031557381,0.6354048455927249,0.22708011466315658,0.00023607881008492525,0.0010141099999999652
380.548,0.06489805679883472,0.64006369320533,0.22806451979455633,0.000236078810084923,0.0010141439999999651
380.582,0.06494030513869892,0.6450438779819765,0.22905126958758007,0.00023607881008492262,0.001014177999999965
380.616,0.06498265599662513,0.6500505496696416,0.2300403641208358,0.00023607881008492256,0.0010142119999999649
380.65,0.06502482527804274,0.6549169743460106,0.23103180347293154,0.00023607881008492256,0.0010142459999999648
380.684,0.06506791318235107,0.6603432695950855,0.23202558772247694,0.00023607881008501803,0.0010142799999999649
380.718,0.06511069872896119,0.6655667892217222,0.23302171694807666,0.0002360788100849386,0.0010143139999999648
380.752,0.06515340857129077,0.6707091823797329,0.2340201912283404,0.00023607881008492525,0.0010143479999999646
380.786,0.06519592000732935,0.6757016897906492,0.23502101064187614,0.000236078810084923,0.0010143819999999645
380.82,0.0652387522386724,0.6808518494099564,0.23602417526729189,0.00023607881008492262,0.0010144159999999644
380.854,0.06528190070063068,0.6861537568931213,0.23702968518319562,0.00023607881008492256,0.0010144499999999643
380.888,0.06532528418082886,0.6915809628520015,0.23803754046819534,0.00023607881008492256,0.0010144839999999642
380.922,0.06536830521056958,0.6967561114208958,0.23904774120090075,0.00023607881008501803,0.0010145179999999643
380.956,0.06541182878907362,0.7022095945754596,0.24006028745991648,0.0002360788100849386,0.0010145519999999642
380.99,0.06545626676196642,0.7081554031716057,0.24107517932385222,0.00023607881008492525,0.001014585999999964
381.024,0.06549977598764703,0.7135399759387745,0.24209241687131597,0.000236078810084923,0.001014619999999964
381.058,0.06554352056548307,0.7190102583057087,0.2431120001809157,0.00023607881008492262,0.0010146539999999638
381.092,0.065587096082733,0.7243850455500128,0.2441339293312594,0.00023607881008492256,0.0010146879999999637
381.126,0.06563052245107474,0.7296521451742346,0.24515820440095512,0.00023607881008492256,0.0010147219999999636
381.16,0.06567328351840789,0.734506199250217,0.2461848254686126,0.00023607881008501803,0.0010147559999999637
381.194,0.06571586478619229,0.7392328717805925,0.24721379261283633,0.0002360788100849386,0.0010147899999999636
381.228,0.06575967125454292,0.7446476543439435,0.24824510591223606,0.00023607881008492525,0.0010148239999999635
381.262,0.06580311062398514,0.7498554294818605,0.24927876544541977,0.000236078810084923,0.0010148579999999633
381.296,0.06584734122600228,0.7555179725782276,0.2503147712909955,0.00023607881008492262,0.0010148919999999632
381.33,0.06589162134518309,0.761177646515352,0.2513531235275712,0.00023607881008492256,0.0010149259999999631
381.364,0.06593519052087321,0.766395993998883,0.25239382223375495,0.00023607881008492256,0.001014959999999963
381.398,0.06598023427270029,0.7724163978587306,0.25343686748815647,0.00023607881008501803,0.001014993999999963
381.432,0.06602572829523778,0.7786730480826676,0.2544822593693802,0.0002360788100849386,0.001015027999999963
381.466,0.06607035723831162,0.784431732296415,0.2555299979560359,0.00023607881008492525,0.0010150619999999629
381.5,0.06611524950580958,0.7903254901284308,0.25658008332673166,0.000236078810084923,0.0010150959999999628
381.534,0.06615973646878204,0.7959820819390477,0.2576325155600754,0.00023607881008492262,0.0010151299999999626
381.568,0.06620338971441685,0.8011286757488669,0.2586872947346751,0.00023607881008492256,0.0010151639999999625
381.602,0.06624660365279958,0.806019828149589,0.25974442092913885,0.00023607881008492256,0.0010151979999999624
381.636,0.06629092979711472,0.8114894252349765,0.26080389422207634,0.00023607881008501803,0.0010152319999999625
381.67,0.06633608122271885,0.8173753756391198,0.261865714692092,0.0002360788100849386,0.0010152659999999624
381.704,0.06638113312432067,0.8231914680616814,0.26292988241779575,0.00023607881008492525,0.0010152999999999623
381.738,0.06642617480305885,0.828974159001945,0.26399639747779546,0.000236078810084923,0.0010153339999999622
381.772,0.06647179953883953,0.8350611414813081,0.2650652599506992,0.00023607881008492262,0.001015367999999962
381.806,0.06651657153849795,0.8406608518428161,0.2661364699151149,0.00023607881008492256,0.001015401999999962
381.84,0.06656146051412824,0.84631302219321,0.2672100274496506,0.00023607881008492256,0.0010154359999999618
381.874,0.0666062581034269,0.8518781151775889,0.2682859326329161,0.00023607881008501803,0.001015469999999962
381.908,0.0666524477000844,0.8581444355840463,0.2693641855435159,0.0002360788100849386,0.0010155039999999618
381.942,0.06669824507563074,0.8642190080521522,0.27044478626005963,0.00023607881008492525,0.0010155379999999617
381.976,0.06674537682594948,0.8710144290451269,0.2715277348611554,0.000236078810084923,0.0010155719999999616
382.01,0.06679108047460097,0.8770492058432965,0.2726130314254111,0.00023607881008492262,0.0010156059999999615
382.044,0.06683634612571226,0.8828219765731281,0.2737006760314348,0.00023607881008492256,0.0010156399999999613
382.078,0.06688191084945833,0.8887373873166395,0.2747906687578345,0.00023607881008492256,0.0010156739999999612
382.112,0.06692743023315963,0.894606567112869,0.27588300968322005,0.00023607881008501803,0.0010157079999999613
382.146,0.06697455459936177,0.9012849657510722,0.2769776988861958,0.0002360788100849386,0.0010157419999999612
382.18,0.06701924065729842,0.9066631932457107,0.2780747364453715,0.00023607881008492525,0.001015775999999961
382.214,0.06706526960330755,0.91268769331276,0.27917412243935524,0.000236078810084923,0.001015809999999961
382.248,0.067112212627471,0.9191956060473657,0.28027585694675494,0.00023607881008492262,0.0010158439999999609
382.282,0.067160379986998,0.9262859349580443,0.2813799400461786,0.00023607881008492256,0.0010158779999999608
382.316,0.06720838679759336,0.933256093238337,0.2824863718162343,0.00023607881008492256,0.0010159119999999606
382.35,0.0672553937444553,0.9397081068261238,0.2835951523355319,0.00023607881008501803,0.0010159459999999607
382.384,0.06730299921314996,0.9464368114955986,0.28470628168267564,0.0002360788100849386,0.0010159799999999606
382.418,0.06734981143227207,0.95275567489003,0.2858197599362754,0.00023607881008492525,0.0010160139999999605
382.452,0.0673967232827184,0.9590980342452907,0.2869355871749391,0.000236078810084923,0.0010160479999999604
382.486,0.06744389850564868,0.9655424628369662,0.2880537634772748,0.00023607881008492262,0.0010160819999999603
382.52,0.06749286156865007,0.9728319667099937,0.2891742889218905,0.00023607881008492256,0.0010161159999999602
382.554,0.06754173006333884,0.9800192515514222,0.2902971635873942,0.00023607881008492256,0.00101614999999996
382.588,0.06759034659735204,0.9870465350503247,0.2914223875523958,0.00023607881008501803,0.0010161839999999602
382.622,0.06763853086508483,0.993836377091173,0.2925499608954995,0.0002360788100849386,0.00101621799999996
382.656,0.0676873086256064,1.0009049786906519,0.29367988369531517,0.00023607881008492525,0.00101625199999996
382.69,0.06773546105669427,1.0076863029423577,0.29481215603045086,0.000236078810084923,0.0010162859999999598
382.724,0.067783303517515,1.0143010207733913,0.2959467779795146,0.00023607881008492262,0.0010163199999999597
382.758,0.06783121604647631,1.0209204770984541,0.2970837496211143,0.00023607881008492256,0.0010163539999999596
382.792,0.06788037104334847,1.0281455264645083,0.298223071033858,0.00023607881008492256,0.0010163879999999595
382.826,0.0679291429120331,1.035149594232805,0.2993647422963556,0.00023607881008501803,0.0010164219999999596
382.86,0.06797696305154581,1.0416466485472675,0.30050876348721134,0.0002360788100849386,0.0010164559999999595
382.894,0.06802609930837922,1.0487552514060134,0.3016551346850351,0.00023607881008492525,0.0010164899999999593
382.928,0.06807642892836095,1.0563944435152495,0.3028038559684348,0.000236078810084923,0.0010165239999999592
382.962,0.0681252522234798,1.063268650180447,0.3039549274160185,0.00023607881008492262,0.001016557999999959
382.996,0.06817599688399979,1.0709882288769563,0.30510834910639417,0.00023607881008492256,0.001016591999999959
383.03,0.06822695846936536,1.0787527130312375,0.30626412111816986,0.00023607881008492256,0.0010166259999999589
383.064,0.06827834677838786,1.08669650263078,0.3074222435299555,0.00023607881008501803,0.001016659999999959
383.098,0.06832935336132061,1.0944253355694606,0.3085827164203552,0.0002360788100849386,0.0010166939999999589
383.132,0.06837956101865353,1.1017230305488432,0.30974553986797887,0.00023607881008492525,0.0010167279999999587
383.166,0.06843005886790887,1.1091003042126,0.3109107139514346,0.000236078810084923,0.0010167619999999586
383.2,0.06847884397202374,1.115662486892044,0.31207823874933033,0.00023607881008492262,0.0010167959999999585
383.234,0.0685284207074059,1.1225961521893748,0.31324811434027405,0.00023607881008492256,0.0010168299999999584
383.268,0.06857747513711966,1.1292482378628237,0.31442034080287373,0.00023607881008492256,0.0010168639999999583
383.302,0.06862847323241739,1.1367809089419438,0.31559491821573943,0.00023607881008501803,0.0010168979999999584
383.336,0.06867913585431122,1.1441354278137599,0.3167718466574751,0.0002360788100849386,0.0010169319999999583
383.37,0.06873083811285331,1.1519396747797053,0.3179511262066908,0.00023607881008492525,0.0010169659999999582
383.404,0.06878373073075236,1.1602539689041562,0.3191327569419945,0.000236078810084923,0.001016999999999958
383.438,0.06883347669757879,1.1671586416249113,0.3203167389419942,0.00023607881008492262,0.001017033999999958
383.472,0.068886088702158,1.1753029774378494,0.3215030722852979,0.00023607881008492256,0.0010170679999999578
383.506,0.06893903327462161,1.1835768493541108,0.32269175705051356,0.00023607881008492256,0.0010171019999999577
383.54,0.06899188769546978,1.1917561555412948,0.32388279331625125,0.00023607881008501803,0.0010171359999999578
383.574,0.06904408923918431,1.1996078182624021,0.325076181161115,0.0002360788100849386,0.0010171699999999577
383.608,0.06909696437574761,1.207720750420571,0.3262719206637147,0.00023607881008492525,0.0010172039999999576
383.642,0.06915043471685212,1.2160551303318115,0.3274700119026584,0.000236078810084923,0.0010172379999999575
383.676,0.06920531262335565,1.224913567451557,0.3286704549565541,0.00023607881008492262,0.0010172719999999573
383.71,0.06925969635560453,1.2335570909043538,0.3298732499040098,0.00023607881008492256,0.0010173059999999572
383.744,0.06931377440755876,1.2420310417160703,0.3310783968236355,0.00023607881008501803,0.0010173399999999573
383.778,0.06936647792714769,1.2498798436274814,0.33228589579403517,0.0002360788100849386,0.0010173739999999572
383.812,0.06942058368500702,1.2582831075303573,0.33349574689381883,0.00023607881008492525,0.001017407999999957
383.846,0.06947373546493527,1.2662614703187247,0.3347079502015945,0.000236078810084923,0.001017441999999957
383.88,0.06952651972958242,1.2740331718892335,0.33592250579597016,0.00023607881008492262,0.0010174759999999569
383.914,0.06958102950524672,1.282532350544038,0.33713941375555384,0.00023607881008492256,0.0010175099999999567
383.948,0.06963510407904426,1.2908117491390374,0.33835867415895354,0.00023607881008492256,0.0010175439999999566
383.982,0.06968664784734224,1.2980145870025168,0.3395802870847793,0.00023607881008501803,0.0010175779999999567
384.016,0.06973930844052252,1.305627863917984,0.34080425261163494,0.0002360788100849386,0.0010176119999999566
384.05,0.06979352605862167,1.313886368612373,0.3420305708181306,0.00023607881008492525,0.0010176459999999565
384.084,0.06984787111298113,1.3221589805618308,0.34325924178287426,0.000236078810084923,0.0010176799999999564
384.118,0.06990525952731293,1.3316774498178439,0.34449026558447393,0.00023607881008492262,0.0010177139999999563
384.152,0.06996185162613187,1.3408255091283254,0.3457236423015376,0.00023607881008492256,0.0010177479999999562
384.186,0.0700193018045045,1.350290521777465,0.3469593720126733,0.00023607881008492256,0.001017781999999956
384.22,0.07007708618297123,1.359885646754713,0.34819745479649106,0.00023607881008501803,0.0010178159999999561
384.254,0.07013396918180076,1.3691111069391813,0.3494378907315947,0.0002360788100849386,0.001017849999999956
384.288,0.07018994397104487,1.3779131708232033,0.35068067989659435,0.00023607881008492525,0.001017883999999956
384.322,0.07024780349165516,1.3874611845241795,0.351925822370098,0.000236078810084923,0.0010179179999999558
384.356,0.07030395134242953,1.3962552692539862,0.3531733182307137,0.00023607881008492262,0.0010179519999999557
384.39,0.07035848790454317,1.4043155473170499,0.3544231675570494,0.00023607881008492256,0.0010179859999999556
384.424,0.07041437505110477,1.4129006558898334,0.3556753704277131,0.00023607881008492256,0.0010180199999999555
384.458,0.07047129954728033,1.4218485324679664,0.35692992692131487,0.00023607881008501803,0.0010180539999999556
384.492,0.07052787458647389,1.4306122020514014,0.35818683711645855,0.0002360788100849386,0.0010180879999999554
384.526,0.07058813934828594,1.4407927697320866,0.35944610109175423,0.00023607881008492525,0.0010181219999999553
384.56,0.07064493776231126,1.4495852462821257,0.36070771892580994,0.000236078810084923,0.0010181559999999552
384.594,0.07070188220330703,1.4583911550564232,0.36197169069723356,0.00023607881008492262,0.001018189999999955
384.628,0.07075811179042124,1.4668830071115726,0.3632380164846332,0.00023607881008492256,0.001018223999999955
384.662,0.07081677745886915,1.4762958160676996,0.36450669636661687,0.00023607881008492256,0.0010182579999999549
384.696,0.07087421174515378,1.4852397642093884,0.3657777304217947,0.00023607881008501803,0.001018291999999955
384.73,0.07093421726061995,1.4951417220937968,0.36705111872877033,0.0002360788100849386,0.0010183259999999549
384.764,0.07099209236960491,1.5041738763163635,0.368326861366154,0.00023607881008492525,0.0010183599999999547
384.798,0.07105234587518816,1.5140846660282237,0.3696049584125537,0.000236078810084923,0.0010183939999999546
384.832,0.07111248737862892,1.523916957586143,0.37088540994657737,0.00023607881008492262,0.0010184279999999545
384.866,0.07117287162898847,1.5337941880835881,0.37216821604683303,0.00023607881008492256,0.0010184619999999544
384.9,0.07123301246466546,1.5435527427016082,0.3734533767919287,0.00023607881008492256,0.0010184959999999543
384.934,0.07129232435841892,1.5529320083978098,0.3747408922604745,0.00023607881008501803,0.0010185299999999544
384.968,0.07135140613510758,1.5622059722975503,0.3760307625310742,0.0002360788100849386,0.0010185639999999543
385.002,0.07141280836842843,1.572293893395606,0.37732298768233785,0.00023607881008492525,0.0010185979999999541
385.036,0.0714751135448349,1.5827018749011572,0.3786175677928735,0.000236078810084923,0.001018631999999954
385.07,0.0715355556023609,1.5923727691487264,0.37991450294128914,0.00023607881008492262,0.001018665999999954
385.104,0.07159578892664746,1.6019212797848545,0.3812137932061928,0.00023607881008492256,0.0010186999999999538
385.138,0.07165789005763744,1.612100545495658,0.3825154386661925,0.00023607881008492256,0.0010187339999999537
385.172,0.07171987394970501,1.6222446863441196,0.3838194393998983,0.00023607881008501803,0.0010187679999999538
385.206,0.07177978942377522,1.6315792419658974,0.38512579548591397,0.0002360788100849386,0.0010188019999999537
385.24,0.07184136018312749,1.6414787170297265,0.3864345070028496,0.00023607881008492525,0.0010188359999999536
385.274,0.07190506520611212,1.6521340324794627,0.3877455740293132,0.000236078810084923,0.0010188699999999534
385.308,0.07196852631100256,1.6627285158241245,0.3890589966439128,0.00023607881008492262,0.0010189039999999533
385.342,0.07203362234123818,1.6738900613748722,0.3903747749252564,0.00023607881008492256,0.0010189379999999532
385.376,0.07209908095747296,1.6851804334769536,0.391692908951952,0.00023607881008492256,0.001018971999999953
385.41,0.07216519023584418,1.696663326071137,0.39301339880260994,0.00023607881008501803,0.0010190059999999532
385.444,0.07222988859331257,1.707536355587994,0.3943362445558336,0.0002360788100849386,0.001019039999999953
385.478,0.07229363480771928,1.718006614927912,0.39566144629023325,0.00023607881008492525,0.001019073999999953
385.512,0.07235555565495169,1.7277886373758502,0.3969890040844169,0.000236078810084923,0.0010191079999999529
385.546,0.07241931642854017,1.738233916189755,0.39831891801699254,0.00023607881008492262,0.0010191419999999527
385.58,0.0724832404041781,1.7487295906866231,0.3996511881665682,0.00023607881008492256,0.0010191759999999526
385.614,0.07254989453672839,1.7601478779346107,0.40098581461175187,0.00023607881008492256,0.0010192099999999525
385.648,0.07261731512863,1.7718740534930277,0.4023227974311538,0.00023607881008501803,0.0010192439999999526
385.682,0.07268096855896126,1.782234525230125,0.4036621367033774,0.0002360788100849386,0.0010192779999999525
385.716,0.07274740209905807,1.7935148398434768,0.40500383250703303,0.00023607881008492525,0.0010193119999999524
385.75,0.07281358839375729,1.804657798342411,0.40634788492072865,0.000236078810084923,0.0010193459999999523
385.784,0.0728789108653258,1.8154415466622296,0.4076942940230723,0.00023607881008492262,0.0010193799999999521
385.818,0.07294637550333934,1.8269281985188537,0.4090430598926719,0.00023607881008492256,0.001019413999999952
385.852,0.07301446574161052,1.8385400416730557,0.4103941826081356,0.00023607881008492256,0.001019447999999952
385.886,0.07308179669935745,1.849859916668474,0.4117476622480735,0.00023607881008501803,0.001019481999999952
385.92,0.07315095560246743,1.8617610152977606,0.41310349889108916,0.0002360788100849386,0.001019515999999952
385.954,0.07321816709386564,1.8729299606065182,0.4144616926157928,0.00023607881008492525,0.0010195499999999518
385.988,0.0732888002524293,1.885234428380346,0.41582224350079244,0.000236078810084923,0.0010195839999999517
386.022,0.07335971353643102,1.897588249505292,0.4171851516246961,0.00023607881008492262,0.0010196179999999516
386.056,0.07342687708405281,1.9085888162183373,0.41855041706611174,0.00023607881008492256,0.0010196519999999514
386.09,0.07349736894907272,1.9206396869061735,0.41991803990364734,0.00023607881008492256,0.0010196859999999513
386.124,0.07357134489966163,1.93381287512652,0.42128802021591333,0.00023607881008501803,0.0010197199999999514
386.158,0.07364599833689793,1.9471981017397648,0.4226603580815129,0.0002360788100849386,0.0010197539999999513
386.192,0.07371652651833017,1.9591811284671967,0.4240350535790565,0.00023607881008492525,0.0010197879999999512
386.226,0.07378846815244233,1.9716599928165952,0.42541210678715213,0.000236078810084923,0.001019821999999951
386.26,0.0738608446088805,1.9842714024274724,0.42679151778440777,0.00023607881008492262,0.001019855999999951
386.294,0.07393355561797642,1.9968749004984643,0.4281732866494314,0.00023607881008492256,0.0010198899999999509
386.328,0.07400357898929413,2.00852873888064,0.429557413460831,0.00023607881008492256,0.0010199239999999507
386.362,0.07407851589520979,2.02172557934215,0.43094389829721697,0.00023607881008501803,0.0010199579999999508
386.396,0.07415137669856009,2.034192177346749,0.4323327412371926,0.0002360788100849386,0.0010199919999999507
386.43,0.0742231966444987,2.0462863318029636,0.43372394235936823,0.00023607881008492525,0.0010200259999999506
386.464,0.07429272944884603,2.0576199384291414,0.43511750174235186,0.000236078810084923,0.0010200599999999505
386.498,0.07436740226644628,2.0705187004763164,0.43651341946475153,0.00023607881008492262,0.0010200939999999504
386.532,0.07443955803055648,2.082581441875526,0.4379116956051752,0.00023607881008492256,0.0010201279999999503
386.566,0.07451238496149723,2.0948345484916717,0.4393123302422308,0.00023607881008492256,0.0010201619999999501
386.6,0.07458251971441811,2.1062185241193587,0.44071532345452885,0.00023607881008501803,0.0010201959999999503
386.634,0.07465614463127282,2.1186703635401445,0.4421206753206725,0.0002360788100849386,0.0010202299999999501
386.668,0.07472590049743544,2.129868677792939,0.44352838591927213,0.00023607881008492525,0.00102026399999995
386.702,0.07479742462532665,2.1415771540442012,0.4449384553289357,0.000236078810084923,0.00102029799999995
386.736,0.0748696606055856,2.153512285023327,0.44635088362827136,0.00023607881008492262,0.0010203319999999498
386.77,0.07494364144872934,2.165946261585927,0.447765670895887,0.00023607881008492256,0.0010203659999999497
386.804,0.07501912017464687,2.1788265029561336,0.4491828172103906,0.00023607881008492256,0.0010203999999999496
386.838,0.07509746627806352,2.19252784557197,0.45060232265039263,0.00023607881008501803,0.0010204339999999497
386.872,0.0751759335333057,2.2062012976932333,0.4520241872944962,0.0002360788100849386,0.0010204679999999495
386.906,0.07525373183514128,2.219606241014116,0.45344841122131185,0.00023607881008492525,0.0010205019999999494
386.94,0.0753270760071921,2.231569053489359,0.4548749945094475,0.000236078810084923,0.0010205359999999493
386.974,0.0754013421245651,2.2437972779454487,0.45630393723751117,0.00023607881008492262,0.0010205699999999492
387.008,0.07547821561779762,2.2567614851029822,0.4577352394841108,0.00023607881008492256,0.001020603999999949
387.042,0.07555352821439129,2.2691943142851083,0.45916890132785443,0.00023607881008492256,0.001020637999999949
387.076,0.07563211249485777,2.282524386826915,0.4606049228473525,0.00023607881008501803,0.001020671999999949
387.11,0.07571212215075716,2.296269683601863,0.4620433041212081,0.0002360788100849386,0.001020705999999949
387.144,0.07579592111379366,2.311129069799876,0.4634840452280317,0.00023607881008492525,0.0010207399999999488
387.178,0.07587660915508176,2.324993570688631,0.46492714624643133,0.000236078810084923,0.0010207739999999487
387.212,0.07595797572679443,2.3390226689101667,0.46637260725501495,0.00023607881008492262,0.0010208079999999486
387.246,0.0760407099288053,2.353393067894067,0.46782042833239057,0.00023607881008492256,0.0010208419999999485
387.28,0.07612205074742316,2.3673262395509567,0.46927060955716615,0.00023607881008492256,0.0010208759999999484
387.314,0.07620616752003945,2.3820610540622478,0.4707231510079522,0.00023607881008501803,0.0010209099999999485
387.348,0.07628751789964996,2.395891180167223,0.47217805276335184,0.0002360788100849386,0.0010209439999999484
387.382,0.07636541291934701,2.408684887370527,0.47363531490197547,0.00023607881008492525,0.0010209779999999483
387.416,0.07644828143583043,2.422886081587536,0.4750949375024311,0.000236078810084923,0.0010210119999999481
387.45,0.07653295637512168,2.4375897428588633,0.4765569206433267,0.00023607881008492262,0.001021045999999948
387.484,0.07661655670389657,2.451844244760553,0.47802126440327036,0.00023607881008492256,0.001021079999999948
387.518,0.07670296786163719,2.466820022466788,0.47948796886087,0.00023607881008492256,0.0010211139999999478
387.552,0.07678774409647666,2.4812408536691826,0.48095703409473606,0.00023607881008501803,0.001021147999999948
387.586,0.07686745346089574,2.494170142200896,0.4824284601834717,0.0002360788100849386,0.0010211819999999478
387.62,0.07694522054141954,2.5065535278283377,0.4839022472056873,0.00023607881008492525,0.0010212159999999477
387.654,0.07702682071962161,2.519981996433246,0.4853783952399909,0.000236078810084923,0.0010212499999999475
387.688,0.07711341155922528,2.5347509963544805,0.48685690436499046,0.00023607881008492262,0.0010212839999999474
387.722,0.07719961591616355,2.5493020611366415,0.48833777465929407,0.00023607881008492256,0.0010213179999999473
387.756,0.07728226448634677,2.562771537493017,0.48982100620150965,0.00023607881008492256,0.0010213519999999472
387.79,0.07736398684394101,2.5759388133203336,0.4913065990702477,0.00023607881008501803,0.0010213859999999473
387.824,0.07745078577953805,2.590448315613647,0.49279455334411126,0.0002360788100849386,0.0010214199999999472
387.858,0.0775392841770674,2.60533594784949,0.4942848691017108,0.00023607881008492525,0.001021453999999947
387.892,0.07762907259459603,2.620520835484327,0.4957775464216544,0.000236078810084923,0.001021487999999947
387.926,0.07771989629064222,2.6359664925414323,0.49727258538255,0.00023607881008492262,0.0010215219999999468
387.96,0.0778120438620175,2.651718220312114,0.4987699860630056,0.00023607881008492256,0.0010215559999999467
387.994,0.07790488528783046,2.667619965838221,0.5002697485416318,0.00023607881008501803,0.0010215899999999468
388.028,0.07799737183912898,2.683370265479152,0.5017718728970314,0.0002360788100849386,0.0010216239999999467
388.062,0.0780903510748996,2.699167597160674,0.503276359207815,0.00023607881008492525,0.0010216579999999466
388.096,0.07818202615898631,2.714585067319879,0.5047832075525907,0.000236078810084923,0.0010216919999999465
388.13,0.07827420360698284,2.730068425551737,0.5062924180099663,0.00023607881008492262,0.0010217259999999464
388.164,0.0783700612020331,2.746456967891987,0.5078039906585499,0.00023607881008492256,0.0010217599999999463
388.198,0.07846242165691387,2.761887664306237,0.5093179255769495,0.00023607881008492256,0.0010217939999999461
388.232,0.07855257260030697,2.7767240811856175,0.5108342228437757,0.00023607881008501803,0.0010218279999999462
388.266,0.07864280048785427,2.7915283094935117,0.5123528825376313,0.0002360788100849386,0.0010218619999999461
388.3,0.0787404389685223,2.8082351220583557,0.513873904737127,0.00023607881008492525,0.001021895999999946
388.334,0.07883600270276861,2.8242619040425088,0.5153972895208706,0.000236078810084923,0.001021929999999946
388.368,0.0789367049276616,2.841589449865732,0.5169230369674702,0.00023607881008492262,0.0010219639999999458
388.402,0.0790369329057862,2.858789615078334,0.5184511471555339,0.00023607881008492256,0.0010219979999999457
388.436,0.07913056844247754,2.874175792395823,0.5199816201636694,0.00023607881008492256,0.0010220319999999455
388.47,0.07921909680987646,2.8881930838651626,0.5215144560704876,0.00023607881008501803,0.0010220659999999456
388.504,0.07931613775937824,2.904387922612271,0.5230496549545913,0.0002360788100849386,0.0010220999999999455
388.538,0.07941241644111319,2.9202990903905746,0.524587216894591,0.00023607881008492525,0.0010221339999999454
388.572,0.0795115963760695,2.9368794536015828,0.5261271419690946,0.000236078810084923,0.0010221679999999453
388.606,0.07961978924509869,2.9557394452614774,0.5276694302567102,0.00023607881008492262,0.0010222019999999452
388.64,0.07972778536693287,2.974441540502401,0.5292140818360458,0.00023607881008492256,0.001022235999999945
388.674,0.07983140039706121,2.9919632304113284,0.5307610967857094,0.00023607881008492256,0.001022269999999945
388.708,0.07992579973059565,3.007086451566678,0.5323104751843116,0.00023607881008501803,0.001022303999999945
388.742,0.08002256890656002,3.0227610180998203,0.5338622171104552,0.0002360788100849386,0.001022337999999945
388.776,0.08011754215930944,3.0379614733821785,0.5354163226427509,0.00023607881008492525,0.0010223719999999448
388.81,0.08021786744796061,3.054472290967846,0.5369727918598065,0.000236078810084923,0.0010224059999999447
388.844,0.0803184373404444,3.0709751985898643,0.5385316248402302,0.00023607881008492262,0.0010224399999999446
388.878,0.08041635503569806,3.0867274309443564,0.5400928216626298,0.00023607881008492256,0.0010224739999999445
388.912,0.08051852597474576,3.103440209522587,0.5416563824056134,0.00023607881008492256,0.0010225079999999444
388.946,0.08062147989514583,3.120250129893648,0.5432223071477916,0.00023607881008501803,0.0010225419999999445
388.98,0.08073368717488819,3.1393124847694085,0.5447905959677672,0.0002360788100849386,0.0010225759999999444
389.014,0.08085046680415942,3.1593636461186057,0.5463612489441508,0.00023607881008492525,0.0010226099999999442
389.048,0.08096446860558165,3.178730644747568,0.5479342661555505,0.000236078810084923,0.0010226439999999441
389.082,0.08107920861945096,3.1981730276627465,0.5495096476805742,0.00023607881008492262,0.001022677999999944
389.116,0.08118562466335506,3.215596910294109,0.5510873935978298,0.00023607881008492256,0.001022711999999944
389.15,0.08128994746477222,3.2324166054262116,0.5526675039859253,0.00023607881008492256,0.0010227459999999438
389.184,0.08139750655701512,3.24998095139556,0.5542499789234716,0.00023607881008501803,0.0010227799999999439
389.218,0.08151393407738942,3.269611548843769,0.5558348184890712,0.0002360788100849386,0.0010228139999999438
389.252,0.08162696612227048,3.288452422084453,0.5574220227613349,0.00023607881008492525,0.0010228479999999437
389.286,0.08174443716499194,3.308299529158143,0.5590115918188705,0.000236078810084923,0.0010228819999999435
389.32,0.08185631359008798,3.3267710039857685,0.560603525740286,0.00023607881008492262,0.0010229159999999434
389.354,0.0819681767044658,3.3452076302047593,0.5621978246041897,0.00023607881008492256,0.0010229499999999433
389.388,0.08207810334821304,3.363199446514922,0.5637944884891893,0.00023607881008492256,0.0010229839999999432
389.422,0.0821842603650045,3.3802071484807894,0.5653935174738957,0.00023607881008501803,0.0010230179999999433
389.456,0.08229309999699025,3.3978253941125454,0.5669949116369113,0.0002360788100849386,0.0010230519999999432
389.49,0.08240676926157119,3.416489855543587,0.5685986710568469,0.00023607881008492525,0.001023085999999943
389.524,0.0825081197708744,3.432229239653258,0.5702047958123105,0.000236078810084923,0.001023119999999943
389.558,0.08261378939445989,3.4489335440562927,0.5718132859819102,0.00023607881008492262,0.0010231539999999428
389.592,0.08272373728620738,3.466665119977282,0.5734241416442538,0.00023607881008492256,0.0010231879999999427
389.626,0.08282947735915513,3.4833654957516544,0.5750373628779495,0.00023607881008492256,0.0010232219999999426
389.66,0.0829404672735987,3.5012162468988484,0.5766529497616079,0.00023607881008501803,0.0010232559999999427
389.694,0.08305661303972567,3.5202215788559332,0.5782709023738315,0.0002360788100849386,0.0010232899999999426
389.728,0.08316391023778981,3.5372115695658244,0.5798912207932311,0.00023607881008492525,0.0010233239999999425
389.762,0.08328103521331051,3.5564682170175397,0.5815139050984147,0.000236078810084923,0.0010233579999999424
389.796,0.08340421221370888,3.5771737660713874,0.5831389553679903,0.00023607881008492262,0.0010233919999999422
389.83,0.08351622720318906,3.595207308458318,0.5847663716805659,0.00023607881008492256,0.0010234259999999421
389.864,0.08363750347306431,3.6153936058607186,0.5863961541147495,0.00023607881008492256,0.001023459999999942
389.898,0.08375886936127502,3.6355223027169004,0.5880283027491519,0.00023607881008501803,0.0010234939999999421
389.932,0.08388054668436119,3.65562418058315,0.5896628176623755,0.0002360788100849386,0.001023527999999942
389.966,0.08400085431805934,3.675325995945127,0.5912996989330311,0.00023607881008492525,0.0010235619999999419
390.0,0.08412214643391193,3.6951605219520864,0.5929389466397267,0.000236078810084923,0.0010235959999999418
390.034,0.08425662602344666,3.717986610345333,0.5945805608610703,0.00023607881008492262,0.0010236299999999417
390.068,0.08438507502553388,3.7393264812651394,0.5962245416756699,0.00023607881008492256,0.0010236639999999415
390.102,0.08450956092263885,3.759679260877011,0.5978708891621334,0.00023607881008492256,0.0010236979999999414
390.136,0.08463038112450103,3.779183065198884,0.5995196033990717,0.00023607881008501803,0.0010237319999999415
390.17,0.08475005800092615,3.7984077964788767,0.6011706844650874,0.0002360788100849386,0.0010237659999999414
390.204,0.08486999658203224,3.817615142589891,0.602824132438791,0.00023607881008492525,0.0010237999999999413
390.238,0.08498687043249452,3.836162326933204,0.6044799473987905,0.000236078810084923,0.0010238339999999412
390.272,0.08511017103259803,3.8560768184289906,0.606138129423694,0.00023607881008492262,0.001023867999999941
390.306,0.08523410918885509,3.876033684499778,0.6077986785921096,0.00023607881008492256,0.001023901999999941
390.34,0.08535110693399274,3.89452603121121,0.6094615949826451,0.00023607881008492256,0.0010239359999999408
390.374,0.08547261151754268,3.913996568453798,0.6111268786739115,0.00023607881008501803,0.001023969999999941
390.408,0.08559980454691185,3.9347300801470757,0.612794529744511,0.0002360788100849386,0.0010240039999999408
390.442,0.08572089657209772,3.9540664358997524,0.6144645482730545,0.00023607881008492525,0.0010240379999999407
390.476,0.08585685737930676,3.976694878111341,0.6161369343381501,0.000236078810084923,0.0010240719999999406
390.51,0.08599796453517777,4.000326689822474,0.6178116880184057,0.00023607881008492262,0.0010241059999999405
390.544,0.08613240158326622,4.02236614416981,0.6194888093924293,0.00023607881008492256,0.0010241399999999404
390.578,0.08626006127534736,4.042879005889362,0.6211682985388289,0.00023607881008492256,0.0010241739999999402
390.612,0.0863863859608661,4.063080892779207,0.6228501555362154,0.00023607881008501803,0.0010242079999999403
390.646,0.08651262581938522,4.083203855680386,0.624534380463191,0.0002360788100849386,0.0010242419999999402
390.68,0.08664070883931937,4.103620993424186,0.6262209733983666,0.00023607881008492525,0.0010242759999999401
390.714,0.08678185568624056,4.126859159210091,0.6279099344203501,0.000236078810084923,0.00102430999999994
390.748,0.08692567369037459,4.150593592730284,0.6296012636077497,0.00023607881008492262,0.0010243439999999399
390.782,0.0870507693393577,4.170238761107952,0.6312949610391733,0.00023607881008492256,0.0010243779999999398
390.816,0.08718193834261292,4.191124537433967,0.6329910267932288,0.00023607881008492256,0.0010244119999999397
390.85,0.08732039567061316,4.2135144200429675,0.6346894609485272,0.00023607881008501803,0.0010244459999999398
390.884,0.0874556014989162,4.235116171218589,0.6363902635836708,0.0002360788100849386,0.0010244799999999396
390.918,0.08759501472603995,4.257674464921453,0.6380934347772703,0.00023607881008492525,0.0010245139999999395
390.952,0.08772705438645992,4.278597617783654,0.6397989746079339,0.000236078810084923,0.0010245479999999394
390.986,0.08787049690205467,4.301946873674924,0.6415068831542695,0.00023607881008492262,0.0010245819999999393
391.02,0.0880082821945911,4.3240446095982215,0.6432171604948851,0.00023607881008492256,0.0010246159999999392
391.054,0.08814154549672595,4.345074318210876,0.6449298067083886,0.00023607881008492256,0.001024649999999939
391.088,0.08828617195096887,4.368484498282645,0.646644821873391,0.00023607881008501803,0.0010246839999999392
391.122,0.08843784984849093,4.39335519994475,0.6483622060684946,0.0002360788100849386,0.001024717999999939
391.156,0.08856261706760085,4.412462414999062,0.6500819593723103,0.00023607881008492525,0.001024751999999939
391.19,0.08869516727705413,4.4331976232807815,0.651804081863446,0.000236078810084923,0.0010247859999999388
391.224,0.08883235376696129,4.454841729502816,0.6535285736205096,0.00023607881008492262,0.0010248199999999387
391.258,0.0889636796891267,4.475128222236939,0.6552554347221092,0.00023607881008492256,0.0010248539999999386
391.292,0.0890974989295138,4.495845613624259,0.6569846652468527,0.00023607881008492256,0.0010248879999999385
391.326,0.0892295258095115,4.5161306558296035,0.6587162652733511,0.00023607881008501803,0.0010249219999999386
391.36,0.08937493118537188,4.539104642307026,0.6604502348802067,0.0002360788100849386,0.0010249559999999385
391.394,0.08951358901357788,4.560623275744481,0.6621865741460303,0.00023607881008492525,0.0010249899999999383
391.428,0.08965849222580746,4.583257576364757,0.6639252831494299,0.000236078810084923,0.0010250239999999382
391.462,0.08979849685903131,4.604791241839091,0.6656663619690134,0.00023607881008492262,0.0010250579999999381
391.496,0.08994972243838834,4.628517305944306,0.667409810683389,0.00023607881008492256,0.001025091999999938
391.53,0.09010297406623752,4.652520515727774,0.6691556293711646,0.00023607881008492256,0.0010251259999999379
391.564,0.0902585670038518,4.676931279941413,0.670903818110951,0.00023607881008501803,0.001025159999999938
391.598,0.09041188408008266,4.700771716755597,0.6726543769813506,0.0002360788100849386,0.0010251939999999379
391.632,0.09056401342033309,4.724309068821157,0.6744073060609741,0.00023607881008492525,0.0010252279999999378
391.666,0.09072302877480067,4.749179564890477,0.6761626054284297,0.000236078810084923,0.0010252619999999376
391.7,0.0908880030301246,4.7751103571559215,0.6779202751623252,0.00023607881008492262,0.0010252959999999375
391.734,0.09105332229595231,4.800987721674118,0.6796803153412688,0.00023607881008492256,0.0010253299999999374
391.768,0.09121851286188815,4.826760699934751,0.6814427260438684,0.00023607881008492256,0.0010253639999999373
391.802,0.09137877137623344,4.851469117776604,0.6832075073487348,0.00023607881008501803,0.0010253979999999374
391.836,0.09154786752918223,4.877815189126564,0.6849746593344704,0.0002360788100849386,0.0010254319999999373
391.87,0.09170929802457839,4.90265764629224,0.686744182079686,0.00023607881008492525,0.0010254659999999372
391.904,0.0918655875053241,4.926487948603423,0.6885160756629896,0.000236078810084923,0.001025499999999937
391.938,0.09203616683774563,4.953131661202952,0.6902903401629891,0.00023607881008492262,0.001025533999999937
391.972,0.0922097980635144,4.98029914691797,0.6920669756582926,0.00023607881008492256,0.0010255679999999368
392.006,0.09237529778148204,5.0058679144493095,0.693845982227508,0.00023607881008492256,0.0010256019999999367
392.04,0.09253267936677226,5.029840654795288,0.6956273599492466,0.00023607881008501803,0.0010256359999999368
392.074,0.09270057310959222,5.055764094481983,0.6974111089021101,0.0002360788100849386,0.0010256699999999367
392.108,0.09286423498320734,5.08092211285675,0.6991972291647096,0.00023607881008492525,0.0010257039999999366
392.142,0.09302398235483816,5.105315222456143,0.7009857208156531,0.000236078810084923,0.0010257379999999365
392.176,0.09317522763444816,5.127942517778509,0.7027765839335487,0.00023607881008492262,0.0010257719999999363
392.21,0.09333735692521139,5.152622307424284,0.7045698185970043,0.00023607881008492256,0.0010258059999999362
392.244,0.09350816580444671,5.178963094333945,0.7063654248846308,0.00023607881008501803,0.0010258399999999363
392.278,0.0936776804259692,5.205023876340261,0.7081634028750303,0.0002360788100849386,0.0010258739999999362
392.312,0.09385857175349227,5.233145584532467,0.7099637526468139,0.00023607881008492525,0.001025907999999936
392.346,0.09403390567295672,5.260215892446509,0.7117664742785894,0.000236078810084923,0.001025941999999936
392.38,0.09420359392693034,5.286083925238106,0.7135715678489649,0.00023607881008492262,0.0010259759999999359
392.414,0.09436646975171885,5.310572537715247,0.7153790334365485,0.00023607881008492256,0.0010260099999999358
392.448,0.09453724654861898,5.336512153640094,0.7171888711199481,0.00023607881008492256,0.0010260439999999356
392.482,0.09470472000526634,5.361727110521098,0.7190010809777747,0.00023607881008501803,0.0010260779999999357
392.516,0.09490598101681638,5.3932099231092625,0.7208156630886303,0.0002360788100849386,0.0010261119999999356
392.55,0.09509047194538128,5.421445221278199,0.7226326175311258,0.00023607881008492525,0.0010261459999999355
392.584,0.09526942787536558,5.448637387184821,0.7244519443838694,0.000236078810084923,0.0010261799999999354
392.618,0.09544056835957122,5.474281655411096,0.726273643725469,0.00023607881008492262,0.0010262139999999353
392.652,0.09559936066453562,5.49754907512129,0.7280977156345325,0.00023607881008492256,0.0010262479999999352
392.686,0.09576300937583772,5.521637549136948,0.729924160189668,0.00023607881008492256,0.001026281999999935
392.72,0.09594475494430244,5.548977763892847,0.7317529774694865,0.00023607881008501803,0.0010263159999999352
392.754,0.09612297886427795,5.575675383154342,0.7335841675525901,0.0002360788100849386,0.001026349999999935
392.788,0.09629379318138784,5.600972789606348,0.7354177305175897,0.00023607881008492525,0.001026383999999935
392.822,0.09648161721509396,5.629343783151555,0.7372536664430933,0.000236078810084923,0.0010264179999999348
392.856,0.09667299680863878,5.658261621023002,0.7390919754077089,0.00023607881008492262,0.0010264519999999347
392.89,0.09686242891430764,5.686731416623816,0.7409326574900444,0.00023607881008492256,0.0010264859999999346
392.924,0.09704732567675613,5.714255871651506,0.742775712768708,0.00023607881008492256,0.0010265199999999345
392.958,0.0972261620821617,5.740652383922403,0.7446211413223107,0.00023607881008501803,0.0010265539999999346
392.992,0.09741394661532922,5.768583068100087,0.7464689432294543,0.0002360788100849386,0.0010265879999999345
393.026,0.09759297881345692,5.794848692419832,0.7483191185687499,0.00023607881008492525,0.0010266219999999343
393.06,0.09777725723990223,5.8220218276712625,0.7501716674188054,0.000236078810084923,0.0010266559999999342
393.094,0.09795941140512102,5.848738610154005,0.7520265898582289,0.00023607881008492262,0.001026689999999934
393.128,0.09816130743957927,5.878906871697886,0.7538838859656285,0.00023607881008492256,0.001026723999999934
393.162,0.09836713229796192,5.909753301796832,0.7557435558196121,0.00023607881008492256,0.0010267579999999339
393.196,0.0985712470640153,5.940211131275292,0.7576055994987907,0.00023607881008501803,0.001026791999999934
393.23,0.09877107792959501,5.969892664239905,0.7594700170817662,0.0002360788100849386,0.0010268259999999339
393.264,0.09896706378424835,5.9987909725883055,0.7613368086471497,0.00023607881008492525,0.0010268599999999337
393.298,0.09913963432391801,6.023433126538328,0.7632059742735492,0.000236078810084923,0.0010268939999999336
393.332,0.0993157993098744,6.04868175002579,0.7650775140395727,0.00023607881008492262,0.0010269279999999335
393.366,0.09950905100887669,6.076887129209912,0.7669514280238282,0.00023607881008492256,0.0010269619999999334
393.4,0.0997180076613546,6.107811372169609,0.7688277163049237,0.00023607881008492256,0.0010269959999999333
393.434,0.09993239759659836,6.139623885592615,0.7707063789614704,0.00023607881008501803,0.0010270299999999334
393.468,0.10013236508572411,6.168766716211264,0.7725874160720699,0.0002360788100849386,0.0010270639999999333
393.502,0.10032624098066475,6.196907400917532,0.7744708277153335,0.00023607881008492525,0.0010270979999999332
393.536,0.10053269153558898,6.227176556172229,0.7763566139698691,0.000236078810084923,0.001027131999999933
393.57,0.10072539017119467,6.254939470340157,0.7782447749142847,0.00023607881008492262,0.001027165999999933
393.604,0.10092311847256219,6.283462465820254,0.7801353106271882,0.00023607881008492256,0.0010271999999999328
393.638,0.10111955476377107,6.311651896881944,0.7820282211871877,0.00023607881008492256,0.0010272339999999327
393.672,0.10132031083494836,6.340519309029195,0.7839235066728943,0.00023607881008501803,0.0010272679999999328
393.706,0.10154060148058494,6.372622351728871,0.7858211671629098,0.0002360788100849386,0.0010273019999999327
393.74,0.10178170708510373,6.408235181723518,0.7877212027358453,0.00023607881008492525,0.0010273359999999326
393.774,0.10200358970335363,6.440451795464825,0.7896236134703088,0.000236078810084923,0.0010273699999999325
393.808,0.10221439867801042,6.470648328788242,0.7915283994449084,0.00023607881008492262,0.0010274039999999323
393.842,0.10241662681149566,6.4992878288691545,0.7934355607382519,0.00023607881008492256,0.0010274379999999322
393.876,0.10262394907437318,6.528626350606183,0.7953450974289475,0.00023607881008492256,0.001027471999999932
393.91,0.10281603704122913,6.555325762454541,0.7972570095956063,0.00023607881008501803,0.0010275059999999322
393.944,0.10303357385239754,6.5862903797609755,0.7991712973168298,0.0002360788100849386,0.001027539999999932
393.978,0.10325884602993557,6.618462240714564,0.8010879606712293,0.00023607881008492525,0.001027573999999932
394.012,0.1034870704559437,6.651103934966169,0.8030069997374129,0.000236078810084923,0.0010276079999999319
394.046,0.10370727842935845,6.682312522300718,0.8049284145939883,0.00023607881008492262,0.0010276419999999317
394.08,0.10392211940708632,6.712584701382421,0.8068522053195639,0.00023607881008492256,0.0010276759999999316
394.114,0.10413692476670246,6.742775831044689,0.8087783719927475,0.00023607881008492256,0.0010277099999999315
394.148,0.10437040850100568,6.776081835372238,0.8107069146921502,0.00023607881008501803,0.0010277439999999316
394.182,0.10458545581592309,6.806227501537807,0.8126378334963738,0.0002360788100849386,0.0010277779999999315
394.216,0.10480831157770579,6.837673545763736,0.8145711284840292,0.00023607881008492525,0.0010278119999999314
394.25,0.10504346233547597,6.8711032020489595,0.8165067997337248,0.000236078810084923,0.0010278459999999313
394.284,0.10527133452094407,6.9032716453022225,0.8184448473240683,0.00023607881008492262,0.0010278799999999312
394.318,0.10549422534620083,6.934582696098686,0.8203852713336678,0.00023607881008492256,0.001027913999999931
394.352,0.1057207313954896,6.966443301754653,0.8223280718411313,0.00023607881008492256,0.001027947999999931
394.386,0.1059283566393012,6.994997942822177,0.82427324892507,0.00023607881008501803,0.001027981999999931
394.42,0.10615006818799384,7.025784351659976,0.8262208026640856,0.0002360788100849386,0.001028015999999931
394.454,0.10635034222535422,7.053040401940563,0.8281707331367891,0.00023607881008492525,0.0010280499999999308
394.488,0.10656160778493161,7.082021459444334,0.8301230404217886,0.000236078810084923,0.0010280839999999307
394.522,0.1067746141910357,7.1112222845036035,0.8320777245976921,0.00023607881008492262,0.0010281179999999306
394.556,0.10701045717662455,7.144032205137146,0.8340347857431076,0.00023607881008492256,0.0010281519999999305
394.59,0.10726514344916703,7.179777431923438,0.8359942239366431,0.00023607881008492256,0.0010281859999999303
394.624,0.10751321125960285,7.21447574505974,0.83795603925691,0.00023607881008501803,0.0010282199999999304
394.658,0.10773292635319999,7.244505415752908,0.8399202317825095,0.0002360788100849386,0.0010282539999999303
394.692,0.10795643194564272,7.275134459724643,0.8418868015920531,0.00023607881008492525,0.0010282879999999302
394.726,0.10818333843591756,7.306343325905612,0.8438557487641486,0.000236078810084923,0.00102832199999993
394.76,0.10843452959030499,7.3415131261503435,0.845827073377404,0.00023607881008492262,0.00102835599999993
394.794,0.1086833993582852,7.3762847821273425,0.8478007755104275,0.00023607881008492256,0.0010283899999999299
394.828,0.10893523979023824,7.411494212460731,0.8497768552418271,0.00023607881008492256,0.0010284239999999297
394.862,0.10918192443694406,7.445839778819797,0.8517553126502139,0.00023607881008501803,0.0010284579999999299
394.896,0.10944366992819135,7.482593840162713,0.8537361478141894,0.0002360788100849386,0.0010284919999999297
394.93,0.10969614030217206,7.517730779387109,0.8557193608123649,0.00023607881008492525,0.0010285259999999296
394.964,0.10993817325390301,7.551154793707163,0.8577049517233484,0.000236078810084923,0.0010285599999999295
394.998,0.1101819777914425,7.5847785520665765,0.8596929206257479,0.00023607881008492262,0.0010285939999999294
395.032,0.11042344202065446,7.617921501747161,0.8616832675981714,0.00023607881008492256,0.0010286279999999293
395.066,0.11068073019637346,7.6535291608188745,0.8636759927192269,0.00023607881008492256,0.0010286619999999292
395.1,0.11092863606179172,7.687592827302837,0.8656710960675257,0.00023607881008501803,0.0010286959999999293
395.134,0.11120225730321989,7.725716948317827,0.8676685777216692,0.0002360788100849386,0.0010287299999999291
395.168,0.11144235105049234,7.758532379065788,0.8696684377602687,0.00023607881008492525,0.001028763999999929
395.202,0.1117081706416576,7.79533132437438,0.8716706762619322,0.000236078810084923,0.001028797999999929
395.236,0.11196174980084848,7.830255852897871,0.8736752933052676,0.00023607881008492262,0.0010288319999999288
395.27,0.11220790441424242,7.864028094659721,0.8756822889688831,0.00023607881008492256,0.0010288659999999287
395.304,0.11245399993482377,7.897675312270577,0.8776916633313867,0.00023607881008492256,0.0010288999999999286
395.338,0.1127083128728534,7.932576236786548,0.8797034164713896,0.00023607881008501803,0.0010289339999999287
395.372,0.1129805435229147,7.97023073122242,0.8817175484674932,0.0002360788100849386,0.0010289679999999286
395.406,0.11324684537812713,8.006756742971364,0.8837340593983087,0.00023607881008492525,0.0010290019999999284
395.44,0.113532315658194,8.046242759702036,0.8857529493424443,0.000236078810084923,0.0010290359999999283
395.474,0.11380653933181882,8.083893326585597,0.8877742183785079,0.00023607881008492262,0.0010290699999999282
395.508,0.11409513434506027,8.123704525543678,0.8897978665851074,0.00023607881008492256,0.001029103999999928
395.542,0.11437205554901705,8.161607673904685,0.8918238940408508,0.00023607881008492256,0.001029137999999928
395.576,0.11464650847784567,8.199145791475486,0.8938523008243496,0.00023607881008501803,0.001029171999999928
395.61,0.11490618911507396,8.2343396551435,0.8958830870142052,0.0002360788100849386,0.001029205999999928
395.644,0.11515553784729214,8.267894138599726,0.8979162526890286,0.00023607881008492525,0.0010292399999999279
395.678,0.11543493925576181,8.306142554326755,0.8999517979274281,0.000236078810084923,0.0010292739999999277
395.712,0.11569867550540187,8.341817948544794,0.9019897228080116,0.00023607881008492262,0.0010293079999999276
395.746,0.11594482977608106,8.37470394766395,0.9040300274093871,0.00023607881008492256,0.0010293419999999275
395.78,0.1162097823945214,8.410458109819917,0.9060727118101626,0.00023607881008492256,0.0010293759999999274
395.814,0.11646159855823052,8.444111772982941,0.9081177760889495,0.00023607881008501803,0.0010294099999999275
395.848,0.11673956928783613,8.481594611459784,0.910165220324349,0.0002360788100849386,0.0010294439999999274
395.882,0.11702485212021665,8.520195378659766,0.9122150445949725,0.00023607881008492525,0.0010294779999999273
395.916,0.1172897442864434,8.555543941436484,0.9142672489794279,0.000236078810084923,0.0010295119999999271
395.95,0.11755915452310761,8.591463267678412,0.9163218335563234,0.00023607881008492262,0.001029545999999927
395.984,0.11782968140037473,8.627567695444952,0.9183787984042668,0.00023607881008492256,0.001029579999999927
396.018,0.11813162879224137,8.668443698819916,0.9204381436018663,0.00023607881008492256,0.0010296139999999268
396.052,0.11842370167231626,8.707757740166226,0.9224998692277332,0.00023607881008501803,0.001029647999999927
396.086,0.11869854411896927,8.744325105399266,0.9245639753604687,0.0002360788100849386,0.0010296819999999268
396.12,0.11894957559188882,8.777270431432806,0.9266304620786843,0.00023607881008492525,0.0010297159999999267
396.154,0.11921771038660214,8.812737355661664,0.9286993294609878,0.000236078810084923,0.0010297499999999266
396.188,0.11949641269661686,8.849644311095576,0.9307705775859872,0.00023607881008492262,0.0010297839999999264
396.222,0.11980316809287248,8.890795424242228,0.9328442065322907,0.00023607881008492256,0.0010298179999999263
396.256,0.1201342217046687,8.935486984691678,0.9349202163785062,0.00023607881008492256,0.0010298519999999262
396.29,0.1204297095935994,8.974638765982784,0.936998607203245,0.00023607881008501803,0.0010298859999999263
396.324,0.1207184150062494,9.012720959332437,0.9390793790851085,0.0002360788100849386,0.0010299199999999262
396.358,0.12098721203417846,9.047787404132936,0.9411625321027081,0.00023607881008492525,0.001029953999999926
396.392,0.12128880223196248,9.087781755284205,0.9432480663346515,0.000236078810084923,0.001029987999999926
396.426,0.12160226301641204,9.129578077028706,0.9453359818595469,0.00023607881008492262,0.0010300219999999259
396.46,0.12192287006912858,9.172335768470719,0.9474262787560024,0.00023607881008492256,0.0010300559999999257
396.494,0.12222167502094854,9.211724634328574,0.9495189571026293,0.00023607881008501803,0.0010300899999999258
396.528,0.12255155447379368,9.255702657631748,0.9516140169780288,0.0002360788100849386,0.0010301239999999257
396.562,0.12284498809979108,9.294113978256265,0.9537114584608123,0.00023607881008492525,0.0010301579999999256
396.596,0.12313353540859845,9.331598597904268,0.9558112816295877,0.000236078810084923,0.0010301919999999255
396.63,0.12345288694225776,9.373513474873265,0.9579134865629632,0.00023607881008492262,0.0010302259999999254
396.664,0.12376145023353748,9.413797880381862,0.9600180733395466,0.00023607881008492256,0.0010302599999999253
396.698,0.12406869731549484,9.453833563855383,0.962125042037946,0.00023607881008492256,0.0010302939999999251
396.732,0.12435542316530737,9.490824472293786,0.964234392736773,0.00023607881008501803,0.0010303279999999252
396.766,0.12465163424865698,9.529144291399845,0.9663461255146285,0.0002360788100849386,0.0010303619999999251
396.8,0.12494943170547804,9.5676310745694,0.968460240450124,0.00023607881008492525,0.001030395999999925
396.834,0.12528767126638757,9.611906176333598,0.9705767376218675,0.000236078810084923,0.001030429999999925
396.868,0.12561506654114704,9.654472954323975,0.9726956171084669,0.00023607881008492262,0.0010304639999999248
396.902,0.12595224954730896,9.698436663323209,0.9748168789885303,0.00023607881008492256,0.0010304979999999247
396.936,0.12628279785214525,9.741375198886,0.9769405233406658,0.00023607881008492256,0.0010305319999999246
396.97,0.12661085146490764,9.783826196399831,0.9790665502434849,0.00023607881008501803,0.0010305659999999247
397.004,0.12692258340681328,9.823879927683798,0.9811949597755883,0.0002360788100849386,0.0010305999999999245
397.038,0.1272210135496996,9.861953397913961,0.9833257520155878,0.00023607881008492525,0.0010306339999999244
397.072,0.12753172518394434,9.90171389860285,0.9854589270420913,0.000236078810084923,0.0010306679999999243
397.106,0.12782820031885575,9.939291513540281,0.9875944849337067,0.00023607881008492262,0.0010307019999999242
397.14,0.12810708278153363,9.974365485244753,0.9897324257690422,0.00023607881008492256,0.001030735999999924
397.174,0.12840494335026403,10.012122477423539,0.9918727496267057,0.00023607881008492256,0.001030769999999924
397.208,0.1287527387843754,10.05699888621654,0.9940154565853088,0.00023607881008501803,0.001030803999999924
397.242,0.1290855499297598,10.099635537960586,0.9961605467234522,0.0002360788100849386,0.001030837999999924
397.276,0.12935124821626032,10.132634519070068,0.9983080201197476,0.00023607881008492525,0.0010308719999999238
397.31,0.12966881951229342,10.172837860573326,1.000457876852803,0.000236078810084923,0.0010309059999999237
397.344,0.1300051633584788,10.215675883578255,1.0026101170012263,0.00023607881008492262,0.0010309399999999236
397.378,0.1303534096063098,10.26009413059374,1.0047647406436255,0.00023607881008492256,0.0010309739999999235
397.412,0.13072503309354494,10.307777294450608,1.0069217478586088,0.00023607881008492256,0.0010310079999999234
397.446,0.13110180691037396,10.356024792464465,1.0090811387247876,0.00023607881008501803,0.0010310419999999235
397.48,0.13145018073239026,10.400272773147732,1.0112429133207628,0.0002360788100849386,0.0010310759999999234
397.514,0.13180116169135028,10.444914797432302,1.013407071725146,0.00023607881008492525,0.0010311099999999233
397.548,0.132132139354376,10.486678156819682,1.0155736140165452,0.000236078810084923,0.0010311439999999231
397.582,0.1324343019858495,10.52432775487411,1.0177425402735685,0.00023607881008492262,0.001031177999999923
397.616,0.13275616100321452,10.56459090122459,1.0199138505748238,0.00023607881008492256,0.001031211999999923
397.65,0.1330893793323616,10.606429830524078,1.022087544998919,0.00023607881008492256,0.0010312459999999228
397.684,0.13341229610962202,10.646811464714782,1.024263623624466,0.00023607881008501803,0.001031279999999923
397.718,0.13375175062521116,10.689321927942267,1.0264420865300654,0.0002360788100849386,0.0010313139999999228
397.752,0.13412087096190978,10.735927931575574,1.028622933794329,0.00023607881008492525,0.0010313479999999227
397.786,0.1344891394515383,10.782297388129868,1.0308061654958642,0.000236078810084923,0.0010313819999999225
397.82,0.13485300667449673,10.82791886086952,1.0329917817132794,0.00023607881008492262,0.0010314159999999224
397.854,0.1352145047196962,10.87323265978163,1.0351797825251827,0.00023607881008492256,0.0010314499999999223
397.888,0.13554743234712405,10.914559302667405,1.0373701680101821,0.00023607881008492256,0.0010314839999999222
397.922,0.1359347375810414,10.963333607630334,1.0395629382468892,0.00023607881008501803,0.0010315179999999223
397.956,0.13633522790238195,11.013891946697605,1.0417580933139043,0.0002360788100849386,0.0010315519999999222
397.99,0.13670715486682597,11.060396735691665,1.0439556332898396,0.00023607881008492525,0.001031585999999922
398.024,0.13710052653162838,11.10979044841785,1.046155558253303,0.000236078810084923,0.001031619999999922
398.058,0.13749746122319192,11.159445763117654,1.0483578682829024,0.00023607881008492262,0.0010316539999999218
398.092,0.13786733573811558,11.205155741648039,1.0505625634572457,0.00023607881008492256,0.0010316879999999217
398.126,0.1382532035075009,11.252906539419168,1.052769643854941,0.00023607881008492256,0.0010317219999999216
398.16,0.13859496961685996,11.294564916625491,1.0549791095546,0.00023607881008501803,0.0010317559999999217
398.194,0.1389261064125355,11.334665550318514,1.0571909606348233,0.0002360788100849386,0.0010317899999999216
398.228,0.13928046787989354,11.377864016343159,1.0594051971742227,0.00023607881008492525,0.0010318239999999215
398.262,0.1396361962553303,11.421087326851493,1.061621819251406,0.000236078810084923,0.0010318579999999214
398.296,0.1400303743282287,11.469317501104813,1.0638408269449813,0.00023607881008492262,0.0010318919999999213
398.33,0.14044036684395028,11.51951396123625,1.0660622203335566,0.00023607881008492256,0.0010319259999999211
398.364,0.1408730319367252,11.572583001778376,1.0682859994957399,0.00023607881008492256,0.001031959999999921
398.398,0.14125908913189897,11.619460691676492,1.070512164510143,0.00023607881008501803,0.0010319939999999211
398.432,0.1416313290215616,11.664437369078131,1.0727407154553663,0.0002360788100849386,0.001032027999999921
398.466,0.1420000979675707,11.708898965777966,1.0749716524100215,0.00023607881008492525,0.001032061999999921
398.5,0.14238133064992997,11.75507243120144,1.0772049754527167,0.000236078810084923,0.0010320959999999208
398.534,0.14279827481059082,11.80577407562249,1.07944068466206,0.00023607881008492262,0.0010321299999999207
398.568,0.1431927876492969,11.853261684243867,1.0816787801166592,0.00023607881008492256,0.0010321639999999205
398.602,0.14359277424787598,11.901392464323473,1.0839192618951226,0.00023607881008492256,0.0010321979999999204
398.636,0.14398353126929467,11.94825013777316,1.0861621300760615,0.00023607881008501803,0.0010322319999999205
398.67,0.1443866594460173,11.996702871455545,1.0884073847380769,0.0002360788100849386,0.0010322659999999204
398.704,0.14474330112562692,12.038873639081391,1.0906550259597803,0.00023607881008492525,0.0010322999999999203
398.738,0.1451422043683112,12.086596081729294,1.0929050538197795,0.000236078810084923,0.0010323339999999202
398.772,0.14554578522933118,12.134858004175953,1.095157468396683,0.00023607881008492262,0.00103236799999992
398.806,0.14596847583138378,12.185456630317564,1.0974122697690984,0.00023607881008492256,0.00103240199999992
398.84,0.1463797833324263,12.234428749306387,1.0996694580156339,0.00023607881008492256,0.0010324359999999198
398.874,0.14682300747476007,12.287464726593617,1.1019290332149008,0.00023607881008501803,0.00103246999999992
398.908,0.14726673822530195,12.340472095622188,1.1041909954455,0.0002360788100849386,0.0010325039999999198
398.942,0.14772667924490915,12.395640222449277,1.1064553447860432,0.00023607881008492525,0.0010325379999999197
398.976,0.14814750657650605,12.44558888547601,1.1087220813151386,0.000236078810084923,0.0010325719999999196
399.01,0.1485898015316656,12.498289960416542,1.110991205111394,0.00023607881008492262,0.0010326059999999195
399.044,0.14902792077600666,12.550362398043932,1.1132627162534172,0.00023607881008492256,0.0010326399999999194
399.078,0.14946349261152198,12.602130629369872,1.1155366148198165,0.00023607881008492256,0.0010326739999999193
399.112,0.149879126001109,12.65131322611978,1.1178129008892035,0.00023607881008501803,0.0010327079999999194
399.146,0.1502531405311511,12.69512778365873,1.120091574540179,0.0002360788100849386,0.0010327419999999192
399.18,0.15064651840314985,12.741337828440292,1.1223726358513544,0.00023607881008492525,0.0010327759999999191
399.214,0.15107212408566997,12.791671008067398,1.1246560849013378,0.000236078810084923,0.001032809999999919
399.248,0.1514943186644768,12.841533440968622,1.1269419217687373,0.00023607881008492262,0.001032843999999919
399.282,0.15190886419233815,12.890347103100908,1.1292301465321606,0.00023607881008492256,0.0010328779999999188
399.316,0.1523143272805093,12.938047267606716,1.131520759270216,0.00023607881008492256,0.0010329119999999187
399.35,0.1527256954438142,12.986501535963985,1.133813760061515,0.00023607881008501803,0.0010329459999999188
399.384,0.15316250571479087,13.038112454267836,1.1361091489846582,0.0002360788100849386,0.0010329799999999187
399.418,0.1535982270867633,13.08958220051859,1.1384069261182574,0.00023607881008492525,0.0010330139999999185
399.452,0.15405761828134612,13.143932034717553,1.1407070915409208,0.000236078810084923,0.0010330479999999184
399.486,0.15451526417649142,13.197912363721011,1.1430096453312562,0.00023607881008492262,0.0010330819999999183
399.52,0.1549594524311297,13.250090051861944,1.1453145875678716,0.00023607881008492256,0.0010331159999999182
399.554,0.15542007895844467,13.304288960373569,1.147621918329375,0.00023607881008492256,0.001033149999999918
399.588,0.1558901587569197,13.359586367440313,1.1499316376943782,0.00023607881008501803,0.0010331839999999182
399.622,0.15630364065088492,13.407656633663326,1.1522437457414816,0.0002360788100849386,0.001033217999999918
399.656,0.15672411894940008,13.45647768049877,1.154558242549297,0.00023607881008492525,0.001033251999999918
399.69,0.15717777587431778,13.509407867730092,1.1568751281964325,0.000236078810084923,0.0010332859999999178
399.724,0.15761555198069022,13.560354721916479,1.1591944027614958,0.00023607881008492262,0.0010333199999999177
399.758,0.15804649292875414,13.610376689474412,1.161516066323095,0.00023607881008492256,0.0010333539999999176
399.792,0.158529676592851,13.666975493084191,1.1638401189598382,0.00023607881008492256,0.0010333879999999175
399.826,0.15898021273666102,13.719280451763447,1.1661665607503373,0.00023607881008501803,0.0010334219999999176
399.86,0.1593997883437296,13.767618043605175,1.1684953917731926,0.0002360788100849386,0.0010334559999999175
399.894,0.15985589139504341,13.820469073002295,1.1708266121070159,0.00023607881008492525,0.0010334899999999174
399.928,0.16032942149940974,13.875373055098283,1.1731602218304151,0.000236078810084923,0.0010335239999999172
399.962,0.16075372737873433,13.924110276145159,1.1754962210219984,0.00023607881008492262,0.0010335579999999171
399.996,0.1611750169344539,13.972321537099951,1.1778346097603738,0.00023607881008492256,0.001033591999999917
400.03,0.16161985546108687,14.0233570574008,1.1801753881241492,0.00023607881008492256,0.001033625999999917
400.064,0.1620751066484725,14.075606958304931,1.1825185561919362,0.00023607881008501803,0.001033659999999917
400.098,0.1626187320446556,14.1384883785025,1.1848641140423355,0.0002360788100849386,0.0010336939999999169
400.132,0.16311695257624148,14.195716261459525,1.1872120617539588,0.00023607881008492525,0.0010337279999999168
400.166,0.16358802271388073,14.24948255552792,1.1895623994054139,0.000236078810084923,0.0010337619999999167
400.2,0.16402811972903333,14.299397850822524,1.191915127075309,0.00023607881008492262,0.0010337959999999165
400.234,0.16448917840544025,14.3516825607225,1.1942702448422522,0.00023607881008492256,0.0010338299999999164
400.268,0.16497589226575265,14.407001343116898,1.1966277527848515,0.00023607881008492256,0.0010338639999999163
400.302,0.16544184693264105,14.459771123419458,1.1989876509817188,0.00023607881008501803,0.0010338979999999164
400.336,0.1659630762319466,14.519277735820575,1.201349939511454,0.0002360788100849386,0.0010339319999999163
400.37,0.16650880033429405,14.581760039027458,1.203714618452669,0.00023607881008492525,0.0010339659999999162
400.404,0.16702039309499417,14.639997650090542,1.2060816878839722,0.000236078810084923,0.001033999999999916
400.438,0.16750511873505916,14.694895393326313,1.2084511478839715,0.00023607881008492262,0.001034033999999916
400.472,0.1680032214893044,14.751136529381027,1.2108229985312746,0.00023607881008492256,0.0010340679999999158
400.506,0.1684980780487002,14.806888414162518,1.2131972399044897,0.00023607881008492256,0.0010341019999999157
400.54,0.16900762482977366,14.864444394093114,1.215573872082229,0.00023607881008501803,0.0010341359999999158
400.574,0.16948292720374247,14.917974177504483,1.2179528951430922,0.0002360788100849386,0.0010341699999999157
400.608,0.17000770406403337,14.977369884788057,1.2203343091656915,0.00023607881008492525,0.0010342039999999156
400.642,0.1705402092692254,15.037635159759304,1.2227181142286347,0.000236078810084923,0.0010342379999999155
400.676,0.17104388135432572,15.094276226858941,1.22510431041053,0.00023607881008492262,0.0010342719999999154
400.71,0.1715372879707748,15.149594935483957,1.227492897789985,0.00023607881008492256,0.0010343059999999152
400.744,0.1720287260678525,15.204525812764754,1.2298838764456121,0.00023607881008501803,0.0010343399999999153
400.778,0.17252159056690466,15.259634802486369,1.2322772464560114,0.0002360788100849386,0.0010343739999999152
400.812,0.17302250319392853,15.315554656279202,1.2346730078997947,0.00023607881008492525,0.0010344079999999151
400.846,0.1735317980018075,15.372284870383428,1.23707116085557,0.000236078810084923,0.001034441999999915
400.88,0.1740746704337152,15.432874618098705,1.2394717054019453,0.00023607881008492262,0.0010344759999999149
400.914,0.1746348256353379,15.495410210308695,1.2418746416175286,0.00023607881008492256,0.0010345099999999148
400.948,0.1751197469313463,15.548913239873652,1.2442799695809277,0.00023607881008492256,0.0010345439999999147
400.982,0.1756711964969888,15.610147551682887,1.2466876893707548,0.00023607881008501803,0.0010345779999999148
401.016,0.1762195297779875,15.670797574209317,1.24909780106561,0.0002360788100849386,0.0010346119999999146
401.05,0.17680945796971548,15.736305313082216,1.2515103047441052,0.00023607881008492525,0.0010346459999999145
401.084,0.17739936630945405,15.801636984717092,1.2539252004848485,0.000236078810084923,0.0010346799999999144
401.118,0.17801482669971236,15.8697513072596,1.2563424883664478,0.00023607881008492262,0.0010347139999999143
401.152,0.17860418843819306,15.934816990583384,1.2587621684675112,0.00023607881008492256,0.0010347479999999142
401.186,0.17920968811430174,16.001788921043136,1.2611842408666465,0.00023607881008492256,0.001034781999999914
401.22,0.17977762786794815,16.064242267607433,1.2636087056424656,0.00023607881008501803,0.0010348159999999142
401.254,0.18036823787015943,16.12930880363461,1.2660355628735689,0.0002360788100849386,0.001034849999999914
401.288,0.18094962815279866,16.193183868179013,1.2684648126385683,0.00023607881008492525,0.001034883999999914
401.322,0.18152142756104833,16.255716215266087,1.2708964550160715,0.000236078810084923,0.0010349179999999138
401.356,0.1820870760799414,16.317351445659977,1.2733304900846867,0.00023607881008492262,0.0010349519999999137
401.39,0.18267054388216916,16.380852601296763,1.275766917923022,0.00023607881008492256,0.0010349859999999136
401.424,0.18324333686107774,16.443037276068623,1.2782057386096852,0.00023607881008492256,0.0010350199999999135
401.458,0.18385443405367483,16.509609805577853,1.2806469522232886,0.00023607881008501803,0.0010350539999999136
401.492,0.18442313840050675,16.571308889077788,1.283090558842432,0.0002360788100849386,0.0010350879999999135
401.526,0.18499609898341612,16.633356008602828,1.2855365585457272,0.00023607881008492525,0.0010351219999999133
401.56,0.18554094578969788,16.6919648290991,1.2879849514117825,0.000236078810084923,0.0010351559999999132
401.594,0.18609865447007842,16.75187992698224,1.2904357375192057,0.00023607881008492262,0.0010351899999999131
401.628,0.18666421560598012,16.812465733303334,1.292888916946605,0.00023607881008492256,0.001035223999999913
401.662,0.1872621069912768,16.876575718171495,1.295344489772588,0.00023607881008492256,0.0010352579999999129
401.696,0.18781013502569893,16.93490107588883,1.2978024560757673,0.00023607881008501803,0.001035291999999913
401.73,0.18837664696450862,16.995278430120806,1.3002628159347425,0.0002360788100849386,0.0010353259999999129
401.764,0.1889180814776753,17.052695054607096,1.3027255694281257,0.00023607881008492525,0.0010353599999999128
401.798,0.18949422507577512,17.11378928075291,1.305190716634525,0.000236078810084923,0.0010353939999999126
401.832,0.19009449004816423,17.17753986044372,1.3076582576325482,0.00023607881008492262,0.0010354279999999125
401.866,0.1906939589352979,17.24100186264225,1.3101281925008035,0.00023607881008492256,0.0010354619999999124
401.9,0.19130825312312497,17.305983693702494,1.3126005213178988,0.00023607881008492256,0.0010354959999999123
401.934,0.1918664412648815,17.364566150608137,1.3150752441624463,0.00023607881008501803,0.0010355299999999124
401.968,0.19240792943970605,17.421234436706836,1.3175523611130455,0.0002360788100849386,0.0010355639999999123
402.002,0.192945826918193,17.477565707751694,1.3200318722483086,0.00023607881008492525,0.0010355979999999122
402.036,0.19350081673673467,17.53578854662485,1.3225137776468439,0.000236078810084923,0.001035631999999912
402.07,0.19411020206687757,17.60015266479944,1.3249980773872592,0.00023607881008492262,0.001035665999999912
402.104,0.19464040999951954,17.655636842828958,1.3274847715481624,0.00023607881008492256,0.0010356999999999118
402.138,0.1952066223875567,17.714912237511427,1.3299738602081614,0.00023607881008492256,0.0010357339999999117
402.172,0.1957475816916879,17.77126215730748,1.3324653434458689,0.00023607881008501803,0.0010357679999999118
402.206,0.19627485277618134,17.826059227399313,1.3349592213398842,0.0002360788100849386,0.0010358019999999117
402.24,0.19683540293358986,17.884379074893623,1.3374554939688195,0.00023607881008492525,0.0010358359999999116
402.274,0.19740781046213893,17.94400038318658,1.3399541614112827,0.000236078810084923,0.0010358699999999115
402.308,0.19802309459647818,18.008149022476044,1.3424552237458818,0.00023607881008492262,0.0010359039999999113
402.342,0.19869723464230749,18.078821546571177,1.3449586810512248,0.00023607881008492256,0.0010359379999999112
402.376,0.19938000680214232,18.15043414438545,1.34746453340592,0.00023607881008492256,0.0010359719999999111
402.41,0.2001296642012427,18.229592203829057,1.3499727808885795,0.00023607881008501803,0.0010360059999999112
402.444,0.20082636747637989,18.302949980996576,1.3524834235778027,0.0002360788100849386,0.001036039999999911
402.478,0.20146328972426275,18.36973424481436,1.354996461552202,0.00023607881008492525,0.001036073999999911
402.512,0.20210543468533732,18.43692230382723,1.3575118948903855,0.000236078810084923,0.0010361079999999109
402.546,0.20266384614850536,18.49492129018593,1.3600297236709609,0.00023607881008492262,0.0010361419999999108
402.58,0.20322438604071297,18.553127435106877,1.3625499479725363,0.00023607881008492256,0.0010361759999999106
402.614,0.2037769826545506,18.61031167886075,1.3650725678737194,0.00023607881008492256,0.0010362099999999105
402.648,0.20438700537734975,18.67389621233051,1.3675975834531229,0.00023607881008501803,0.0010362439999999106
402.682,0.20498149865707466,18.73580565867869,1.3701249947893461,0.0002360788100849386,0.0010362779999999105
402.716,0.20565529644938926,18.80645785347032,1.3726548019610012,0.00023607881008492525,0.0010363119999999104
402.75,0.20622734560361197,18.86570388833712,1.3751870050466963,0.000236078810084923,0.0010363459999999103
402.784,0.20685392002693617,18.931082754418508,1.3777216041250395,0.00023607881008492262,0.0010363799999999102
402.818,0.20752360975769538,19.00110668261752,1.3802585992746388,0.00023607881008492256,0.00103641399999991
402.852,0.20823370000923688,19.07553481618193,1.3827979905741021,0.00023607881008492256,0.00103644799999991
402.886,0.20893740741075215,19.149278586815687,1.3853397781020416,0.00023607881008501803,0.00103648199999991
402.92,0.2096917134896355,19.228471590607423,1.3878839619370567,0.0002360788100849386,0.00103651599999991
402.954,0.21045616799772304,19.308543793824636,1.3904305421577599,0.00023607881008492525,0.0010365499999999098
402.988,0.21114356985786523,19.380302527099857,1.3929795188427592,0.000236078810084923,0.0010365839999999097
403.022,0.21184982426893417,19.45390112921821,1.3955308920706624,0.00023607881008492262,0.0010366179999999096
403.056,0.21247295663638185,19.51827684889144,1.3980846619200775,0.00023607881008492256,0.0010366519999999095
403.09,0.21320057835633857,19.593906232388278,1.4006408284696128,0.00023607881008492256,0.0010366859999999093
403.124,0.2138903904851707,19.665299984111524,1.4031993917978802,0.00023607881008501803,0.0010367199999999095
403.158,0.21459991885696575,19.738752674024685,1.4057603519834794,0.0002360788100849386,0.0010367539999999093
403.192,0.21528793269993332,19.80978150157657,1.4083237091050227,0.00023607881008492525,0.0010367879999999092
403.226,0.21595435193003243,19.878105981721028,1.410889463241118,0.000236078810084923,0.001036821999999909
403.26,0.2167150463522306,19.956384732967226,1.4134576144703732,0.00023607881008492262,0.001036855999999909
403.294,0.2173982441935041,20.02626510710084,1.4160281628713964,0.00023607881008492256,0.0010368899999999089
403.328,0.2181359972261164,20.102045003351904,1.4186011085227956,0.00023607881008492256,0.0010369239999999088
403.362,0.21885907190016923,20.17599173783103,1.4211764515031833,0.00023607881008501803,0.0010369579999999089
403.396,0.21956215780590557,20.247663174897014,1.4237541918911585,0.0002360788100849386,0.0010369919999999087
403.43,0.22027253643113837,20.319938555014716,1.4263343297653337,0.00023607881008492525,0.0010370259999999086
403.464,0.22094132402356295,20.38756168222374,1.428916865204317,0.000236078810084923,0.0010370599999999085
403.498,0.22161892677289405,20.45588667545138,1.4315017982867162,0.00023607881008492262,0.0010370939999999084
403.532,0.22230231054733765,20.52455531712851,1.4340891290911395,0.00023607881008492256,0.0010371279999999083
403.566,0.22299110124075974,20.593640592345164,1.4366788576961949,0.00023607881008492256,0.0010371619999999082
403.6,0.22369221207824153,20.663884857437676,1.4392709841804943,0.00023607881008501803,0.0010371959999999083
403.634,0.22450107267002248,20.745257737827473,1.4418655086226373,0.0002360788100849386,0.0010372299999999082
403.668,0.2252135849941546,20.816331497421977,1.4444624311012364,0.00023607881008492525,0.001037263999999908
403.702,0.22601907374951966,20.897097611386148,1.4470617516948996,0.000236078810084923,0.001037297999999908
403.736,0.22671961248730538,20.96684376976641,1.4496634704822349,0.00023607881008492262,0.0010373319999999078
403.77,0.22746972843883867,21.041718848698483,1.4522675875418503,0.00023607881008492256,0.0010373659999999077
403.804,0.22819962020701226,21.114428060958772,1.4548741029523535,0.00023607881008492256,0.0010373999999999076
403.838,0.22893205260710597,21.187354527256495,1.4574830167923571,0.00023607881008501803,0.0010374339999999077
403.872,0.22964543140584928,21.25802905747484,1.4600943291404602,0.0002360788100849386,0.0010374679999999076
403.906,0.2303822343893673,21.331013998330416,1.4627080400752752,0.00023607881008492525,0.0010375019999999075
403.94,0.23114790942726937,21.407078654801307,1.4653241496754104,0.000236078810084923,0.0010375359999999073
403.974,0.2318746827694162,21.47897776272078,1.4679426580194737,0.00023607881008492262,0.0010375699999999072
404.008,0.23263744387064925,21.554565414391085,1.470563565186073,0.00023607881008492256,0.001037603999999907
404.042,0.23341142136974843,21.631312232043925,1.473186871253816,0.00023607881008492256,0.001037637999999907
404.076,0.2342051490769703,21.71000966143806,1.4758125763013157,0.00023607881008501803,0.001037671999999907
404.11,0.23499194927932834,21.788024311753134,1.4784406804071708,0.0002360788100849386,0.001037705999999907
404.144,0.2357032854511475,21.85781518438033,1.481071183649994,0.00023607881008492525,0.0010377399999999069
404.178,0.23641090135642207,21.927129168134478,1.483704086108393,0.000236078810084923,0.0010377739999999067
404.212,0.23719811679675917,22.004534825751875,1.486339387860976,0.00023607881008492262,0.0010378079999999066
404.246,0.23797383980985803,22.080594419232177,1.4889770889863512,0.00023607881008492256,0.0010378419999999065
404.28,0.23878435587021382,22.15997043840461,1.4916171895631263,0.00023607881008492256,0.0010378759999999064
404.314,0.23961608420265604,22.241495507281382,1.4942596896699138,0.00023607881008501803,0.0010379099999999065
404.348,0.24038424688323815,22.31648868424326,1.496904589385313,0.0002360788100849386,0.0010379439999999064
404.382,0.24124441312563208,22.40085117292933,1.4995518887879362,0.00023607881008492525,0.0010379779999999063
404.416,0.24198118813141942,22.47233199808401,1.5022015879563915,0.000236078810084923,0.0010380119999999062
404.45,0.2427348301622641,22.545320692216183,1.5048536869692866,0.00023607881008492262,0.001038045999999906
404.484,0.24348391983721485,22.61770548183477,1.5075081859052297,0.00023607881008492256,0.001038079999999906
404.518,0.24425515849720217,22.692325741016138,1.510165084842829,0.00023607881008492256,0.0010381139999999058
404.552,0.24502989360685082,22.767138384227046,1.5128243838606965,0.00023607881008501803,0.001038147999999906
404.586,0.24577641044888857,22.839023338841518,1.5154860830374317,0.0002360788100849386,0.0010381819999999058
404.62,0.24660198173004613,22.918734520476015,1.518150182451647,0.00023607881008492525,0.0010382159999999057
404.654,0.2474142903885181,22.996915194711164,1.5208166821819502,0.000236078810084923,0.0010382499999999056
404.688,0.24816555554608222,23.068949845184754,1.5234855823069493,0.00023607881008492262,0.0010382839999999055
404.722,0.2489653323851466,23.145639699124857,1.5261568829052525,0.00023607881008492256,0.0010383179999999053
404.756,0.24979667921189105,23.225416761520993,1.528830584055468,0.00023607881008492256,0.0010383519999999052
404.79,0.25069182437788373,23.311376017238246,1.5315066858362076,0.00023607881008501803,0.0010383859999999053
404.824,0.25154306463661963,23.392682454615656,1.5341851883260709,0.0002360788100849386,0.0010384199999999052
404.858,0.25240959542181113,23.47529340368049,1.53686609160367,0.00023607881008492525,0.001038453999999905
404.892,0.25323397700671074,23.55381326172054,1.5395493957476132,0.000236078810084923,0.001038487999999905
404.926,0.25404801302158636,23.631068427823745,1.5422351008365083,0.00023607881008492262,0.0010385219999999049
404.96,0.25494730803493104,23.71637839090353,1.5449232069489633,0.00023607881008492256,0.0010385559999999047
404.994,0.25589015611104926,23.805781085914507,1.5476137141635908,0.00023607881008501803,0.0010385899999999048
405.028,0.25677611504349074,23.889429706567,1.5503066225589899,0.0002360788100849386,0.0010386239999999047
405.062,0.2576274869416554,23.969550955353355,1.553001932213773,0.00023607881008492525,0.0010386579999999046
405.096,0.2585277257925859,24.054454985527066,1.555699643206548,0.000236078810084923,0.0010386919999999045
405.13,0.2594645781635631,24.142752361564437,1.558399755615923,0.00023607881008492262,0.0010387259999999044
405.164,0.26051511633728397,24.241899737489106,1.5611022695205061,0.00023607881008492256,0.0010387599999999043
405.198,0.261474397052124,24.33208839693066,1.5638071849989053,0.00023607881008492256,0.0010387939999999042
405.232,0.2623549217984695,24.41450884265217,1.5665145021297329,0.00023607881008501803,0.0010388279999999043
405.266,0.26324315454143987,24.497582509402527,1.569224220991588,0.0002360788100849386,0.0010388619999999041
405.3,0.26403327989518877,24.57071989176823,1.5719363416630834,0.00023607881008492525,0.001038895999999904
405.334,0.2648204913018859,24.643523912199278,1.5746508642228267,0.000236078810084923,0.001038929999999904
405.368,0.2656442914143439,24.71971167396426,1.577367788749426,0.00023607881008492262,0.0010389639999999038
405.402,0.2665509235329317,24.803779886892528,1.580087115321489,0.00023607881008492256,0.0010389979999999037
405.436,0.26748037542442116,24.889764782848463,1.5828088440176242,0.00023607881008492256,0.0010390319999999036
405.47,0.2684517280310146,24.979770469994627,1.585532974916444,0.00023607881008501803,0.0010390659999999037
405.504,0.26945983993458134,25.073140685364,1.5882595080965471,0.0002360788100849386,0.0010390999999999036
405.538,0.2704536193839005,25.164829312641526,1.5909884436365462,0.00023607881008492525,0.0010391339999999034
405.572,0.27142905099585257,25.254789182837225,1.5937197816150495,0.000236078810084923,0.0010391679999999033
405.606,0.2724000275577074,25.344038656008006,1.5964535221106646,0.00023607881008492262,0.0010392019999999032
405.64,0.2733184180641141,25.428140844124556,1.5991896652019997,0.00023607881008492256,0.001039235999999903
405.674,0.27426314833963156,25.514401714532887,1.601928210967663,0.00023607881008492256,0.001039269999999903
405.708,0.27520092652188377,25.599905885633927,1.6046691594862665,0.00023607881008501803,0.001039303999999903
405.742,0.27617283840680273,25.68842141577824,1.6074125108364097,0.0002360788100849386,0.001039337999999903
405.776,0.27711739828839194,25.77415746934021,1.6101582650967048,0.00023607881008492525,0.0010393719999999029
405.81,0.2780914311813477,25.86256986874598,1.6129064223457599,0.000236078810084923,0.0010394059999999027
405.844,0.27905704229975953,25.94990839158932,1.615656982662183,0.00023607881008492262,0.0010394399999999026
405.878,0.2800279058426703,26.037870323518433,1.618409946124582,0.00023607881008492256,0.0010394739999999025
405.912,0.2809766302355694,26.12354558800331,1.621165312811565,0.00023607881008492256,0.0010395079999999024
405.946,0.2819397299611549,26.210502071514313,1.6239230828017448,0.00023607881008501803,0.0010395419999999025
405.98,0.28288847817854423,26.296013391122546,1.62668325617372,0.0002360788100849386,0.0010395759999999024
406.014,0.2838035331346842,26.378146788718265,1.629445833006103,0.00023607881008492525,0.0010396099999999023
406.048,0.28469140725177866,26.45768286070463,1.6322108133775022,0.000236078810084923,0.0010396439999999021
406.082,0.28556246998116874,26.535517506039373,1.6349781973665254,0.00023607881008492262,0.001039677999999902
406.116,0.2865616737295886,26.62530268771358,1.6377479850517807,0.00023607881008492256,0.001039711999999902
406.15,0.28755006225012403,26.71416751871081,1.6405201765118758,0.00023607881008492256,0.0010397459999999018
406.184,0.2884472474187175,26.79421842557746,1.6432947718254236,0.00023607881008501803,0.001039779999999902
406.218,0.2893747286590021,26.876955360721198,1.6460717710710226,0.0002360788100849386,0.0010398139999999018
406.252,0.2903603099872319,26.965095151875754,1.6488511743272858,0.00023607881008492525,0.0010398479999999017
406.286,0.29139756820012513,27.057707278456654,1.651632981672821,0.000236078810084923,0.0010398819999999016
406.32,0.2923551484487823,27.142723805020182,1.6544171931862364,0.00023607881008492262,0.0010399159999999014
406.354,0.2933181164294295,27.228221471941044,1.6572038089461396,0.00023607881008492256,0.0010399499999999013
406.388,0.29423303460863104,27.309210962597394,1.6599928290311388,0.00023607881008492256,0.0010399839999999012
406.422,0.2952540993333895,27.399996655198308,1.6627842535198465,0.00023607881008501803,0.0010400179999999013
406.456,0.2961784293054608,27.481779656404182,1.6655780824908615,0.0002360788100849386,0.0010400519999999012
406.49,0.29734946174895754,27.58588956268135,1.6683743160227966,0.00023607881008492525,0.001040085999999901
406.524,0.29841430200459684,27.680364351472537,1.67117295419426,0.000236078810084923,0.001040119999999901
406.558,0.2993608839761426,27.763799437467227,1.6739739970838592,0.00023607881008492262,0.0010401539999999009
406.592,0.3003321858934311,27.849458814437572,1.6767774447702024,0.00023607881008492256,0.0010401879999999007
406.626,0.30147859446274433,27.951159124980208,1.6795832973318976,0.00023607881008492256,0.0010402219999999006
406.66,0.3026518379917722,28.05516475543458,1.6823915548475574,0.00023607881008501803,0.0010402559999999007
406.694,0.3037842996719269,28.15526255550052,1.6852022173957806,0.0002360788100849386,0.0010402899999999006
406.728,0.30477408383600557,28.24214229130644,1.6880152850551797,0.00023607881008492525,0.0010403239999999005
406.762,0.30583888740808096,28.335710659076327,1.6908307579043629,0.000236078810084923,0.0010403579999999004
406.796,0.3068947229061221,28.42850498047784,1.693648636021938,0.00023607881008492262,0.0010403919999999003
406.83,0.3080001936074445,28.52572999279958,1.6964689194865132,0.00023607881008492256,0.0010404259999999001
406.864,0.30906979439312415,28.61950150902481,1.6992916083766965,0.00023607881008492256,0.0010404599999999
406.898,0.31007121926739173,28.706992715434875,1.7021167027711002,0.00023607881008501803,0.0010404939999999001
406.932,0.3111198074330608,28.798557994236013,1.7049442027483233,0.0002360788100849386,0.0010405279999999
406.966,0.3120959930053008,28.88353335456461,1.7077741083869782,0.00023607881008492525,0.0010405619999999
407.0,0.3132014663543172,28.980179675548772,1.7106064197656732,0.000236078810084923,0.0010405959999998998
407.034,0.3142975983088003,29.075818833557104,1.7134411369630163,0.00023607881008492262,0.0010406299999998997
407.068,0.31542937825116885,29.174351034382696,1.7162782600576154,0.00023607881008492256,0.0010406639999998996
407.102,0.31660409466306927,29.2765821423579,1.7191177891280787,0.00023607881008492256,0.0010406979999998994
407.136,0.3176811176856527,29.369949637901403,1.7219597242530185,0.00023607881008501803,0.0010407319999998995
407.17,0.31871947311210597,29.45960139597481,1.7248040655110335,0.0002360788100849386,0.0010407659999998994
407.204,0.319884150369888,29.560208776036774,1.7276508129807366,0.00023607881008492525,0.0010407999999998993
407.238,0.32110918395897564,29.665872071492153,1.730499966740736,0.000236078810084923,0.0010408339999998992
407.272,0.32221962475951715,29.761270424572196,1.7333515268696391,0.00023607881008492262,0.001040867999999899
407.306,0.3232081892697112,29.845636018378237,1.7362054934460542,0.00023607881008492256,0.001040901999999899
407.34,0.32428483236037664,29.9378103139082,1.7390618665485893,0.00023607881008492256,0.0010409359999998989
407.374,0.32535467705511717,30.029351916157122,1.7419206462558572,0.00023607881008501803,0.001040969999999899
407.408,0.3263869073008545,30.11744802673311,1.7447818326464564,0.0002360788100849386,0.0010410039999998988
407.442,0.3274959610104031,30.2122497178708,1.7476454257989995,0.00023607881008492525,0.0010410379999998987
407.476,0.32865702973404987,30.311309333357578,1.7505114257920946,0.000236078810084923,0.0010410719999998986
407.51,0.32979307187896056,30.408033061485888,1.7533798327043497,0.00023607881008492262,0.0010411059999998985
407.544,0.33086250810231765,30.498931522753495,1.7562506466143728,0.00023607881008492256,0.0010411399999998984
407.578,0.3320563664653689,30.600795619251578,1.7591238676007719,0.00023607881008492256,0.0010411739999998983
407.612,0.3333835214489994,30.714471890323843,1.7619994957421596,0.00023607881008501803,0.0010412079999998984
407.646,0.33462968190355596,30.820918454079905,1.7648775311171347,0.0002360788100849386,0.0010412419999998983
407.68,0.3360053601035694,30.938502187835798,1.7677579738043099,0.00023607881008492525,0.0010412759999998981
407.714,0.33735339412942716,31.05318897560359,1.770640823882293,0.000236078810084923,0.001041309999999898
407.748,0.3385849977803638,31.157706871007818,1.773526081429692,0.00023607881008492262,0.001041343999999898
407.782,0.3397816459652857,31.259114970939045,1.776413746525115,0.00023607881008492256,0.0010413779999998978
407.816,0.3409369741522289,31.35669494122983,1.7793038192471702,0.00023607881008492256,0.0010414119999998977
407.85,0.342086631509238,31.45357937628331,1.78219629967447,0.00023607881008501803,0.0010414459999998978
407.884,0.3432797813245052,31.55406999657739,1.7850911878856133,0.0002360788100849386,0.0010414799999998977
407.918,0.34452828303228794,31.65930974473789,1.7879884839592124,0.00023607881008492525,0.0010415139999998975
407.952,0.3457444747296206,31.76154243725009,1.7908881879738754,0.000236078810084923,0.0010415479999998974
407.986,0.34685943931233465,31.855062035331212,1.7937903000082105,0.00023607881008492262,0.0010415819999998973
408.02,0.3479743026702891,31.948430731253552,1.7966948201408257,0.00023607881008492256,0.0010416159999998972
408.054,0.34894298442728033,32.029086997441,1.7996017484503288,0.00023607881008492256,0.001041649999999897
408.088,0.3499499366555831,32.11305207122797,1.8025110850153327,0.00023607881008501803,0.0010416839999998972
408.122,0.35099363587086424,32.199917081189646,1.805422829914436,0.0002360788100849386,0.001041717999999897
408.156,0.35208991595048417,32.29105630090317,1.808336983226251,0.00023607881008492525,0.001041751999999897
408.19,0.35326714162825074,32.38921847223978,1.811253545029386,0.000236078810084923,0.0010417859999998968
408.224,0.3544996897461337,32.492024446841036,1.8141725154024493,0.00023607881008492262,0.0010418199999998967
408.258,0.355727225859669,32.594295652796575,1.8170938944240485,0.00023607881008492256,0.0010418539999998966
408.292,0.357001876519581,32.70055840463884,1.8200176821727916,0.00023607881008492256,0.0010418879999998965
408.326,0.3582912222698194,32.80800898681141,1.8229438787272916,0.00023607881008501803,0.0010419219999998966
408.36,0.3596270864494188,32.91939582516124,1.8258724841661467,0.0002360788100849386,0.0010419559999998965
408.394,0.36078465737970555,33.015343302970685,1.8288034985679698,0.00023607881008492525,0.0010419899999998964
408.428,0.362101596951039,33.12484269017972,1.8317369220113688,0.000236078810084923,0.0010420239999998963
408.462,0.36338557250967857,33.231403202012956,1.834672754574952,0.00023607881008492262,0.0010420579999998961
408.496,0.36464706731644936,33.33629082330119,1.837610996337327,0.00023607881008492256,0.001042091999999896
408.53,0.365877591355714,33.43850275996958,1.8405516473771022,0.00023607881008492256,0.001042125999999896
408.564,0.3670204610529813,33.53314101569135,1.8434947077728903,0.00023607881008501803,0.001042159999999896
408.598,0.3681813338766131,33.62921175713191,1.8464401776032895,0.0002360788100849386,0.001042193999999896
408.632,0.3694165387760483,33.73144684140537,1.8493880569469126,0.00023607881008492525,0.0010422279999998958
408.666,0.37071417117278527,33.83886306375119,1.8523383458823675,0.000236078810084923,0.0010422619999998957
408.7,0.3719382642060518,33.93965287112239,1.8552910444882624,0.00023607881008492262,0.0010422959999998955
408.734,0.37325171947945696,34.04779950324237,1.8582461528432055,0.00023607881008492256,0.0010423299999998954
408.768,0.37452423806846646,34.15221058448548,1.8612036710258046,0.00023607881008492256,0.0010423639999998953
408.802,0.3758591980157734,34.26163690094979,1.8641635991146728,0.00023607881008501803,0.0010423979999998954
408.836,0.37722482253589273,34.373283981061704,1.867125937188408,0.0002360788100849386,0.0010424319999998953
408.87,0.3785542507286512,34.48180501437861,1.870090685325623,0.00023607881008492525,0.0010424659999998952
408.904,0.37980896544862697,34.583794317111014,1.873057843604926,0.000236078810084923,0.001042499999999895
408.938,0.38107605735026107,34.68669941628593,1.8760274121049252,0.00023607881008492262,0.001042533999999895
408.972,0.38233290349449117,34.78873354336933,1.8789993909042282,0.00023607881008492256,0.0010425679999998948
409.006,0.3835839778258275,34.89019854749212,1.8819737800814433,0.00023607881008492256,0.0010426019999998947
409.04,0.38474407600159294,34.98387922033691,1.8849505797151833,0.00023607881008501803,0.0010426359999998948
409.074,0.38601808259098447,35.08684871174505,1.8879297898840464,0.0002360788100849386,0.0010426699999998947
409.108,0.3873400611416941,35.19358810933513,1.8909114106666454,0.00023607881008492525,0.0010427039999998946
409.142,0.3887038830821244,35.30370956130565,1.8938954421415883,0.000236078810084923,0.0010427379999998945
409.176,0.3900460400456302,35.411736580053294,1.8968818843874833,0.00023607881008492262,0.0010427719999998944
409.21,0.39156220049476337,35.53388269035493,1.8998707374829382,0.00023607881008492256,0.0010428059999998943
409.244,0.3929435902555677,35.64467553032807,1.9028620015065663,0.00023607881008501803,0.0010428399999998944
409.278,0.39439750404243373,35.76106270513075,1.9058556765369652,0.0002360788100849386,0.0010428739999998942
409.312,0.3960578178286977,35.8937752224194,1.9088517626527481,0.00023607881008492525,0.0010429079999998941
409.346,0.39757465354429383,36.01470913925801,1.911850259932523,0.000236078810084923,0.001042941999999894
409.38,0.39902183464372726,36.12960606780944,1.9148511684548981,0.00023607881008492262,0.001042975999999894
409.414,0.4005176944185815,36.248175906007674,1.9178544882984812,0.00023607881008492256,0.0010430099999998938
409.448,0.4018940868553493,36.356981527152016,1.9208602195418802,0.00023607881008492256,0.0010430439999998937
409.482,0.4033020407258698,36.46804857722126,1.9238683622637083,0.00023607881008501803,0.0010430779999998938
409.516,0.4047311719439825,36.580604748411545,1.9268789165425635,0.0002360788100849386,0.0010431119999998937
409.55,0.4062502425321499,36.70011142355567,1.9298918824570586,0.00023607881008492525,0.0010431459999998935
409.584,0.4076254549135706,36.80809183424299,1.9329072600858015,0.000236078810084923,0.0010431799999998934
409.618,0.4091505098545001,36.92795624254843,1.9359250495074005,0.00023607881008492262,0.0010432139999998933
409.652,0.41050140995571116,37.033399340876855,1.9389452508004636,0.00023607881008492256,0.0010432479999998932
409.686,0.41184109089422427,37.13780257425594,1.9419678640435987,0.00023607881008492256,0.001043281999999893
409.72,0.4132340698954184,37.24646681005721,1.944992889315419,0.00023607881008501803,0.0010433159999998932
409.754,0.4146666442002954,37.35809658292095,1.948020326694522,0.0002360788100849386,0.001043349999999893
409.788,0.4161758426057122,37.47558313679175,1.9510501762595212,0.00023607881008492525,0.001043383999999893
409.822,0.41771515001277276,37.595451820312796,1.9540824380890243,0.000236078810084923,0.0010434179999998928
409.856,0.4191683110938054,37.708084721739326,1.9571171122616393,0.00023607881008492262,0.0010434519999998927
409.89,0.42056444337706195,37.815937052554084,1.9601541988559743,0.00023607881008492256,0.0010434859999998926
409.924,0.4219524304257846,37.92309213743946,1.9631936979506373,0.00023607881008492256,0.0010435199999998925
409.958,0.42319363456168735,38.018559153164276,1.9662356096242415,0.00023607881008501803,0.0010435539999998926
409.992,0.4244589738396256,38.11574264885674,1.9692799339553844,0.0002360788100849386,0.0010435879999998925
410.026,0.42573756111465183,38.21366253146501,1.9723266710226794,0.00023607881008492525,0.0010436219999998924
410.06,0.42738457724320017,38.34033919495969,1.9753758209047345,0.000236078810084923,0.0010436559999998922
410.094,0.42895902483212733,38.46123375945103,1.9784273836801576,0.00023607881008492262,0.0010436899999998921
410.128,0.4305498887568886,38.58344057949018,1.9814813594275567,0.00023607881008492256,0.001043723999999892
410.162,0.43207256093749874,38.70001369744677,1.9845377482255395,0.00023607881008492256,0.001043757999999892
410.196,0.4337715366754787,38.83020335996285,1.9875965501527197,0.00023607881008501803,0.001043791999999892
410.23,0.4355449183678115,38.96572925891157,1.9906577652876947,0.0002360788100849386,0.0010438259999998919
410.264,0.4371043702406386,39.08437954713217,1.9937213937090776,0.00023607881008492525,0.0010438599999998918
410.298,0.43871678662908076,39.2069602268225,1.9967874354954767,0.000236078810084923,0.0010438939999998917
410.332,0.44036831070577787,39.33226278761529,1.9998558907254997,0.00023607881008492262,0.0010439279999998915
410.366,0.44205343082074183,39.459869650407015,2.002926759477755,0.00023607881008492256,0.0010439619999998914
410.4,0.4436485515601301,39.58027949127239,2.00600004183085,0.00023607881008492256,0.0010439959999998913
410.434,0.44511156417889963,39.69055099939037,2.0090757378633985,0.00023607881008501803,0.0010440299999998914
410.468,0.4467617599601696,39.814978508463874,2.0121538476539977,0.0002360788100849386,0.0010440639999998913
410.502,0.44838160215650047,39.93703968558946,2.015234371281261,0.00023607881008492525,0.0010440979999998912
410.536,0.44993316133355155,40.05355811038936,2.018317308823796,0.000236078810084923,0.001044131999999891
410.57,0.45131034378547474,40.156587477370266,2.0214026603602115,0.00023607881008492262,0.001044165999999891
410.604,0.45298996905459066,40.28232993338134,2.0244904259691148,0.00023607881008492256,0.0010441999999998908
410.638,0.45451864317503377,40.396403880759074,2.027580605729114,0.00023607881008492256,0.0010442339999998907
410.672,0.45605710279285383,40.511252992425746,2.0306731997188225,0.00023607881008501803,0.0010442679999998908
410.706,0.45771524097874006,40.635137739979655,2.0337682080168378,0.0002360788100849386,0.0010443019999998907
410.74,0.45928148745528824,40.751685430491285,2.036865630701773,0.00023607881008492525,0.0010443359999998906
410.774,0.4608062426254689,40.86479335460069,2.0399654678522365,0.000236078810084923,0.0010443699999998905
410.808,0.46252528344656724,40.992306157744245,2.0430677195468356,0.00023607881008492262,0.0010444039999998904
410.842,0.46412909115700285,41.11082761882513,2.0461723858641787,0.00023607881008492256,0.0010444379999998902
410.876,0.4659334352589008,41.24450430405863,2.049279466882874,0.00023607881008492256,0.0010444719999998901
410.91,0.4676561964357417,41.372002054302754,2.0523889626815346,0.00023607881008501803,0.0010445059999998902
410.944,0.46936415785948266,41.498227857311626,2.0555008733387576,0.0002360788100849386,0.0010445399999998901
410.978,0.470965649957354,41.616016182474524,2.0586151989331567,0.00023607881008492525,0.00104457399999989
411.012,0.4725647094187006,41.733291613438304,2.06173193954334,0.000236078810084923,0.0010446079999998899
411.046,0.4743567698301283,41.864915141530886,2.0648510952479153,0.00023607881008492262,0.0010446419999998898
411.08,0.47611708207522657,41.993784722816784,2.0679726661254905,0.00023607881008492256,0.0010446759999998897
411.114,0.4778508371927277,42.120197087659335,2.0710966522546737,0.00023607881008492256,0.0010447099999998895
411.148,0.4794941242389043,42.23956720341529,2.074223053714078,0.00023607881008501803,0.0010447439999998896
411.182,0.48113533420382637,42.35861931391083,2.0773518705823015,0.0002360788100849386,0.0010447779999998895
411.216,0.48288598687478274,42.48588198695289,2.080483102937957,0.00023607881008492525,0.0010448119999998894
411.25,0.48467359014837125,42.615639204461836,2.0836167508596524,0.000236078810084923,0.0010448459999998893
411.284,0.486515186057656,42.74913041295976,2.0867528144259957,0.00023607881008492262,0.0010448799999998892
411.318,0.4884671417222155,42.89076713529486,2.0898912937155947,0.00023607881008492256,0.001044913999999889
411.352,0.49026148379119,43.02045712155201,2.0930321888070575,0.00023607881008492256,0.001044947999999889
411.386,0.49204783022542287,43.14909538884013,2.096175499778998,0.00023607881008501803,0.001044981999999889
411.42,0.493970712432769,43.287694671971416,2.099321226710013,0.0002360788100849386,0.001045015999999889
411.454,0.4959706162238725,43.43134520708386,2.1024693696787167,0.00023607881008492525,0.0010450499999998888
411.488,0.4977542658774689,43.5589073578318,2.105619928763716,0.000236078810084923,0.0010450839999998887
411.522,0.4995708447744837,43.6887585401407,2.108772904043619,0.00023607881008492262,0.0010451179999998886
411.556,0.5011297640174802,43.79977028905865,2.111928295597034,0.00023607881008492256,0.0010451519999998885
411.59,0.5028996489915805,43.92611346308104,2.1150861035025694,0.00023607881008492256,0.0010451859999998884
411.624,0.5047052202142054,44.054854347505895,2.118246327838838,0.00023607881008501803,0.0010452199999998885
411.658,0.5065098064230233,44.18370566806434,2.1214089686844373,0.0002360788100849386,0.0010452539999998883
411.692,0.5082228234190072,44.305775681351285,2.1245740261179806,0.00023607881008492525,0.0010452879999998882
411.726,0.5100570035271217,44.436548970330456,2.1277415002180757,0.000236078810084923,0.0010453219999998881
411.76,0.5120859703955338,44.58127374761622,2.130911391063331,0.00023607881008492262,0.001045355999999888
411.794,0.5138742553862006,44.70848889678426,2.134083698732354,0.00023607881008492256,0.0010453899999998879
411.828,0.5156410718683452,44.83391037018329,2.1372584233037535,0.00023607881008492256,0.0010454239999998878
411.862,0.5173112845815119,44.952160668754715,2.140435564856142,0.00023607881008501803,0.0010454579999998879
411.896,0.5191174253032765,45.07991120276028,2.143615123468117,0.0002360788100849386,0.0010454919999998878
411.93,0.5209181028074585,45.207141548791476,2.1467970992182925,0.00023607881008492525,0.0010455259999998876
411.964,0.5228762541089089,45.345237726520345,2.149981492185276,0.000236078810084923,0.0010455599999998875
411.998,0.5250430285357012,45.497973517952246,2.1531683024476753,0.00023607881008492262,0.0010455939999998874
412.032,0.5270780600828971,45.64103259270772,2.1563575300840987,0.00023607881008492256,0.0010456279999998873
412.066,0.5291090534927446,45.78370858318619,2.159549175173154,0.00023607881008492256,0.0010456619999998872
412.1,0.5313502876324425,45.94108545333139,2.1627432377934546,0.00023607881008501803,0.0010456959999998873
412.134,0.5334464294504206,46.08785556655402,2.165939718023598,0.0002360788100849386,0.0010457299999998872
412.168,0.5354380058261244,46.22694336782619,2.1691386159421975,0.00023607881008492525,0.001045763999999887
412.202,0.5373049215361819,46.35693859825513,2.1723399316278607,0.000236078810084923,0.001045797999999887
412.236,0.539234484962259,46.491510749486636,2.175543665159196,0.00023607881008492262,0.0010458319999998868
412.27,0.5410579564454937,46.61845712716373,2.178749816614811,0.00023607881008492256,0.0010458659999998867
412.304,0.5427247870305266,46.73424447133167,2.1819583860733145,0.00023607881008492256,0.0010458999999998866
412.338,0.5445241661576684,46.85938864104941,2.185169373613319,0.00023607881008501803,0.0010459339999998867
412.372,0.5464916887637755,46.99607292452082,2.188382779313422,0.0002360788100849386,0.0010459679999998866
412.406,0.5484908098075867,47.13456401607461,2.191598603252237,0.00023607881008492525,0.0010460019999998865
412.44,0.5504224707848522,47.26840787204101,2.194816845508372,0.000236078810084923,0.0010460359999998863
412.474,0.5523999042182361,47.40507891628136,2.198037506160435,0.00023607881008492262,0.0010460699999998862
412.508,0.5545135306263845,47.5508985353965,2.2012605852870344,0.00023607881008492256,0.0010461039999998861
412.542,0.5565442076753777,47.69054572147705,2.2044860829667776,0.00023607881008492256,0.001046137999999886
412.576,0.5585427027229883,47.82787110729028,2.207713999278278,0.00023607881008501803,0.001046171999999886
412.61,0.56048410509955,47.96116619288843,2.210944334300133,0.0002360788100849386,0.001046205999999886
412.644,0.5625395199193278,48.10225502727779,2.214177088110956,0.00023607881008492525,0.0010462399999998859
412.678,0.5647209318137304,48.25191918115556,2.2174122607893554,0.000236078810084923,0.0010462739999998858
412.712,0.566897610061779,48.40126996720559,2.2206498524139384,0.00023607881008492262,0.0010463079999998856
412.746,0.5691340469715239,48.554557333359355,2.2238898630633135,0.00023607881008492256,0.0010463419999998855
412.78,0.5713857219723402,48.70880172686784,2.2271322928160884,0.00023607881008492256,0.0010463759999998854
412.814,0.5734615237866222,48.85072335935521,2.2303771417508766,0.00023607881008501803,0.0010464099999998855
412.848,0.5755336585088753,48.99198112404974,2.233624409946276,0.0002360788100849386,0.0010464439999998854
412.882,0.5775054240025846,49.12628225238869,2.236874097480899,0.00023607881008492525,0.0010464779999998853
412.916,0.5796647346773235,49.273381642037805,2.2401262044333543,0.000236078810084923,0.0010465119999998852
412.95,0.5817315969068184,49.413820869702086,2.2433807308822495,0.00023607881008492262,0.001046545999999885
412.984,0.5836507881225544,49.54412614985749,2.2466376769061926,0.00023607881008492256,0.001046579999999885
413.018,0.5858193608002836,49.691438972855735,2.249897042583792,0.00023607881008492256,0.0010466139999998848
413.052,0.5879898524372095,49.83869930665998,2.2531588279936607,0.00023607881008501803,0.001046647999999885
413.086,0.59003615386968,49.97732940860557,2.256423033214396,0.0002360788100849386,0.0010466819999998848
413.12,0.591978690685385,50.10865967445535,2.259689658324611,0.00023607881008492525,0.0010467159999998847
413.154,0.5941784515992378,50.25752536205582,2.2629587034029144,0.000236078810084923,0.0010467499999998846
413.188,0.5962394836269082,50.396937589961354,2.2662301685279136,0.00023607881008492262,0.0010467839999998845
413.222,0.5980983227443666,50.52250843517418,2.269504053778217,0.00023607881008492256,0.0010468179999998843
413.256,0.6002294669750498,50.66638934809643,2.2727803592324323,0.00023607881008492256,0.0010468519999998842
413.29,0.6024301119500107,50.81509383771579,2.2760590849691726,0.00023607881008501803,0.0010468859999998843
413.324,0.6045348431958057,50.95704754714454,2.2793402310670356,0.0002360788100849386,0.0010469199999998842
413.358,0.6063637722306927,51.07992887828868,2.282623797604635,0.00023607881008492525,0.001046953999999884
413.392,0.6081946470672093,51.20265160413848,2.285909784660578,0.000236078810084923,0.001046987999999884
413.426,0.6101125557060304,51.331233337176315,2.289198192313473,0.00023607881008492262,0.0010470219999998839
413.46,0.6118759275648236,51.44910802940897,2.292489020641928,0.00023607881008492256,0.0010470559999998838
413.494,0.6138495576717133,51.5811135971768,2.2957822697245565,0.00023607881008501803,0.0010470899999998839
413.528,0.6159839512977588,51.72369242195637,2.2990779396399557,0.0002360788100849386,0.0010471239999998837
413.562,0.6182911332981726,51.87766088684243,2.3023760304667387,0.00023607881008492525,0.0010471579999998836
413.596,0.6205783288750426,52.029957632827724,2.3056765422835137,0.000236078810084923,0.0010471919999998835
413.63,0.622886512277233,52.18320720723334,2.308979475168889,0.00023607881008492262,0.0010472259999998834
413.664,0.6251514166369923,52.33373884186061,2.3122848292014724,0.00023607881008492256,0.0010472599999998833
413.698,0.6271636196099715,52.46685220266713,2.3155926044598716,0.00023607881008492256,0.0010472939999998832
413.732,0.6294896895041573,52.62090107712667,2.3189028010227,0.00023607881008501803,0.0010473279999998833
413.766,0.6316090354955461,52.761000244030946,2.3222154189685553,0.0002360788100849386,0.0010473619999998832
413.8,0.6340728525656003,52.924227322516614,2.3255304583760505,0.00023607881008492525,0.001047395999999883
413.834,0.6363512823332431,53.0748555671435,2.328847919323794,0.000236078810084923,0.001047429999999883
413.868,0.6387439406286559,53.23281842605935,2.3321678018903933,0.00023607881008492262,0.0010474639999998828
413.902,0.6406933531995419,53.36101361129912,2.3354901061544564,0.00023607881008492256,0.0010474979999998827
413.936,0.6428228790174898,53.5011330759797,2.3388148321945916,0.00023607881008492256,0.0010475319999998826
413.97,0.6448924920715232,53.63728706680014,2.342141980089412,0.00023607881008501803,0.0010475659999998827
414.004,0.6470578706329442,53.779589410558465,2.3454715499175154,0.0002360788100849386,0.0010475999999998826
414.038,0.6491076713628592,53.91400550810066,2.3488035417575146,0.00023607881008492525,0.0010476339999998825
414.072,0.6512621908186772,54.05526089582577,2.3521379556880175,0.000236078810084923,0.0010476679999998823
414.106,0.6535030247207531,54.20210588404337,2.3554747917876324,0.00023607881008492262,0.0010477019999998822
414.14,0.6559103844110655,54.359922153624424,2.3588140501349675,0.00023607881008492256,0.001047735999999882
414.174,0.6584108646767519,54.523618376515834,2.3621557308086305,0.00023607881008492256,0.001047769999999882
414.208,0.6605499726100411,54.66314974009584,2.3654998338872355,0.00023607881008501803,0.001047803999999882
414.242,0.6628093005356084,54.81055747456187,2.3688463594493787,0.0002360788100849386,0.001047837999999882
414.276,0.665098852973506,54.95978985306744,2.3721953075736737,0.00023607881008492525,0.0010478719999998819
414.31,0.6672794556114474,55.10158800803478,2.3755466783387287,0.000236078810084923,0.0010479059999998817
414.344,0.6696063178618306,55.2530399177382,2.3789004718231515,0.00023607881008492262,0.0010479399999998816
414.378,0.6717606788159035,55.39313038346801,2.3822566881055502,0.00023607881008492256,0.0010479739999998815
414.412,0.6739365564508906,55.53407321931357,2.3856153272645333,0.00023607881008492256,0.0010480079999998814
414.446,0.6761096857940609,55.67458277941308,2.388976389378714,0.00023607881008501803,0.0010480419999998815
414.48,0.6782546529916635,55.81312607172513,2.392339874526689,0.0002360788100849386,0.0010480759999998814
414.514,0.6806263827529511,55.96609267771202,2.395705782787072,0.00023607881008492525,0.0010481099999998813
414.548,0.6830741445108242,56.12382190563143,2.3990741142384713,0.000236078810084923,0.0010481439999998812
414.582,0.6855585133056229,56.28351013123752,2.4024448689594946,0.00023607881008492262,0.001048177999999881
414.616,0.6882586062334982,56.45690163941755,2.40581804702875,0.00023607881008492256,0.001048211999999881
414.65,0.6908700958903637,56.624038485516856,2.409193648524845,0.00023607881008492256,0.0010482459999998808
414.684,0.6933675291206517,56.783459296788536,2.412571673526394,0.00023607881008501803,0.001048279999999881
414.718,0.696087150590071,56.95682546781902,2.415952122111993,0.0002360788100849386,0.0010483139999998808
414.752,0.6987673154488825,57.12734211731738,2.4193349943602556,0.00023607881008492525,0.0010483479999998807
414.786,0.7012287535076821,57.28352592794233,2.4227202903497904,0.000236078810084923,0.0010483819999998806
414.82,0.703580498006743,57.43240018860805,2.4261080101592056,0.00023607881008492262,0.0010484159999998805
414.854,0.7060155563232631,57.586159344938146,2.429498153867109,0.00023607881008492256,0.0010484499999998803
414.888,0.7085311076402637,57.744835504296745,2.4328907215521083,0.00023607881008492256,0.0010484839999998802
414.922,0.7109738963320386,57.89867589086026,2.436285713292817,0.00023607881008501803,0.0010485179999998803
414.956,0.7135095546754585,58.05817306283491,2.439683129167832,0.0002360788100849386,0.0010485519999998802
414.99,0.7163057386504351,58.23435914728146,2.443082969255767,0.00023607881008492525,0.00104858599999988
415.024,0.7191127367003136,58.410558807427584,2.4464852336352303,0.000236078810084923,0.00104861999999988
415.058,0.7216403860646874,58.56883482945333,2.4498899223848296,0.00023607881008492262,0.0010486539999998799
415.092,0.7240710117436213,58.72100086258307,2.453297035583173,0.00023607881008492256,0.0010486879999998797
415.126,0.7265515639910785,58.87609683796945,2.456706573308868,0.00023607881008492256,0.0010487219999998796
415.16,0.7288379206873074,59.01861277613661,2.460118535640529,0.00023607881008501803,0.0010487559999998797
415.194,0.7313143092656283,59.172931994326404,2.463532922656752,0.0002360788100849386,0.0010487899999998796
415.228,0.7339849564308648,59.33937876268693,2.4669497344361515,0.00023607881008492525,0.0010488239999998795
415.262,0.7365514320271448,59.498888548406505,2.4703689710573347,0.000236078810084923,0.0010488579999998794
415.296,0.7390944141616498,59.656569399603484,2.47379063259891,0.00023607881008492262,0.0010488919999998793
415.33,0.7416747020488751,59.81630275178269,2.477214719139485,0.00023607881008492256,0.0010489259999998792
415.364,0.7444418976507043,59.987507579949956,2.480641230757668,0.00023607881008492256,0.001048959999999879
415.398,0.7470562915675272,60.14874058111603,2.4840701675320727,0.00023607881008501803,0.0010489939999998791
415.432,0.7498395541498533,60.32026757100233,2.487501529541296,0.0002360788100849386,0.001049027999999879
415.466,0.7524787252654793,60.48295371601276,2.4909353168639514,0.00023607881008492525,0.001049061999999879
415.5,0.7551263595217388,60.64569543419244,2.4943715295786464,0.000236078810084923,0.0010490959999998788
415.534,0.7577717681122543,60.807726659921364,2.4978101677639892,0.00023607881008492262,0.0010491299999998787
415.568,0.7605568378367703,60.97806075462835,2.501251231498588,0.00023607881008492256,0.0010491639999998786
415.602,0.7633877846111013,61.15102206280496,2.5046947208610515,0.00023607881008492256,0.0010491979999998785
415.636,0.7665322150855522,61.3432942909573,2.5081406359299923,0.00023607881008501803,0.0010492319999998786
415.67,0.7696458846256905,61.5333185404665,2.5115889767840076,0.0002360788100849386,0.0010492659999998784
415.704,0.7721080806404833,61.68290674308709,2.5150397435017107,0.00023607881008492525,0.0010492999999998783
415.738,0.7749168343650934,61.853562978554756,2.5184929361617097,0.000236078810084923,0.0010493339999998782
415.772,0.7777995196100187,62.02867687002037,2.521948554842613,0.00023607881008492262,0.001049367999999878
415.806,0.78002766038837,62.163241134559456,2.525406599623028,0.00023607881008492256,0.001049401999999878
415.84,0.7825033548594409,62.31261891225164,2.5288670705815632,0.00023607881008492256,0.0010494359999998779
415.874,0.7853882065771148,62.48681781746837,2.5323299677968323,0.00023607881008501803,0.001049469999999878
415.908,0.7885988900237472,62.68062754995311,2.5357952913474313,0.0002360788100849386,0.0010495039999998779
415.942,0.79140313436108,62.849394832405714,2.5392630413119743,0.00023607881008492525,0.0010495379999998777
415.976,0.794167445801287,63.01549700107579,2.5427332177690696,0.000236078810084923,0.0010495719999998776
416.01,0.7972312650243711,63.199358667415154,2.546205820797325,0.00023607881008492262,0.0010496059999998775
416.044,0.8002090549126016,63.37776711944763,2.549680850475348,0.00023607881008492256,0.0010496399999998774
416.078,0.8029384126865499,63.540961809414284,2.553158306881747,0.00023607881008492256,0.0010496739999998773
416.112,0.8058620044593849,63.71601796860871,2.5566381900951356,0.00023607881008501803,0.0010497079999998774
416.146,0.8088137523650896,63.89271082326517,2.560120500194111,0.0002360788100849386,0.0010497419999998773
416.18,0.8116468757578063,64.06158431700794,2.563605237257286,0.00023607881008492525,0.0010497759999998771
416.214,0.8146309751021364,64.23925475237694,2.5670924013632694,0.000236078810084923,0.001049809999999877
416.248,0.8177132326036846,64.42257147245991,2.5705819925906686,0.00023607881008492262,0.001049843999999877
416.282,0.8209404542954704,64.61421372266753,2.5740740110180917,0.00023607881008492256,0.0010498779999998768
416.316,0.823981709607418,64.79469371992262,2.5775684567241473,0.00023607881008492256,0.0010499119999998767
416.35,0.8271947419599454,64.98496686557546,2.581065329787448,0.00023607881008501803,0.0010499459999998768
416.384,0.8304209753794776,65.17582556602962,2.5845646302865912,0.0002360788100849386,0.0010499799999998767
416.418,0.8334854544212595,65.35697669556491,2.5880663583001904,0.00023607881008492525,0.0010500139999998766
416.452,0.836576979794518,65.53963455809544,2.5915705139068534,0.000236078810084923,0.0010500479999998764
416.486,0.8395136183660885,65.713051517897,2.5950770971851886,0.00023607881008492262,0.0010500819999998763
416.52,0.8425961226867797,65.894735916951,2.5985861082138038,0.00023607881008492256,0.0010501159999998762
416.554,0.8454751307838186,66.06397974336377,2.6020975470713066,0.00023607881008492256,0.001050149999999876
416.588,0.8480002738488887,66.21203242108226,2.6056114138363116,0.00023607881008501803,0.0010501839999998762
416.622,0.8506024518715058,66.36432409001071,2.6091277085874145,0.0002360788100849386,0.001050217999999876
416.656,0.8532984250243909,66.52213086063345,2.6126464314032294,0.00023607881008492525,0.001050251999999876
416.69,0.856337594212413,66.69993035237026,2.6161675823623645,0.000236078810084923,0.0010502859999998759
416.724,0.8596131052375777,66.8911713012382,2.619691161543428,0.00023607881008492262,0.0010503199999998757
416.758,0.862489894468192,67.05846446675592,2.623217169025027,0.00023607881008492256,0.0010503539999998756
416.792,0.8653714585017653,67.22589037277247,2.6267456048857705,0.00023607881008492256,0.0010503879999998755
416.826,0.8684851154778371,67.40646504687717,2.6302764692042713,0.00023607881008501803,0.0010504219999998756
416.86,0.8716653627707192,67.59056516244101,2.6338097620591263,0.0002360788100849386,0.0010504559999998755
416.894,0.8749855068080591,67.782631324443,2.637345483528949,0.00023607881008492525,0.0010504899999998754
416.928,0.8784184488173523,67.98077061651136,2.640883633692348,0.000236078810084923,0.0010505239999998753
416.962,0.8820071722461262,68.18775173784799,2.6444242126279307,0.00023607881008492262,0.0010505579999998751
416.996,0.8852605882704273,68.3746000510564,2.6479672204143054,0.00023607881008492256,0.001050591999999875
417.03,0.8885383482739663,68.56250739047573,2.6515126571300804,0.00023607881008492256,0.001050625999999875
417.064,0.8919875257390296,68.76019228647871,2.6550605228538697,0.00023607881008501803,0.001050659999999875
417.098,0.8954507786148036,68.95788007936734,2.6586108176642687,0.0002360788100849386,0.001050693999999875
417.132,0.898694094132831,69.14268115227736,2.6621635416398917,0.00023607881008492525,0.0010507279999998748
417.166,0.9018522327292782,69.32234747964002,2.6657186948593465,0.000236078810084923,0.0010507619999998747
417.2,0.9048765693920611,69.49392616560746,2.6692762774012415,0.00023607881008492262,0.0010507959999998746
417.234,0.9079785054216349,69.66977024140866,2.672836289344185,0.00023607881008492256,0.0010508299999998744
417.268,0.9112481167474377,69.85483504464862,2.676398730766784,0.00023607881008492256,0.0010508639999998743
417.302,0.914279061067508,70.02563069033724,2.679963601747653,0.00023607881008501803,0.0010508979999998744
417.336,0.9170480290190616,70.1815491541206,2.683530902365388,0.0002360788100849386,0.0010509319999998743
417.37,0.9200013167683635,70.34769924034471,2.687100632698603,0.00023607881008492525,0.0010509659999998742
417.404,0.9233345520496902,70.53533909184524,2.690672792825906,0.000236078810084923,0.001050999999999874
417.438,0.926696434194239,70.72410376773796,2.694247382825905,0.00023607881008492262,0.001051033999999874
417.472,0.93010220766935,70.91486149523472,2.697824402777208,0.00023607881008492256,0.0010510679999998739
417.506,0.9333079472058948,71.09400370203818,2.7014038527584225,0.00023607881008492256,0.0010511019999998737
417.54,0.9363738356475322,71.2649362556553,2.7049857328481637,0.00023607881008501803,0.0010511359999998738
417.574,0.9398092217830036,71.45614980077937,2.7085700431250266,0.0002360788100849386,0.0010511699999998737
417.608,0.943282939941801,71.64908534384959,2.7121567836676257,0.00023607881008492525,0.0010512039999998736
417.642,0.9470238939055885,71.85666397180353,2.715745954554569,0.000236078810084923,0.0010512379999998735
417.676,0.9506216148366027,72.05552855670274,2.7193375558644637,0.00023607881008492262,0.0010512719999998734
417.71,0.9541318446492679,72.24916876514348,2.7229315876759186,0.00023607881008492256,0.0010513059999998733
417.744,0.9572936468916095,72.42293345134739,2.7265280500675475,0.00023607881008501803,0.0010513399999998734
417.778,0.9605618414599825,72.60222020962097,2.7301269431179462,0.0002360788100849386,0.0010513739999998733
417.812,0.9636828329588238,72.77290591812151,2.7337282669057292,0.00023607881008492525,0.0010514079999998731
417.846,0.9669877022430938,72.95332900831771,2.7373320215095043,0.000236078810084923,0.001051441999999873
417.88,0.9704259665731778,73.14075717879598,2.740938207007879,0.00023607881008492262,0.001051475999999873
417.914,0.9739528457237966,73.33292754199917,2.744546823479462,0.00023607881008492256,0.0010515099999998728
417.948,0.9771268651613354,73.50558143529679,2.7481578710028614,0.00023607881008492256,0.0010515439999998727
417.982,0.9808027428632324,73.70507094194876,2.7517713496566905,0.00023607881008501803,0.0010515779999998728
418.016,0.9844897920691268,73.90514683147309,2.7553872595195457,0.0002360788100849386,0.0010516119999998727
418.05,0.9879983269226308,74.0953343256995,2.759005600670041,0.00023607881008492525,0.0010516459999998725
418.084,0.991434317351398,74.28154994678185,2.762626373186784,0.000236078810084923,0.0010516799999998724
418.118,0.9947294829858943,74.45983252181992,2.766249577148383,0.00023607881008492262,0.0010517139999998723
418.152,0.9979150302488745,74.63182764060808,2.769875212633446,0.00023607881008492256,0.0010517479999998722
418.186,1.0014093952354628,74.82048013392308,2.7735032797205807,0.00023607881008492256,0.001051781999999872
418.22,1.0047852373498938,75.00251982762977,2.777133778488402,0.00023607881008501803,0.0010518159999998722
418.254,1.008415171959477,75.19836637719862,2.780766709015505,0.0002360788100849386,0.001051849999999872
418.288,1.011813511032338,75.38150635087202,2.784402071380504,0.00023607881008492525,0.001051883999999872
418.322,1.0154272188365256,75.57623252405817,2.7880398656620073,0.000236078810084923,0.0010519179999998718
418.356,1.0191623004468267,75.77733594793415,2.7916800919386224,0.00023607881008492262,0.0010519519999998717
418.39,1.022665621270979,75.96562697439391,2.7953227502889577,0.00023607881008492256,0.0010519859999998716
418.424,1.0257814887626013,76.13255088048129,2.798967840791621,0.00023607881008492256,0.0010520199999998715
418.458,1.029469373667995,76.33020518629358,2.802615363525226,0.00023607881008501803,0.0010520539999998716
418.492,1.033229510133752,76.53151489485927,2.8062653185683692,0.0002360788100849386,0.0010520879999998715
418.526,1.0370735195533851,76.73729041497917,2.8099177059996645,0.00023607881008492525,0.0010521219999998714
418.56,1.0407342787296876,76.93239807623895,2.81357252589772,0.000236078810084923,0.0010521559999998713
418.594,1.0444007938838547,77.12753604501998,2.817229778341143,0.00023607881008492262,0.0010521899999998711
418.628,1.048135491857458,77.32592936829252,2.820889463408542,0.00023607881008492256,0.001052223999999871
418.662,1.051890755150189,77.52469605542987,2.8245515811785253,0.00023607881008492256,0.001052257999999871
418.696,1.055770656953444,77.7299819160473,2.8282161317297065,0.00023607881008501803,0.001052291999999871
418.73,1.0593375787732826,77.9179655809787,2.8318831151406814,0.0002360788100849386,0.001052325999999871
418.764,1.0630173039587025,78.11155243225345,2.8355525314900643,0.00023607881008492525,0.0010523599999998708
418.798,1.0666971620275805,78.30477198599586,2.839224380856463,0.000236078810084923,0.0010523939999998707
418.832,1.0709284313078888,78.52700053967752,2.842898663318486,0.00023607881008492262,0.0010524279999998705
418.866,1.0749056261918546,78.73565882187033,2.846575378954741,0.00023607881008492256,0.0010524619999998704
418.9,1.0786945535422656,78.93422396917629,2.8502545278438363,0.00023607881008492256,0.0010524959999998703
418.934,1.082645864749665,79.1412548600728,2.8539361100643856,0.00023607881008501803,0.0010525299999998704
418.968,1.0865774545055227,79.34664486633635,2.857620125694985,0.0002360788100849386,0.0010525639999998703
419.002,1.0904809028402023,79.55003652831202,2.861306574814248,0.00023607881008492525,0.0010525979999998702
419.036,1.093973054494186,79.73180684902557,2.864995457500783,0.000236078810084923,0.00105263199999987
419.07,1.0979542851563022,79.93875812059493,2.868686773833198,0.00023607881008492262,0.00105266599999987
419.104,1.1018247207571337,80.13951247860963,2.872380523890101,0.00023607881008492256,0.0010526999999998698
419.138,1.10561702231401,80.33589285423031,2.8760767077500997,0.00023607881008492256,0.0010527339999998697
419.172,1.1094114650353863,80.5319298346637,2.8797753254918086,0.00023607881008501803,0.0010527679999998698
419.206,1.1135410073964405,80.7451760877006,2.8834763771938237,0.0002360788100849386,0.0010528019999998697
419.24,1.1171382930465927,80.9304360404621,2.8871798629347585,0.00023607881008492525,0.0010528359999998696
419.274,1.1214040349394756,81.15015234503359,2.8908857827932213,0.000236078810084923,0.0010528699999998695
419.308,1.125615410227591,81.3667589968865,2.8945941368478203,0.00023607881008492262,0.0010529039999998694
419.342,1.1296484112142309,81.57379929114009,2.8983049251771633,0.00023607881008492256,0.0010529379999998693
419.376,1.133949829006201,81.79431261086408,2.902018147859858,0.00023607881008492256,0.0010529719999998691
419.41,1.1381750571175449,82.01049556810244,2.905733804974519,0.00023607881008501803,0.0010530059999998692
419.444,1.1422039263265948,82.21621789113347,2.909451896599742,0.0002360788100849386,0.0010530399999998691
419.478,1.1460313274064902,82.41105465796795,2.9131724228141405,0.00023607881008492525,0.001053073999999869
419.512,1.1500793285305042,82.61681634351659,2.9168953836963234,0.000236078810084923,0.001053107999999869
419.546,1.1547889635684045,82.85589223155621,2.9206207793248984,0.00023607881008492262,0.0010531419999998688
419.58,1.1593756236539803,83.08801149382411,2.924348609778473,0.00023607881008492256,0.0010531759999998687
419.614,1.1633155141698313,83.28691316475631,2.928078875135656,0.00023607881008492256,0.0010532099999998685
419.648,1.1677099352345348,83.50875698370926,2.9318115754750615,0.00023607881008501803,0.0010532439999998686
419.682,1.1718524595120778,83.71762222858565,2.935546710875285,0.0002360788100849386,0.0010532779999998685
419.716,1.175544717454502,83.903459845559,2.93928428141494,0.00023607881008492525,0.0010533119999998684
419.75,1.1796294517462727,84.10899701484294,2.9430242871726353,0.000236078810084923,0.0010533459999998683
419.784,1.1841629644124616,84.3370471963337,2.9467667282269785,0.00023607881008492262,0.0010533799999998682
419.818,1.1884614705403207,84.55316957669348,2.9505116046565774,0.00023607881008492256,0.001053413999999868
419.852,1.1925070473168393,84.75633135202446,2.95425891654004,0.00023607881008492256,0.001053447999999868
419.886,1.196960461793411,84.97955269196315,2.9580086639559813,0.00023607881008501803,0.001053481999999868
419.92,1.2011619844451136,85.19003868424487,2.961760846982996,0.0002360788100849386,0.001053515999999868
419.954,1.205408393039053,85.40221206784088,2.965515465699699,0.00023607881008492525,0.0010535499999998678
419.988,1.2097642736805077,85.61968252685334,2.9692725201846986,0.000236078810084923,0.0010535839999998677
420.022,1.2138509140485516,85.82306270119675,2.9730320105166017,0.00023607881008492262,0.0010536179999998676
420.056,1.218052268415683,86.03170179421836,2.976793936774017,0.00023607881008492256,0.0010536519999998675
420.09,1.2226303629929678,86.25895567539055,2.980558299035552,0.00023607881008492256,0.0010536859999998674
420.124,1.2274119229864833,86.49611805654332,2.9843250973798217,0.00023607881008501803,0.0010537199999998675
420.158,1.232006113510602,86.72384407892251,2.9880943318854207,0.0002360788100849386,0.0010537539999998674
420.192,1.236595680538896,86.95114063761024,2.991866002630964,0.00023607881008492525,0.0010537879999998672
420.226,1.2413088813882263,87.18420769546961,2.995640109695059,0.000236078810084923,0.0010538219999998671
420.26,1.2458341641553698,87.4075201491025,2.9994166531563144,0.00023607881008492262,0.001053855999999867
420.294,1.250043929464669,87.61492114301439,3.0031956330933376,0.00023607881008492256,0.001053889999999867
420.328,1.2541627895276637,87.81743887220824,3.0069770495847363,0.00023607881008492256,0.0010539239999998668
420.362,1.2586745676634084,88.03889176478724,3.010760902709126,0.00023607881008501803,0.0010539579999998669
420.396,1.263147185967938,88.2578342072526,3.014547192545101,0.0002360788100849386,0.0010539919999998668
420.43,1.267615516316187,88.47637862478307,3.018335919171276,0.00023607881008492525,0.0010540259999998667
420.464,1.2723604500134906,88.70835668840316,3.022127082666259,0.000236078810084923,0.0010540599999998665
420.498,1.2766085999782362,88.91532683645387,3.025920683108658,0.00023607881008492262,0.0010540939999998664
420.532,1.2808611896871227,89.1221883429652,3.0297167205770807,0.00023607881008492256,0.0010541279999998663
420.566,1.2853581610150422,89.34049228550002,3.0335151951501356,0.00023607881008492256,0.0010541619999998662
420.6,1.2898836610825706,89.55985460715212,3.037316106906437,0.00023607881008501803,0.0010541959999998663
420.634,1.2948508381464732,89.80057919668852,3.0411194559245804,0.0002360788100849386,0.0010542299999998662
420.668,1.2993528892575679,90.0186063022672,3.0449252422831794,0.00023607881008492525,0.001054263999999866
420.702,1.3040276692977113,90.24440950230479,3.0487334660608423,0.000236078810084923,0.001054297999999866
420.736,1.3084865809629225,90.45955757256932,3.0525441273361773,0.00023607881008492262,0.0010543319999998658
420.77,1.3129008417304842,90.67276062144543,3.0563572261877923,0.00023607881008492256,0.0010543659999998657
420.804,1.3173245724441642,90.8861011777936,3.0601727626942954,0.00023607881008492256,0.0010543999999998656
420.838,1.3215754742056818,91.09073413797522,3.0639907369343007,0.00023607881008501803,0.0010544339999998657
420.872,1.325366211034034,91.27300375514997,3.0678111489864035,0.0002360788100849386,0.0010544679999998656
420.906,1.329876497249612,91.49025092233141,3.0716339989292183,0.00023607881008492525,0.0010545019999998655
420.94,1.3343229915826014,91.70384846252023,3.0754592868413533,0.000236078810084923,0.0010545359999998654
420.974,1.339480351481777,91.95138259478807,3.0792870128014163,0.00023607881008492262,0.0010545699999998652
421.008,1.3445799428985037,92.19580092077567,3.083117176888015,0.00023607881008492256,0.0010546039999998651
421.042,1.349217487999404,92.41713862964386,3.0869497791797578,0.00023607881008492256,0.001054637999999865
421.076,1.354031641503821,92.64641595685127,3.090784819755259,0.00023607881008501803,0.0010546719999998651
421.11,1.358975130705758,92.88206082034783,3.094622298693114,0.0002360788100849386,0.001054705999999865
421.144,1.3633845242237665,93.09197760527482,3.098462216071937,0.00023607881008492525,0.0010547399999998649
421.178,1.367921173880581,93.30760112804184,3.1023045719703357,0.000236078810084923,0.0010547739999998648
421.212,1.3723624064581719,93.51853465166302,3.106149366466919,0.00023607881008492262,0.0010548079999998647
421.246,1.3770664102132326,93.74161517052585,3.109996599640294,0.00023607881008492256,0.0010548419999998645
421.28,1.3819016189560527,93.97062646279473,3.113846271569069,0.00023607881008492256,0.0010548759999998644
421.314,1.38657788753398,94.19179204010757,3.1176983823318585,0.00023607881008501803,0.0010549099999998645
421.348,1.3911559869005214,94.40845072641882,3.1215529320072575,0.0002360788100849386,0.0010549439999998644
421.382,1.3955473480572054,94.61586319053924,3.12540992067388,0.00023607881008492525,0.0010549779999998643
421.416,1.4001201620789179,94.83130444854322,3.1292693484103347,0.000236078810084923,0.0010550119999998642
421.45,1.4052150342543934,95.0712185975692,3.1331312152952293,0.00023607881008492262,0.001055045999999864
421.484,1.4100332342745903,95.29759868200537,3.1369955214071723,0.00023607881008492256,0.001055079999999864
421.518,1.4148916230958895,95.52597032933382,3.1408622668247714,0.00023607881008492256,0.0010551139999998638
421.552,1.419632757894566,95.74872634563835,3.1447314516266407,0.00023607881008501803,0.001055147999999864
421.586,1.4244987989523805,95.97718233369028,3.148603075891376,0.0002360788100849386,0.0010551819999998638
421.62,1.4296848534530529,96.22111056154003,3.152477139697591,0.00023607881008492525,0.0010552159999998637
421.654,1.4347703580637663,96.4600131395532,3.156353643123894,0.000236078810084923,0.0010552499999998636
421.688,1.4397591090141821,96.6935600921638,3.1602325862488927,0.00023607881008492262,0.0010552839999998635
421.722,1.4443484596821985,96.90802505923342,3.1641139691511957,0.00023607881008492256,0.0010553179999998634
421.756,1.4490897493206203,97.12974524134398,3.1679977919094107,0.00023607881008492256,0.0010553519999998632
421.79,1.453824666576611,97.35077406245581,3.171884054602152,0.00023607881008501803,0.0010553859999998633
421.824,1.4587601431773232,97.58105442350738,3.175772757308015,0.0002360788100849386,0.0010554199999998632
421.858,1.4635120412301261,97.802611176923,3.1796639001056137,0.00023607881008492525,0.0010554539999998631
421.892,1.4685790286089695,98.03881205011929,3.1835574830735567,0.000236078810084923,0.001055487999999863
421.926,1.473491604564684,98.26728309845014,3.1874535062904514,0.00023607881008492262,0.0010555219999998629
421.96,1.4782533411437808,98.4883916916816,3.191351969834906,0.00023607881008492256,0.0010555559999998628
421.994,1.4832852808786077,98.72173053947361,3.1952528737855355,0.00023607881008501803,0.0010555899999998629
422.028,1.4878751088036855,98.93394235993387,3.1991562182209345,0.0002360788100849386,0.0010556239999998628
422.062,1.493091624564743,99.17480037654032,3.2030620032197175,0.00023607881008492525,0.0010556579999998626
422.096,1.4983464633252281,99.41738510332762,3.2069702288604924,0.000236078810084923,0.0010556919999998625
422.13,1.5032180071361363,99.64199400446039,3.2108808952218673,0.00023607881008492262,0.0010557259999998624
422.164,1.5082624503591857,99.87410741326336,3.21479400238245,0.00023607881008492256,0.0010557599999998623
422.198,1.513070682846041,100.09474461865963,3.2187095504208494,0.00023607881008492256,0.0010557939999998622
422.232,1.518481201205599,100.34271232815524,3.222627539415679,0.00023607881008501803,0.0010558279999998623
422.266,1.523907042438091,100.59124756928415,3.2265479694455337,0.0002360788100849386,0.0010558619999998622
422.3,1.5289673255921759,100.82266020340987,3.2304708405890286,0.00023607881008492525,0.001055895999999862
422.334,1.5340562932857735,101.0552758240298,3.2343961529247713,0.000236078810084923,0.001055929999999862
422.368,1.5392158633906603,101.29060691284798,3.2383239065313703,0.00023607881008492262,0.0010559639999998618
422.402,1.5444174207082166,101.52753275744324,3.242254101487433,0.00023607881008492256,0.0010559979999998617
422.436,1.5499282322990957,101.77774363589211,3.246186737871568,0.00023607881008492256,0.0010560319999998616
422.47,1.5556835119597179,102.03878615717662,3.2501218157623897,0.00023607881008501803,0.0010560659999998617
422.504,1.5612095643308321,102.28902523979625,3.2540593352384923,0.0002360788100849386,0.0010560999999998616
422.538,1.5664524428706745,102.52602177101451,3.2579992963784914,0.00023607881008492525,0.0010561339999998615
422.572,1.5716045820874225,102.75839803451902,3.2619416992609946,0.000236078810084923,0.0010561679999998613
422.606,1.5771927299872424,103.01021491869312,3.26588654396461,0.00023607881008492262,0.0010562019999998612
422.64,1.582847986208506,103.26484901227897,3.269833830567945,0.00023607881008492256,0.0010562359999998611
422.674,1.588030642329677,103.49774844584029,3.273783559149608,0.00023607881008492256,0.001056269999999861
422.708,1.5938755264388031,103.76012908607116,3.2777357297882133,0.00023607881008501803,0.001056303999999861
422.742,1.5995925295005593,104.01622054249664,3.2816903425623565,0.0002360788100849386,0.001056337999999861
422.776,1.6054390114019603,104.27779169546713,3.2856473975506515,0.00023607881008492525,0.0010563719999998609
422.81,1.6112480565045844,104.5377191937185,3.2896068948317065,0.000236078810084923,0.0010564059999998608
422.844,1.6169123597543913,104.791348368937,3.29356883448413,0.00023607881008492262,0.0010564399999998606
422.878,1.6225135828875683,105.04171746907947,3.2975332165865288,0.00023607881008492256,0.0010564739999998605
422.912,1.6280472030006796,105.28862363728983,3.3015000412175115,0.00023607881008492256,0.0010565079999998604
422.946,1.6337814559876371,105.54450575058932,3.305469308455693,0.00023607881008501803,0.0010565419999998605
422.98,1.639477190264068,105.79800134949824,3.3094410183796676,0.0002360788100849386,0.0010565759999998604
423.014,1.6445923795294397,106.0255905991854,3.3134151710680504,0.00023607881008492525,0.0010566099999998603
423.048,1.6498283565782674,106.25820271018044,3.3173917665994495,0.000236078810084923,0.0010566439999998602
423.082,1.6554490788555887,106.50787609693252,3.3213708050524726,0.00023607881008492262,0.00105667799999986
423.116,1.6605237672296684,106.73320594203074,3.3253522865057277,0.00023607881008492256,0.00105671199999986
423.15,1.666202338649113,106.98564264850917,3.329336211037823,0.00023607881008492256,0.0010567459999998598
423.184,1.6715458341703575,107.22275831221516,3.3333225787273726,0.00023607881008501803,0.00105677999999986
423.218,1.6767316162020989,107.4527330863622,3.3373113896529714,0.0002360788100849386,0.0010568139999998598
423.252,1.6823673573692342,107.70240093607251,3.341302643893234,0.00023607881008492525,0.0010568479999998597
423.286,1.6884713879097633,107.97278503940765,3.345296341526769,0.000236078810084923,0.0010568819999998596
423.32,1.6953533603931954,108.27724540224716,3.3492924826321837,0.00023607881008492262,0.0010569159999998595
423.354,1.7013633302031526,108.54291358872345,3.3532910672880867,0.00023607881008492256,0.0010569499999998593
423.388,1.7069755958229302,108.79042515073613,3.3572920955730856,0.00023607881008492256,0.0010569839999998592
423.422,1.7128225442976592,109.04770583673836,3.3612955675657954,0.00023607881008501803,0.0010570179999998593
423.456,1.7188409288695459,109.31217131061995,3.36530148334481,0.0002360788100849386,0.0010570519999998592
423.49,1.7240780025732767,109.54224006419498,3.369309842988745,0.00023607881008492525,0.001057085999999859
423.524,1.7297199049765346,109.78990395892028,3.3733206465762082,0.000236078810084923,0.001057119999999859
423.558,1.7346532449599232,110.00614340301047,3.3773338941858073,0.00023607881008492262,0.0010571539999998589
423.592,1.7401665961571973,110.24775959869798,3.38134958589615,0.00023607881008492256,0.0010571879999998588
423.626,1.746435164879298,110.5231824855115,3.385367721785845,0.00023607881008492256,0.0010572219999998586
423.66,1.7523122967445115,110.78088343602288,3.3893883019335065,0.00023607881008501803,0.0010572559999998587
423.694,1.7579775272113316,111.02898040519055,3.3934113264177292,0.0002360788100849386,0.0010572899999998586
423.728,1.7639386612928103,111.2898391905745,3.397436795317128,0.00023607881008492525,0.0010573239999998585
423.762,1.7696456614480955,111.5396638356386,3.4014647087103107,0.000236078810084923,0.0010573579999998584
423.796,1.7755012709390263,111.79592137204178,3.4054950666758854,0.00023607881008492262,0.0010573919999998583
423.83,1.7813085896428174,112.04968042434861,3.4095278692924604,0.00023607881008492256,0.0010574259999998582
423.864,1.7870670825495334,112.30125145830193,3.4135631166386435,0.00023607881008492256,0.001057459999999858
423.898,1.7924436593527542,112.53532995404535,3.417600808793049,0.00023607881008501803,0.0010574939999998582
423.932,1.7975257487139302,112.756364492843,3.4216409458342723,0.0002360788100849386,0.001057527999999858
423.966,1.8027485107395627,112.9835664965112,3.4256835278409272,0.00023607881008492525,0.001057561999999858
424.0,1.8090800771346434,113.2593363616892,3.429728554891622,0.000236078810084923,0.0010575959999998578
424.034,1.8151940821178323,113.52537444804884,3.4337760270649644,0.00023607881008492262,0.0010576299999998577
424.068,1.8218498223611768,113.81473034374382,3.437825944439563,0.00023607881008492256,0.0010576639999998576
424.102,1.8276964629472543,114.06873149729856,3.441878307094026,0.00023607881008492256,0.0010576979999998575
424.136,1.8338988649537729,114.33755410089212,3.4459331151069676,0.00023607881008501803,0.0010577319999998576
424.17,1.8402647002011843,114.61297527759105,3.449990368556983,0.0002360788100849386,0.0010577659999998575
424.204,1.8459760358860735,114.85946285965149,3.4540500675226857,0.00023607881008492525,0.0010577999999998573
424.238,1.8516553334611066,115.10481060182788,3.4581122120826846,0.000236078810084923,0.0010578339999998572
424.272,1.8576145876800312,115.36184501534827,3.4621768023155877,0.00023607881008492262,0.001057867999999857
424.306,1.8638550006409103,115.63063435081573,3.4662438383000027,0.00023607881008492256,0.001057901999999857
424.34,1.8704636320187176,115.91461527100338,3.4703133201145375,0.00023607881008492256,0.0010579359999998569
424.374,1.8765406053739477,116.17567879556813,3.474385247837807,0.00023607881008501803,0.001057969999999857
424.408,1.8831726757231824,116.46048372823469,3.478459621548406,0.0002360788100849386,0.0010580039999998569
424.442,1.890696391293012,116.78315305740679,3.482536441324949,0.00023607881008492525,0.0010580379999998567
424.476,1.897677370114517,117.0825378721079,3.486615707246044,0.000236078810084923,0.0010580719999998566
424.51,1.904334367424966,117.36730842045176,3.490697419390299,0.00023607881008492262,0.0010581059999998565
424.544,1.9105260886864568,117.63163880831365,3.494781577836322,0.00023607881008492256,0.0010581399999998564
424.578,1.9168221079383936,117.90009557411516,3.4988681826627213,0.00023607881008492256,0.0010581739999998563
424.612,1.923158791292466,118.17032472479535,3.502957233948111,0.00023607881008501803,0.0010582079999998564
424.646,1.929008114098215,118.41945062272866,3.5070487317710857,0.0002360788100849386,0.0010582419999998563
424.68,1.935225401630203,118.6839307755637,3.51114267621026,0.00023607881008492525,0.0010582759999998562
424.714,1.9418138059274277,118.96402023967148,3.515239067344243,0.000236078810084923,0.001058309999999856
424.748,1.948283805791422,119.23895023824413,3.519337905251642,0.00023607881008492262,0.001058343999999856
424.782,1.9546597660620177,119.50955321148201,3.523439190011065,0.00023607881008492256,0.0010583779999998558
424.816,1.9610458165076023,119.77993423833253,3.52754292170112,0.00023607881008492256,0.0010584119999998557
424.85,1.9674895117261295,120.052718570352,3.5316491004004216,0.00023607881008501803,0.0010584459999998558
424.884,1.9738407563885736,120.32129054505829,3.5357577261875646,0.0002360788100849386,0.0010584799999998557
424.918,1.9799079866933293,120.57790734004071,3.5398687991411633,0.00023607881008492525,0.0010585139999998556
424.952,1.9866326203290319,120.8622133342242,3.543982319339826,0.000236078810084923,0.0010585479999998555
424.986,1.9930930827990465,121.13469274431495,3.5480982868621607,0.00023607881008492262,0.0010585819999998553
425.02,1.9994581753286726,121.40243891026466,3.5522167017867754,0.00023607881008492256,0.0010586159999998552
425.054,2.006032966687674,121.67890759882319,3.5563375641922783,0.00023607881008492256,0.001058649999999855
425.088,2.012273882098736,121.94077585339191,3.560460874157284,0.00023607881008501803,0.0010586839999998552
425.122,2.0190161357041467,122.22284598173577,3.5645866317603865,0.0002360788100849386,0.001058717999999855
425.156,2.0259569729145745,122.51265037847284,3.568714837080201,0.00023607881008492525,0.001058751999999855
425.19,2.0322178097705415,122.77414281709267,3.572845490195336,0.000236078810084923,0.0010587859999998549
425.224,2.0380766723469237,123.01857141451846,3.5769785911843988,0.00023607881008492262,0.0010588199999998547
425.258,2.044299474783097,123.27774608839356,3.5811141401259974,0.00023607881008492256,0.0010588539999998546
425.292,2.0511547103415078,123.56293875087302,3.58525213709874,0.00023607881008492256,0.0010588879999998545
425.326,2.057879742021315,123.84209204158037,3.5893925821812416,0.00023607881008501803,0.0010589219999998546
425.36,2.0644104079665206,124.11279309467162,3.5935354754520965,0.0002360788100849386,0.0010589559999998545
425.394,2.070753995089997,124.37529802030761,3.5976808169899193,0.00023607881008492525,0.0010589899999998544
425.428,2.0769101134966004,124.62971031063216,3.601828606873318,0.000236078810084923,0.0010590239999998543
425.462,2.0831548808924008,124.88718696958006,3.6059788451809007,0.00023607881008492262,0.0010590579999998542
425.496,2.089745466398441,125.15933971068387,3.6101315319912755,0.00023607881008492256,0.001059091999999854
425.53,2.0972060542728035,125.46721679873586,3.6142866673830505,0.00023607881008492256,0.001059125999999854
425.564,2.104120470762116,125.75227907779991,3.6184442514348403,0.00023607881008501803,0.001059159999999854
425.598,2.1108551635225994,126.0292921199068,3.6226042842252393,0.0002360788100849386,0.001059193999999854
425.632,2.1175703007572735,126.30523158399696,3.6267667658328624,0.00023607881008492525,0.0010592279999998538
425.666,2.1238453695391972,126.56257902923754,3.6309316963363174,0.000236078810084923,0.0010592619999998537
425.7,2.1299520817761124,126.81300742450131,3.635099075814212,0.00023607881008492262,0.0010592959999998536
425.734,2.1361849203599297,127.06842483726811,3.6392689043451547,0.00023607881008492256,0.0010593299999998535
425.768,2.142280703195787,127.31808301721497,3.6434411820077535,0.00023607881008492256,0.0010593639999998533
425.802,2.1484569789181487,127.57061738990897,3.6476159088806233,0.00023607881008501803,0.0010593979999998534
425.836,2.154710086822646,127.82617088826122,3.651793085042358,0.0002360788100849386,0.0010594319999998533
425.87,2.1608605034581965,128.0772771162797,3.6559727105715734,0.00023607881008492525,0.0010594659999998532
425.904,2.1679465739837034,128.36614115347072,3.6601547855468763,0.000236078810084923,0.001059499999999853
425.938,2.174969874170003,128.652088390803,3.6643393100468753,0.00023607881008492262,0.001059533999999853
425.972,2.1822325322424923,128.94793339077108,3.6685262841501785,0.00023607881008492256,0.0010595679999998529
426.006,2.1902775375612693,129.27509138438776,3.6727157079353936,0.00023607881008492256,0.0010596019999998527
426.04,2.1986206195398648,129.6140437625576,3.676907581481135,0.00023607881008501803,0.0010596359999998529
426.074,2.2062904357757236,129.92501162600146,3.681101904865998,0.0002360788100849386,0.0010596699999998527
426.108,2.213118619785047,130.2017339471598,3.6852986781685972,0.00023607881008492525,0.0010597039999998526
426.142,2.2204404477679636,130.4983924992856,3.6894979014675404,0.000236078810084923,0.0010597379999998525
426.176,2.227836776816679,130.79819761926095,3.6936995748414354,0.00023607881008492262,0.0010597719999998524
426.21,2.2351606096659977,131.09507301566802,3.69790369836889,0.00023607881008492256,0.0010598059999998523
426.244,2.2424795616889632,131.39156422852128,3.7021102721285195,0.00023607881008501803,0.0010598399999998524
426.278,2.2503278381101577,131.7096523369062,3.7063192961989184,0.0002360788100849386,0.0010598739999998523
426.312,2.2571200836832417,131.98459169454455,3.710530770658701,0.00023607881008492525,0.0010599079999998521
426.346,2.2636827575609635,132.2495528919909,3.714744695586476,0.000236078810084923,0.001059941999999852
426.38,2.271457716821088,132.56296476110262,3.7189610710608507,0.00023607881008492262,0.001059975999999852
426.414,2.278423250278712,132.84319346096157,3.7231798971604335,0.00023607881008492256,0.0010600099999998518
426.448,2.285664566805054,133.1345734073816,3.727401173963832,0.00023607881008492256,0.0010600439999998517
426.482,2.293642555462538,133.4554983420124,3.731624901549662,0.00023607881008501803,0.0010600779999998518
426.516,2.301882060051209,133.78658454770098,3.735851079996517,0.0002360788100849386,0.0010601119999998517
426.55,2.310145167882001,134.1189261940151,3.740079709383012,0.00023607881008492525,0.0010601459999998516
426.584,2.317215905674964,134.40271199786295,3.744310789787755,0.000236078810084923,0.0010601799999998514
426.618,2.325236246421241,134.72484721092266,3.7485443212893537,0.00023607881008492262,0.0010602139999998513
426.652,2.3329239347399495,135.0334896441964,3.7527803039664165,0.00023607881008492256,0.0010602479999998512
426.686,2.3402390228952292,135.32671688042961,3.7570187378975515,0.00023607881008492256,0.001060281999999851
426.72,2.3472474915941848,135.60746469942976,3.7612596231613735,0.00023607881008501803,0.0010603159999998512
426.754,2.3544150610947794,135.89440810888576,3.765502959836476,0.0002360788100849386,0.001060349999999851
426.788,2.3607106147369143,136.14615128079149,3.769748748001475,0.00023607881008492525,0.001060383999999851
426.822,2.3679078475458066,136.43402130380974,3.7739969877349777,0.000236078810084923,0.0010604179999998509
426.856,2.3748349687187447,136.71040008140216,3.7782476791155926,0.00023607881008492262,0.0010604519999998507
426.89,2.3822088869942792,137.00458584357602,3.782500822221927,0.00023607881008492256,0.0010604859999998506
426.924,2.389531084099727,137.29657105168684,3.78675641713259,0.00023607881008492256,0.0010605199999998505
426.958,2.396710871936515,137.58266925369907,3.791014463926196,0.00023607881008501803,0.0010605539999998506
426.992,2.4034188851512495,137.84970976211414,3.7952749626813387,0.0002360788100849386,0.0010605879999998505
427.026,2.409831171110623,138.10486659148978,3.7995379134766334,0.00023607881008492525,0.0010606219999998504
427.06,2.416962500260091,138.38883199506185,3.803803316390688,0.000236078810084923,0.0010606559999998503
427.094,2.4240832679510795,138.67192434917902,3.808071171502111,0.00023607881008492262,0.0010606899999998501
427.128,2.431479563256785,138.96509458039657,3.8123414788895102,0.00023607881008492256,0.00106072399999985
427.162,2.439037536002145,139.26464820760316,3.816614238631493,0.00023607881008492256,0.00106075799999985
427.196,2.446483651925936,139.55915178552132,3.8208894508066753,0.00023607881008501803,0.00106079199999985
427.23,2.4538072647400244,139.84873222453888,3.82516711549365,0.0002360788100849386,0.00106082599999985
427.264,2.461421124585743,140.14978577777228,3.8294472327710327,0.00023607881008492525,0.0010608599999998498
427.298,2.4686050163942563,140.4334570237765,3.833729802717431,0.000236078810084923,0.0010608939999998497
427.332,2.4759604998155567,140.72375512453073,3.8380148254114537,0.00023607881008492262,0.0010609279999998496
427.366,2.483612190948736,141.0254015975088,3.8423023009317085,0.00023607881008492256,0.0010609619999998494
427.4,2.490913439321836,141.31293382335832,3.8465922293568036,0.00023607881008492256,0.0010609959999998493
427.434,2.4982721636584686,141.60290425981103,3.8508846107653536,0.00023607881008501803,0.0010610299999998494
427.468,2.505604107200433,141.89137253716106,3.8551794452359527,0.0002360788100849386,0.0010610639999998493
427.502,2.5137172093095446,142.21046038013654,3.8594767328472157,0.00023607881008492525,0.0010610979999998492
427.536,2.521753002564251,142.52640962715918,3.8637764736777505,0.000236078810084923,0.001061131999999849
427.57,2.5293251725244925,142.82336916439212,3.868078667806165,0.00023607881008492262,0.001061165999999849
427.604,2.537242752460916,143.1338684316879,3.872383315311068,0.00023607881008492256,0.0010611999999998489
427.638,2.5455275614211668,143.458385913078,3.876690416271067,0.00023607881008492256,0.0010612339999998487
427.672,2.5531115557842257,143.75505833703514,3.8809999707647767,0.00023607881008501803,0.0010612679999998488
427.706,2.561067683440126,144.06653494523263,3.8853119788707913,0.0002360788100849386,0.0010613019999998487
427.74,2.5680089482911836,144.3382697784588,3.889626440667726,0.00023607881008492525,0.0010613359999998486
427.774,2.5758043362567102,144.64279627798163,3.893943356234189,0.000236078810084923,0.0010613699999998485
427.808,2.5824129577250625,144.9007858640711,3.8982627256487876,0.00023607881008492262,0.0010614039999998484
427.842,2.5892401976914563,145.16724780779742,3.9025845489901303,0.00023607881008492256,0.0010614379999998483
427.876,2.596801898378962,145.4622968320745,3.9069088263368252,0.00023607881008492256,0.0010614719999998481
427.91,2.604874879970286,145.7770723935188,3.9112355577674873,0.00023607881008501803,0.0010615059999998482
427.944,2.61317315903114,146.10048972539198,3.91556474336071,0.0002360788100849386,0.0010615399999998481
427.978,2.6206909273395365,146.39291463257294,3.919896383195109,0.00023607881008492525,0.001061573999999848
428.012,2.6286273582065522,146.70148969924227,3.9242304773492918,0.000236078810084923,0.001061607999999848
428.046,2.6371210651829835,147.03194146282604,3.9285670259018666,0.00023607881008492262,0.0010616419999998478
428.08,2.6461637219099288,147.38420160450573,3.9329060289314417,0.00023607881008492256,0.0010616759999998477
428.114,2.654145336785242,147.69514423970392,3.9372474865166245,0.00023607881008492256,0.0010617099999998476
428.148,2.663378649365448,148.0547246936215,3.9415913987360307,0.00023607881008501803,0.0010617439999998477
428.182,2.671427375152389,148.36740474070257,3.9459377656682535,0.0002360788100849386,0.0010617779999998475
428.216,2.679799527495008,148.69284702522475,3.950286587391908,0.00023607881008492525,0.0010618119999998474
428.25,2.687851060720852,149.00539303098833,3.954637863985603,0.000236078810084923,0.0010618459999998473
428.284,2.6955587623901462,149.3047542954143,3.9589915955279458,0.00023607881008492262,0.0010618799999998472
428.318,2.7035028794474947,149.61294717563442,3.9633477820975442,0.00023607881008492256,0.001061913999999847
428.352,2.7114230087869378,149.92034686476094,3.9677064237730066,0.00023607881008492256,0.001061947999999847
428.386,2.720183172700362,150.25964525150331,3.9720675206329488,0.00023607881008501803,0.001061981999999847
428.42,2.728765962965857,150.59187245291997,3.9764310727559633,0.0002360788100849386,0.001062015999999847
428.454,2.737847648644849,150.9433447644976,3.980797080220666,0.00023607881008492525,0.0010620499999998468
428.488,2.7457001986766927,151.24686034993488,3.985165543105665,0.000236078810084923,0.0010620839999998467
428.522,2.754221880724528,151.57602950393814,3.989536461489568,0.00023607881008492262,0.0010621179999998466
428.556,2.7627067114612704,151.90344858095304,3.993909835450983,0.00023607881008492256,0.0010621519999998465
428.59,2.7707081384596846,152.21187433716216,3.998285665068518,0.00023607881008492256,0.0010621859999998464
428.624,2.7781696440191257,152.49917864772678,4.0026639504207875,0.00023607881008501803,0.0010622199999998465
428.658,2.7860818612006097,152.80340274788296,4.007044691586386,0.0002360788100849386,0.0010622539999998464
428.692,2.793478193900125,153.08738628254656,4.0114278886439285,0.00023607881008492525,0.0010622879999998463
428.726,2.801066707992286,153.3789978583686,4.015813541672023,0.000236078810084923,0.0010623219999998461
428.76,2.8087350245635023,153.67411729712563,4.020201650749278,0.00023607881008492262,0.001062355999999846
428.794,2.8160597474359723,153.95563832478308,4.0245922159543,0.00023607881008492256,0.001062389999999846
428.828,2.8239785324402273,154.26024805102045,4.028985237365698,0.00023607881008492256,0.0010624239999998458
428.862,2.8323036436075353,154.58052741643755,4.033380715062088,0.00023607881008501803,0.001062457999999846
428.896,2.840522517148933,154.8962379752618,4.037778649122062,0.0002360788100849386,0.0010624919999998458
428.93,2.8481356009458003,155.18851708429563,4.042179039624236,0.00023607881008492525,0.0010625259999998457
428.964,2.8560528980819435,155.49230100302063,4.0465818866472185,0.000236078810084923,0.0010625599999998455
428.998,2.8636098325960573,155.78161088058613,4.050987190269616,0.00023607881008492262,0.0010625939999998454
429.032,2.8712799971840033,156.0749543993473,4.055394950570038,0.00023607881008492256,0.0010626279999998453
429.066,2.879405929451951,156.38550212478742,4.0598051676270925,0.00023607881008492256,0.0010626619999998452
429.1,2.8874866490102424,156.69452534090183,4.064217841519395,0.00023607881008501803,0.0010626959999998453
429.134,2.8959627424746532,157.0184526219167,4.0686329723255374,0.0002360788100849386,0.0010627299999998452
429.168,2.904326680649696,157.33780144689365,4.073050560124136,0.00023607881008492525,0.001062763999999845
429.202,2.913369528984497,157.6835781710275,4.077470604993798,0.000236078810084923,0.001062797999999845
429.236,2.9225850460863225,158.0358109735816,4.081893107013133,0.00023607881008492262,0.0010628319999998448
429.27,2.932207029759071,158.4030916402102,4.0863180662607475,0.00023607881008492256,0.0010628659999998447
429.304,2.9417834222151944,158.76803368035718,4.09074548281525,0.00023607881008492256,0.0010628999999998446
429.338,2.9514286393053117,159.13516352401302,4.095175356755256,0.00023607881008501803,0.0010629339999998447
429.372,2.960874543519402,159.49436019658904,4.099607688159359,0.0002360788100849386,0.0010629679999998446
429.406,2.9702038206346253,159.8494882722267,4.104042477106173,0.00023607881008492525,0.0010630019999998445
429.44,2.98019681503994,160.22979998219233,4.108479723674307,0.000236078810084923,0.0010630359999998444
429.474,2.990091509944249,160.60595456713386,4.112919427942369,0.00023607881008492262,0.0010630699999998443
429.508,2.9992343069533534,160.95328893881444,4.117361589988968,0.00023607881008492256,0.0010631039999998441
429.542,3.0080029836779785,161.28617473671494,4.121806209892711,0.00023607881008492256,0.001063137999999844
429.576,3.016645232660873,161.61374458702866,4.1262532877322124,0.00023607881008501803,0.0010631719999998441
429.61,3.025770080583806,161.9595293318009,4.130702823586067,0.0002360788100849386,0.001063205999999844
429.644,3.0349933206607504,162.30855714861332,4.13515481753289,0.00023607881008492525,0.001063239999999844
429.678,3.044076040913473,162.6516886695181,4.139609269651289,0.000236078810084923,0.0010632739999998438
429.712,3.0532478742102005,162.99802059930047,4.1440661800198715,0.00023607881008492262,0.0010633079999998437
429.746,3.063523516872382,163.38630200010417,4.148525548717246,0.00023607881008492256,0.0010633419999998435
429.78,3.073289414120324,163.7548789581003,4.15298737582202,0.00023607881008492256,0.0010633759999998434
429.814,3.082505198496544,164.1027572858479,4.15745166141281,0.00023607881008501803,0.0010634099999998435
429.848,3.0915439126523876,164.4435743609006,4.161918405568208,0.0002360788100849386,0.0010634439999998434
429.882,3.1001644500642915,164.76836768262876,4.166387608366831,0.00023607881008492525,0.0010634779999998433
429.916,3.109393016221906,165.11560916246458,4.170859269887285,0.000236078810084923,0.0010635119999998432
429.95,3.1179666494385945,165.43800182960968,4.175333390208179,0.00023607881008492262,0.001063545999999843
429.984,3.1263739686290757,165.75385825998617,4.1798099694081206,0.00023607881008492256,0.001063579999999843
430.018,3.136383440228587,166.13031618846105,4.184289007565718,0.00023607881008492256,0.0010636139999998428
430.052,3.146181635194623,166.49833635389703,4.188770504759588,0.00023607881008501803,0.001063647999999843
430.086,3.155805029883292,166.86013610220422,4.193254461068323,0.0002360788100849386,0.0010636819999998428
430.12,3.164464023047522,167.18575842266716,4.1977408765705375,0.00023607881008492525,0.0010637159999998427
430.154,3.173899702803206,167.54028669438364,4.20222975134484,0.000236078810084923,0.0010637499999998426
430.188,3.1825697731906284,167.86600179566702,4.206721085469837,0.00023607881008492262,0.0010637839999998425
430.222,3.191895059514947,168.21689851479545,4.21121487902414,0.00023607881008492256,0.0010638179999998424
430.256,3.2007611474987288,168.55019872934506,4.215711132086354,0.00023607881008492256,0.0010638519999998423
430.29,3.2102912060330224,168.90867259118764,4.220209844735097,0.00023607881008501803,0.0010638859999998424
430.324,3.2201438425513347,169.27957251538402,4.224711017048959,0.0002360788100849386,0.0010639199999998422
430.358,3.229481387543203,169.631029655775,4.229214649106558,0.00023607881008492525,0.0010639539999998421
430.392,3.2396111816278257,170.01166698241582,4.2337207409865005,0.000236078810084923,0.001063987999999842
430.426,3.2491522404314552,170.36971548688683,4.238229292767395,0.00023607881008492262,0.001064021999999842
430.46,3.258471753265709,170.71846716254262,4.242740304527849,0.00023607881008492256,0.0010640559999998418
430.494,3.266866231413631,171.032046066452,4.247253776346478,0.00023607881008501803,0.0010640899999998419
430.528,3.2762516067918,171.3820311659793,4.251769708301876,0.0002360788100849386,0.0010641239999998418
430.562,3.2853877594487226,171.7226908738666,4.256288100472658,0.00023607881008492525,0.0010641579999998417
430.596,3.294000184262697,172.0434465963507,4.260808952937433,0.000236078810084923,0.0010641919999998415
430.63,3.3033368230035074,172.39050662060166,4.2653322657748065,0.00023607881008492262,0.0010642259999998414
430.664,3.3125394466481644,172.73262666584878,4.269858039063388,0.00023607881008492256,0.0010642599999998413
430.698,3.3223399035972085,173.09711003956622,4.274386272881786,0.00023607881008492256,0.0010642939999998412
430.732,3.3319125676670267,173.4532693116697,4.278916967308616,0.00023607881008501803,0.0010643279999998413
430.766,3.3420318096165995,173.82904489883435,4.283450122422471,0.0002360788100849386,0.0010643619999998412
430.8,3.351861906489457,174.1938481158631,4.287985738301965,0.00023607881008492525,0.001064395999999841
430.834,3.3604406838806784,174.512098999117,4.292523815025708,0.000236078810084923,0.001064429999999841
430.868,3.369526161269207,174.8487004346144,4.297064352672307,0.00023607881008492262,0.0010644639999998408
430.902,3.379234696041883,175.20842660521137,4.30160735132037,0.00023607881008492256,0.0010644979999998407
430.936,3.3897123673186034,175.59674004867207,4.306152811048505,0.00023607881008492256,0.0010645319999998406
430.97,3.39917266833596,175.9470328536177,4.310700731935326,0.00023607881008501803,0.0010645659999998407
431.004,3.4092106670679616,176.31864603622603,4.3152511140594285,0.0002360788100849386,0.0010645999999998406
431.038,3.419092556252416,176.68472005913725,4.319803957499427,0.00023607881008492525,0.0010646339999998405
431.072,3.4293614639711927,177.06481300685576,4.324359262333929,0.000236078810084923,0.0010646679999998404
431.106,3.43897687287572,177.4204316847011,4.328917028641544,0.00023607881008492262,0.0010647019999998402
431.14,3.448705682021154,177.77919605165488,4.333477256500879,0.00023607881008492256,0.0010647359999998401
431.174,3.4587889633954236,178.15105262820998,4.338039945990541,0.00023607881008492256,0.00106476999999984
431.208,3.4691581473990474,178.53292153836512,4.342605097189147,0.00023607881008501803,0.0010648039999998401
431.242,3.479901675753983,178.9279803467272,4.34717271017529,0.0002360788100849386,0.00106483799999984
431.276,3.4914899231231273,179.35351624000077,4.351742785027584,0.00023607881008492525,0.0010648719999998399
431.31,3.501977482742598,179.73846910553524,4.356315321824638,0.000236078810084923,0.0010649059999998398
431.344,3.5128804939768643,180.13838201058596,4.360890320645061,0.00023607881008492262,0.0010649399999998397
431.378,3.5237812403316324,180.53775578348444,4.365467781567459,0.00023607881008492256,0.0010649739999998395
431.412,3.5345085274181023,180.92999305762999,4.370047704670442,0.00023607881008492256,0.0010650079999998394
431.446,3.546318343169619,181.3619064657952,4.374630090032624,0.00023607881008501803,0.0010650419999998395
431.48,3.5568132646517463,181.7446139476402,4.3792149377325975,0.0002360788100849386,0.0010650759999998394
431.514,3.566940062990936,182.11358402818826,4.38380224784898,0.00023607881008492525,0.0010651099999998393
431.548,3.5767823581416334,182.47181726873782,4.388392020460378,0.000236078810084923,0.0010651439999998392
431.582,3.588163798062457,182.88591683066838,4.3929842556454,0.00023607881008492262,0.001065177999999839
431.616,3.5991586031907103,183.28535004396338,4.397578953482655,0.00023607881008492256,0.001065211999999839
431.65,3.6096586688438976,183.66693172272866,4.402176114050749,0.00023607881008492256,0.0010652459999998388
431.684,3.6203358650002335,184.05443196743383,4.4067757374282985,0.00023607881008501803,0.001065279999999839
431.718,3.6307257330815585,184.4312852091579,4.411377823693897,0.0002360788100849386,0.0010653139999998388
431.752,3.6413115806119913,184.81558414777047,4.41598237292616,0.00023607881008492525,0.0010653479999998387
431.786,3.651819757498429,185.1973576168503,4.420589385203694,0.000236078810084923,0.0010653819999998386
431.82,3.6629905148628628,185.60257463773834,4.425198860605109,0.00023607881008492262,0.0010654159999998385
431.854,3.6739072809627924,185.99817545939982,4.429810799209012,0.00023607881008492256,0.0010654499999998384
431.888,3.6853814920235934,186.41349304770932,4.43442520109401,0.00023607881008492256,0.0010654839999998382
431.922,3.6971927451009634,186.8411560221132,4.43904206633872,0.00023607881008501803,0.0010655179999998383
431.956,3.70734368190283,187.208982852597,4.443661395021734,0.0002360788100849386,0.0010655519999998382
431.99,3.717772822009501,187.58741536970416,4.448283187221668,0.00023607881008492525,0.0010655859999998381
432.024,3.728339549833209,187.97074940354142,4.452907443017131,0.000236078810084923,0.001065619999999838
432.058,3.7388731547822647,188.35326240059868,4.45753416248673,0.00023607881008492262,0.0010656539999998379
432.092,3.749234195625289,188.72922489289368,4.462163345709072,0.00023607881008492256,0.0010656879999998378
432.126,3.7594558806557345,189.100272472295,4.466794992762767,0.00023607881008492256,0.0010657219999998377
432.16,3.769694267719871,189.47233197623754,4.471429103726429,0.00023607881008501803,0.0010657559999998378
432.194,3.7801310806482764,189.8514141260679,4.476065678678651,0.0002360788100849386,0.0010657899999998376
432.228,3.790929185380223,190.24397433264662,4.48070471769805,0.00023607881008492525,0.0010658239999998375
432.262,3.801129906588656,190.61435919176262,4.4853462208632315,0.000236078810084923,0.0010658579999998374
432.296,3.8116362181345873,190.99559593922737,4.489990188252805,0.00023607881008492262,0.0010658919999998373
432.33,3.8232708618492772,191.4174859962717,4.494636619945379,0.00023607881008492256,0.0010659259999998372
432.364,3.835351855591451,191.8555894385997,4.499285516019562,0.00023607881008492256,0.001065959999999837
432.398,3.8471805503534586,192.28470419036404,4.5039368765539685,0.00023607881008501803,0.0010659939999998372
432.432,3.8582529600835627,192.68629334922105,4.508590701627191,0.0002360788100849386,0.001066027999999837
432.466,3.8691292141170783,193.07979667308842,4.513246991317845,0.00023607881008492525,0.001066061999999837
432.5,3.880082395953469,193.47600227489633,4.517905745704539,0.000236078810084923,0.0010660959999998368
432.534,3.8918817933581265,193.903093402264,4.522566964865881,0.00023607881008492262,0.0010661299999998367
432.568,3.9031914178135994,194.31201869399183,4.527230648880479,0.00023607881008492256,0.0010661639999998366
432.602,3.91447086240098,194.7194714447442,4.531896797826942,0.00023607881008492256,0.0010661979999998365
432.636,3.9268154300398024,195.16576264167696,4.536565411783884,0.00023607881008501803,0.0010662319999998366
432.67,3.938288409976889,195.58102731592007,4.541236490829898,0.0002360788100849386,0.0010662659999998365
432.704,3.9482039771353383,195.93979846962864,4.5459100350436,0.00023607881008492525,0.0010662999999998363
432.738,3.958685910882496,196.31910775873445,4.550586044503598,0.000236078810084923,0.0010663339999998362
432.772,3.9694094713849797,196.70704481645828,4.5552645192885,0.00023607881008492262,0.0010663679999998361
432.806,3.979570843275595,197.07492956618148,4.559945459476915,0.00023607881008492256,0.001066401999999836
432.84,3.9918634377909723,197.51905549032895,4.56462886514745,0.00023607881008492256,0.0010664359999998359
432.874,4.003314842427897,197.9326007275241,4.569314736378719,0.00023607881008501803,0.001066469999999836
432.908,4.015139129158494,198.35961154575833,4.574003073249317,0.0002360788100849386,0.0010665039999998359
432.942,4.025772747543511,198.74342761113977,4.578693875837859,0.00023607881008492525,0.0010665379999998358
432.976,4.035897852534304,199.10899343493958,4.583387144222953,0.000236078810084923,0.0010665719999998356
433.01,4.047010310462192,199.511002246847,4.588082878483207,0.00023607881008492262,0.0010666059999998355
433.044,4.058554759763538,199.92904713605824,4.592781078697229,0.00023607881008492256,0.0010666399999998354
433.078,4.069873905462011,200.33874785388545,4.597481744943627,0.00023607881008492256,0.0010666739999998353
433.112,4.081419098577684,200.75617067649893,4.602184877301017,0.00023607881008501803,0.0010667079999998354
433.146,4.093684786980779,201.19956806016916,4.606890475847991,0.0002360788100849386,0.0010667419999998353
433.18,4.105950926190927,201.64276377961028,4.611598540663166,0.00023607881008492525,0.0010667759999998352
433.214,4.1180204796574795,202.07864821394125,4.616309071825148,0.000236078810084923,0.001066809999999835
433.248,4.1295185067470355,202.49378996411608,4.621022069412546,0.00023607881008492262,0.001066843999999835
433.282,4.140357011493007,202.88500907150257,4.625737533503968,0.00023607881008492256,0.0010668779999998348
433.316,4.151321057264905,203.28096505129483,4.630455464178023,0.00023607881008492256,0.0010669119999998347
433.35,4.162136726949274,203.6712158788889,4.635175861513325,0.00023607881008501803,0.0010669459999998348
433.384,4.172637207605299,204.05031006799766,4.639898725588467,0.0002360788100849386,0.0010669799999998347
433.418,4.183711357594334,204.4497482337826,4.6446240564820656,0.00023607881008492525,0.0010670139999998346
433.452,4.1944693732696186,204.8381032699492,4.6493518542727275,0.000236078810084923,0.0010670479999998345
433.486,4.206652279813399,205.27820149074492,4.654082119039061,0.00023607881008492262,0.0010670819999998343
433.52,4.218752495814038,205.71524730733796,4.658814850859675,0.00023607881008492256,0.0010671159999998342
433.554,4.229961655753133,206.11946519246737,4.663550049813177,0.00023607881008492256,0.0010671499999998341
433.588,4.240832336101058,206.5117775836377,4.668287715978182,0.00023607881008501803,0.0010671839999998342
433.622,4.251711567635639,206.90421247025674,4.673027849433284,0.0002360788100849386,0.001067217999999834
433.656,4.262202279091333,207.28256570630543,4.677770450257098,0.00023607881008492525,0.001067251999999834
433.69,4.272733786209672,207.6626575271361,4.682515518528232,0.000236078810084923,0.0010672859999998339
433.724,4.283554589156118,208.05291007893706,4.687263054325294,0.00023607881008492262,0.0010673199999998338
433.758,4.294609686828492,208.4510202063617,4.692013057726892,0.00023607881008492256,0.0010673539999998336
433.792,4.305265857056787,208.8343825356218,4.696765528811634,0.00023607881008492256,0.0010673879999998335
433.826,4.316775987952505,209.2483415938877,4.701520467658136,0.00023607881008501803,0.0010674219999998336
433.86,4.32905676430901,209.69031675121315,4.70627787434499,0.0002360788100849386,0.0010674559999998335
433.894,4.34130001830393,210.1305348161306,4.711037748950813,0.00023607881008492525,0.0010674899999998334
433.928,4.353224902012748,210.5589255893087,4.715800091554211,0.000236078810084923,0.0010675239999998333
433.962,4.365629752980105,211.00459324563207,4.720564902233794,0.00023607881008492262,0.0010675579999998332
433.996,4.377120514546706,211.41791812920584,4.725332181068168,0.00023607881008492256,0.001067591999999833
434.03,4.389859729457733,211.87645083126213,4.730101928135943,0.00023607881008492256,0.001067625999999833
434.064,4.4020831012155615,212.31595198080257,4.734874143515732,0.00023607881008501803,0.001067659999999833
434.098,4.414714896656118,212.77005304754567,4.73964882728613,0.0002360788100849386,0.001067693999999833
434.132,4.425699588465947,213.16505589878042,4.744425979525752,0.00023607881008492525,0.0010677279999998328
434.166,4.436985996002169,213.57140842780265,4.749205600313205,0.000236078810084923,0.0010677619999998327
434.2,4.448807556867489,213.99668972555503,4.753987689727099,0.00023607881008492262,0.0010677959999998326
434.234,4.460587743962632,214.42021777566256,4.758772247846041,0.00023607881008492256,0.0010678299999998325
434.268,4.471741007080786,214.82094322664108,4.763559274748639,0.00023607881008492256,0.0010678639999998323
434.302,4.483734842931821,215.25182901567504,4.7683487705135095,0.00023607881008501803,0.0010678979999998325
434.336,4.4968847333801785,215.7248127437136,4.773140735219243,0.0002360788100849386,0.0010679319999998323
434.37,4.508930715466959,216.15804309583692,4.777935168944458,0.00023607881008492525,0.0010679659999998322
434.404,4.521884624051179,216.624438591613,4.78273207176776,0.000236078810084923,0.001067999999999832
434.438,4.533847198137162,217.05532193422567,4.787531443767758,0.00023607881008492262,0.001068033999999832
434.472,4.546348089529956,217.5056743076099,4.79233328502306,0.00023607881008492256,0.0010680679999998319
434.506,4.559307842618088,217.9716813501471,4.797137595612274,0.00023607881008492256,0.0010681019999998318
434.54,4.571736377051354,218.4184354819023,4.801944375614017,0.00023607881008501803,0.0010681359999998319
434.574,4.58439053538152,218.87319112910586,4.806753625106879,0.0002360788100849386,0.0010681699999998317
434.608,4.597254338840748,219.33636253630812,4.811565344169477,0.00023607881008492525,0.0010682039999998316
434.642,4.6086077890682065,219.74513240252776,4.816379532880419,0.000236078810084923,0.0010682379999998315
434.676,4.6193760966978195,220.13365926952537,4.821196191318314,0.00023607881008492262,0.0010682719999998314
434.71,4.630862551601999,220.54834719461633,4.826015319561767,0.00023607881008492256,0.0010683059999998313
434.744,4.642217634712905,220.95831482055135,4.830836917689397,0.00023607881008501803,0.0010683399999998314
434.778,4.654487203992746,221.4010081566305,4.835660985779795,0.0002360788100849386,0.0010683739999998313
434.812,4.665516871217799,221.79867802926674,4.840487523911578,0.00023607881008492525,0.0010684079999998312
434.846,4.677292638202318,222.22308192885475,4.845316532163352,0.000236078810084923,0.001068441999999831
434.88,4.68998405053193,222.6799697433827,4.850148010613727,0.00023607881008492262,0.001068475999999831
434.914,4.702321516641755,223.1236704799295,4.854981959341309,0.00023607881008492256,0.0010685099999998308
434.948,4.713038935233639,223.5090177544554,4.859818378424707,0.00023607881008492256,0.0010685439999998307
434.982,4.724586880126574,223.92400841158934,4.864657267942537,0.00023607881008501803,0.0010685779999998308
435.016,4.737325010390838,224.3821617023316,4.869498627973391,0.0002360788100849386,0.0010686119999998307
435.05,4.74975911153986,224.82938692384462,4.874342458595884,0.00023607881008492525,0.0010686459999998306
435.084,4.763727304978943,225.33137644547418,4.879188759888626,0.000236078810084923,0.0010686799999998305
435.118,4.777255396186014,225.81727495168903,4.884037531930224,0.00023607881008492262,0.0010687139999998303
435.152,4.789992050106473,226.2737663758229,4.888888774799286,0.00023607881008492256,0.0010687479999998302
435.186,4.801892599166841,226.69954474498385,4.89374248857442,0.00023607881008492256,0.00106878199999983
435.22,4.814193570949801,227.1390317784645,4.898598673334242,0.00023607881008501803,0.0010688159999998302
435.254,4.8270516495210325,227.59782352661722,4.9034573291573444,0.0002360788100849386,0.00106884999999983
435.288,4.839641687677433,228.04683233755048,4.908318456122343,0.00023607881008492525,0.00106888399999983
435.322,4.852394148979657,228.50162729088026,4.913182054307845,0.000236078810084923,0.0010689179999998299
435.356,4.865475872095993,228.9679078854287,4.918048123792459,0.00023607881008492262,0.0010689519999998297
435.39,4.8788110106220755,229.4428770629344,4.922916664654792,0.00023607881008492256,0.0010689859999998296
435.424,4.89217558958191,229.91910627563504,4.9277876769734545,0.00023607881008492256,0.0010690199999998295
435.458,4.905567112123254,230.39625452912367,4.932661160827061,0.00023607881008501803,0.0010690539999998296
435.492,4.917681538862464,230.8275219656904,4.937537116294203,0.0002360788100849386,0.0010690879999998295
435.526,4.930885144253887,231.2967790272992,4.942415543453498,0.00023607881008492525,0.0010691219999998294
435.56,4.9429472899177735,231.7250505427297,4.947296442383552,0.000236078810084923,0.0010691559999998293
435.594,4.95500782287073,232.15276991841506,4.9521798131629735,0.00023607881008492262,0.0010691899999998292
435.628,4.966576729021934,232.56276807883805,4.957065655870371,0.00023607881008492256,0.001069223999999829
435.662,4.977921506647913,232.96508878700908,4.961953970584354,0.00023607881008492256,0.001069257999999829
435.696,4.989080062751954,233.3610307734817,4.9668447573835355,0.00023607881008501803,0.001069291999999829
435.73,5.000704828817289,233.77435718536614,4.97173801634651,0.0002360788100849386,0.001069325999999829
435.764,5.011351266095071,234.15265214758958,4.976633747551892,0.00023607881008492525,0.0010693599999998288
435.798,5.022891784435125,234.56318078877294,4.981531951078289,0.000236078810084923,0.0010693939999998287
435.832,5.03637676828148,235.04248725289094,4.986432627004311,0.00023607881008492262,0.0010694279999998286
435.866,5.049697980861711,235.5165442567158,4.991335775408566,0.00023607881008492256,0.0010694619999998285
435.9,5.062438346490738,235.9697499509512,4.996241396369661,0.00023607881008492256,0.0010694959999998283
435.934,5.076160690349979,236.4579438026321,5.0011494899662114,0.00023607881008501803,0.0010695299999998284
435.968,5.089850930359594,236.94480572411797,5.00606005627681,0.0002360788100849386,0.0010695639999998283
436.002,5.102667643706224,237.39989989874167,5.010973095380072,0.00023607881008492525,0.0010695979999998282
436.036,5.1158838778634825,237.8693420284449,5.015888607354606,0.000236078810084923,0.001069631999999828
436.07,5.128921631842855,238.33218567530696,5.020806592279021,0.00023607881008492262,0.001069665999999828
436.104,5.141274120562688,238.77007668198928,5.025727050231923,0.00023607881008492256,0.0010696999999998279
436.138,5.153347077078421,239.19843868219937,5.030649981291922,0.00023607881008492256,0.0010697339999998277
436.172,5.166635149003564,239.66983682073246,5.035575385537632,0.00023607881008501803,0.0010697679999998278
436.206,5.179858518485938,240.13934775160925,5.040503263047646,0.0002360788100849386,0.0010698019999998277
436.24,5.192863878200334,240.60082797988318,5.04543361390058,0.00023607881008492525,0.0010698359999998276
436.274,5.206775046525214,241.09430942900022,5.050366438175042,0.000236078810084923,0.0010698699999998275
436.308,5.220702463960586,241.5888370779862,5.055301735949641,0.00023607881008492262,0.0010699039999998274
436.342,5.234893016856496,242.09207216290915,5.060239507302983,0.00023607881008492256,0.0010699379999998273
436.376,5.247938354377398,242.55462471295408,5.065179752313677,0.00023607881008492256,0.0010699719999998272
436.41,5.2614971933630335,243.03628239512997,5.070122471060339,0.00023607881008501803,0.0010700059999998273
436.444,5.275252366730378,243.52504582351773,5.07506766362156,0.0002360788100849386,0.0010700399999998271
436.478,5.288436930153195,243.99318614921788,5.080015330075958,0.00023607881008492525,0.001070073999999827
436.512,5.302144282828342,244.4797497122885,5.084965470502141,0.000236078810084923,0.001070107999999827
436.546,5.316030104039815,244.9729709452025,5.089918084978716,0.00023607881008492262,0.0010701419999998268
436.58,5.330409300682777,245.48287219722047,5.09487317358429,0.00023607881008492256,0.0010701759999998267
436.614,5.3427220587475945,245.9191333944566,5.099830736397472,0.00023607881008492256,0.0010702099999998266
436.648,5.354604970663525,246.34005613525093,5.1047907734968785,0.00023607881008501803,0.0010702439999998267
436.682,5.367361436856773,246.79192818449772,5.1097532849611005,0.0002360788100849386,0.0010702779999998266
436.716,5.379665410533483,247.22816159042202,5.114718270868755,0.00023607881008492525,0.0010703119999998264
436.75,5.392153051010342,247.6709047927262,5.119685731298449,0.000236078810084923,0.0010703459999998263
436.784,5.404547798281225,248.11047115597944,5.124655666328791,0.00023607881008492262,0.0010703799999998262
436.818,5.416825375585853,248.54589946078724,5.129628076038389,0.00023607881008492256,0.001070413999999826
436.852,5.4289317294032635,248.97501336114743,5.134602960505851,0.00023607881008492256,0.001070447999999826
436.886,5.4422562209642855,249.44748011867742,5.139580319809793,0.00023607881008501803,0.001070481999999826
436.92,5.4549778022133335,249.89832640796163,5.144560154028807,0.0002360788100849386,0.001070515999999826
436.954,5.468204821972424,250.36726096211524,5.1495424632415085,0.00023607881008492525,0.0010705499999998259
436.988,5.4826370209430255,250.8790182755637,5.154527247526507,0.000236078810084923,0.0010705839999998257
437.022,5.497363559272134,251.4017157213169,5.159514506962409,0.00023607881008492262,0.0010706179999998256
437.056,5.5101991812392015,251.85770444274834,5.164504241627823,0.00023607881008492256,0.0010706519999998255
437.09,5.524330158743602,252.35988930752728,5.169496451601357,0.00023607881008492256,0.0010706859999998254
437.124,5.539234197952493,252.88855050581964,5.1744911369616275,0.00023607881008501803,0.0010707199999998255
437.158,5.553782884700907,253.40466276996347,5.179488297787225,0.0002360788100849386,0.0010707539999998254
437.192,5.567138827166093,253.87827910450608,5.184487934156767,0.00023607881008492525,0.0010707879999998253
437.226,5.581361734108233,254.38245860378308,5.189490046148861,0.000236078810084923,0.0010708219999998251
437.26,5.595652100667752,254.88914985371716,5.194494633842115,0.00023607881008492262,0.001070855999999825
437.294,5.60976192256488,255.39041168412226,5.199501697315138,0.00023607881008492256,0.001070889999999825
437.328,5.623421074797537,255.87572531097166,5.204511236646536,0.00023607881008492256,0.0010709239999998248
437.362,5.637461238773606,256.3746593122069,5.209523251914926,0.00023607881008501803,0.001070957999999825
437.396,5.651203169146456,256.8635666707897,5.214537743198901,0.0002360788100849386,0.0010709919999998248
437.43,5.666535065997082,257.4088714411183,5.219554710577075,0.00023607881008492525,0.0010710259999998247
437.464,5.681632897475483,257.9452015960634,5.2245741541280575,0.000236078810084923,0.0010710599999998246
437.498,5.695766103863451,258.447857043757,5.2295960739304554,0.00023607881008492262,0.0010710939999998244
437.532,5.709108377999124,258.9224264017466,5.234620470062877,0.00023607881008492256,0.0010711279999998243
437.566,5.722823923775775,259.4100328035006,5.239647342603931,0.00023607881008492256,0.0010711619999998242
437.6,5.737047676271198,259.91627960155284,5.244676691632233,0.00023607881008501803,0.0010711959999998243
437.634,5.750873240516954,260.40824687940227,5.2497085172263755,0.0002360788100849386,0.0010712299999998242
437.668,5.763532014579974,260.85816967545435,5.2547428194649735,0.00023607881008492525,0.001071263999999824
437.702,5.777582795063631,261.3577834345194,5.259779598426635,0.000236078810084923,0.001071297999999824
437.736,5.790746620143361,261.8256195596759,5.264818854189969,0.00023607881008492262,0.0010713319999998239
437.77,5.804650281142486,262.3202468374146,5.269860586833583,0.00023607881008492256,0.0010713659999998237
437.804,5.8193793817523956,262.8434877197639,5.2749047964360845,0.00023607881008492256,0.0010713999999998236
437.838,5.834200263050386,263.36942902773404,5.279951483076091,0.00023607881008501803,0.0010714339999998237
437.872,5.847964767312909,263.857383434818,5.285000646832192,0.0002360788100849386,0.0010714679999998236
437.906,5.861708147002428,264.3441234216021,5.2900522877830065,0.00023607881008492525,0.0010715019999998235
437.94,5.874840693165821,264.80909121382393,5.29510640600714,0.000236078810084923,0.0010715359999998234
437.974,5.88911643352311,265.31512675182677,5.300163001583202,0.00023607881008492262,0.0010715699999998233
438.008,5.903320981006353,265.81970718205486,5.305222074589801,0.00023607881008492256,0.0010716039999998231
438.042,5.9166566660723365,266.29330017579514,5.3102836251055425,0.00023607881008492256,0.001071637999999823
438.076,5.930133789404851,266.772865360108,5.315347653209045,0.00023607881008501803,0.0010716719999998231
438.11,5.943004370123884,267.2305919824235,5.320414158978899,0.0002360788100849386,0.001071705999999823
438.144,5.956419615404486,267.7081886033596,5.325483142493721,0.00023607881008492525,0.001071739999999823
438.178,5.970215260611337,268.1987235787799,5.33055460383212,0.000236078810084923,0.0010717739999998228
438.212,5.984207906934974,268.6961641999183,5.335628543072702,0.00023607881008492262,0.0010718079999998227
438.246,5.997919641318177,269.183700576516,5.340704960294076,0.00023607881008492256,0.0010718419999998226
438.28,6.0113501511728815,269.66107592529056,5.345783855574849,0.00023607881008492256,0.0010718759999998224
438.314,6.024156307890422,270.1162209572324,5.35086522899364,0.00023607881008501803,0.0010719099999998225
438.348,6.037148359078096,270.5785951085896,5.355949080629038,0.0002360788100849386,0.0010719439999998224
438.382,6.0500939705612495,271.0398498253921,5.361035410559661,0.00023607881008492525,0.0010719779999998223
438.416,6.0638067314769035,271.5288170677122,5.366124218864115,0.000236078810084923,0.0010720119999998222
438.45,6.07789361868594,272.031140241446,5.371215505621009,0.00023607881008492262,0.001072045999999822
438.484,6.09110248712679,272.50227763375784,5.376309270908951,0.00023607881008492256,0.001072079999999822
438.518,6.104904907216176,272.9948182441925,5.381405514806549,0.00023607881008492256,0.0010721139999998219
438.552,6.119414358705418,273.5127732140721,5.38650423739242,0.00023607881008501803,0.001072147999999822
438.586,6.133503282762021,274.0148093941262,5.391605438745154,0.0002360788100849386,0.0010721819999998218
438.62,6.146472903263269,274.47764435500983,5.3967091189433685,0.00023607881008492525,0.0010722159999998217
438.654,6.160528297803048,274.97898106185033,5.401815278065671,0.000236078810084923,0.0010722499999998216
438.688,6.174619380629056,275.48113249610515,5.406923916190669,0.00023607881008492262,0.0010722839999998215
438.722,6.1886172490540625,275.9797764098677,5.412035033396971,0.00023607881008492256,0.0010723179999998214
438.756,6.2032481227138545,276.5012256090276,5.417148629763185,0.00023607881008492256,0.0010723519999998213
438.79,6.217855674767405,277.0218579097339,5.422264705367928,0.00023607881008501803,0.0010723859999998214
438.824,6.2328214709933025,277.5550564443321,5.4273832602897905,0.0002360788100849386,0.0010724199999998213
438.858,6.249043318622768,278.1325886012117,5.432504294607389,0.00023607881008492525,0.0010724539999998211
438.892,6.265961503218496,278.7344739158239,5.4376278083993315,0.000236078810084923,0.001072487999999821
438.926,6.281769785607081,279.2958946847627,5.442753801744226,0.00023607881008492262,0.001072521999999821
438.96,6.296852562255486,279.8310708414887,5.447882274720681,0.00023607881008492256,0.0010725559999998208
438.994,6.312242601930043,280.3780078066183,5.453013227407312,0.00023607881008501803,0.0010725899999998209
439.028,6.326593127800882,280.88805283064613,5.45814665988271,0.0002360788100849386,0.0010726239999998208
439.062,6.340708431965269,281.389560025723,5.463282572225492,0.00023607881008492525,0.0010726579999998207
439.096,6.355787888913507,281.92556785903474,5.468420964514266,0.000236078810084923,0.0010726919999998205
439.13,6.370177000268408,282.4365245202796,5.473561836827639,0.00023607881008492262,0.0010727259999998204
439.164,6.387542693782981,283.05355601243724,5.478705189244221,0.00023607881008492256,0.0010727599999998203
439.198,6.403454583399116,283.6196290549036,5.483851021842619,0.00023607881008492256,0.0010727939999998202
439.232,6.4185000893097985,284.1552933269344,5.488999334701449,0.00023607881008501803,0.0010728279999998203
439.266,6.432955972463173,284.67017652156085,5.494150127899303,0.0002360788100849386,0.0010728619999998202
439.3,6.448141980891795,285.2121408250674,5.499303401514797,0.00023607881008492525,0.00107289599999982
439.334,6.463182983026825,285.748570894638,5.504459155626539,0.000236078810084923,0.00107292999999982
439.368,6.4788696757217386,286.30816682825275,5.509617390313137,0.00023607881008492262,0.0010729639999998198
439.402,6.494563759802002,286.86829228169825,5.514778105653199,0.00023607881008492256,0.0010729979999998197
439.436,6.51015974688153,287.4243344951255,5.519941301725333,0.00023607881008492256,0.0010730319999998196
439.47,6.524394112704563,287.931812661739,5.5251069786081555,0.00023607881008501803,0.0010730659999998197
439.504,6.5389936411396,288.4518327425186,5.530275136380257,0.0002360788100849386,0.0010730999999998196
439.538,6.554063879668243,288.98877269693526,5.535445775120254,0.00023607881008492525,0.0010731339999998195
439.572,6.568350562546539,289.49811426112996,5.540618894906756,0.000236078810084923,0.0010731679999998194
439.606,6.5826264176799265,290.007572444708,5.54579449581837,0.00023607881008492262,0.0010732019999998193
439.64,6.598018500271691,290.55671149848274,5.550972577933704,0.00023607881008492256,0.0010732359999998191
439.674,6.612942205691971,291.08853017512996,5.556153141331366,0.00023607881008492256,0.001073269999999819
439.708,6.627351564251436,291.6016283597848,5.561336186089973,0.00023607881008501803,0.0010733039999998191
439.742,6.641130432833533,292.0925064248829,5.5665217122881145,0.0002360788100849386,0.001073337999999819
439.776,6.6556180443278725,292.60919071613245,5.571709720004408,0.00023607881008492525,0.001073371999999819
439.81,6.671075390258184,293.1610770584741,5.576900209317462,0.000236078810084923,0.0010734059999998188
439.844,6.686143092960011,293.69921504845314,5.582093180305884,0.00023607881008492262,0.0010734399999998187
439.878,6.701721391374564,294.25519434288634,5.587288633048282,0.00023607881008492256,0.0010734739999998185
439.912,6.71978456193877,294.90004810104654,5.592486567623264,0.00023607881008492256,0.0010735079999998184
439.946,6.736562439545728,295.49995274630544,5.597686984109447,0.00023607881008501803,0.0010735419999998185
439.98,6.753319583417215,296.09972428123723,5.602889882585421,0.0002360788100849386,0.0010735759999998184
440.014,6.767234613508636,296.59767558065874,5.608095263129803,0.00023607881008492525,0.0010736099999998183
440.048,6.782685574911039,297.15050534556696,5.613303125821201,0.000236078810084923,0.0010736439999998182
440.082,6.797579102108765,297.6835796373777,5.618513470738223,0.00023607881008492262,0.001073677999999818
440.116,6.813430944394271,298.2521083485861,5.623726297959476,0.00023607881008492256,0.001073711999999818
440.15,6.8295079384439354,298.8294276238209,5.62894160756357,0.00023607881008492256,0.0010737459999998178
440.184,6.8441869423113095,299.3567511959271,5.634159399629121,0.00023607881008501803,0.001073779999999818
440.218,6.860799329512386,299.95346498960424,5.639379674234719,0.0002360788100849386,0.0010738139999998178
440.252,6.877461495646715,300.5515306498907,5.64460243145898,0.00023607881008492525,0.0010738479999998177
440.286,6.89446832143241,301.1619402190786,5.649827671380515,0.000236078810084923,0.0010738819999998176
440.32,6.911383142938659,301.76881358457223,5.655055394077929,0.00023607881008492262,0.0010739159999998175
440.354,6.92765691211776,302.35292953373585,5.660285599629831,0.00023607881008492256,0.0010739499999998174
440.388,6.942834545514225,302.89728756895414,5.6655182881148285,0.00023607881008492256,0.0010739839999998173
440.422,6.9579888684114595,303.44143348129137,5.670753459611539,0.00023607881008501803,0.0010740179999998174
440.456,6.970707733788434,303.8976456684796,5.6759911141985535,0.0002360788100849386,0.0010740519999998172
440.49,6.985627443757131,304.43288985231163,5.681231251954487,0.00023607881008492525,0.0010740859999998171
440.524,7.0009381133595525,304.9818124394817,5.686473872957949,0.000236078810084923,0.001074119999999817
440.558,7.0163089577672695,305.5329190379571,5.691718977287547,0.00023607881008492262,0.001074153999999817
440.592,7.030405430974634,306.03857006583877,5.696966565021889,0.00023607881008492256,0.0010741879999998168
440.626,7.045962069845327,306.5970041817937,5.702216636239583,0.00023607881008492256,0.0010742219999998167
440.66,7.060801091480746,307.1302909943037,5.707469191019245,0.00023607881008501803,0.0010742559999998168
440.694,7.075472592794623,307.6576671291511,5.712724229439467,0.0002360788100849386,0.0010742899999998167
440.728,7.0906459107394,308.20306352461427,5.717981751578865,0.00023607881008492525,0.0010743239999998165
440.762,7.107530822671197,308.81070097621017,5.723241757516047,0.000236078810084923,0.0010743579999998164
440.796,7.1244251542029025,309.4178057737495,5.728504247329621,0.00023607881008492262,0.0010743919999998163
440.83,7.142083155930262,310.05285073332834,5.7337692210981945,0.00023607881008492256,0.0010744259999998162
440.864,7.15862190003865,310.6477463847631,5.739036678900376,0.00023607881008492256,0.001074459999999816
440.898,7.173340268678336,311.1766932606804,5.7443066208147835,0.00023607881008501803,0.0010744939999998162
440.932,7.187706930612948,311.69234740016253,5.749579046920005,0.0002360788100849386,0.001074527999999816
440.966,7.204294825543065,312.2880587945342,5.754853957294659,0.00023607881008492525,0.001074561999999816
441.0,7.221869116685352,312.91868438218313,5.760131352017353,0.000236078810084923,0.0010745959999998158
441.034,7.238658487902031,313.5209415341785,5.765411231166695,0.00023607881008492262,0.0010746299999998157
441.068,7.252901952749785,314.0315666060062,5.770693594821293,0.00023607881008492256,0.0010746639999998156
441.102,7.268437337224595,314.58791997945866,5.775978443059755,0.00023607881008492256,0.0010746979999998155
441.136,7.284402082864029,315.15971042234315,5.781265775960698,0.00023607881008501803,0.0010747319999998156
441.17,7.300043396374385,315.71985599622286,5.786555593602712,0.0002360788100849386,0.0010747659999998155
441.204,7.3162184063824105,316.2990184676843,5.791847896064414,0.00023607881008492525,0.0010747999999998154
441.238,7.330985354816052,316.82726203020945,5.797142683424413,0.000236078810084923,0.0010748339999998152
441.272,7.347623029719794,317.4228217552908,5.802439955761315,0.00023607881008492262,0.0010748679999998151
441.306,7.364524630818058,318.0292071468464,5.807739713153729,0.00023607881008492256,0.001074901999999815
441.34,7.382260279073205,318.66397014853356,5.813041955680262,0.00023607881008492256,0.001074935999999815
441.374,7.3988884676776365,319.2603591549222,5.8183466834195325,0.00023607881008501803,0.001074969999999815
441.408,7.414358953132582,319.81481269714243,5.82365389645013,0.0002360788100849386,0.0010750039999998149
441.442,7.43083456690242,320.4044918837388,5.828963594850673,0.00023607881008492525,0.0010750379999998148
441.476,7.447745218700598,321.00916709762083,5.834275778699767,0.000236078810084923,0.0010750719999998147
441.51,7.464925283447557,321.6238921539376,5.83959044807602,0.00023607881008492262,0.0010751059999998145
441.544,7.4823077465889005,322.2452460735321,5.844907603058042,0.00023607881008492256,0.0010751399999998144
441.578,7.499140095490605,322.84595750960506,5.85022724372444,0.00023607881008492256,0.0010751739999998143
441.612,7.517177951996643,323.490501295043,5.855549370153831,0.00023607881008501803,0.0010752079999998144
441.646,7.5343285293607405,324.10411344859625,5.860873982424805,0.0002360788100849386,0.0010752419999998143
441.68,7.550921887474262,324.69819678266026,5.86620108061598,0.00023607881008492525,0.0010752759999998142
441.714,7.567854775349546,325.3042388603665,5.871530664805962,0.000236078810084923,0.001075309999999814
441.748,7.583829079074918,325.87535012526035,5.87686273507336,0.00023607881008492262,0.001075343999999814
441.782,7.599848022586189,326.44758860171896,5.882197291496783,0.00023607881008492256,0.0010753779999998138
441.816,7.615207030284764,326.9965369265637,5.887534334154837,0.00023607881008492256,0.0010754119999998137
441.85,7.630411038958814,327.5390386681134,5.892873863126139,0.00023607881008501803,0.0010754459999998138
441.884,7.646247330328348,328.1039170942171,5.898215878489281,0.0002360788100849386,0.0010754799999998137
441.918,7.662384799774255,328.67978128641477,5.903560380322879,0.00023607881008492525,0.0010755139999998136
441.952,7.67783614259591,329.23142562652083,5.908907368705541,0.000236078810084923,0.0010755479999998135
441.986,7.692470829864595,329.75390178672336,5.914256843715875,0.00023607881008492262,0.0010755819999998134
442.02,7.708247587394583,330.3170472974789,5.919608805432489,0.00023607881008492256,0.0010756159999998132
442.054,7.722475770127901,330.824669971088,5.924963253933991,0.00023607881008492256,0.0010756499999998131
442.088,7.738428292176975,331.39347230332,5.930320189298998,0.00023607881008501803,0.0010756839999998132
442.122,7.753805475259735,331.94151397753353,5.9356796116060995,0.0002360788100849386,0.0010757179999998131
442.156,7.770327528443377,332.5295603767982,5.941041520933913,0.00023607881008492525,0.001075751999999813
442.19,7.7874235551206015,333.13796628887303,5.946405917361047,0.000236078810084923,0.0010757859999998129
442.224,7.803816884752768,333.7223703602854,5.9517728009661095,0.00023607881008492262,0.0010758199999998128
442.258,7.820804783641317,334.32844935456785,5.957142171827708,0.00023607881008492256,0.0010758539999998127
442.292,7.838191776188521,334.94841072533063,5.96251403002445,0.00023607881008492256,0.0010758879999998125
442.326,7.853969207331562,335.5111553482134,5.967888375634954,0.00023607881008501803,0.0010759219999998126
442.36,7.868166845892974,336.0180115445378,5.973265208737808,0.0002360788100849386,0.0010759559999998125
442.394,7.885044840598676,336.620200257363,5.97864452941163,0.00023607881008492525,0.0010759899999998124
442.428,7.9003328346606185,337.165932767864,5.9840263377350285,0.000236078810084923,0.0010760239999998123
442.462,7.916849018693099,337.75524455483475,5.98941063378661,0.00023607881008492262,0.0010760579999998122
442.496,7.934269675028305,338.3774272922547,5.994797417644984,0.00023607881008492256,0.001076091999999812
442.53,7.953288954466578,339.05620090867103,6.000186689388757,0.00023607881008492256,0.001076125999999812
442.564,7.971150977037115,339.69336164597354,6.005578449096548,0.00023607881008501803,0.001076159999999812
442.598,7.987559277645597,340.27860466643693,6.010972696846946,0.0002360788100849386,0.001076193999999812
442.632,8.004297624401442,340.8760876046563,6.016369432718568,0.00023607881008492525,0.0010762279999998118
442.666,8.022723078226063,341.5341836067392,6.021768656790021,0.000236078810084923,0.0010762619999998117
442.7,8.039732307826714,342.1416465726599,6.027170369139915,0.00023607881008492262,0.0010762959999998116
442.734,8.058277122729294,342.803501402838,6.032574569846857,0.00023607881008492256,0.0010763299999998115
442.768,8.075262368897176,343.4094846542105,6.037981258989455,0.00023607881008492256,0.0010763639999998114
442.802,8.093034687899017,344.04425574772006,6.043390436646326,0.00023607881008501803,0.0010763979999998115
442.836,8.111386364126599,344.6990326352782,6.04880210289606,0.0002360788100849386,0.0010764319999998113
442.87,8.12909838938815,345.33063602348517,6.054216257817274,0.00023607881008492525,0.0010764659999998112
442.904,8.147325712597306,345.9799904757764,6.059632901488575,0.000236078810084923,0.0010764999999998111
442.938,8.162738249734653,346.5298833925166,6.0650520339885725,0.00023607881008492262,0.001076533999999811
442.972,8.179796886295021,347.1383726482769,6.070473655395874,0.00023607881008492256,0.0010765679999998109
443.006,8.195267242755476,347.6899122913685,6.0758977657890885,0.00023607881008492256,0.0010766019999998108
443.04,8.212171045182515,348.29231941680035,6.081324365246831,0.00023607881008501803,0.0010766359999998109
443.074,8.229190210407722,348.89946440520754,6.086753453847693,0.0002360788100849386,0.0010766699999998108
443.108,8.246846233038882,349.52905189930266,6.09218503167029,0.00023607881008492525,0.0010767039999998106
443.142,8.264248118199921,350.14895379968857,6.097619098793232,0.000236078810084923,0.0010767379999998105
443.176,8.281278177657384,350.75603772282074,6.103055655295126,0.00023607881008492262,0.0010767719999998104
443.21,8.297820723158909,351.34625727140286,6.10849470125458,0.00023607881008492256,0.0010768059999998103
443.244,8.314166288976974,351.9303247613618,6.113936236750211,0.00023607881008501803,0.0010768399999998104
443.278,8.330893550217603,352.5280130326183,6.119380261860609,0.0002360788100849386,0.0010768739999998103
443.312,8.347409735746043,353.1190105088688,6.124826776664391,0.00023607881008492525,0.0010769079999998102
443.346,8.36398357076069,353.7120055000079,6.130275781240165,0.000236078810084923,0.00107694199999981
443.38,8.38136658926244,354.3335809945468,6.135727275666539,0.00023607881008492262,0.00107697599999981
443.414,8.399927717763143,354.99671924991264,6.14118126002212,0.00023607881008492256,0.0010770099999998098
443.448,8.41947692411549,355.6955169983881,6.146637734385518,0.00023607881008492256,0.0010770439999998097
443.482,8.438831672948323,356.3877458218851,6.152096698835349,0.00023607881008501803,0.0010770779999998098
443.516,8.458821637427395,357.1019639116184,6.157558153450203,0.0002360788100849386,0.0010771119999998097
443.55,8.477273381739868,357.7608952241351,6.163022098308696,0.00023607881008492525,0.0010771459999998096
443.584,8.4952091197797,358.40149954800773,6.1684885334894375,0.000236078810084923,0.0010771799999998095
443.618,8.511986897183618,359.0005397968527,6.173957459071035,0.00023607881008492262,0.0010772139999998093
443.652,8.52959094717869,359.62917821379943,6.179428875132097,0.00023607881008492256,0.0010772479999998092
443.686,8.547011402274778,360.2510416281857,6.184902781751231,0.00023607881008492256,0.0010772819999998091
443.72,8.563441585805373,360.83693523344124,6.190379179007055,0.00023607881008501803,0.0010773159999998092
443.754,8.578675055203083,361.38031039350693,6.195858066978157,0.0002360788100849386,0.001077349999999809
443.788,8.595753601010285,361.98872952729704,6.201339445743154,0.00023607881008492525,0.001077383999999809
443.822,8.613393430019247,362.6164650700169,6.206823315380656,0.000236078810084923,0.0010774179999998089
443.856,8.630495898239696,363.22562191101514,6.212309675969269,0.00023607881008492262,0.0010774519999998088
443.89,8.64768630200119,363.8370080029754,6.217798527587603,0.00023607881008492256,0.0010774859999998086
443.924,8.664647701626583,364.4401495237866,6.2232898703142645,0.00023607881008492256,0.0010775199999998085
443.958,8.681724481163,365.04749906492026,6.2287837042278715,0.00023607881008501803,0.0010775539999998086
443.992,8.698207512231257,365.6333721988271,6.234280029407013,0.0002360788100849386,0.0010775879999998085
444.026,8.715494406157783,366.2479862380648,6.2397788459303065,0.00023607881008492525,0.0010776219999998084
444.06,8.732731325538992,366.86044036388813,6.245280153876361,0.000236078810084923,0.0010776559999998083
444.094,8.750558400171558,367.4946541267427,6.250783953323783,0.00023607881008492262,0.0010776899999998082
444.128,8.768137618352679,368.1199609451335,6.256290244351181,0.00023607881008492256,0.001077723999999808
444.162,8.784848303312407,368.7137777958598,6.2617990270371635,0.00023607881008492256,0.001077757999999808
444.196,8.801386637717112,369.3011271628693,6.267310301460347,0.00023607881008501803,0.001077791999999808
444.23,8.819141277233351,369.93180113670155,6.272824067699321,0.0002360788100849386,0.001077825999999808
444.264,8.837269170376329,370.57577511051136,6.278340325832703,0.00023607881008492525,0.0010778599999998078
444.298,8.855857648045557,371.2346692006569,6.283859075939101,0.000236078810084923,0.0010778939999998077
444.332,8.873958861081205,371.87481114780945,6.289380318097122,0.00023607881008492262,0.0010779279999998076
444.366,8.890064556629634,372.4444939889308,6.294904052385376,0.00023607881008492256,0.0010779619999998075
444.4,8.909287427111941,373.1246715087246,6.3004302788824695,0.00023607881008492256,0.0010779959999998073
444.434,8.927762447670881,373.7783344844367,6.3059589976670205,0.00023607881008501803,0.0010780299999998074
444.468,8.944609750927135,374.37352141083585,6.311490208817618,0.0002360788100849386,0.0010780639999998073
444.502,8.962005994214957,374.9882039077202,6.31702391241288,0.00023607881008492525,0.0010780979999998072
444.536,8.978458569547238,375.56999967834867,6.322560108531414,0.000236078810084923,0.001078131999999807
444.57,8.994060245823354,376.1216817421743,6.328098797251828,0.00023607881008492262,0.001078165999999807
444.604,9.012327977501705,376.7680295244682,6.333639978652729,0.00023607881008492256,0.0010781999999998069
444.638,9.029665870722008,377.3811623040662,6.339183652812727,0.00023607881008492256,0.0010782339999998068
444.672,9.048288280844513,378.0392386574086,6.344729819810438,0.00023607881008501803,0.0010782679999998069
444.706,9.065024933101174,378.6296451671772,6.3502784797244525,0.0002360788100849386,0.0010783019999998067
444.74,9.083967580739088,379.2971857674161,6.3558296326333865,0.00023607881008492525,0.0010783359999998066
444.774,9.103018740540191,379.96785577139326,6.361383278615849,0.000236078810084923,0.0010783699999998065
444.808,9.120143433644474,380.57085028318215,6.366939417750447,0.00023607881008492262,0.0010784039999998064
444.842,9.135316048186368,381.1052360410791,6.372498050115789,0.00023607881008492256,0.0010784379999998063
444.876,9.151186417691012,381.6632235369775,6.378059175790483,0.00023607881008492256,0.0010784719999998062
444.91,9.169797123458753,382.3165731149192,6.383622794853146,0.00023607881008501803,0.0010785059999998063
444.944,9.188380932104948,382.96946024656614,6.389188907382367,0.0002360788100849386,0.0010785399999998062
444.978,9.205379865108883,383.5656317933088,6.3947575134567645,0.00023607881008492525,0.001078573999999806
445.012,9.224968621395373,384.25181887624825,6.400328613154946,0.000236078810084923,0.001078607999999806
445.046,9.244654088765442,384.9420418346003,6.4059022065555205,0.00023607881008492262,0.0010786419999998058
445.08,9.264924449807959,385.65184410710447,6.411478293737094,0.00023607881008492256,0.0010786759999998057
445.114,9.283656099212767,386.3079518649575,6.417056874778276,0.00023607881008492256,0.0010787099999998056
445.148,9.30290985742235,386.9816644728282,6.422637949757683,0.00023607881008501803,0.0010787439999998057
445.182,9.322397229342421,387.6628442809988,6.4282215187539045,0.0002360788100849386,0.0010787779999998056
445.216,9.340506587491754,388.29660022577605,6.433807581845558,0.00023607881008492525,0.0010788119999998055
445.25,9.358895657703918,388.9391818717101,6.439396139111253,0.000236078810084923,0.0010788459999998053
445.284,9.378656033059546,389.6294442431826,6.444987190629595,0.00023607881008492262,0.0010788799999998052
445.318,9.396098807264776,390.2380345710163,6.450580736479193,0.00023607881008492256,0.001078913999999805
445.352,9.414369530168907,390.87545984079134,6.456176776738654,0.00023607881008492256,0.001078947999999805
445.386,9.432682517200348,391.5147425183579,6.461775311486598,0.00023607881008501803,0.001078981999999805
445.42,9.45238179259072,392.2014958540824,6.467376340801612,0.0002360788100849386,0.001079015999999805
445.454,9.472203699101582,392.8933798424725,6.472979864762313,0.00023607881008492525,0.0010790499999998049
445.488,9.493101232923978,393.62241805981483,6.478585883447311,0.000236078810084923,0.0010790839999998047
445.522,9.51021550809389,394.2187001205356,6.484194396935213,0.00023607881008492262,0.0010791179999998046
445.556,9.53049459220229,394.9251973439974,6.489805405304628,0.00023607881008492256,0.0010791519999998045
445.59,9.548358871177037,395.54781924602196,6.495418908634162,0.00023607881008492256,0.0010791859999998044
445.624,9.56713208742405,396.2023990822959,6.501034907002432,0.00023607881008501803,0.0010792199999998045
445.658,9.586103774584663,396.86381597533847,6.506653400488029,0.0002360788100849386,0.0010792539999998044
445.692,9.605390252341012,397.5361939873899,6.512274389169571,0.00023607881008492525,0.0010792879999998043
445.726,9.625102587615645,398.22308260561897,6.517897873125665,0.000236078810084923,0.0010793219999998042
445.76,9.64397496247744,398.8807330614204,6.523523852434918,0.00023607881008492262,0.001079355999999804
445.794,9.662052344002248,399.5105753993509,6.5291523271759395,0.00023607881008492256,0.001079389999999804
445.828,9.679723575641384,400.1259766572642,6.534783297427337,0.00023607881008492256,0.0010794239999998038
445.862,9.69743649310754,400.74254084461126,6.540416763267729,0.00023607881008501803,0.001079457999999804
445.896,9.717597480014424,401.4438625690796,6.546052724775703,0.0002360788100849386,0.0010794919999998038
445.93,9.737209044209012,402.1255084039797,6.551691182029877,0.00023607881008492525,0.0010795259999998037
445.964,9.756309388025489,402.7896470943538,6.557332135108859,0.000236078810084923,0.0010795599999998036
445.998,9.774185405168703,403.4121033035778,6.562975584091256,0.00023607881008492262,0.0010795939999998035
446.032,9.791987285951583,404.03127242730676,6.568621529055678,0.00023607881008492256,0.0010796279999998033
446.066,9.808252243450958,404.5969470915354,6.574269970080731,0.00023607881008492256,0.0010796619999998032
446.1,9.826418425116927,405.2292901937126,6.579920907245035,0.00023607881008501803,0.0010796959999998033
446.134,9.846163591697396,405.9172289268432,6.585574340627177,0.0002360788100849386,0.0010797299999998032
446.168,9.865081126516545,406.5766762339165,6.5912302703057755,0.00023607881008492525,0.001079763999999803
446.202,9.883864116646983,407.23076857904226,6.5968886963594375,0.000236078810084923,0.001079797999999803
446.236,9.90348352830633,407.91432962872307,6.602549618866772,0.00023607881008492262,0.0010798319999998029
446.27,9.926578285877257,408.71865715900304,6.608213037906386,0.00023607881008492256,0.0010798659999998027
446.304,9.947987458434419,409.4635707095176,6.613878953556887,0.00023607881008492256,0.0010798999999998026
446.338,9.968092522959513,410.1634679064672,6.619547365896895,0.00023607881008501803,0.0010799339999998027
446.372,9.989126391630691,410.89559130210574,6.625218275004996,0.0002360788100849386,0.0010799679999998026
446.406,10.009883115155322,411.61787809522565,6.6308916809598095,0.00023607881008492525,0.0010800019999998025
446.44,10.028819881912426,412.276011195068,6.636567583839944,0.000236078810084923,0.0010800359999998024
446.474,10.048283937694043,412.95166346883275,6.642245983724006,0.00023607881008492262,0.0010800699999998023
446.508,10.069754307961142,413.69642805327135,6.647926880690604,0.00023607881008492256,0.0010801039999998022
446.542,10.089820103211316,414.3922433609815,6.653610274818345,0.00023607881008492256,0.001080137999999802
446.576,10.110596966134604,415.11260002931266,6.6592961661858485,0.00023607881008501803,0.0010801719999998021
446.61,10.129424971146275,415.76569640999463,6.664984554871702,0.0002360788100849386,0.001080205999999802
446.644,10.148746681357874,416.43518894948073,6.670675440954524,0.00023607881008492525,0.001080239999999802
446.678,10.168602613159305,417.1242447360088,6.676368824512921,0.000236078810084923,0.0010802739999998018
446.712,10.18903175289303,417.83246545796067,6.6820647056255025,0.00023607881008492262,0.0010803079999998017
446.746,10.208118843334017,418.49476432687163,6.687763084370876,0.00023607881008492256,0.0010803419999998016
446.78,10.229232967817262,419.2268636726922,6.69346396082765,0.00023607881008492256,0.0010803759999998015
446.814,10.25072404781823,419.97238078346754,6.699167335074441,0.00023607881008501803,0.0010804099999998016
446.848,10.270901220168367,420.67289206957685,6.70487320718984,0.0002360788100849386,0.0010804439999998014
446.882,10.290640883268985,421.3591901964009,6.710581577252461,0.00023607881008492525,0.0010804779999998013
446.916,10.309148430343667,422.00244445504904,6.7162924453409145,0.000236078810084923,0.0010805119999998012
446.95,10.329217607457606,422.6991143382659,6.722005811533808,0.00023607881008492262,0.001080545999999801
446.984,10.350360421812157,423.43305681481445,6.72772167590975,0.00023607881008492256,0.001080579999999801
447.018,10.368607413794477,424.0657167152256,6.733440038547347,0.00023607881008492256,0.0010806139999998009
447.052,10.390346387158788,424.81885086659497,6.739160899525219,0.00023607881008501803,0.001080647999999801
447.086,10.412454247956257,425.58427266923525,6.744884258921953,0.0002360788100849386,0.0010806819999998009
447.12,10.434963131221307,426.36388080193535,6.750610116816167,0.00023607881008492525,0.0010807159999998007
447.154,10.456959393178225,427.1252579033761,6.756338473286469,0.000236078810084923,0.0010807499999998006
447.188,10.477074945949946,427.8211360742024,6.762069328411466,0.00023607881008492262,0.0010807839999998005
447.222,10.500019838257005,428.6138190432287,6.767802682269768,0.00023607881008492256,0.0010808179999998004
447.256,10.522416627723347,429.38668361022735,6.773538534939982,0.00023607881008492256,0.0010808519999998003
447.29,10.541789395523512,430.054902557531,6.7792768865007265,0.00023607881008501803,0.0010808859999998004
447.324,10.56022413854366,430.69064213183736,6.785017737030588,0.0002360788100849386,0.0010809199999998003
447.358,10.578472766941285,431.3186797848975,6.790761086608186,0.00023607881008492525,0.0010809539999998001
447.392,10.600001716646636,432.0589466890144,6.796506935312128,0.000236078810084923,0.0010809879999998
447.426,10.623352944350131,432.861593448409,6.802255283221022,0.00023607881008492262,0.0010810219999998
447.46,10.646002570418432,433.6407095459075,6.808006130413476,0.00023607881008492256,0.0010810559999997998
447.494,10.668283739388986,434.4067643834367,6.813759476968108,0.00023607881008501803,0.0010810899999998
447.528,10.689271548927739,435.12702755319793,6.819515322963506,0.0002360788100849386,0.0010811239999997998
447.562,10.71055546075778,435.85726427512003,6.825273668478288,0.00023607881008492525,0.0010811579999997997
447.596,10.732144910544097,436.5980803079087,6.831034513591062,0.000236078810084923,0.0010811919999997996
447.63,10.752154442111681,437.2843023620941,6.836797858380436,0.00023607881008492262,0.0010812259999997994
447.664,10.77370939162274,438.0227033209214,6.842563702925018,0.00023607881008492256,0.0010812599999997993
447.698,10.794764856278583,438.74372184133006,6.8483320473034155,0.00023607881008492256,0.0010812939999997992
447.732,10.814232855702757,439.4109904168191,6.8541028915942475,0.00023607881008501803,0.0010813279999997993
447.766,10.835147936983605,440.1288789182303,6.859876235876101,0.0002360788100849386,0.0010813619999997992
447.8,10.855792968630533,440.8371784084835,6.865652080227594,0.00023607881008492525,0.001081395999999799
447.834,10.878215080944623,441.60624149794154,6.871430424727336,0.000236078810084923,0.001081429999999799
447.868,10.901357000894578,442.4001804613839,6.877211269453934,0.00023607881008492262,0.0010814639999997989
447.902,10.922210977604033,443.1157718556551,6.8829946144859955,0.00023607881008492256,0.0010814979999997987
447.936,10.945108155335419,443.90242156729823,6.888780459902129,0.00023607881008492256,0.0010815319999997986
447.97,10.968351362875508,444.6996667970505,6.894568805780953,0.00023607881008501803,0.0010815659999997987
448.004,10.989000162017863,445.40775970508173,6.900359652201054,0.0002360788100849386,0.0010815999999997986
448.038,11.01044921308253,446.14200047503965,6.906152999241051,0.00023607881008492525,0.0010816339999997985
448.072,11.0346318029817,446.9697917322175,6.911948846979553,0.000236078810084923,0.0010816679999997984
448.106,11.056812391033905,447.7284842788467,6.917747195495167,0.00023607881008492262,0.0010817019999997983
448.14,11.079066258297358,448.4905025626783,6.923548044866501,0.00023607881008492256,0.0010817359999997981
448.174,11.101327534892093,449.252918786112,6.929351395172163,0.00023607881008492256,0.001081769999999798
448.208,11.12123634902602,449.9354571298693,6.93515724649077,0.00023607881008501803,0.0010818039999997981
448.242,11.143794902324684,450.7085035245885,6.940965598900912,0.0002360788100849386,0.001081837999999798
448.276,11.169291432417808,451.58162956072806,6.946776452481206,0.00023607881008492525,0.001081871999999798
448.31,11.192159437918821,452.364241434193,6.95258980731026,0.000236078810084923,0.0010819059999997978
448.344,11.216353444518466,453.19175325904905,6.9584056634666815,0.00023607881008492262,0.0010819399999997977
448.378,11.238414187247495,453.9453589715397,6.964224021029079,0.00023607881008492256,0.0010819739999997976
448.412,11.258788602184865,454.64122803249035,6.970044880076061,0.00023607881008492256,0.0010820079999997974
448.446,11.279258117647979,455.34034951139523,6.9758682406862444,0.00023607881008501803,0.0010820419999997975
448.48,11.298693605703532,456.0038836924988,6.981694102938218,0.0002360788100849386,0.0010820759999997974
448.514,11.320320867084037,456.74178525780997,6.987522466910599,0.00023607881008492525,0.0010821099999997973
448.548,11.342862380012772,457.51028008407815,6.9933533326819965,0.000236078810084923,0.0010821439999997972
448.582,11.364649096206335,458.2531449434217,6.999186700331018,0.00023607881008492262,0.001082177999999797
448.616,11.384592089595262,458.93276890099224,7.005022569936272,0.00023607881008492256,0.001082211999999797
448.65,11.403302194192456,459.56962587428256,7.010860941576365,0.00023607881008492256,0.0010822459999997969
448.684,11.423361891538347,460.25233048484284,7.016701815329917,0.00023607881008501803,0.001082279999999797
448.718,11.444054895845827,460.95658530982695,7.022545191275515,0.0002360788100849386,0.0010823139999997968
448.752,11.465060107605058,461.67133605690776,7.028391069491776,0.00023607881008492525,0.0010823479999997967
448.786,11.486900808316973,462.4162236752578,7.034239450057309,0.000236078810084923,0.0010823819999997966
448.82,11.51076655849858,463.23037202765863,7.040090333050722,0.00023607881008492262,0.0010824159999997965
448.854,11.535938753844333,464.0908456503799,7.045943718550624,0.00023607881008492256,0.0010824499999997964
448.888,11.55980787364497,464.90818052833254,7.051799606635622,0.00023607881008492256,0.0010824839999997963
448.922,11.581444691005373,465.64864964036934,7.057657997384333,0.00023607881008501803,0.0010825179999997964
448.956,11.604450544659311,466.43559652395646,7.063518890875347,0.0002360788100849386,0.0010825519999997963
448.99,11.626362775825068,467.1843022674941,7.069382287187281,0.00023607881008492525,0.0010825859999997961
449.024,11.647016284610185,467.8898867599885,7.075248186398743,0.000236078810084923,0.001082619999999796
449.058,11.669641477682216,468.6642124633229,7.0811165885883405,0.00023607881008492262,0.001082653999999796
449.092,11.694660801221241,469.520246259725,7.086987493834682,0.00023607881008492256,0.0010826879999997958
449.126,11.717485606594652,470.3014147084136,7.092860902216376,0.00023607881008492256,0.0010827219999997957
449.16,11.74098608832635,471.10563319236127,7.09873681381204,0.00023607881008501803,0.0010827559999997958
449.194,11.76179534674728,471.8176740257332,7.104615228700261,0.0002360788100849386,0.0010827899999997957
449.228,11.783973614570787,472.57801519353535,7.110496146959659,0.00023607881008492525,0.0010828239999997955
449.262,11.805452607867608,473.3135267196995,7.116379568668841,0.000236078810084923,0.0010828579999997954
449.296,11.826861870202583,474.04593050297416,7.122265493906415,0.00023607881008492262,0.0010828919999997953
449.33,11.847802571726403,474.7623984230251,7.128153922750989,0.00023607881008492256,0.0010829259999997952
449.364,11.868660578311664,475.4766384192715,7.134044855281171,0.00023607881008492256,0.001082959999999795
449.398,11.890847986927454,476.237249415174,7.139938291575579,0.00023607881008501803,0.0010829939999997952
449.432,11.913246309456818,477.00379819357505,7.1458342317128,0.0002360788100849386,0.001083027999999795
449.466,11.935232497926927,477.7554592676428,7.151732675771453,0.00023607881008492525,0.001083061999999795
449.5,11.957789806136258,478.5266301618948,7.157633623830146,0.000236078810084923,0.0010830959999997948
449.534,11.979098232177552,479.2551580248263,7.163537075967488,0.00023607881008492262,0.0010831299999997947
449.568,12.000827081051588,479.9967653430839,7.169443032262086,0.00023607881008492256,0.0010831639999997946
449.602,12.022551157988348,480.73786676441273,7.175351492792547,0.00023607881008492256,0.0010831979999997945
449.636,12.044228940968274,481.4768556927941,7.181262457637491,0.00023607881008501803,0.0010832319999997946
449.67,12.068246533769441,482.2942632160801,7.187175926875504,0.0002360788100849386,0.0010832659999997945
449.704,12.091754290761353,483.09515625373376,7.193091900585205,0.00023607881008492525,0.0010832999999997944
449.738,12.115640926607698,483.9079482122862,7.199010378845203,0.000236078810084923,0.0010833339999997943
449.772,12.138639083729826,484.69146961185254,7.204931361734104,0.00023607881008492262,0.0010833679999997941
449.806,12.159737606748482,485.41005663073605,7.210854849330518,0.00023607881008492256,0.001083401999999794
449.84,12.182581261670876,486.18825076744486,7.216780841713052,0.00023607881008492256,0.001083435999999794
449.874,12.206710198991267,487.0105654835082,7.222709338960324,0.00023607881008501803,0.001083469999999794
449.908,12.228746759171225,487.76168402895024,7.228640341150921,0.0002360788100849386,0.001083503999999794
449.942,12.251116880833974,488.52202666154824,7.234573848363463,0.00023607881008492525,0.0010835379999997938
449.976,12.274136714492052,489.3042869392226,7.240509860676557,0.000236078810084923,0.0010835719999997937
450.01,12.298506944557333,490.13267208373327,7.246448378168811,0.00023607881008492262,0.0010836059999997935
450.044,12.323936367236193,490.9956242237146,7.252389400918833,0.00023607881008492256,0.0010836399999997934
450.078,12.347883454393456,491.808586859578,7.258332929005231,0.00023607881008492256,0.0010836739999997933
450.112,12.37212130308194,492.63067735478637,7.264278962506623,0.00023607881008501803,0.0010837079999997934
450.146,12.396792301386123,493.4680816551012,7.270227501501597,0.0002360788100849386,0.0010837419999997933
450.18,12.419860911472558,494.25130415824145,7.2761785460687705,0.00023607881008492525,0.0010837759999997932
450.214,12.442209656064637,495.00914462158937,7.282132096286752,0.000236078810084923,0.001083809999999793
450.248,12.464639876531718,495.7712826367736,7.288088152234149,0.00023607881008492262,0.001083843999999793
450.282,12.48989446821921,496.62921284478335,7.29404671398957,0.00023607881008492256,0.0010838779999997928
450.316,12.516064222748247,497.5173160436103,7.300007781631624,0.00023607881008492256,0.0010839119999997927
450.35,12.538966726467583,498.2936032624866,7.305971355238928,0.00023607881008501803,0.0010839459999997928
450.384,12.561832407602902,499.0686442295325,7.311937434890069,0.0002360788100849386,0.0010839799999997927
450.418,12.58705915199513,499.92343315981105,7.317906020663667,0.00023607881008492525,0.0010840139999997926
450.452,12.614299106937558,500.84682289185116,7.323877112638328,0.000236078810084923,0.0010840479999997925
450.486,12.637963361882779,501.6490718085914,7.329850710892662,0.00023607881008492262,0.0010840819999997924
450.52,12.66160408774622,502.4515410996579,7.335826815505275,0.00023607881008492256,0.0010841159999997923
450.554,12.684618223866732,503.2346312112644,7.341805426554776,0.00023607881008492256,0.0010841499999997921
450.588,12.709245080517741,504.07274303816394,7.347786544119783,0.00023607881008501803,0.0010841839999997922
450.622,12.734340931017611,504.92708962984176,7.353770168278885,0.0002360788100849386,0.0010842179999997921
450.656,12.759686206476319,505.7914699117973,7.359756299110699,0.00023607881008492525,0.001084251999999792
450.69,12.784601754370359,506.6398159040449,7.365744936693833,0.000236078810084923,0.001084285999999792
450.724,12.809940481458682,507.50308141492695,7.371736081106895,0.00023607881008492262,0.0010843199999997918
450.758,12.836298513189666,508.40233709118445,7.3777297324284925,0.00023607881008492256,0.0010843539999997917
450.792,12.861398904026629,509.25836991458067,7.383725890737234,0.00023607881008492256,0.0010843879999997915
450.826,12.883219015868733,510.00193925643003,7.389724556111738,0.00023607881008501803,0.0010844219999997916
450.86,12.90424740961505,510.71834563872756,7.395725728630592,0.0002360788100849386,0.0010844559999997915
450.894,12.928851669604486,511.55726643987066,7.401729408372414,0.00023607881008492525,0.0010844899999997914
450.928,12.953276147855329,512.3896311518915,7.4077355954158115,0.000236078810084923,0.0010845239999997913
450.962,12.976881795903205,513.1935678305816,7.413744289839393,0.00023607881008492262,0.0010845579999997912
450.996,13.00280705298532,514.0777991255601,7.419755491721767,0.00023607881008492256,0.001084591999999791
451.03,13.026508323266887,514.8864825114001,7.425769201141541,0.00023607881008492256,0.001084625999999791
451.064,13.047790861540939,515.6128276270662,7.431785418177332,0.00023607881008501803,0.001084659999999791
451.098,13.068721439894615,516.3263380171369,7.43780414290773,0.0002360788100849386,0.001084693999999791
451.132,13.090091416675715,517.0550155051283,7.443825375411352,0.00023607881008492525,0.0010847279999997908
451.166,13.10877935322029,517.6915651781778,7.449849115766806,0.000236078810084923,0.0010847619999997907
451.2,13.13092879031557,518.4459592912453,7.4558753640527,0.00023607881008492262,0.0010847959999997906
451.234,13.153852649077772,519.2262915591797,7.461904120347641,0.00023607881008492256,0.0010848299999997905
451.268,13.177809949219453,520.0421554682878,7.4679353847302385,0.00023607881008492256,0.0010848639999997904
451.302,13.201287343521757,520.8407973388851,7.47396915727911,0.00023607881008501803,0.0010848979999997905
451.336,13.223365952883086,521.591451907691,7.480005438072843,0.0002360788100849386,0.0010849319999997904
451.37,13.24826122039408,522.4379407063458,7.486044227190057,0.00023607881008492525,0.0010849659999997902
451.404,13.272663665577523,523.2672720718016,7.492085524709359,0.000236078810084923,0.0010849999999997901
451.438,13.297292673078667,524.1046768337457,7.498129330709357,0.00023607881008492262,0.00108503399999979
451.472,13.323571527868271,524.9974935226874,7.504175645268659,0.00023607881008492256,0.00108506799999979
451.506,13.348569925687313,525.8468842768066,7.510224468465872,0.00023607881008492256,0.0010851019999997898
451.54,13.375099796980109,526.7476587808741,7.516275800379616,0.00023607881008501803,0.0010851359999997899
451.574,13.401306605298569,527.6379593334158,7.5223296410884775,0.0002360788100849386,0.0010851699999997898
451.608,13.426215913071585,528.4847625990934,7.528385990671075,0.00023607881008492525,0.0010852039999997897
451.642,13.449636931810929,529.2807006389253,7.534444849206016,0.000236078810084923,0.0010852379999997895
451.676,13.476674833830746,530.2012234642951,7.5405062167719095,0.00023607881008492262,0.0010852719999997894
451.71,13.504096558771534,531.1344116838986,7.546570093447363,0.00023607881008492256,0.0010853059999997893
451.744,13.529244671276887,531.9902974571747,7.552636479310994,0.00023607881008501803,0.0010853399999997894
451.778,13.55648033950293,532.9166487251364,7.558705374441392,0.0002360788100849386,0.0010853739999997893
451.812,13.581439877954308,533.7647669869864,7.5647767789171745,0.00023607881008492525,0.0010854079999997892
451.846,13.603957502600425,534.5296778614063,7.570850692816948,0.000236078810084923,0.001085441999999789
451.88,13.628595264368588,535.3662940276438,7.576927116219321,0.00023607881008492262,0.001085475999999789
451.914,13.652061635197356,536.163077221444,7.583006049202902,0.00023607881008492256,0.0010855099999997888
451.948,13.67653397104228,536.9925977808086,7.5890874918463,0.00023607881008492256,0.0010855439999997887
451.982,13.699994073397919,537.7868987939211,7.595171444228131,0.00023607881008501803,0.0010855779999997888
452.016,13.728129758918042,538.7413320263478,7.601257906426985,0.0002360788100849386,0.0010856119999997887
452.05,13.754236531706523,539.6268133581,7.607346878521479,0.00023607881008492525,0.0010856459999997886
452.084,13.780578003005735,540.5194722552077,7.613438360590221,0.000236078810084923,0.0010856799999997885
452.118,13.809582708148229,541.502242928707,7.619532352711819,0.00023607881008492262,0.0010857139999997884
452.152,13.834306141770789,542.340121721713,7.625628854964881,0.00023607881008492256,0.0010857479999997882
452.186,13.86003846637266,543.2113146663353,7.6317278674280145,0.00023607881008492256,0.0010857819999997881
452.22,13.884474978421416,544.0383124966196,7.637829390179838,0.00023607881008501803,0.0010858159999997882
452.254,13.907969543792404,544.8335427557556,7.643933423298939,0.0002360788100849386,0.0010858499999997881
452.288,13.93390887209152,545.7122132595706,7.650039966863936,0.00023607881008492525,0.001085883999999788
452.322,13.96081795684285,546.6236307819659,7.656149020953438,0.000236078810084923,0.0010859179999997879
452.356,13.98865411522648,547.5671189057147,7.662260585646052,0.00023607881008492262,0.0010859519999997878
452.39,14.014812733191045,548.4534060716018,7.668374661020386,0.00023607881008492256,0.0010859859999997877
452.424,14.042790952204927,549.4023176508008,7.674491247155047,0.00023607881008492256,0.0010860199999997875
452.458,14.070164538211955,550.3296052365594,7.680610344128655,0.00023607881008501803,0.0010860539999997876
452.492,14.096730531080498,551.2302249466585,7.686731952019796,0.0002360788100849386,0.0010860879999997875
452.526,14.124713533344153,552.1783906095958,7.69285607090709,0.00023607881008492525,0.0010861219999997874
452.56,14.151286732609291,553.0784089948094,7.698982700869143,0.000236078810084923,0.0010861559999997873
452.594,14.176929316997924,553.9479426635643,7.705111841984564,0.00023607881008492262,0.0010861899999997872
452.628,14.202851718726755,554.8279748659794,7.711243494331962,0.00023607881008492256,0.001086223999999787
452.662,14.22837284931288,555.6946498373144,7.717377657989943,0.00023607881008492256,0.001086257999999787
452.696,14.253733286687556,556.5558142569279,7.7235143330371265,0.00023607881008501803,0.001086291999999787
452.73,14.277348372206125,557.3579376584189,7.729653519552101,0.0002360788100849386,0.001086325999999787
452.764,14.302826506324646,558.2253189072032,7.735795217613482,0.00023607881008492525,0.0010863599999997868
452.798,14.325151098802815,558.9855525049929,7.741939427299879,0.000236078810084923,0.0010863939999997867
452.832,14.350937674884719,559.8632687365761,7.748086148689901,0.00023607881008492262,0.0010864279999997866
452.866,14.374150117212963,560.653979735517,7.754235381862155,0.00023607881008492256,0.0010864619999997865
452.9,14.397778464470234,561.4583790787761,7.760387126895248,0.00023607881008492256,0.0010864959999997864
452.934,14.423645539442164,562.3407154323785,7.7665413838678,0.00023607881008501803,0.0010865299999997865
452.968,14.44970023850146,563.2304177505905,7.772698152858398,0.0002360788100849386,0.0010865639999997863
453.002,14.474364008065379,564.0733611867294,7.77885743394566,0.00023607881008492525,0.0010865979999997862
453.036,14.497141010578494,564.8516021276893,7.785019227208194,0.000236078810084923,0.0010866319999997861
453.07,14.525849841067254,565.8324904908579,7.791183532724607,0.00023607881008492262,0.001086665999999786
453.104,14.554009231433463,566.795004205883,7.797350350573509,0.00023607881008492256,0.0010866999999997859
453.138,14.580185843595691,567.6898667598507,7.8035196808335066,0.00023607881008492256,0.0010867339999997858
453.172,14.60833407818781,568.6539711650023,7.8096915235832185,0.00023607881008501803,0.0010867679999997859
453.206,14.635320631177136,569.5783807987042,7.815865878901232,0.0002360788100849386,0.0010868019999997858
453.24,14.661134088128115,570.4617129140173,7.822042746866166,0.00023607881008492525,0.0010868359999997856
453.274,14.690018134826806,571.4490434082475,7.828222127556627,0.000236078810084923,0.0010868699999997855
453.308,14.713489373357033,572.2511537475547,7.834404021051224,0.00023607881008492262,0.0010869039999997854
453.342,14.741691563733122,573.2147662126771,7.840588427428566,0.00023607881008492256,0.0010869379999997853
453.376,14.768397564242639,574.1276932536155,7.846775346767259,0.00023607881008492256,0.0010869719999997852
453.41,14.79688211516828,575.1013399117201,7.852964779145924,0.00023607881008501803,0.0010870059999997853
453.444,14.824375657011288,576.0409218612008,7.859156724643146,0.0002360788100849386,0.0010870399999997852
453.478,14.85089102592444,576.9459181522452,7.865351183337544,0.00023607881008492525,0.001087073999999785
453.512,14.875281781672365,577.7783372244296,7.871548155307726,0.000236078810084923,0.001087107999999785
453.546,14.901279778401044,578.6668691332941,7.8777476406322995,0.00023607881008492262,0.0010871419999997848
453.58,14.928557547466488,579.5999087841584,7.883949639389873,0.00023607881008492256,0.0010871759999997847
453.614,14.957112072639202,580.5756519791139,7.890154151659054,0.00023607881008492256,0.0010872099999997846
453.648,14.982925910876974,581.4581930926515,7.896361177518462,0.00023607881008501803,0.0010872439999997847
453.682,15.00705929734152,582.2835261691579,7.902570717046683,0.0002360788100849386,0.0010872779999997846
453.716,15.031424921791206,583.1178864907009,7.908782770322337,0.00023607881008492525,0.0010873119999997845
453.75,15.056045267687258,583.9619670069393,7.9149973374240306,0.000236078810084923,0.0010873459999997843
453.784,15.080774655018859,584.8106656927074,7.921214418430372,0.00023607881008492262,0.0010873799999997842
453.818,15.108233232545299,585.752496951711,7.92743401341997,0.00023607881008492256,0.0010874139999997841
453.852,15.134834966787109,586.6652192604247,7.933656122471431,0.00023607881008492256,0.001087447999999784
453.886,15.15926291003904,587.5041835780057,7.939880745663375,0.00023607881008501803,0.001087481999999784
453.92,15.183770495899726,588.346668988918,7.946107883074388,0.0002360788100849386,0.001087515999999784
453.954,15.210137437587449,589.2540076968418,7.95233753478309,0.00023607881008492525,0.0010875499999997839
453.988,15.236363402264681,590.1579636574565,7.958569700868088,0.000236078810084923,0.0010875839999997838
454.022,15.261743302189275,591.0325822257728,7.96480438140799,0.00023607881008492262,0.0010876179999997836
454.056,15.28786262683412,591.9327885728629,7.9710415764814035,0.00023607881008492256,0.0010876519999997835
454.09,15.314221563343809,592.8415166013272,7.977281286166938,0.00023607881008492256,0.0010876859999997834
454.124,15.341192251465275,593.7722827760126,7.983523510543209,0.00023607881008501803,0.0010877199999997835
454.158,15.36720503001204,594.672216968927,7.989768249688807,0.0002360788100849386,0.0010877539999997834
454.192,15.39440565086448,595.613863852318,7.996015503682349,0.00023607881008492525,0.0010877879999997833
454.226,15.421613445324613,596.556210691587,8.002265272602443,0.000236078810084923,0.0010878219999997832
454.26,15.44676422466369,597.4293410808119,8.008517556527696,0.00023607881008492262,0.001087855999999783
454.294,15.472992223885285,598.3392990723131,8.014772355536717,0.00023607881008492256,0.001087889999999783
454.328,15.49948400070917,599.2586949509744,8.021029669708115,0.00023607881008492256,0.0010879239999997828
454.362,15.524791085132103,600.1367630559404,8.027289499120506,0.00023607881008501803,0.001087957999999783
454.396,15.55157202621283,601.0654346503601,8.03355184385248,0.0002360788100849386,0.0010879919999997828
454.43,15.578825372976432,602.011130951673,8.039816703982655,0.00023607881008492525,0.0010880259999997827
454.464,15.60573509789572,602.944621537385,8.046084079589638,0.000236078810084923,0.0010880599999997826
454.498,15.632455608781218,603.8734344366459,8.052353970752037,0.00023607881008492262,0.0010880939999997825
454.532,15.660023459339325,604.8322080313609,8.058626377548459,0.00023607881008492256,0.0010881279999997823
454.566,15.686023080188425,605.7369813138805,8.064901300057512,0.00023607881008492256,0.0010881619999997822
454.6,15.713385698174605,606.6891866018992,8.071178738357817,0.00023607881008501803,0.0010881959999997823
454.634,15.741435388317308,607.6652807318485,8.07745869252796,0.0002360788100849386,0.0010882299999997822
454.668,15.771262832351248,608.7025262129091,8.08374116264656,0.00023607881008492525,0.001088263999999782
454.702,15.799513492990348,609.686055963279,8.090026148792221,0.000236078810084923,0.001088297999999782
454.736,15.828877325595714,610.7095067484444,8.096313651043555,0.00023607881008492262,0.0010883319999997819
454.77,15.859352740526818,611.772013094549,8.10260366947917,0.00023607881008492256,0.0010883659999997818
454.804,15.887351865623554,612.7484256563065,8.10889620417767,0.00023607881008492256,0.0010883999999997816
454.838,15.91726029611351,613.7934310909436,8.115191255217677,0.00023607881008501803,0.0010884339999997817
454.872,15.945971578455145,614.7974043679739,8.121488822677778,0.0002360788100849386,0.0010884679999997816
454.906,15.975066025730573,615.813053246037,8.12778890663659,0.00023607881008492525,0.0010885019999997815
454.94,16.002110428577407,616.7560297603877,8.134091507172725,0.000236078810084923,0.0010885359999997814
454.974,16.02902812545261,617.6946572833714,8.140396624364787,0.00023607881008492262,0.0010885699999997813
455.008,16.053504251165805,618.5482851848703,8.146704258291383,0.00023607881008492256,0.0010886039999997812
455.042,16.07949304640851,619.4555526146473,8.153014409031124,0.00023607881008492256,0.001088637999999781
455.076,16.107119310639284,620.4202159440396,8.15932707666263,0.00023607881008501803,0.0010886719999997812
455.11,16.132962039333364,621.3224740868411,8.165642261264482,0.0002360788100849386,0.001088705999999781
455.144,16.158175869934723,622.2017458738193,8.171959962915302,0.00023607881008492525,0.001088739999999781
455.178,16.184812539707952,623.1308043726048,8.1782801816937,0.000236078810084923,0.0010887739999997808
455.212,16.21267469749544,624.1026464665523,8.18460291767828,0.00023607881008492262,0.0010888079999997807
455.246,16.244208549388038,625.201879051359,8.190928170947654,0.00023607881008492256,0.0010888419999997806
455.28,16.274576086936598,626.2599719483818,8.197255941580428,0.00023607881008492256,0.0010888759999997805
455.314,16.305302959809254,627.3302343744185,8.20358622965522,0.00023607881008501803,0.0010889099999997806
455.348,16.334258270586783,628.3389141015757,8.20991903525062,0.0002360788100849386,0.0010889439999997805
455.382,16.36287570641237,629.3373185766106,8.216254358445243,0.00023607881008492525,0.0010889779999997803
455.416,16.390546117907505,630.3037095508165,8.222592199317697,0.000236078810084923,0.0010890119999997802
455.45,16.416963392743003,631.2278481424764,8.22893255794659,0.00023607881008492262,0.00108904599999978
455.484,16.443329031671812,632.1493098068058,8.235275434410532,0.00023607881008492256,0.00108907999999978
455.518,16.471955421547143,633.1510499027596,8.24162082878813,0.00023607881008492256,0.0010891139999997799
455.552,16.500647275406756,634.1559994272652,8.247968741158004,0.00023607881008501803,0.00108914799999978
455.586,16.526926617320395,635.0775050703595,8.25431917159874,0.0002360788100849386,0.0010891819999997799
455.62,16.555404334732522,636.0773695320593,8.260672120188953,0.00023607881008492525,0.0010892159999997797
455.654,16.58307491985631,637.0491666688439,8.267027587007256,0.000236078810084923,0.0010892499999997796
455.688,16.612402417775492,638.0813638943288,8.273385572132254,0.00023607881008492262,0.0010892839999997795
455.722,16.639140740629184,639.0234311187739,8.279746075642555,0.00023607881008492256,0.0010893179999997794
455.756,16.667671825935134,640.028573842763,8.286109097616768,0.00023607881008492256,0.0010893519999997793
455.79,16.695478624178953,641.0082584343219,8.29247463813351,0.00023607881008501803,0.0010893859999997794
455.824,16.724134415990964,642.016674425473,8.298842697271372,0.0002360788100849386,0.0010894199999997793
455.858,16.752863792052434,643.0280409867081,8.305213275108969,0.00023607881008492525,0.0010894539999997792
455.892,16.781182599672356,644.0249456306534,8.311586371724909,0.000236078810084923,0.001089487999999779
455.926,16.808766165118087,644.9959959780685,8.317961987197801,0.00023607881008492262,0.001089521999999779
455.96,16.8345248952503,645.9026967032537,8.324340121606253,0.00023607881008492256,0.0010895559999997788
455.994,16.861343210288396,646.8471488026195,8.330720775028885,0.00023607881008501803,0.001089589999999779
456.028,16.886042244697713,647.7176879371807,8.337103947544282,0.0002360788100849386,0.0010896239999997788
456.062,16.909825703744463,648.5563080868186,8.343489639231063,0.00023607881008492525,0.0010896579999997787
456.096,16.936817284408562,649.507189189747,8.349877850167836,0.000236078810084923,0.0010896919999997786
456.13,16.964807520338013,650.4927469722351,8.356268580433209,0.00023607881008492262,0.0010897259999997785
456.164,16.9921341319249,651.4547385202086,8.36266183010579,0.00023607881008492256,0.0010897599999997783
456.198,17.0211242973683,652.474820401194,8.369057599264186,0.00023607881008492256,0.0010897939999997782
456.232,17.051123323241086,653.5308740355649,8.37545588798702,0.00023607881008501803,0.0010898279999997783
456.266,17.07876186842761,654.5039357169239,8.381856696352873,0.0002360788100849386,0.0010898619999997782
456.3,17.106486477593684,655.4812279269852,8.388260024440365,0.00023607881008492525,0.001089895999999778
456.334,17.134829662913106,656.4825451294395,8.394665872328106,0.000236078810084923,0.001089929999999778
456.368,17.161606312457973,657.4286651065735,8.401074240094704,0.00023607881008492262,0.0010899639999997779
456.402,17.18764379257666,658.3493518967585,8.407485127818767,0.00023607881008492256,0.0010899979999997777
456.436,17.214476784979553,659.2996675954445,8.4138985355789,0.00023607881008492256,0.0010900319999997776
456.47,17.240988468521696,660.2376523629509,8.420314463453723,0.00023607881008501803,0.0010900659999997777
456.504,17.267232467198262,661.166218078718,8.426732911521823,0.0002360788100849386,0.0010900999999997776
456.538,17.291722245553334,662.0313529367309,8.43315387986182,0.00023607881008492525,0.0010901339999997775
456.572,17.319588214312745,663.0148725537879,8.439577368552321,0.000236078810084923,0.0010901679999997774
456.606,17.349120374163434,664.0562512595884,8.446003377671934,0.00023607881008492262,0.0010902019999997773
456.64,17.37810805899026,665.0801490536784,8.452431907299268,0.00023607881008492256,0.0010902359999997772
456.674,17.407170744979087,666.1076150603315,8.45886295751293,0.00023607881008492256,0.001090269999999777
456.708,17.43910080420165,667.2369674022536,8.465296528391537,0.00023607881008501803,0.0010903039999997771
456.742,17.468320169655605,668.2703226020026,8.471732620013679,0.0002360788100849386,0.001090337999999777
456.776,17.494298884575134,669.1882960353113,8.478171232457973,0.00023607881008492525,0.001090371999999777
456.81,17.525535949191465,670.2929564875615,8.484612365803025,0.000236078810084923,0.0010904059999997768
456.844,17.55453143717619,671.3203540268279,8.491056020127447,0.00023607881008492262,0.0010904399999997767
456.878,17.58429246188508,672.3742547085639,8.497502195509844,0.00023607881008492256,0.0010904739999997766
456.912,17.615773855152554,673.4895874494783,8.503950892028826,0.00023607881008492256,0.0010905079999997765
456.946,17.644789448144337,674.5179722965278,8.51040210976301,0.00023607881008501803,0.0010905419999997766
456.98,17.673324332289862,675.5298695295836,8.516855848790984,0.0002360788100849386,0.0010905759999997764
457.014,17.702302692937163,676.5583913831349,8.523312109191366,0.00023607881008492525,0.0010906099999997763
457.048,17.732067614394857,677.6149465433605,8.529770891042764,0.000236078810084923,0.0010906439999997762
457.082,17.76057725903909,678.6286965773714,8.536232194423786,0.00023607881008492262,0.001090677999999776
457.116,17.78988284364133,679.6708656735485,8.54269601941304,0.00023607881008492256,0.001090711999999776
457.15,17.818422431522563,680.6878538412535,8.549162366089133,0.00023607881008492256,0.0010907459999997759
457.184,17.845553458531946,681.6540372640533,8.555631234530685,0.00023607881008501803,0.001090779999999776
457.218,17.872116313039992,682.6006517939584,8.562102624816282,0.0002360788100849386,0.0010908139999997759
457.252,17.89642974456133,683.4668707610092,8.568576537024542,0.00023607881008492525,0.0010908479999997757
457.286,17.9212370938186,684.3522220038193,8.575052971234076,0.000236078810084923,0.0010908819999997756
457.32,17.95100361299352,685.4151304011582,8.58153192752349,0.00023607881008492262,0.0010909159999997755
457.354,17.978847435678365,686.4109432364486,8.58801340597139,0.00023607881008492256,0.0010909499999997754
457.388,18.00564800242601,687.3705536673154,8.594497406656387,0.00023607881008492256,0.0010909839999997753
457.422,18.03685039167478,688.4873391812234,8.6009839296571,0.00023607881008501803,0.0010910179999997754
457.456,18.06678793028177,689.5590540490142,8.607472975052112,0.0002360788100849386,0.0010910519999997753
457.49,18.0976340397097,690.6650347746863,8.613964542920044,0.00023607881008492525,0.0010910859999997751
457.524,18.126958160092396,691.7156394902262,8.620458633339506,0.000236078810084923,0.001091119999999775
457.558,18.15612312617194,692.7628699503692,8.626955246389105,0.00023607881008492262,0.001091153999999775
457.592,18.186689840786887,693.8601294835751,8.633454382147448,0.00023607881008492256,0.0010911879999997748
457.626,18.219049765677497,695.0215820300635,8.639956040693143,0.00023607881008492256,0.0010912219999997747
457.66,18.248799393717412,696.0904534430983,8.646460222104807,0.00023607881008501803,0.0010912559999997748
457.694,18.276804963363656,697.0971723806775,8.652966926461028,0.0002360788100849386,0.0010912899999997747
457.728,18.306398554991976,698.1622916074914,8.659476153840426,0.00023607881008492525,0.0010913239999997746
457.762,18.337197483250367,699.2702882527633,8.665987904321609,0.000236078810084923,0.0010913579999997744
457.796,18.365443572686196,700.2865598377207,8.672502177983183,0.00023607881008492262,0.0010913919999997743
457.83,18.392804710695806,701.2736615401562,8.679018974903757,0.00023607881008492256,0.0010914259999997742
457.864,18.422196735049795,702.3334922580517,8.685538295161939,0.00023607881008492256,0.001091459999999774
457.898,18.449418342423925,703.3140262253469,8.692060138836347,0.00023607881008501803,0.0010914939999997742
457.932,18.47579490376205,704.2639631247662,8.698584506005567,0.0002360788100849386,0.001091527999999774
457.966,18.502844490376873,705.2382399561056,8.705111396748219,0.00023607881008492525,0.001091561999999774
458.0,18.53304327360085,706.3260932630953,8.711640811142912,0.000236078810084923,0.0010915959999997739
458.034,18.561962686230864,707.3671714128155,8.718172749268254,0.00023607881008492262,0.0010916299999997737
458.068,18.589284716253605,708.3495849856621,8.724707211202851,0.00023607881008492256,0.0010916639999997736
458.102,18.615244066020196,709.2820787691142,8.731244197025314,0.00023607881008492256,0.0010916979999997735
458.136,18.64112852877528,710.2120778216034,8.737783706814259,0.00023607881008501803,0.0010917319999997736
458.17,18.667350294001753,711.1555270686237,8.744325740648273,0.0002360788100849386,0.0010917659999997735
458.204,18.695765067178808,712.180359324412,8.750870298605975,0.00023607881008492525,0.0010917999999997734
458.238,18.724845695009808,713.2292668275395,8.757417380765972,0.000236078810084923,0.0010918339999997733
458.272,18.753894401584375,714.2785757938893,8.763966987206874,0.00023607881008492262,0.0010918679999997731
458.306,18.783240201569388,715.3400882112147,8.77051911800729,0.00023607881008492256,0.001091901999999773
458.34,18.81263962369553,716.4038308227896,8.777073773245824,0.00023607881008492256,0.001091935999999773
458.374,18.84469152525697,717.563480015887,8.783630953001097,0.00023607881008501803,0.001091969999999773
458.408,18.878840766517627,718.7980713796842,8.790190657351694,0.0002360788100849386,0.001092003999999773
458.442,18.910183343535984,719.9323206910099,8.796752886376234,0.00023607881008492525,0.0010920379999997728
458.476,18.94124620421998,721.059987447893,8.803317640153328,0.000236078810084923,0.0010920719999997727
458.51,18.97418080832146,722.2548255094516,8.80988491876158,0.00023607881008492262,0.0010921059999997726
458.544,19.006520707724608,723.4265532815791,8.816454722279602,0.00023607881008492256,0.0010921399999997724
458.578,19.039048011733005,724.6057048100905,8.823027050786,0.00023607881008492256,0.0010921739999997723
458.612,19.07011984567183,725.730330117779,8.829601904359391,0.00023607881008501803,0.0010922079999997724
458.646,19.099914619321673,726.8095528100548,8.836179283078364,0.0002360788100849386,0.0010922419999997723
458.68,19.1269828933259,727.7912750910056,8.842759187021537,0.00023607881008492525,0.0010922759999997722
458.714,19.156970958313146,728.8786351976821,8.849341616267518,0.000236078810084923,0.001092309999999772
458.748,19.185291264145693,729.9080105253145,8.855926570894916,0.00023607881008492262,0.001092343999999772
458.782,19.215362336651737,731.0010974860394,8.862514050982337,0.00023607881008492256,0.0010923779999997719
458.816,19.24301248193404,732.0060990753683,8.869104056608391,0.00023607881008492256,0.0010924119999997717
458.85,19.27332697775872,733.1089895588161,8.875696587851696,0.00023607881008501803,0.0010924459999997718
458.884,19.302307197051867,734.1638353497184,8.882291644790838,0.0002360788100849386,0.0010924799999997717
458.918,19.331375910549205,735.2248583105951,8.888889227504436,0.00023607881008492525,0.0010925139999997716
458.952,19.360005754303597,736.2708515072219,8.895489336071098,0.000236078810084923,0.0010925479999997715
458.986,19.387596266798713,737.2787738395089,8.902091970569431,0.00023607881008492262,0.0010925819999997714
459.02,19.41652166627872,738.3350920897889,8.908697131078045,0.00023607881008492256,0.0010926159999997713
459.054,19.44839834958831,739.4997557090174,8.915304817675546,0.00023607881008492256,0.0010926499999997711
459.088,19.477216495641095,740.5518301520611,8.921915030440553,0.00023607881008501803,0.0010926839999997712
459.122,19.506357059228826,741.614967095037,8.928527769451655,0.0002360788100849386,0.0010927179999997711
459.156,19.533745790080765,742.6144956293111,8.935143034787469,0.00023607881008492525,0.001092751999999771
459.19,19.55963615454972,743.5589579355884,8.941760826526602,0.000236078810084923,0.001092785999999771
459.224,19.590011982833374,744.66922175198,8.948381144747664,0.00023607881008492262,0.0010928199999997708
459.258,19.616938154573507,745.6538992695079,8.955003989529262,0.00023607881008492256,0.0010928539999997707
459.292,19.64334274478464,746.6206487124025,8.961629360950003,0.00023607881008492256,0.0010928879999997706
459.326,19.67005907667992,747.5991573074136,8.968257259088507,0.00023607881008501803,0.0010929219999997707
459.36,19.6991843560661,748.667249649824,8.97488768402336,0.0002360788100849386,0.0010929559999997705
459.394,19.73110623320009,749.8402636012307,8.98152063583318,0.00023607881008492525,0.0010929899999997704
459.428,19.761401099764996,750.9539696976277,8.988156114596576,0.000236078810084923,0.0010930239999997703
459.462,19.790223762645866,752.0158469239511,8.994794120392157,0.00023607881008492262,0.0010930579999997702
459.496,19.820751006866143,753.1403195538138,9.001434653298531,0.00023607881008492256,0.00109309199999977
459.53,19.851789770460982,754.2847822599983,9.008077713394306,0.00023607881008492256,0.00109312599999977
459.564,19.881512816717215,755.3795054502312,9.0147233007581,0.00023607881008501803,0.00109315999999977
459.598,19.9114906973882,756.4835944679005,9.021371415468495,0.0002360788100849386,0.00109319399999977
459.632,19.93986084986306,757.5270927760772,9.028022057604117,0.00023607881008492525,0.0010932279999997698
459.666,19.969333140203727,758.6117806308258,9.034675227243572,0.000236078810084923,0.0010932619999997697
459.7,19.999310533374334,759.7158659821094,9.041330924465464,0.00023607881008492262,0.0010932959999997696
459.734,20.02383129220647,760.6175487193152,9.047989149348405,0.00023607881008492256,0.0010933299999997695
459.768,20.04885402560005,761.5379119237133,9.054649901971002,0.00023607881008492256,0.0010933639999997694
459.802,20.07852553267973,762.6301853935358,9.061313182411874,0.00023607881008501803,0.0010933979999997695
459.836,20.110907920956254,763.8217146676685,9.067978990749607,0.0002360788100849386,0.0010934319999997694
459.87,20.143146381016805,765.0106887818906,9.07464732706282,0.00023607881008492525,0.0010934659999997693
459.904,20.171193463127512,766.0465674106644,9.081318191430121,0.000236078810084923,0.0010934999999997691
459.938,20.198301153847307,767.048033762538,9.087991583930117,0.00023607881008492262,0.001093533999999769
459.972,20.2310191493257,768.2570094379445,9.094667504641418,0.00023607881008492256,0.001093567999999769
460.006,20.262418162597907,769.4171697850718,9.10134595364263,0.00023607881008492256,0.0010936019999997688
460.04,20.294274082579847,770.5937515552597,9.108026931012375,0.00023607881008501803,0.001093635999999769
460.074,20.328299042546394,771.8502362894087,9.114710436829236,0.0002360788100849386,0.0010936699999997688
460.108,20.36047249211339,773.0373371620452,9.121396471171833,0.00023607881008492525,0.0010937039999997687
460.142,20.39422013620814,774.2816947469503,9.128085034118774,0.000236078810084923,0.0010937379999997685
460.176,20.426445905176028,775.4718776809833,9.134776125748667,0.00023607881008492262,0.0010937719999997684
460.21,20.456610272147124,776.5855590585525,9.14146974614012,0.00023607881008492256,0.0010938059999997683
460.244,20.486039330604456,777.6735316210237,9.148165895371752,0.00023607881008501803,0.0010938399999997684
460.278,20.51706083557011,778.820419902038,9.15486457352215,0.0002360788100849386,0.0010938739999997683
460.312,20.549923259009255,780.0360324756458,9.161565780669932,0.00023607881008492525,0.0010939079999997682
460.346,20.578770109359137,781.1027740439957,9.168269516893705,0.000236078810084923,0.001093941999999768
460.38,20.607417413994767,782.1627292817282,9.17497578227208,0.00023607881008492262,0.001093975999999768
460.414,20.636163426130974,783.2272823864374,9.181684576883661,0.00023607881008492256,0.0010940099999997678
460.448,20.663089558199943,784.2247647414395,9.188395900807059,0.00023607881008492256,0.0010940439999997677
460.482,20.691427709901603,785.2752777356052,9.195109754120892,0.00023607881008501803,0.0010940779999997678
460.516,20.721596847476565,786.3954149775781,9.201826136903746,0.0002360788100849386,0.0010941119999997677
460.55,20.75043108295422,787.4650602098726,9.208545049234239,0.00023607881008492525,0.0010941459999997676
460.584,20.780055276162738,788.5663522591389,9.215266491190981,0.000236078810084923,0.0010941799999997675
460.618,20.808502943247884,789.6239821513983,9.221990462852578,0.00023607881008492262,0.0010942139999997674
460.652,20.837412493764173,790.7004084775701,9.228716964297638,0.00023607881008492256,0.0010942479999997673
460.686,20.86705796555489,791.8053568348578,9.23544599560477,0.00023607881008492256,0.0010942819999997671
460.72,20.897757057556277,792.9513192642451,9.242177556852594,0.00023607881008501803,0.0010943159999997672
460.754,20.927173820785207,794.0492949983757,9.248911648119694,0.0002360788100849386,0.0010943499999997671
460.788,20.95525378544841,795.0985246406474,9.255648269484691,0.00023607881008492525,0.001094383999999767
460.822,20.982316231609182,796.1126903103147,9.262387421026192,0.000236078810084923,0.001094417999999767
460.856,21.011239851915786,797.1955770895113,9.269129102822804,0.00023607881008492262,0.0010944519999997668
460.89,21.039349526838173,798.2481237316379,9.275873314953136,0.00023607881008492256,0.0010944859999997667
460.924,21.068708035225033,799.348207888768,9.282620057495796,0.00023607881008492256,0.0010945199999997665
460.958,21.098566377719546,800.4696107037715,9.289369330529405,0.00023607881008501803,0.0010945539999997666
460.992,21.129550484355487,801.6337228055861,9.296121134132546,0.0002360788100849386,0.0010945879999997665
461.026,21.162205079560586,802.8598643953405,9.302875468383839,0.00023607881008492525,0.0010946219999997664
461.06,21.19316448767959,804.0205218403917,9.309632333361892,0.000236078810084923,0.0010946559999997663
461.094,21.225103650967036,805.218583080982,9.316391729145312,0.00023607881008492262,0.0010946899999997662
461.128,21.254543427145094,806.3221311952767,9.323153655812709,0.00023607881008492256,0.001094723999999766
461.162,21.287624233579834,807.5631569025238,9.32991811344269,0.00023607881008492256,0.001094757999999766
461.196,21.31985006745015,808.7712784274679,9.336685102113874,0.00023607881008501803,0.001094791999999766
461.23,21.353544166987156,810.0353237616768,9.343454621904847,0.0002360788100849386,0.001094825999999766
461.264,21.386429328120133,811.2694531927805,9.350226672894228,0.00023607881008492525,0.0010948599999997658
461.298,21.416472989268872,812.3953151616528,9.357001255160627,0.000236078810084923,0.0010948939999997657
461.332,21.450837767649595,813.6821723814683,9.363778368782649,0.00023607881008492262,0.0010949279999997656
461.366,21.483772649383404,814.9176190253828,9.370558013838902,0.00023607881008492256,0.0010949619999997655
461.4,21.516861063693625,816.1580829304404,9.377340190407995,0.00023607881008492256,0.0010949959999997654
461.434,21.551545334240984,817.4565410946916,9.38412489856855,0.00023607881008501803,0.0010950299999997655
461.468,21.586231392537293,818.7546178021412,9.390912138399147,0.0002360788100849386,0.0010950639999997654
461.502,21.620232982134375,820.0271009022993,9.397701909978409,0.00023607881008492525,0.0010950979999997652
461.536,21.651141128507557,821.1820839604512,9.404494213384941,0.000236078810084923,0.0010951319999997651
461.57,21.682288444920307,822.3452771663761,9.411289048697354,0.00023607881008492262,0.001095165999999765
461.604,21.715246697694802,823.5748232980205,9.418086415994255,0.00023607881008492256,0.001095199999999765
461.638,21.747973550790967,824.7955177021954,9.424886315354252,0.00023607881008492256,0.0010952339999997648
461.672,21.780500976585085,826.0074345950092,9.431688746855965,0.00023607881008501803,0.0010952679999997649
461.706,21.809317770972076,827.0809940053257,9.438493710577978,0.0002360788100849386,0.0010953019999997648
461.74,21.840117765796307,828.2302297399818,9.445301206598911,0.00023607881008492525,0.0010953359999997647
461.774,21.868356618907132,829.284234770658,9.452111234997371,0.000236078810084923,0.0010953699999997645
461.808,21.90056630248192,830.4848922047195,9.458923795851968,0.00023607881008492262,0.0010954039999997644
461.842,21.93254765420063,831.6770161226866,9.465738889241308,0.00023607881008492256,0.0010954379999997643
461.876,21.961789008359926,832.7672264185622,9.472556515244001,0.00023607881008492256,0.0010954719999997642
461.91,21.9950512307455,834.0077893886483,9.479376673938665,0.00023607881008501803,0.0010955059999997643
461.944,22.032457512526253,835.4014576096562,9.486199365403886,0.0002360788100849386,0.0010955399999997642
461.978,22.068748572750984,836.7508935713456,9.493024589718283,0.00023607881008492525,0.001095573999999764
462.012,22.102855563452454,838.0208123435322,9.499852346960465,0.000236078810084923,0.001095607999999764
462.046,22.138693634728753,839.3542432751804,9.506682637209037,0.00023607881008492262,0.0010956419999997638
462.08,22.17203814032583,840.5935345008667,9.51351546054261,0.00023607881008492256,0.0010956759999997637
462.114,22.206301360531395,841.8680658577159,9.520350817039791,0.00023607881008492256,0.0010957099999997636
462.148,22.24116142222494,843.1651040206656,9.527188706779201,0.00023607881008501803,0.0010957439999997637
462.182,22.274976798589915,844.4211210149061,9.534029129839421,0.0002360788100849386,0.0010957779999997636
462.216,22.307256375702902,845.6223016602967,9.540872086299075,0.00023607881008492525,0.0010958119999997635
462.25,22.33963762111157,846.8282535604709,9.547717576236769,0.000236078810084923,0.0010958459999997634
462.284,22.369777215532373,847.9510254030281,9.554565599731111,0.00023607881008492262,0.0010958799999997632
462.318,22.400810475270443,849.1087513197127,9.561416156860709,0.00023607881008492256,0.0010959139999997631
462.352,22.429489840365022,850.1785170252738,9.568269247704169,0.00023607881008492256,0.001095947999999763
462.386,22.459543443588498,851.2986497407535,9.575124872340114,0.00023607881008501803,0.0010959819999997631
462.42,22.491328538311173,852.4829540326218,9.581983030847127,0.0002360788100849386,0.001096015999999763
462.454,22.52558128903428,853.7601048931682,9.588843723303828,0.00023607881008492525,0.0010960499999997629
462.488,22.55625447962966,854.9030223310805,9.595706949788825,0.000236078810084923,0.0010960839999997628
462.522,22.583447586839895,855.9174988359044,9.602572710380727,0.00023607881008492262,0.0010961179999997627
462.556,22.611341307383018,856.9572052778376,9.609441005158141,0.00023607881008492256,0.0010961519999997625
462.59,22.643715148788193,858.1647780315978,9.616311834199674,0.00023607881008492256,0.0010961859999997624
462.624,22.679522042332398,859.5005040630804,9.623185197583947,0.00023607881008501803,0.0010962199999997625
462.658,22.716633327638565,860.8823761850524,9.630061095389545,0.0002360788100849386,0.0010962539999997624
462.692,22.750763439539227,862.1539106073762,9.636939527695086,0.00023607881008492525,0.0010962879999997623
462.726,22.7848186929078,863.4240236989538,9.64382049457918,0.000236078810084923,0.0010963219999997622
462.76,22.816467142620525,864.6039137685412,9.650703996120432,0.00023607881008492262,0.001096355999999762
462.794,22.853604317571858,865.9899904242352,9.657590032397453,0.00023607881008492256,0.001096389999999762
462.828,22.88891921833336,867.3082929842071,9.664478603488849,0.00023607881008492256,0.0010964239999997618
462.862,22.924139351254272,868.6242380829926,9.671369709473241,0.00023607881008501803,0.001096457999999762
462.896,22.95959834548658,869.9487211650375,9.678263350429216,0.0002360788100849386,0.0010964919999997618
462.93,22.99390190178787,871.2305725507058,9.68515952643539,0.00023607881008492525,0.0010965259999997617
462.964,23.027290764961258,872.4769912167217,9.692058237570372,0.000236078810084923,0.0010965599999997616
462.998,23.05891770270202,873.6589174885597,9.69895948391277,0.00023607881008492262,0.0010965939999997615
463.032,23.090638900221542,874.8447480195664,9.705863265541192,0.00023607881008492256,0.0010966279999997614
463.066,23.12633656099234,876.1766032374545,9.712769582534245,0.00023607881008492256,0.0010966619999997612
463.1,23.162115606035247,877.5117844192891,9.719678434970549,0.00023607881008501803,0.0010966959999997613
463.134,23.19930801422668,878.8995318764358,9.72658982292869,0.0002360788100849386,0.0010967299999997612
463.168,23.23113494997062,880.0871165345275,9.733503746487287,0.00023607881008492525,0.0010967639999997611
463.202,23.265876604993956,881.3855301326478,9.740420205724948,0.000236078810084923,0.001096797999999761
463.236,23.300967014721877,882.6955216472228,9.747339200720281,0.00023607881008492262,0.0010968319999997609
463.27,23.333735601615338,883.9158494820904,9.754260731551895,0.00023607881008492256,0.0010968659999997608
463.304,23.36981382542059,885.2586698488469,9.761184798298396,0.00023607881008492256,0.0010968999999997607
463.338,23.407492045546157,886.6610484962773,9.768111401038405,0.00023607881008501803,0.0010969339999997608
463.372,23.441234567058057,887.9154181882194,9.775040539850506,0.0002360788100849386,0.0010969679999997606
463.406,23.475331255316423,889.1803524604261,9.78197221481332,0.00023607881008492525,0.0010970019999997605
463.44,23.51320761849803,890.5854366789243,9.788906426005454,0.000236078810084923,0.0010970359999997604
463.474,23.54662318208672,891.8230284176872,9.795843173505514,0.00023607881008492262,0.0010970699999997603
463.508,23.57967134535515,893.0461857999292,9.80278245739211,0.00023607881008492256,0.0010971039999997602
463.542,23.614613953202273,894.3364650295429,9.809724277743852,0.00023607881008492256,0.00109713799999976
463.576,23.648143333931777,895.5742296537404,9.816668634639356,0.00023607881008501803,0.0010971719999997602
463.61,23.6838464931749,896.892140253518,9.82361552815721,0.0002360788100849386,0.00109720599999976
463.644,23.716569332073785,898.0990074170984,9.830564958376034,0.00023607881008492525,0.00109723999999976
463.678,23.747325311249128,899.232361286568,9.837516925374432,0.000236078810084923,0.0010972739999997598
463.712,23.778938845320656,900.3976442994776,9.844471429231014,0.00023607881008492262,0.0010973079999997597
463.746,23.810165106423085,901.5508286890946,9.851428470024388,0.00023607881008492256,0.0010973419999997596
463.78,23.839536325486225,902.6351908726201,9.858388047833161,0.00023607881008492256,0.0010973759999997595
463.814,23.87119605448418,903.8045542580302,9.865350162735954,0.00023607881008501803,0.0010974099999997596
463.848,23.90390815077021,905.0128236987297,9.87231481481135,0.0002360788100849386,0.0010974439999997595
463.882,23.938672792339414,906.2965448862165,9.879282004137972,0.00023607881008492525,0.0010974779999997593
463.916,23.970653579509715,907.4775896348555,9.886251730794426,0.000236078810084923,0.0010975119999997592
463.95,24.001442470791748,908.6149259104693,9.89322399485932,0.00023607881008492262,0.0010975459999997591
463.984,24.033365890368767,909.7942720328075,9.900198796411262,0.00023607881008492256,0.001097579999999759
464.018,24.069015835013584,911.1122691894722,9.90717613552886,0.00023607881008492256,0.0010976139999997589
464.052,24.10592195803559,912.4757261797919,9.914156012290734,0.00023607881008501803,0.001097647999999759
464.086,24.142829780701767,913.838212649145,9.921138426775467,0.0002360788100849386,0.0010976819999997589
464.12,24.18156926759605,915.2704265874041,9.928123379061681,0.00023607881008492525,0.0010977159999997588
464.154,24.21710200651442,916.5858404952808,9.935110869227982,0.000236078810084923,0.0010977499999997586
464.188,24.255434421242725,918.0066849591404,9.942100897352978,0.00023607881008492262,0.0010977839999997585
464.222,24.289264711091054,919.2581920926355,9.949093463515279,0.00023607881008492256,0.0010978179999997584
464.256,24.32307600622799,920.5081751102417,9.956088567793493,0.00023607881008492256,0.0010978519999997583
464.29,24.358503635984743,921.8178899160388,9.963086210266239,0.00023607881008501803,0.0010978859999997584
464.324,24.39468010534642,923.155613480378,9.9700863910121,0.0002360788100849386,0.0010979199999997583
464.358,24.431302208460814,924.5087099344775,9.977089110109697,0.00023607881008492525,0.0010979539999997582
464.392,24.46598652387284,925.7898263921704,9.984094367637638,0.000236078810084923,0.001097987999999758
464.426,24.49981206749394,927.0384026037734,9.991102163674531,0.00023607881008492262,0.001098021999999758
464.46,24.53712897282849,928.4147780199912,9.998112498298985,0.00023607881008492256,0.0010980559999997578
464.494,24.57440246567875,929.788249175788,10.005125371589617,0.00023607881008501803,0.001098089999999758
464.528,24.611534113024266,931.1581919246689,10.012140783625014,0.0002360788100849386,0.0010981239999997578
464.562,24.64611897756315,932.4348026888707,10.019158734483796,0.00023607881008492525,0.0010981579999997577
464.596,24.679335112733167,933.6600207618496,10.026179224244569,0.000236078810084923,0.0010981919999997576
464.63,24.71703826351336,935.0500776799064,10.03320225298594,0.00023607881008492262,0.0010982259999997575
464.664,24.754600414872364,936.4342597763859,10.040227820786521,0.00023607881008492256,0.0010982599999997573
464.698,24.78981131995523,937.7344301879298,10.047255927724919,0.00023607881008492256,0.0010982939999997572
464.732,24.82110456652189,938.8899918372256,10.054286573879752,0.00023607881008501803,0.0010983279999997573
464.766,24.854804873417304,940.1370364331451,10.061319759329606,0.0002360788100849386,0.0010983619999997572
464.8,24.886302629644817,941.304367637941,10.0683554841531,0.00023607881008492525,0.001098395999999757
464.834,24.920169421176443,942.5643068188893,10.07539374842884,0.000236078810084923,0.001098429999999757
464.868,24.954139668160007,943.8259039650428,10.082434552235437,0.00023607881008492262,0.0010984639999997569
464.902,24.986638143734258,945.0342936304327,10.089477895651498,0.00023607881008492256,0.0010984979999997568
464.936,25.019269270099546,946.2485507821523,10.096523778755632,0.00023607881008492256,0.0010985319999997566
464.97,25.05438746201107,947.5525671999671,10.103572201626456,0.00023607881008501803,0.0010985659999997567
465.004,25.090113368594736,948.8816707882963,10.110623164342556,0.0002360788100849386,0.0010985999999997566
465.038,25.12208111076255,950.0712101870477,10.117676666982552,0.00023607881008492525,0.0010986339999997565
465.072,25.155674806441226,951.3198451200724,10.124732709625054,0.000236078810084923,0.0010986679999997564
465.106,25.192179117659755,952.6790428219492,10.131791292348668,0.00023607881008492262,0.0010987019999997563
465.14,25.227544145669707,953.9964998391689,10.138852415232002,0.00023607881008492256,0.0010987359999997562
465.174,25.264733644119893,955.3824961460648,10.145916078353663,0.00023607881008492256,0.001098769999999756
465.208,25.298194799218034,956.6312693911362,10.152982281792271,0.00023607881008501803,0.0010988039999997562
465.242,25.33540842313494,958.0217515602893,10.160051025626412,0.0002360788100849386,0.001098837999999756
465.276,25.375928929342027,959.5367578333673,10.167122309934705,0.00023607881008492525,0.001098871999999756
465.31,25.416422267571818,961.0485221400805,10.174196134795757,0.000236078810084923,0.0010989059999997558
465.344,25.45216894948895,962.3818368065588,10.181272500288177,0.00023607881008492262,0.0010989399999997557
465.378,25.489066387105957,963.7572846443454,10.188351406490574,0.00023607881008492256,0.0010989739999997556
465.412,25.523854118522937,965.0528068024406,10.195432853481554,0.00023607881008492256,0.0010990079999997555
465.446,25.559925965397827,966.3964630007141,10.20251684133974,0.00023607881008501803,0.0010990419999997556
465.48,25.59637372719249,967.753586551128,10.209603370143713,0.0002360788100849386,0.0010990759999997554
465.514,25.634767710036538,969.1839687728573,10.216692439972093,0.00023607881008492525,0.0010991099999997553
465.548,25.671254333532712,970.5439381080513,10.22378405090349,0.000236078810084923,0.0010991439999997552
465.582,25.708091525428696,971.9166115374835,10.23087820301651,0.00023607881008492262,0.001099177999999755
465.616,25.741568252034266,973.1641236016053,10.237974896389764,0.00023607881008492256,0.001099211999999755
465.65,25.774603734562813,974.3964104382732,10.245074131101857,0.00023607881008492256,0.0010992459999997549
465.684,25.811156214726484,975.7595102744533,10.25217590723141,0.00023607881008501803,0.001099279999999755
465.718,25.8496536213577,977.1957285271308,10.259280224857006,0.0002360788100849386,0.0010993139999997549
465.752,25.886785472081435,978.5808315526663,10.266387084057268,0.00023607881008492525,0.0010993479999997547
465.786,25.921418687368064,979.8731958670675,10.273496484910801,0.000236078810084923,0.0010993819999997546
465.82,25.958280634444378,981.2528115501516,10.280608427496214,0.00023607881008492262,0.0010994159999997545
465.854,25.994013955242355,982.5903659295232,10.287722911892114,0.00023607881008492256,0.0010994499999997544
465.888,26.034218352673722,984.0974608194853,10.29483993817711,0.00023607881008492256,0.0010994839999997543
465.922,26.071029338904097,985.4788787878706,10.301959506429824,0.00023607881008501803,0.0010995179999997544
465.956,26.1093129104032,986.9153214648147,10.309081616728838,0.0002360788100849386,0.0010995519999997543
465.99,26.149528570824245,988.4245992592117,10.31620626915277,0.00023607881008492525,0.0010995859999997542
466.024,26.184785439724124,989.7459773811878,10.323333463780232,0.000236078810084923,0.001099619999999754
466.058,26.218825920200263,991.0209612477643,10.33046320068983,0.00023607881008492262,0.001099653999999754
466.092,26.25269711428286,992.2878164999563,10.33759547996017,0.00023607881008492256,0.0010996879999997538
466.126,26.28853411665171,993.6285139696481,10.344730301669863,0.00023607881008492256,0.0010997219999997537
466.16,26.324233861056697,994.9617120750978,10.351867665897528,0.00023607881008501803,0.0010997559999997538
466.194,26.36239535862363,996.3837943780146,10.359007572721747,0.0002360788100849386,0.0010997899999997537
466.228,26.400984743669465,997.8210845807102,10.366150022221143,0.00023607881008492525,0.0010998239999997536
466.262,26.436842052884177,999.1556470289847,10.373295014474325,0.000236078810084923,0.0010998579999997535
466.296,26.470745065673093,1000.4196759005164,10.380442549559898,0.00023607881008492262,0.0010998919999997533
466.33,26.506958198544034,1001.770816858433,10.387592627556472,0.00023607881008492256,0.0010999259999997532
466.364,26.545394774999778,1003.2068802893791,10.394745248542653,0.00023607881008492256,0.001099959999999753
466.398,26.581219165923937,1004.5457796461467,10.401900412597064,0.00023607881008501803,0.0010999939999997532
466.432,26.620109255505874,1005.9989206355099,10.409058119798283,0.0002360788100849386,0.001100027999999753
466.466,26.655674880708684,1007.3283453766396,10.416218370224936,0.00023607881008492525,0.001100061999999753
466.5,26.690198104156075,1008.6182581825939,10.423381163955629,0.000236078810084923,0.0011000959999997529
466.534,26.72355503083155,1009.8639282281287,10.430546501068969,0.00023607881008492262,0.0011001299999997527
466.568,26.756890835224578,1011.1070010394983,10.437714381643566,0.00023607881008492256,0.0011001639999997526
466.602,26.79028069513474,1012.349714366201,10.444884805758027,0.00023607881008492256,0.0011001979999997525
466.636,26.82339914590045,1013.5812835985361,10.452057773490973,0.00023607881008501803,0.0011002319999997526
466.67,26.85643481024017,1014.8092303158079,10.459233284920986,0.0002360788100849386,0.0011002659999997525
466.704,26.892828942426853,1016.1617541961807,10.466411340126687,0.00023607881008492525,0.0011002999999997524
466.738,26.927921720556085,1017.4666854143452,10.473591939186683,0.000236078810084923,0.0011003339999997523
466.772,26.963536288793485,1018.7920509545257,10.480775082179584,0.00023607881008492262,0.0011003679999997522
466.806,27.00364954838873,1020.2865008303697,10.487960769183996,0.00023607881008492256,0.001100401999999752
466.84,27.04073952983549,1021.6709323371432,10.495149000278529,0.00023607881008492256,0.001100435999999752
466.874,27.081600675556476,1023.1973207196467,10.502339775541802,0.00023607881008501803,0.001100469999999752
466.908,27.12167807747754,1024.6930531986975,10.509533095052399,0.0002360788100849386,0.001100503999999752
466.942,27.159826296480816,1026.1184921971665,10.51672895888894,0.00023607881008492525,0.0011005379999997518
466.976,27.199297876682575,1027.594705888473,10.523927367130034,0.000236078810084923,0.0011005719999997517
467.01,27.2346236555405,1028.9174634117005,10.531128319854286,0.00023607881008492262,0.0011006059999997516
467.044,27.26856217627858,1030.188503822772,10.538331817140307,0.00023607881008492256,0.0011006399999997515
467.078,27.304251840926515,1031.5248432100802,10.545537859066703,0.00023607881008492256,0.0011006739999997513
467.112,27.345667495335537,1033.0749570195264,10.552746445712097,0.00023607881008501803,0.0011007079999997514
467.146,27.38841951911871,1034.6744957674223,10.55995757715507,0.0002360788100849386,0.0011007419999997513
467.18,27.431858107080394,1036.298335120266,10.567171253474243,0.00023607881008492525,0.0011007759999997512
467.214,27.470104494778937,1037.728487210268,10.574387474748224,0.000236078810084923,0.001100809999999751
467.248,27.50604180236351,1039.072989179061,10.581606241055622,0.00023607881008492262,0.001100843999999751
467.282,27.542368401352142,1040.4322898879168,10.588827552475044,0.00023607881008492256,0.0011008779999997509
467.316,27.58200112516424,1041.9167795389371,10.596051409085096,0.00023607881008492256,0.0011009119999997507
467.35,27.623266423338052,1043.462759482343,10.603277810964402,0.00023607881008501803,0.0011009459999997508
467.384,27.663581101900476,1044.971581334448,10.610506758191542,0.0002360788100849386,0.0011009799999997507
467.418,27.703429641945736,1046.463981396693,10.61773825084514,0.00023607881008492525,0.0011010139999997506
467.452,27.738919406709492,1047.7925087953392,10.6249722890038,0.000236078810084923,0.0011010479999997505
467.486,27.777316876221953,1049.2310281613363,10.632208872746133,0.00023607881008492262,0.0011010819999997504
467.52,27.815724601151246,1050.6710204994424,10.639448002150747,0.00023607881008492256,0.0011011159999997503
467.554,27.850708780369157,1051.980127391763,10.646689677296248,0.00023607881008492256,0.0011011499999997502
467.588,27.890293727876564,1053.4615421235635,10.653933898261258,0.00023607881008501803,0.0011011839999997503
467.622,27.92850236234617,1054.8929440887594,10.661180665124359,0.0002360788100849386,0.0011012179999997501
467.656,27.96801761619356,1056.372756993354,10.668429977964172,0.00023607881008492525,0.00110125199999975
467.69,28.00485235237492,1057.750206110701,10.675681836859304,0.000236078810084923,0.00110128599999975
467.724,28.049720881883957,1059.4293792368983,10.682936241888365,0.00023607881008492262,0.0011013199999997498
467.758,28.091323078977517,1060.9860692557243,10.690193193129963,0.00023607881008492256,0.0011013539999997497
467.792,28.135192568085582,1062.6259793859479,10.697452690662704,0.00023607881008492256,0.0011013879999997496
467.826,28.176688887162744,1064.1792685830035,10.70471473456521,0.00023607881008501803,0.0011014219999997497
467.86,28.216254244982753,1065.661780905573,10.711979324916063,0.0002360788100849386,0.0011014559999997496
467.894,28.25326648666082,1067.0486557287616,10.719246461793885,0.00023607881008492525,0.0011014899999997494
467.928,28.292134651698863,1068.5024721740735,10.726516145277282,0.000236078810084923,0.0011015239999997493
467.962,28.329291180320958,1069.8942048500696,10.733788375444863,0.00023607881008492262,0.0011015579999997492
467.996,28.36689026554464,1071.3030777368042,10.741063152375236,0.00023607881008492256,0.001101591999999749
468.03,28.40579077771533,1072.7616666567003,10.748340476147009,0.00023607881008492256,0.001101625999999749
468.064,28.44521934680559,1074.2419282672001,10.755620346838803,0.00023607881008501803,0.001101659999999749
468.098,28.486197627172935,1075.7764825808285,10.7629027645292,0.0002360788100849386,0.001101693999999749
468.132,28.523974040254046,1077.1919780830399,10.77018772929682,0.00023607881008492525,0.0011017279999997489
468.166,28.559336490022233,1078.5152745049647,10.777475241220273,0.000236078810084923,0.0011017619999997487
468.2,28.598552573940896,1079.9829898758064,10.784765300378165,0.00023607881008492262,0.0011017959999997486
468.234,28.636106611705806,1081.3894234708193,10.792057906849106,0.00023607881008492256,0.0011018299999997485
468.268,28.672064834732694,1082.7349597479465,10.799353060711702,0.00023607881008492256,0.0011018639999997484
468.302,28.707847116459885,1084.074337515924,10.806650762044576,0.00023607881008501803,0.0011018979999997485
468.336,28.74635171243189,1085.5153448030012,10.81395101092631,0.0002360788100849386,0.0011019319999997484
468.37,28.786030717062392,1086.997093821388,10.821253807435523,0.00023607881008492525,0.0011019659999997483
468.404,28.82812825962474,1088.5677655811542,10.828559151650825,0.000236078810084923,0.0011019999999997481
468.438,28.864895423754504,1089.9425430844842,10.835867043650824,0.00023607881008492262,0.001102033999999748
468.472,28.905402211127633,1091.4564074555306,10.843177483514125,0.00023607881008492256,0.001102067999999748
468.506,28.946356483952243,1092.986657704923,10.850490471319338,0.00023607881008492256,0.0011021019999997478
468.54,28.987233691872884,1094.5178111675707,10.857806007145083,0.00023607881008501803,0.001102135999999748
468.574,29.02812992276192,1096.0524247673961,10.865124091069944,0.0002360788100849386,0.0011021699999997478
468.608,29.067905570573433,1097.5435787245037,10.872444723172542,0.00023607881008492525,0.0011022039999997477
468.642,29.104741873171513,1098.9235381748742,10.879767903531484,0.000236078810084923,0.0011022379999997476
468.676,29.14672574551956,1100.4951765200237,10.887093632225376,0.00023607881008492262,0.0011022719999997474
468.71,29.188584754758775,1102.0609100847767,10.894421909332829,0.00023607881008492256,0.0011023059999997473
468.744,29.23064917051791,1103.6330584818365,10.901752734932462,0.00023607881008501803,0.0011023399999997474
468.778,29.2680204888355,1105.0302121275058,10.909086109102859,0.0002360788100849386,0.0011023739999997473
468.812,29.302759614210153,1106.3294076568554,10.91642203192264,0.00023607881008492525,0.0011024079999997472
468.846,29.341006491106775,1107.7594843788502,10.923760503470413,0.000236078810084923,0.001102441999999747
468.88,29.37912147237895,1109.1863927323143,10.931101523824786,0.00023607881008492262,0.001102475999999747
468.914,29.414342396700864,1110.5031257671608,10.938445093064367,0.00023607881008492256,0.0011025099999997469
468.948,29.454000218427822,1111.9845217446593,10.945791211267764,0.00023607881008492256,0.0011025439999997467
468.982,29.49198810817527,1113.400027535328,10.953139878513596,0.00023607881008501803,0.0011025779999997468
469.016,29.53135573617259,1114.8724731302973,10.96049109488045,0.0002360788100849386,0.0011026119999997467
469.05,29.567081200351268,1116.2088315515516,10.967844860446942,0.00023607881008492525,0.0011026459999997466
469.084,29.608221944200103,1117.747232112785,10.975201175291682,0.000236078810084923,0.0011026799999997465
469.118,29.64990715126791,1119.3054221860596,10.98256003949328,0.00023607881008492262,0.0011027139999997464
469.152,29.69123465118163,1120.8517699652484,10.989921453130341,0.00023607881008492256,0.0011027479999997463
469.186,29.732364254970427,1122.3917427258787,10.997285416281475,0.00023607881008492256,0.0011027819999997461
469.22,29.773208209229075,1123.9217922151515,11.0046519290253,0.00023607881008501803,0.0011028159999997462
469.254,29.811015098285175,1125.3400551529814,11.012020991440401,0.0002360788100849386,0.0011028499999997461
469.288,29.851799466474443,1126.8679096321719,11.019392603605398,0.00023607881008492525,0.001102883999999746
469.322,29.88968712552189,1128.2892187953673,11.026766765598898,0.000236078810084923,0.001102917999999746
469.356,29.92365396490413,1129.563099746968,11.03414347749951,0.00023607881008492262,0.0011029519999997458
469.39,29.964798709301647,1131.1063673956305,11.041522739385844,0.00023607881008492256,0.0011029859999997457
469.424,30.004538179903502,1132.598175786931,11.048904551336506,0.00023607881008492256,0.0011030199999997456
469.458,30.040890398098824,1133.964979352049,11.056288913430114,0.00023607881008501803,0.0011030539999997457
469.492,30.07850737211867,1135.381096940378,11.063675825745255,0.0002360788100849386,0.0011030879999997455
469.526,30.11684970467588,1136.8249292271416,11.071065288360547,0.00023607881008492525,0.0011031219999997454
469.56,30.150143025670452,1138.0800378923373,11.0784573013546,0.000236078810084923,0.0011031559999997453
469.594,30.188495118688945,1139.5265220956853,11.085851864806022,0.00023607881008492262,0.0011031899999997452
469.628,30.226792704359685,1140.9717807162706,11.093248978793419,0.00023607881008492256,0.001103223999999745
469.662,30.266471764677952,1142.4700222048446,11.100648643395399,0.00023607881008492256,0.001103257999999745
469.696,30.30746125554971,1144.0195140805058,11.108050858690586,0.00023607881008501803,0.001103291999999745
469.73,30.344909506747634,1145.4358504775807,11.115455624757558,0.0002360788100849386,0.001103325999999745
469.764,30.384276984170953,1146.9258662504183,11.122862941674938,0.00023607881008492525,0.0011033599999997448
469.798,30.42688496205283,1148.5385462112756,11.130272809521335,0.000236078810084923,0.0011033939999997447
469.832,30.469970983324618,1150.172215760568,11.137685228375357,0.00023607881008492262,0.0011034279999997446
469.866,30.511368393502824,1151.7416781469622,11.14510019831561,0.00023607881008492256,0.0011034619999997445
469.9,30.551028704664382,1153.2445677684711,11.152517719420702,0.00023607881008492256,0.0011034959999997444
469.934,30.591704204498473,1154.7838091500346,11.159937791769256,0.00023607881008501803,0.0011035299999997445
469.968,30.63140667735644,1156.2890262042122,11.167360415439854,0.0002360788100849386,0.0011035639999997444
470.002,30.67284460612564,1157.8602286433868,11.174785590511116,0.00023607881008492525,0.0011035979999997443
470.036,30.713212344562756,1159.3916330981988,11.182213317061649,0.000236078810084923,0.0011036319999997441
470.07,30.75623640284558,1161.023427025337,11.189643595170061,0.00023607881008492262,0.001103665999999744
470.104,30.797118852851174,1162.5755906103334,11.197076424914961,0.00023607881008492256,0.001103699999999744
470.138,30.840410601009992,1164.2194417792455,11.204511806374958,0.00023607881008492256,0.0011037339999997438
470.172,30.883922135405193,1165.8718977731328,11.211949739628672,0.00023607881008501803,0.0011037679999997439
470.206,30.92347944771266,1167.37426546637,11.219390224754685,0.0002360788100849386,0.0011038019999997438
470.24,30.963624984168366,1168.9009048655967,11.226833261831619,0.00023607881008492525,0.0011038359999997437
470.274,31.002084784033944,1170.3649182971926,11.23427885093808,0.000236078810084923,0.0011038699999997435
470.308,31.040772019158474,1171.8378352957745,11.241726992152678,0.00023607881008492262,0.0011039039999997434
470.342,31.077818591186727,1173.249068074862,11.249177685554018,0.00023607881008492256,0.0011039379999997433
470.376,31.119861597741007,1174.8494418259131,11.25663093122071,0.00023607881008492256,0.0011039719999997432
470.41,31.16059355072204,1176.401066142752,11.264086729231376,0.00023607881008501803,0.0011040059999997433
470.444,31.201030606542847,1177.9406993503485,11.271545079664598,0.0002360788100849386,0.0011040399999997432
470.478,31.238502915164815,1179.369637498054,11.279005982598996,0.00023607881008492525,0.001104073999999743
470.512,31.279299476447104,1180.9257203264483,11.286469438113176,0.000236078810084923,0.001104107999999743
470.546,31.320672748169223,1182.5081670712618,11.293935446285749,0.00023607881008492262,0.0011041419999997428
470.58,31.36037259917616,1184.0288339165738,11.301404007195323,0.00023607881008492256,0.0011041759999997427
470.614,31.401076540592516,1185.5879601528331,11.308875120920504,0.00023607881008492256,0.0011042099999997426
470.648,31.437153922423274,1186.96869301827,11.316348787539914,0.00023607881008501803,0.0011042439999997427
470.682,31.47377415600669,1188.3697376692621,11.323825007132136,0.0002360788100849386,0.0011042779999997426
470.716,31.51454414316982,1189.9298347586173,11.331303779775789,0.00023607881008492525,0.0011043119999997425
470.75,31.556635048240558,1191.5435644019494,11.338785105549482,0.000236078810084923,0.0011043459999997424
470.784,31.596061232682352,1193.0553699492607,11.346268984531823,0.00023607881008492262,0.0011043799999997423
470.818,31.63402120618446,1194.514631059104,11.353755416801421,0.00023607881008492256,0.0011044139999997421
470.852,31.67483360422758,1196.0801810729656,11.361244402436883,0.00023607881008492256,0.001104447999999742
470.886,31.71110788297185,1197.4713932229192,11.368735941516828,0.00023607881008501803,0.0011044819999997421
470.92,31.753518296214814,1199.0961921135747,11.37623003411984,0.0002360788100849386,0.001104515999999742
470.954,31.796488564586422,1200.7410479804132,11.383726680324543,0.00023607881008492525,0.001104549999999742
470.988,31.838764894167205,1202.3601758984319,11.391225880209541,0.000236078810084923,0.0011045839999997418
471.022,31.879862367734212,1203.9348200034556,11.398727633853444,0.00023607881008492262,0.0011046179999997417
471.056,31.922888325757413,1205.5811884406864,11.406231941334857,0.00023607881008492256,0.0011046519999997415
471.09,31.965169752428796,1207.1979551514862,11.41373880273239,0.00023607881008492256,0.0011046859999997414
471.124,32.00703219855704,1208.798545764504,11.421248218124664,0.00023607881008501803,0.0011047199999997415
471.158,32.047214662386345,1210.334233909491,11.42876018759026,0.0002360788100849386,0.0011047539999997414
471.192,32.088920009862555,1211.9272591582276,11.436274711207801,0.00023607881008492525,0.0011047879999997413
471.226,32.12872715955726,1213.4494781650167,11.443791789055894,0.000236078810084923,0.0011048219999997412
471.26,32.171362237094016,1215.0791918802558,11.451311421213147,0.00023607881008492262,0.001104855999999741
471.294,32.213403054876174,1216.6851224348059,11.458833607758168,0.00023607881008492256,0.001104889999999741
471.328,32.254415563477906,1218.2524117914834,11.466358348769564,0.00023607881008492256,0.0011049239999997408
471.362,32.29685641038965,1219.8705035982794,11.473885644325959,0.00023607881008501803,0.001104957999999741
471.396,32.33737339641805,1221.4165415864943,11.481415494505931,0.0002360788100849386,0.0011049919999997408
471.43,32.381625209775244,1223.103919219677,11.488947899388105,0.00023607881008492525,0.0011050259999997407
471.464,32.42538942324494,1224.771191258139,11.496482859051087,0.000236078810084923,0.0011050599999997406
471.498,32.467954079153714,1226.3940939219563,11.504020373573484,0.00023607881008492262,0.0011050939999997405
471.532,32.508750350751626,1227.9483836570291,11.511560443033906,0.00023607881008492256,0.0011051279999997404
471.566,32.54910039969275,1229.4826604284083,11.51910306751096,0.00023607881008492256,0.0011051619999997403
471.6,32.589939071076095,1231.0359439537879,11.526648247083266,0.00023607881008501803,0.0011051959999997404
471.634,32.63044937945059,1232.5769262706056,11.534195981829406,0.0002360788100849386,0.0011052299999997402
471.668,32.6682660321534,1234.0179538812233,11.541746271828002,0.00023607881008492525,0.0011052639999997401
471.702,32.70692298360959,1235.4902422984774,11.549299117157663,0.000236078810084923,0.00110529799999974
471.736,32.743988465227126,1236.9026453135732,11.556854517896996,0.00023607881008492262,0.00110533199999974
471.77,32.78133703918491,1238.327286802899,11.564412474124609,0.00023607881008492256,0.0011053659999997398
471.804,32.82278370184422,1239.9073127812892,11.571972985919109,0.00023607881008492256,0.0011053999999997397
471.838,32.86497189160499,1241.5170047878348,11.579536053359119,0.00023607881008501803,0.0011054339999997398
471.872,32.901533769668596,1242.9105732275136,11.58710167652322,0.0002360788100849386,0.0011054679999997397
471.906,32.94333956710348,1244.5081424104153,11.594669855490034,0.00023607881008492525,0.0011055019999997395
471.94,32.99065712049979,1246.3152641472377,11.602240590338168,0.000236078810084923,0.0011055359999997394
471.974,33.03666000660201,1248.0736973308226,11.609813881146229,0.00023607881008492262,0.0011055699999997393
472.008,33.080007150265246,1249.7302564323857,11.617389727992826,0.00023607881008492256,0.0011056039999997392
472.042,33.123140621902145,1251.3764230218733,11.624968130956567,0.00023607881008492256,0.001105637999999739
472.076,33.1643424231439,1252.9446061880706,11.632549090116074,0.00023607881008501803,0.0011056719999997392
472.11,33.21075484560469,1254.7136663092413,11.640132605549926,0.0002360788100849386,0.001105705999999739
472.144,33.26181699592995,1256.6588287973311,11.647718677336746,0.00023607881008492525,0.001105739999999739
472.178,33.31001302925914,1258.4958157414626,11.655307305555143,0.000236078810084923,0.0011057739999997388
472.212,33.35315062083441,1260.1396711388977,11.662898490283723,0.00023607881008492262,0.0011058079999997387
472.246,33.39747218176436,1261.829009899576,11.670492231601095,0.00023607881008492256,0.0011058419999997386
472.28,33.43960273844246,1263.4351295378012,11.678088529585867,0.00023607881008492256,0.0011058759999997385
472.314,33.48083521139725,1265.0053185683587,11.685687384316662,0.00023607881008501803,0.0011059099999997386
472.348,33.52063805633651,1266.5210089400741,11.693288795872059,0.0002360788100849386,0.0011059439999997385
472.382,33.5609636822231,1268.05636496567,11.70089276433068,0.00023607881008492525,0.0011059779999997384
472.416,33.60235660286425,1269.6346362849483,11.708499289771133,0.000236078810084923,0.0011060119999997382
472.45,33.63977514014459,1271.0624186422554,11.716108372272027,0.00023607881008492262,0.0011060459999997381
472.484,33.678982382998775,1272.556729703165,11.723720011911968,0.00023607881008492256,0.001106079999999738
472.518,33.71745642613017,1274.022511268727,11.731334208769566,0.00023607881008492256,0.001106113999999738
472.552,33.76067499051522,1275.6691241150002,11.73895096292344,0.00023607881008501803,0.001106147999999738
472.586,33.80323694136626,1277.2915799953678,11.746570274452173,0.0002360788100849386,0.0011061819999997379
472.62,33.844588056453304,1278.8692930764546,11.754192143434386,0.00023607881008492525,0.0011062159999997378
472.654,33.88558137048095,1280.43158917127,11.761816569948687,0.000236078810084923,0.0011062499999997377
472.688,33.928703827233996,1282.07397623514,11.769443554073684,0.00023607881008492262,0.0011062839999997375
472.722,33.97022741460195,1283.6570358237298,11.777073095887985,0.00023607881008492256,0.0011063179999997374
472.756,34.014740480679144,1285.355710344495,11.784705195470199,0.00023607881008492256,0.0011063519999997373
472.79,34.05820754819653,1287.0171831380392,11.792339852898944,0.00023607881008501803,0.0011063859999997374
472.824,34.102084473656824,1288.6943278250612,11.799977068252806,0.0002360788100849386,0.0011064199999997373
472.858,34.14381635694616,1290.2881730827023,11.807616841610404,0.00023607881008492525,0.0011064539999997372
472.892,34.183433150144054,1291.7995555735758,11.815259173050345,0.000236078810084923,0.001106487999999737
472.926,34.22392428757147,1293.3431938437172,11.822904062651238,0.00023607881008492262,0.001106521999999737
472.96,34.26234557622724,1294.8112881504562,11.830551510491691,0.00023607881008492256,0.0011065559999997368
472.994,34.30286608534988,1296.360433196926,11.838201516650326,0.00023607881008501803,0.001106589999999737
473.028,34.34487403378107,1297.9642182680295,11.845854081205722,0.0002360788100849386,0.0011066239999997368
473.062,34.384513653942236,1299.476103219924,11.853509204236502,0.00023607881008492525,0.0011066579999997367
473.096,34.42271217957855,1300.9339846994108,11.861166885821275,0.000236078810084923,0.0011066919999997366
473.13,34.46278923368187,1302.4629360287277,11.868827126038648,0.00023607881008492262,0.0011067259999997365
473.164,34.50870182460296,1304.2142628959282,11.876489924967228,0.00023607881008492256,0.0011067599999997364
473.198,34.554121093306804,1305.9505530814272,11.884155282685624,0.00023607881008492256,0.0011067939999997362
473.232,34.598956746802195,1307.6673133810752,11.891823199272459,0.00023607881008501803,0.0011068279999997363
473.266,34.64721122881237,1309.5179043915111,11.899493674806312,0.0002360788100849386,0.0011068619999997362
473.3,34.6964712946704,1311.4082162938375,11.907166709365805,0.00023607881008492525,0.0011068959999997361
473.334,34.745289035020896,1313.2821777086215,11.914842303029546,0.000236078810084923,0.001106929999999736
473.368,34.79279364219733,1315.1076813742582,11.922520455876144,0.00023607881008492262,0.0011069639999997359
473.402,34.838222445360074,1316.8531931267923,11.930201167984206,0.00023607881008492256,0.0011069979999997358
473.436,34.88467754471693,1318.6403339616652,11.93788443943234,0.00023607881008492256,0.0011070319999997357
473.47,34.934746269025716,1320.5665711948275,11.945570270299166,0.00023607881008501803,0.0011070659999997358
473.504,34.98052028541308,1322.3249746930346,11.953258660663266,0.0002360788100849386,0.0011070999999997356
473.538,35.024190192465966,1324.0061512941436,11.960949610603263,0.00023607881008492525,0.0011071339999997355
473.572,35.06963389655037,1325.757767789007,11.968643120197765,0.000236078810084923,0.0011071679999997354
473.606,35.1120261063235,1327.3942166965844,11.976339189525378,0.00023607881008492262,0.0011072019999997353
473.64,35.15651856162474,1329.114963289402,11.98403781866471,0.00023607881008492256,0.0011072359999997352
473.674,35.20228192525494,1330.8871504996978,11.99173900769437,0.00023607881008492256,0.001107269999999735
473.708,35.24375363142433,1332.494179021096,11.99944275669298,0.00023607881008501803,0.0011073039999997352
473.742,35.287429730308006,1334.190847141112,12.007149065739123,0.0002360788100849386,0.001107337999999735
473.776,35.33308480483074,1335.9634861304628,12.014857934911417,0.00023607881008492525,0.001107371999999735
473.81,35.377198652109904,1337.676279106744,12.02256936428847,0.000236078810084923,0.0011074059999997348
473.844,35.422800476802216,1339.4495288524379,12.03028335394889,0.00023607881008492262,0.0011074399999997347
473.878,35.46220368351031,1340.9828414549606,12.037999903971286,0.00023607881008492256,0.0011074739999997346
473.912,35.509975608411075,1342.8428545247195,12.045719014434267,0.00023607881008492256,0.0011075079999997345
473.946,35.558285599648926,1344.7238528739745,12.053440685416454,0.00023607881008501803,0.0011075419999997346
473.98,35.6031644067852,1346.4740868471667,12.061164916996427,0.0002360788100849386,0.0011075759999997345
474.014,35.6508602762743,1348.3373851218496,12.068891709252808,0.00023607881008492525,0.0011076099999997343
474.048,35.70051105157202,1350.2750406785426,12.076621062264206,0.000236078810084923,0.0011076439999997342
474.082,35.75091473978773,1352.244487847062,12.084352976109226,0.00023607881008492262,0.0011076779999997341
474.116,35.800544503118694,1354.186687258163,12.09208745086648,0.00023607881008492256,0.001107711999999734
474.15,35.84641062595809,1355.984358010857,12.099824486614573,0.00023607881008492256,0.0011077459999997339
474.184,35.896025180063496,1357.9286660470802,12.107564083432127,0.00023607881008501803,0.001107779999999734
474.218,35.941699383433,1359.7165258960345,12.115306241397723,0.0002360788100849386,0.0011078139999997339
474.252,35.98400618043651,1361.3724682224881,12.123050960589985,0.00023607881008492525,0.0011078479999997338
474.286,36.024428279570834,1362.9547524999145,12.130798241087518,0.000236078810084923,0.0011078819999997336
474.32,36.06796773023052,1364.6595293307544,12.13854808296893,0.00023607881008492262,0.0011079159999997335
474.354,36.111861195645595,1366.3761871064278,12.14630048631283,0.00023607881008492256,0.0011079499999997334
474.388,36.15707547724994,1368.1456244957503,12.154055451197827,0.00023607881008492256,0.0011079839999997333
474.422,36.200042801545735,1369.8254649858552,12.16181297770254,0.00023607881008501803,0.0011080179999997334
474.456,36.241996852037204,1371.4643991253847,12.169573065905555,0.0002360788100849386,0.0011080519999997333
474.49,36.28295881232974,1373.0634089231621,12.177335715885489,0.00023607881008492525,0.0011080859999997332
474.524,36.33046873374779,1374.919290335127,12.185100927720951,0.000236078810084923,0.001108119999999733
474.558,36.37713058880253,1376.7443084976223,12.192868701490548,0.00023607881008492262,0.001108153999999733
474.592,36.42502775935722,1378.618690352958,12.20063903727289,0.00023607881008492256,0.0011081879999997328
474.626,36.46852419892093,1380.3192608869772,12.208411935146582,0.00023607881008492256,0.0011082219999997327
474.66,36.51422216811507,1382.1096408670078,12.216187395190248,0.00023607881008501803,0.0011082559999997328
474.694,36.55902590616256,1383.8656585588037,12.223965417482468,0.0002360788100849386,0.0011082899999997327
474.728,36.60513300634702,1385.6722177650524,12.231746002101865,0.00023607881008492525,0.0011083239999997326
474.762,36.656488211933784,1387.6858629365838,12.239529149127046,0.000236078810084923,0.0011083579999997325
474.796,36.70674632871791,1389.655464454936,12.247314858636619,0.00023607881008492262,0.0011083919999997323
474.83,36.75239824579921,1391.446011844077,12.255103130709193,0.00023607881008492256,0.0011084259999997322
474.864,36.797024526796186,1393.1989950093598,12.262893965423375,0.00023607881008492256,0.0011084599999997321
474.898,36.84137715490244,1394.9403681642057,12.270687362857785,0.00023607881008501803,0.0011084939999997322
474.932,36.885816901665,1396.685260487173,12.278483323091006,0.0002360788100849386,0.001108527999999732
474.966,36.928356465829204,1398.3567760666383,12.286281846201659,0.00023607881008492525,0.001108561999999732
475.0,36.969785655803285,1399.9858810412682,12.294082932268353,0.000236078810084923,0.0011085959999997319
475.034,37.00924244155527,1401.5397906604016,12.301886581369695,0.00023607881008492262,0.0011086299999997318
475.068,37.052298875350445,1403.236722680864,12.309692793584293,0.00023607881008492256,0.0011086639999997316
475.102,37.09726670108436,1405.0115489246725,12.317501568990755,0.00023607881008492256,0.0011086979999997315
475.136,37.14234460168016,1406.7919936661756,12.325312907667701,0.00023607881008501803,0.0011087319999997316
475.17,37.187448332255215,1408.5754337247108,12.333126809693713,0.0002360788100849386,0.0011087659999997315
475.204,37.23228965658631,1410.346064215195,12.340943275147414,0.00023607881008492525,0.0011087999999997314
475.238,37.27518106823696,1412.0396012952242,12.34876230410741,0.000236078810084923,0.0011088339999997313
475.272,37.31913140918948,1413.7739580459265,12.35658389665231,0.00023607881008492262,0.0011088679999997312
475.306,37.3620940771682,1415.4700508090466,12.364408052860723,0.00023607881008492256,0.001108901999999731
475.34,37.406092570458725,1417.2111873409717,12.372234772811256,0.00023607881008492256,0.001108935999999731
475.374,37.454229459303896,1419.1174097058476,12.38006405658253,0.00023607881008501803,0.001108969999999731
475.408,37.502926008502456,1421.0444078643975,12.387895904253126,0.0002360788100849386,0.001109003999999731
475.442,37.54995873166316,1422.90874428211,12.395730315901666,0.00023607881008492525,0.0011090379999997308
475.476,37.599203810526795,1424.8591130099526,12.403567291606759,0.000236078810084923,0.0011090719999997307
475.51,37.64298241671418,1426.5957915737033,12.411406831447012,0.00023607881008492262,0.0011091059999997306
475.544,37.68975602696602,1428.4514350715249,12.419248935501033,0.00023607881008492256,0.0011091399999997305
475.578,37.73534420030311,1430.255356491201,12.42709360384743,0.00023607881008492256,0.0011091739999997303
475.612,37.782328492288734,1432.117016296108,12.434940836564826,0.00023607881008501803,0.0011092079999997304
475.646,37.83178044723906,1434.0761640985318,12.442790633731798,0.0002360788100849386,0.0011092419999997303
475.68,37.87610437823451,1435.832972420042,12.450642995426971,0.00023607881008492525,0.0011092759999997302
475.714,37.92227580732987,1437.666994955173,12.458497921728952,0.000236078810084923,0.00110930999999973
475.748,37.964232400212026,1439.3352105611618,12.466355412716348,0.00023607881008492262,0.00110934399999973
475.782,38.00762328313717,1441.0596782032244,12.474215468467769,0.00023607881008492256,0.0011093779999997299
475.816,38.05198744586893,1442.8228839296057,12.48207808906182,0.00023607881008492256,0.0011094119999997298
475.85,38.090181541989,1444.3413257880018,12.489943274577126,0.00023607881008501803,0.0011094459999997299
475.884,38.129082215314845,1445.8877571681162,12.497811025092266,0.0002360788100849386,0.0011094799999997297
475.918,38.17224700531124,1447.6047617378078,12.505681340685863,0.00023607881008492525,0.0011095139999997296
475.952,38.21698483916808,1449.384915418811,12.513554221436523,0.000236078810084923,0.0011095479999997295
475.986,38.25902260820982,1451.0583990349814,12.521429667422856,0.00023607881008492262,0.0011095819999997294
476.02,38.30331405507022,1452.8226062227325,12.529307678723468,0.00023607881008492256,0.0011096159999997293
476.054,38.345671272414506,1454.5118503508072,12.537188255416968,0.00023607881008492256,0.0011096499999997292
476.088,38.390598734724634,1456.306863351056,12.545071397581978,0.00023607881008501803,0.0011096839999997293
476.122,38.436307033906985,1458.1313808703585,12.552957105297079,0.0002360788100849386,0.0011097179999997292
476.156,38.48410178339655,1460.0397746468407,12.560845378640892,0.00023607881008492525,0.001109751999999729
476.19,38.53293334819319,1461.9895156530426,12.568736217692026,0.000236078810084923,0.001109785999999729
476.224,38.57933717776234,1463.8411367297037,12.576629622529087,0.00023607881008492262,0.0011098199999997288
476.258,38.6290204724605,1465.825603173568,12.584525593230683,0.00023607881008492256,0.0011098539999997287
476.292,38.67399134621129,1467.618757918158,12.592424129875425,0.00023607881008492256,0.0011098879999997286
476.326,38.725446884158025,1469.6707737105437,12.60032523254193,0.00023607881008501803,0.0011099219999997287
476.36,38.7760092421818,1471.6856066045243,12.608228901308784,0.0002360788100849386,0.0011099559999997286
476.394,38.82170395147514,1473.5082988614686,12.616135136254606,0.00023607881008492525,0.0011099899999997285
476.428,38.86683445061682,1475.3114329698649,12.624043937458003,0.000236078810084923,0.0011100239999997283
476.462,38.90951366442271,1477.0146314417957,12.631955304997584,0.00023607881008492262,0.0011100579999997282
476.496,38.95139806847428,1478.6864362722827,12.639869238951956,0.00023607881008492256,0.001110091999999728
476.53,38.997346158922376,1480.518631692961,12.647785739399728,0.00023607881008492256,0.001110125999999728
476.564,39.04106537464548,1482.262474826424,12.655704806419521,0.00023607881008501803,0.001110159999999728
476.598,39.08511589853459,1484.02521997578,12.663626440089919,0.0002360788100849386,0.001110193999999728
476.632,39.12889050604442,1485.7767108265873,12.67155064048954,0.00023607881008492525,0.0011102279999997279
476.666,39.174024375358044,1487.5793839404455,12.679477407696993,0.000236078810084923,0.0011102619999997277
476.7,39.21917853798356,1489.3845583382326,12.687406741790884,0.00023607881008492262,0.0011102959999997276
476.734,39.26174928050345,1491.0860804105166,12.695338642849824,0.00023607881008492256,0.0011103299999997275
476.768,39.31100154882343,1493.0560660019269,12.703273110952422,0.00023607881008492256,0.0011103639999997274
476.802,39.35279334023908,1494.7322074349006,12.711210146177295,0.00023607881008501803,0.0011103979999997275
476.836,39.40071359171999,1496.6498839478795,12.719149748603028,0.0002360788100849386,0.0011104319999997274
476.87,39.445194664464545,1498.429879023164,12.72709191830824,0.00023607881008492525,0.0011104659999997273
476.904,39.493131258021904,1500.348659637735,12.73503665537154,0.000236078810084923,0.0011104999999997272
476.938,39.53696126844406,1502.1033254260096,12.742983959871536,0.00023607881008492262,0.001110533999999727
476.972,39.578333854340976,1503.7619375473485,12.750933831886837,0.00023607881008492256,0.001110567999999727
477.006,39.625113320923404,1505.6399185868054,12.75888627149605,0.00023607881008492256,0.0011106019999997268
477.04,39.67191801867905,1507.5223248581585,12.766841278777795,0.00023607881008501803,0.001110635999999727
477.074,39.71926565913069,1509.4253483820871,12.774798853810656,0.0002360788100849386,0.0011106699999997268
477.108,39.76925918541254,1511.4328601025131,12.782758996673254,0.00023607881008492525,0.0011107039999997267
477.142,39.814294487360904,1513.2435207576182,12.790721707444193,0.000236078810084923,0.0011107379999997266
477.176,39.856791911797245,1514.9545882055236,12.798686986202085,0.00023607881008492262,0.0011107719999997265
477.21,39.90458251127603,1516.8805467347559,12.806654833025538,0.00023607881008492256,0.0011108059999997263
477.244,39.950186567721104,1518.7222201878228,12.814625247993174,0.00023607881008501803,0.0011108399999997264
477.278,39.99395959405108,1520.4875247301868,12.822598231183571,0.0002360788100849386,0.0011108739999997263
477.312,40.03964832333991,1522.331135285947,12.830573782675351,0.00023607881008492525,0.0011109079999997262
477.346,40.084883825960354,1524.1552844108894,12.838551902547124,0.000236078810084923,0.001110941999999726
477.38,40.12981402408253,1525.966241529392,12.846532590877498,0.00023607881008492262,0.001110975999999726
477.414,40.176101853307955,1527.8325554872101,12.854515847745079,0.00023607881008492256,0.0011110099999997259
477.448,40.22269289293933,1529.7139882649526,12.862501673228476,0.00023607881008492256,0.0011110439999997257
477.482,40.272128015856374,1531.7096376655686,12.87049006740631,0.00023607881008501803,0.0011110779999997258
477.516,40.314338785117684,1533.4098615685375,12.878481030357163,0.0002360788100849386,0.0011111119999997257
477.55,40.35807741885167,1535.1745914619567,12.886474562159655,0.00023607881008492525,0.0011111459999997256
477.584,40.40271389194814,1536.9788112357105,12.894470662892397,0.000236078810084923,0.0011111799999997255
477.618,40.44634846648521,1538.7489311459233,12.902469332633995,0.00023607881008492262,0.0011112139999997254
477.652,40.49193708411182,1540.6031170448994,12.910470571463057,0.00023607881008492256,0.0011112479999997253
477.686,40.53965575358874,1542.5486859729763,12.918474379458189,0.00023607881008492256,0.0011112819999997252
477.72,40.58801759931846,1544.5181614581786,12.926480756698016,0.00023607881008501803,0.0011113159999997253
477.754,40.631781068483534,1546.3026838158999,12.934489703261118,0.0002360788100849386,0.0011113499999997251
477.788,40.67257972318844,1547.9631745649644,12.942501219226115,0.00023607881008492525,0.001111383999999725
477.822,40.71518337303236,1549.6931167230105,12.950515304671615,0.000236078810084923,0.001111417999999725
477.856,40.75878443854475,1551.4645782881319,12.958531959676229,0.00023607881008492262,0.0011114519999997248
477.89,40.80805920659124,1553.4725036337475,12.966551184318561,0.00023607881008492256,0.0011114859999997247
477.924,40.85420341448119,1555.355171174438,12.974572978677221,0.00023607881008492256,0.0011115199999997246
477.958,40.89610758560136,1557.066715749496,12.982597342830832,0.00023607881008501803,0.0011115539999997247
477.992,40.94140701879948,1558.9178567082943,12.990624276857973,0.0002360788100849386,0.0011115879999997246
478.026,40.98629177542735,1560.7524230254155,12.998653780837266,0.00023607881008492525,0.0011116219999997244
478.06,41.03644189583051,1562.7987142361453,13.00668585484732,0.000236078810084923,0.0011116559999997243
478.094,41.086062058750336,1564.823904064358,13.01472049896674,0.00023607881008492262,0.0011116899999997242
478.128,41.13198134399793,1566.7039910092265,13.022757713274137,0.00023607881008492256,0.001111723999999724
478.162,41.1799455864069,1568.6701414113375,13.030797497848118,0.00023607881008492256,0.001111757999999724
478.196,41.23050309934014,1570.7449291100204,13.038839852767305,0.00023607881008501803,0.001111791999999724
478.23,41.27610073594892,1572.6196530694592,13.046884778110277,0.0002360788100849386,0.001111825999999724
478.264,41.32290911281655,1574.5441598869802,13.054932273955657,0.00023607881008492525,0.0011118599999997239
478.298,41.371456452682196,1576.5452286851007,13.062982340382055,0.000236078810084923,0.0011118939999997237
478.332,41.41513083487357,1578.3499859853323,13.071034977468075,0.00023607881008492262,0.0011119279999997236
478.366,41.46273905033374,1580.3163499333155,13.079090185292328,0.00023607881008492256,0.0011119619999997235
478.4,41.510904533716634,1582.3049664193225,13.087147963933422,0.00023607881008492256,0.0011119959999997234
478.434,41.55953117968479,1584.310749451971,13.095208313469977,0.00023607881008501803,0.0011120299999997235
478.468,41.607132403208,1586.2761734816008,13.103271233980573,0.0002360788100849386,0.0011120639999997234
478.502,41.653863480375776,1588.2089587565679,13.111336725543834,0.00023607881008492525,0.0011120979999997233
478.536,41.7004392879673,1590.1383066459846,13.119404788238368,0.000236078810084923,0.0011121319999997231
478.57,41.74893233807269,1592.1462147021732,13.127475422142782,0.00023607881008492262,0.001112165999999723
478.604,41.79819242052875,1594.1867311267831,13.135548627335682,0.00023607881008492256,0.001112199999999723
478.638,41.84380194450663,1596.0790764440846,13.143624403895679,0.00023607881008492256,0.0011122339999997228
478.672,41.88768552659233,1597.9008579727974,13.151702751901393,0.00023607881008501803,0.001112267999999723
478.706,41.9273160585335,1599.5464556937918,13.159783671431406,0.0002360788100849386,0.0011123019999997228
478.74,41.96725935205877,1601.2051022982844,13.167867162564338,0.00023607881008492525,0.0011123359999997227
478.774,42.01455687747978,1603.1663698223072,13.1759532253788,0.000236078810084923,0.0011123699999997226
478.808,42.062478144943654,1605.1557148876589,13.184041859953396,0.00023607881008492262,0.0011124039999997224
478.842,42.11326289563365,1607.2632251124046,13.192133066366736,0.00023607881008492256,0.0011124379999997223
478.876,42.16305068967476,1609.330847992169,13.20022684469743,0.00023607881008492256,0.0011124719999997222
478.91,42.21504947457574,1611.496540262611,13.208323195024096,0.00023607881008501803,0.0011125059999997223
478.944,42.26735054369606,1613.6770855340974,13.216422117425317,0.0002360788100849386,0.0011125399999997222
478.978,42.31278212619973,1615.572246244372,13.224523611979714,0.00023607881008492525,0.001112573999999722
479.012,42.361074287627304,1617.5853420191982,13.232627678765896,0.000236078810084923,0.001112607999999722
479.046,42.409575213636046,1619.6090066500317,13.240734317862469,0.00023607881008492262,0.0011126419999997219
479.08,42.45595760950317,1621.5460666801237,13.248843529348042,0.00023607881008492256,0.0011126759999997217
479.114,42.49850558086606,1623.3216869652413,13.256955313301223,0.00023607881008492256,0.0011127099999997216
479.148,42.54098953403861,1625.097212793167,13.265069669800633,0.00023607881008501803,0.0011127439999997217
479.182,42.589061284725176,1627.1073632304176,13.273186598924854,0.0002360788100849386,0.0011127779999997216
479.216,42.631816398453815,1628.8953887649898,13.281306100752508,0.00023607881008492525,0.0011128119999997215
479.25,42.678492397896925,1630.8492904248785,13.2894281753622,0.000236078810084923,0.0011128459999997214
479.284,42.73075978036937,1633.041203491601,13.29755282283254,0.00023607881008492262,0.0011128799999997213
479.318,42.77678047244531,1634.9769714952058,13.305680043242136,0.00023607881008492256,0.0011129139999997211
479.352,42.82759262780749,1637.1130029174085,13.313809836669597,0.00023607881008492256,0.001112947999999721
479.386,42.88035156020076,1639.3320003626584,13.321942203193544,0.00023607881008501803,0.0011129819999997211
479.42,42.93425256981305,1641.6034121845885,13.330077142892558,0.0002360788100849386,0.001113015999999721
479.454,42.98425973965129,1643.7136986256346,13.33821465584526,0.00023607881008492525,0.001113049999999721
479.488,43.032427484973404,1645.747449505869,13.346354742130258,0.000236078810084923,0.0011130839999997208
479.522,43.08103486396437,1647.7983221299814,13.354497401826158,0.00023607881008492262,0.0011131179999997207
479.556,43.13073200295521,1649.8924884801916,13.362642635011571,0.00023607881008492256,0.0011131519999997206
479.59,43.184022613370544,1652.1355006108984,13.370790441765104,0.00023607881008492256,0.0011131859999997204
479.624,43.22932671496517,1654.0417717684163,13.378940822165378,0.00023607881008501803,0.0011132199999997205
479.658,43.27198423314245,1655.8371873601695,13.387093776290973,0.0002360788100849386,0.0011132539999997204
479.692,43.31041243788218,1657.4511546678718,13.395249304220513,0.00023607881008492525,0.0011132879999997203
479.726,43.35408186554769,1659.287123066786,13.403407406032606,0.000236078810084923,0.0011133219999997202
479.76,43.40118070582968,1661.2684361377824,13.411568081805859,0.00023607881008492262,0.00111335599999972
479.794,43.449097358610146,1663.2829790888147,13.41973133161888,0.00023607881008492256,0.00111338999999972
479.828,43.493959756945316,1665.1735446300709,13.427897155550278,0.00023607881008492256,0.0011134239999997199
479.862,43.540619069564016,1667.1371865945257,13.436065553678674,0.00023607881008501803,0.00111345799999972
479.896,43.58916113148761,1669.1748573392285,13.444236526082646,0.0002360788100849386,0.0011134919999997198
479.93,43.63349101404586,1671.0381023547588,13.452410072840818,0.00023607881008492525,0.0011135259999997197
479.964,43.683132027474954,1673.1233090712642,13.4605861940318,0.000236078810084923,0.0011135599999997196
479.998,43.73439785880412,1675.277569916971,13.468764889734198,0.00023607881008492262,0.0011135939999997195
480.032,43.78161699747702,1677.2630553412523,13.47694616002662,0.00023607881008492256,0.0011136279999997194
480.066,43.83079313917282,1679.3273686190328,13.485130004987672,0.00023607881008492256,0.0011136619999997193
480.1,43.87987758067087,1681.3927843612666,13.493316424695978,0.00023607881008501803,0.0011136959999997194
480.134,43.92837915461163,1683.4326727164962,13.501505419230119,0.0002360788100849386,0.0011137299999997193
480.168,43.97633336882901,1685.4497464561866,13.509696988668715,0.00023607881008492525,0.0011137639999997191
480.202,44.02547147132682,1687.5181088128859,13.517891133090375,0.000236078810084923,0.001113797999999719
480.236,44.0771863030523,1689.6923946350196,13.526087852573706,0.00023607881008492262,0.001113831999999719
480.27,44.126312421862465,1691.7534957714904,13.534287147197318,0.00023607881008492256,0.0011138659999997188
480.304,44.17660305733059,1693.8655248193368,13.54248901703982,0.00023607881008492256,0.0011138999999997187
480.338,44.23080749407063,1696.1423387355226,13.55069346217983,0.00023607881008501803,0.0011139339999997188
480.372,44.28732963022851,1698.5199550975976,13.558900482695929,0.0002360788100849386,0.0011139679999997187
480.406,44.33652934483159,1700.5892811338751,13.56711007866674,0.00023607881008492525,0.0011140019999997185
480.44,44.38195648940811,1702.4983739631036,13.575322250170872,0.000236078810084923,0.0011140359999997184
480.474,44.42809508807988,1704.4373468413396,13.583536997286933,0.00023607881008492262,0.0011140699999997183
480.508,44.47901809412144,1706.5735906617062,13.591754320093528,0.00023607881008492256,0.0011141039999997182
480.542,44.52709174930057,1708.5944383793437,13.599974218669269,0.00023607881008492256,0.001114137999999718
480.576,44.57387998347317,1710.559326722987,13.608196693092776,0.00023607881008501803,0.0011141719999997182
480.61,44.61807670617905,1712.4135432467517,13.616421743442627,0.0002360788100849386,0.001114205999999718
480.644,44.666949153217416,1714.4627888360292,13.624649369797448,0.00023607881008492525,0.001114239999999718
480.678,44.71670342924123,1716.551140030108,13.632879572235845,0.000236078810084923,0.0011142739999997178
480.712,44.76037922025292,1718.382736417306,13.641112350836426,0.00023607881008492262,0.0011143079999997177
480.746,44.80146658366013,1720.1046408854643,13.649347705677798,0.00023607881008492256,0.0011143419999997176
480.78,44.84774176074337,1722.0487580761596,13.65758563683857,0.00023607881008492256,0.0011143759999997175
480.814,44.89238450263492,1723.9239030311137,13.665826144397364,0.00023607881008501803,0.0011144099999997176
480.848,44.935111490410954,1725.7206776110293,13.674069228432762,0.0002360788100849386,0.0011144439999997175
480.882,44.98132408300931,1727.6656947008578,13.682314889023383,0.00023607881008492525,0.0011144779999997174
480.916,45.033848974728315,1729.87675035963,13.690563126247834,0.000236078810084923,0.0011145119999997173
480.95,45.0838368699039,1731.9798882698967,13.698813940184726,0.00023607881008492262,0.0011145459999997171
480.984,45.13106142011073,1733.9689596751984,13.707067330912666,0.00023607881008492256,0.001114579999999717
481.018,45.174485764540634,1735.7995837983572,13.715323298510263,0.00023607881008492256,0.001114613999999717
481.052,45.22006646265265,1737.7195711952195,13.723581843056138,0.00023607881008501803,0.001114647999999717
481.086,45.2685181479169,1739.7626296076123,13.731842964628871,0.0002360788100849386,0.001114681999999717
481.12,45.32415747169571,1742.1047754437107,13.740106663307085,0.00023607881008492525,0.0011147159999997168
481.154,45.382861765132624,1744.5738540463747,13.748372939169386,0.000236078810084923,0.0011147499999997167
481.188,45.43592742323575,1746.8015420691934,13.756641792294381,0.00023607881008492262,0.0011147839999997165
481.222,45.491484857693145,1749.1319936950847,13.764913222760681,0.00023607881008492256,0.0011148179999997164
481.256,45.54388864990348,1751.328829000047,13.773187230646894,0.00023607881008492256,0.0011148519999997163
481.29,45.59224707537852,1753.3530208929783,13.781463816031641,0.00023607881008501803,0.0011148859999997164
481.324,45.63952054079003,1755.3331689705217,13.789742978993502,0.0002360788100849386,0.0011149199999997163
481.358,45.68733839275718,1757.339149877251,13.798024719611098,0.00023607881008492525,0.0011149539999997162
481.392,45.73281522791191,1759.2460508507347,13.806309037963038,0.000236078810084923,0.001114987999999716
481.426,45.77622098388014,1761.073177361137,13.814595934127931,0.00023607881008492262,0.001115021999999716
481.46,45.827263181464566,1763.2264913693934,13.822885408184385,0.00023607881008492256,0.0011150559999997158
481.494,45.873346370459615,1765.1729381314572,13.83117746021102,0.00023607881008501803,0.001115089999999716
481.528,45.91923187657958,1767.108597827901,13.839472090286417,0.0002360788100849386,0.0011151239999997158
481.562,45.96543432808523,1769.0594438609498,13.847769298489197,0.00023607881008492525,0.0011151579999997157
481.596,46.01972461866616,1771.351574039988,13.85606908489797,0.000236078810084923,0.0011151919999997156
481.63,46.06750092946172,1773.3702117195164,13.864371449591342,0.00023607881008492262,0.0011152259999997155
481.664,46.11814612220386,1775.5131434424154,13.872676392647923,0.00023607881008492256,0.0011152599999997154
481.698,46.16736521022593,1777.5982645233403,13.88098391414632,0.00023607881008492256,0.0011152939999997153
481.732,46.21956776700843,1779.8107887747321,13.889294014165154,0.00023607881008501803,0.0011153279999997154
481.766,46.271689621975256,1782.0233385337797,13.897606692783006,0.0002360788100849386,0.0011153619999997152
481.8,46.3205487013468,1784.0972869093052,13.905921950078499,0.00023607881008492525,0.0011153959999997151
481.834,46.3667895057422,1786.0606130797212,13.91423978613024,0.000236078810084923,0.001115429999999715
481.868,46.415432435280344,1788.1244487153344,13.922560201016838,0.00023607881008492262,0.001115463999999715
481.902,46.46477921662298,1790.2213535964238,13.930883194816898,0.00023607881008492256,0.0011154979999997148
481.936,46.513061915237046,1792.2744782788789,13.939208767609031,0.00023607881008492256,0.0011155319999997147
481.97,46.561698466348794,1794.3450439039711,13.947536919471858,0.00023607881008501803,0.0011155659999997148
482.004,46.61050876246573,1796.4287349171698,13.955867650483958,0.0002360788100849386,0.0011155999999997146
482.038,46.66077807028851,1798.575335654862,13.964200960723954,0.00023607881008492525,0.0011156339999997145
482.072,46.70912424887965,1800.6408096134521,13.972536850270453,0.000236078810084923,0.0011156679999997144
482.106,46.75572699371719,1802.6325812944165,13.980875319202065,0.00023607881008492262,0.0011157019999997143
482.14,46.80297186193455,1804.6495879154486,13.989216367597397,0.00023607881008492256,0.0011157359999997142
482.174,46.85079026428074,1806.6914503678238,13.997559995535056,0.00023607881008492256,0.001115769999999714
482.208,46.89775305504404,1808.6997176802079,14.005906203093666,0.00023607881008501803,0.0011158039999997142
482.242,46.94322575522469,1810.6445686544323,14.014254990351805,0.0002360788100849386,0.001115837999999714
482.276,46.99513965145978,1812.866379509294,14.022606357388097,0.00023607881008492525,0.001115871999999714
482.31,47.04419491590569,1814.9634863206159,14.03096030428115,0.000236078810084923,0.0011159059999997138
482.344,47.09510172539242,1817.1475797102773,14.03931683110957,0.00023607881008492262,0.0011159399999997137
482.378,47.148925577089166,1819.4600860555793,14.047675937951967,0.00023607881008492256,0.0011159739999997136
482.412,47.20150938314997,1821.7227041817491,14.056037624886947,0.00023607881008492256,0.0011160079999997135
482.446,47.249979838228754,1823.8085423491123,14.064401891993134,0.00023607881008501803,0.0011160419999997136
482.48,47.30157654953424,1826.0275837376248,14.072768739349106,0.0002360788100849386,0.0011160759999997135
482.514,47.35048777411229,1828.1309228956343,14.081138167033487,0.00023607881008492525,0.0011161099999997134
482.548,47.40111952536127,1830.3064882393178,14.089510175124882,0.000236078810084923,0.0011161439999997132
482.582,47.450172654229725,1832.413478676642,14.097884763701902,0.00023607881008492262,0.0011161779999997131
482.616,47.504570658860324,1834.747089637586,14.106261932843154,0.00023607881008492256,0.001116211999999713
482.65,47.55288902207979,1836.8146005172646,14.114641682627246,0.00023607881008492256,0.001116245999999713
482.684,47.60186914106822,1838.9098435251276,14.1230240131328,0.00023607881008501803,0.001116279999999713
482.718,47.64991056278606,1840.9659358154772,14.131408924438396,0.0002360788100849386,0.0011163139999997129
482.752,47.704256396594594,1843.2939717502843,14.139796416622657,0.00023607881008492525,0.0011163479999997128
482.786,47.751379278678876,1845.312527218272,14.14818648976419,0.000236078810084923,0.0011163819999997127
482.82,47.79538188904574,1847.1995541691044,14.1565791439416,0.00023607881008492262,0.0011164159999997125
482.854,47.84574684214103,1849.3550374486047,14.1649743792335,0.00023607881008492256,0.0011164499999997124
482.888,47.89467748922252,1851.451485591893,14.173372195718498,0.00023607881008492256,0.0011164839999997123
482.922,47.948299738941266,1853.7521248871612,14.181772593475213,0.00023607881008501803,0.0011165179999997124
482.956,47.99949205051289,1855.9520433313176,14.190175572582225,0.0002360788100849386,0.0011165519999997123
482.99,48.04896406535255,1858.0767654507965,14.198581133118159,0.00023607881008492525,0.0011165859999997122
483.024,48.10190176068827,1860.3492016209452,14.20698927516162,0.000236078810084923,0.001116619999999712
483.058,48.15322587673529,1862.5505291883248,14.215399998791217,0.00023607881008492262,0.001116653999999712
483.092,48.20683022247109,1864.850546782508,14.223813304085558,0.00023607881008492256,0.0011166879999997118
483.126,48.257214029280334,1867.0157664150533,14.232229191123253,0.00023607881008492256,0.0011167219999997117
483.16,48.309375420404685,1869.2628451643222,14.240647659982919,0.00023607881008501803,0.0011167559999997118
483.194,48.36476284117927,1871.6499189960828,14.24906871074314,0.0002360788100849386,0.0011167899999997117
483.228,48.41468416148122,1873.801621535548,14.257492343482538,0.00023607881008492525,0.0011168239999997116
483.262,48.46359760818191,1875.9095723284236,14.265918558279719,0.000236078810084923,0.0011168579999997115
483.296,48.51492241560934,1878.1206218947825,14.27434735521329,0.00023607881008492262,0.0011168919999997114
483.33,48.57255053579506,1880.6061678011963,14.282778734361862,0.00023607881008492256,0.0011169259999997112
483.364,48.62656648390694,1882.9411563152685,14.291212695804042,0.00023607881008492256,0.0011169599999997111
483.398,48.677549636057144,1885.1445977078981,14.299649239618452,0.00023607881008501803,0.0011169939999997112
483.432,48.73120181844519,1887.4620260247416,14.308088365883673,0.0002360788100849386,0.0011170279999997111
483.466,48.78011276605152,1889.5771622074112,14.316530074678326,0.00023607881008492525,0.001117061999999711
483.5,48.83153648866568,1891.8013191538128,14.324974366081017,0.000236078810084923,0.0011170959999997109
483.534,48.883315689616026,1894.0392206173933,14.333421240170358,0.00023607881008492262,0.0011171299999997108
483.568,48.932603343089994,1896.166314053106,14.341870697024955,0.00023607881008492256,0.0011171639999997107
483.602,48.9835319525393,1898.3646630222556,14.350322736723415,0.00023607881008492256,0.0011171979999997105
483.636,49.03263172134703,1900.4851594724241,14.35877735934436,0.00023607881008501803,0.0011172319999997106
483.67,49.08414846698255,1902.7058672568196,14.367234564966372,0.0002360788100849386,0.0011172659999997105
483.704,49.132808236941884,1904.802475839714,14.375694353668072,0.00023607881008492525,0.0011172999999997104
483.738,49.180451483788865,1906.8544551579387,14.384156725528069,0.000236078810084923,0.0011173339999997103
483.772,49.228353982443195,1908.9168072317973,14.39262168062497,0.00023607881008492262,0.0011173679999997102
483.806,49.277479544207885,1911.031190731338,14.401089219037383,0.00023607881008492256,0.00111740199999971
483.84,49.33283229511776,1913.4143255973927,14.409559340843916,0.00023607881008492256,0.00111743599999971
483.874,49.38682537683591,1915.7341515629962,14.418032046123193,0.00023607881008501803,0.00111746999999971
483.908,49.438194998391694,1917.94425535797,14.42650733495379,0.0002360788100849386,0.00111750399999971
483.942,49.49076105577289,1920.2073627824846,14.43498520741433,0.00023607881008492525,0.0011175379999997098
483.976,49.55000619125991,1922.7585530810782,14.443465663583423,0.000236078810084923,0.0011175719999997097
484.01,49.60180184032778,1924.9892957876805,14.451948703539676,0.00023607881008492262,0.0011176059999997096
484.044,49.66219954961926,1927.590124389961,14.460434327361698,0.00023607881008492256,0.0011176399999997095
484.078,49.71672510886581,1929.9363830865314,14.468922535128096,0.00023607881008492256,0.0011176739999997094
484.112,49.76974491928401,1932.2192096252886,14.47741332691749,0.00023607881008501803,0.0011177079999997095
484.146,49.82244860816041,1934.4894365114585,14.485906702808464,0.0002360788100849386,0.0011177419999997093
484.18,49.87206266670616,1936.6249020859784,14.494402662879637,0.00023607881008492525,0.0011177759999997092
484.214,49.91870484816412,1938.6365325657043,14.502901207209616,0.000236078810084923,0.0011178099999997091
484.248,49.970658946145925,1940.8775196427318,14.511402335877012,0.00023607881008492262,0.001117843999999709
484.282,50.02053902623708,1943.0258628841775,14.519906048960433,0.00023607881008492256,0.0011178779999997089
484.316,50.07684605030776,1945.4488130500906,14.528412346538486,0.00023607881008492256,0.0011179119999997088
484.35,50.12716035074558,1947.6147481381397,14.536921228689794,0.00023607881008501803,0.0011179459999997089
484.384,50.17752500283408,1949.7838502153245,14.545432695492934,0.0002360788100849386,0.0011179799999997088
484.418,50.22980473807723,1952.0388658159063,14.55394674702653,0.00023607881008492525,0.0011180139999997086
484.452,50.281236733196664,1954.2588473682188,14.56246338336919,0.000236078810084923,0.0011180479999997085
484.486,50.333738978023916,1956.5245572370666,14.570982604599523,0.00023607881008492262,0.0011180819999997084
484.52,50.3860661711729,1958.7849123179265,14.579504410796137,0.00023607881008492256,0.0011181159999997083
484.554,50.43582548351807,1960.9320291636166,14.588028802037638,0.00023607881008492256,0.0011181499999997082
484.588,50.487468798521405,1963.160955772792,14.596555778402648,0.00023607881008501803,0.0011181839999997083
484.622,50.536668810558005,1965.2820778171363,14.605085339969747,0.0002360788100849386,0.0011182179999997082
484.656,50.58027655317661,1967.1661340415167,14.61361748681756,0.00023607881008492525,0.001118251999999708
484.69,50.62604174563999,1969.145542202525,14.622152219024693,0.000236078810084923,0.001118285999999708
484.724,50.67890037725859,1971.4333193638763,14.630689536669754,0.00023607881008492262,0.0011183199999997078
484.758,50.731174504207296,1973.6986110539851,14.639229439831352,0.00023607881008492256,0.0011183539999997077
484.792,50.78219121651351,1975.9102087503632,14.647771928588094,0.00023607881008492256,0.0011183879999997076
484.826,50.83573803267501,1978.2311061980206,14.656317003018602,0.00023607881008501803,0.0011184219999997077
484.86,50.88807689630441,1980.501127982227,14.664864663201454,0.0002360788100849386,0.0011184559999997076
484.894,50.94378293407513,1982.9200052676022,14.673414909215275,0.00023607881008492525,0.0011184899999997075
484.928,51.0042696057508,1985.541461497087,14.681967741138672,0.000236078810084923,0.0011185239999997073
484.962,51.05505023966436,1987.7459250634477,14.690523159050255,0.00023607881008492262,0.0011185579999997072
484.996,51.10734372845756,1990.0146733467423,14.699081163028628,0.00023607881008492256,0.0011185919999997071
485.03,51.16202529659675,1992.3858666736253,14.707641753152402,0.00023607881008492256,0.001118625999999707
485.064,51.21697654333642,1994.7644883441067,14.716204929500197,0.00023607881008501803,0.001118659999999707
485.098,51.27383555872201,1997.224328437276,14.724770692150594,0.0002360788100849386,0.001118693999999707
485.132,51.325706044915584,1999.4653933314437,14.733339041182214,0.00023607881008492525,0.0011187279999997069
485.166,51.38025385228737,2001.8196879766083,14.741909976673666,0.000236078810084923,0.0011187619999997068
485.2,51.44013203919217,2004.4006707519247,14.750483498703558,0.00023607881008492262,0.0011187959999997066
485.234,51.49803380614061,2006.8993814123119,14.759059607350498,0.00023607881008492256,0.0011188299999997065
485.268,51.54938308396846,2009.1107342400742,14.767638302693094,0.00023607881008492256,0.0011188639999997064
485.302,51.59721801540451,2011.1699204347508,14.776219584809967,0.00023607881008501803,0.0011188979999997065
485.336,51.65142452131569,2013.502961581853,14.784803453779698,0.0002360788100849386,0.0011189319999997064
485.37,51.70130774019756,2015.652926630082,14.79338990968091,0.00023607881008492525,0.0011189659999997063
485.404,51.75216949740266,2017.845477921687,14.80197895259221,0.000236078810084923,0.0011189999999997062
485.438,51.804195183415935,2020.091124160327,14.810570582592206,0.00023607881008492262,0.001119033999999706
485.472,51.861799696783706,2022.5764960925203,14.819164799759506,0.00023607881008492256,0.001119067999999706
485.506,51.92051822526784,2025.1090073546206,14.827761604172718,0.00023607881008492256,0.0011191019999997058
485.54,51.976609727715434,2027.5304047406676,14.836360995910464,0.00023607881008501803,0.001119135999999706
485.574,52.03021393282417,2029.843100830745,14.844962975051324,0.0002360788100849386,0.0011191699999997058
485.608,52.08317780510603,2032.1299715970158,14.85356754167392,0.00023607881008492525,0.0011192039999997057
485.642,52.13544203499105,2034.387064106694,14.862174695856861,0.000236078810084923,0.0011192379999997056
485.676,52.18600304442065,2036.5734457319918,14.870784437678754,0.00023607881008492262,0.0011192719999997055
485.71,52.24356079413472,2039.0578966604373,14.879396767218205,0.00023607881008492256,0.0011193059999997053
485.744,52.294217699118164,2041.2440355711792,14.88801168455384,0.00023607881008501803,0.0011193399999997054
485.778,52.352051793099186,2043.7417383072489,14.896629189764237,0.0002360788100849386,0.0011193739999997053
485.812,52.406320924213034,2046.0871359036657,14.905249282928018,0.00023607881008492525,0.0011194079999997052
485.846,52.45852431359051,2048.34645826582,14.913871964123791,0.000236078810084923,0.001119441999999705
485.88,52.51209796371215,2050.661860972607,14.922497233430162,0.00023607881008492262,0.001119475999999705
485.914,52.56725862600573,2053.0475891173546,14.931125090925741,0.00023607881008492256,0.0011195099999997049
485.948,52.61888926182168,2055.2811352679764,14.939755536689137,0.00023607881008492256,0.0011195439999997048
485.982,52.666943351166545,2057.3623448522494,14.948388570798972,0.00023607881008501803,0.0011195779999997049
486.016,52.72028049603133,2059.671444714874,14.957024193333824,0.0002360788100849386,0.0011196119999997047
486.05,52.76885711686447,2061.7756157537606,14.965662404372317,0.00023607881008492525,0.0011196459999997046
486.084,52.818926559588654,2063.9458117140266,14.974303203993058,0.000236078810084923,0.0011196799999997045
486.118,52.871240791422714,2066.2120215164105,14.982946592274654,0.00023607881008492262,0.0011197139999997044
486.152,52.933652185049354,2068.9197063478973,14.991592569295715,0.00023607881008492256,0.0011197479999997043
486.186,52.98956197594524,2071.3489771094814,15.000241135134848,0.00023607881008492256,0.0011197819999997042
486.22,53.04674114935858,2073.8341881482306,15.008892289870674,0.00023607881008501803,0.0011198159999997043
486.254,53.10124964773857,2076.2087832410557,15.017546033581775,0.0002360788100849386,0.0011198499999997042
486.288,53.15371388837002,2078.4911380235544,15.026202366346771,0.00023607881008492525,0.001119883999999704
486.322,53.20359698556785,2080.6614140700112,15.034861288244272,0.000236078810084923,0.001119917999999704
486.356,53.251931800613015,2082.7635006922255,15.043522799352885,0.00023607881008492262,0.0011199519999997038
486.39,53.30307095418789,2084.9879951077537,15.052186899751218,0.00023607881008492256,0.0011199859999997037
486.424,53.354228512218,2087.2152417797524,15.06085358951788,0.00023607881008492256,0.0011200199999997036
486.458,53.40188660798834,2089.295841587856,15.069522868731491,0.00023607881008501803,0.0011200539999997037
486.492,53.45447783571407,2091.5919240834983,15.078194737470632,0.0002360788100849386,0.0011200879999997036
486.526,53.51197003495747,2094.1021309007447,15.086869195813925,0.00023607881008492525,0.0011201219999997035
486.56,53.56995206189027,2096.632580363122,15.095546243839978,0.000236078810084923,0.0011201559999997033
486.594,53.629304784593344,2099.2251309739536,15.104225881627398,0.00023607881008492262,0.0011201899999997032
486.628,53.68973160200421,2101.866863925232,15.112908109254795,0.00023607881008492256,0.001120223999999703
486.662,53.75132578786425,2104.5627072765387,15.121592926800774,0.00023607881008492256,0.001120257999999703
486.696,53.81095627290887,2107.1730546369245,15.130280334343961,0.00023607881008501803,0.001120291999999703
486.73,53.86435743975386,2109.5105031918074,15.138970331962934,0.0002360788100849386,0.001120325999999703
486.764,53.92027470511074,2111.9601669891476,15.147662919736314,0.00023607881008492525,0.0011203599999997029
486.798,53.979879789731804,2114.5723782767955,15.15635809774271,0.000236078810084923,0.0011203939999997027
486.832,54.04162198472917,2117.276012686675,15.165055866060731,0.00023607881008492262,0.0011204279999997026
486.866,54.097761139625,2119.742611935162,15.173756224768983,0.00023607881008492256,0.0011204619999997025
486.9,54.1478355385909,2121.945844316719,15.182459173946075,0.00023607881008492256,0.0011204959999997024
486.934,54.20295909036627,2124.370830801631,15.19116471367063,0.00023607881008501803,0.0011205299999997025
486.968,54.260438589916205,2126.898646747337,15.199872844021227,0.0002360788100849386,0.0011205639999997024
487.002,54.315101765568514,2129.301613209593,15.208583565076486,0.00023607881008492525,0.0011205979999997023
487.036,54.37202193762114,2131.804085379526,15.217296876915018,0.000236078810084923,0.0011206319999997022
487.07,54.43084857379309,2134.3904004173605,15.22601277961543,0.00023607881008492262,0.001120665999999702
487.104,54.48932517528421,2136.961872809726,15.234731273256331,0.00023607881008492256,0.001120699999999702
487.138,54.54960734111432,2139.611012708823,15.243452357916329,0.00023607881008492256,0.0011207339999997018
487.172,54.60833737310186,2142.1916470006486,15.252176033674045,0.00023607881008501803,0.001120767999999702
487.206,54.665930463213996,2144.7204758016273,15.260902300608059,0.0002360788100849386,0.0011208019999997018
487.24,54.722286947256244,2147.198105175952,15.269631158796992,0.00023607881008492525,0.0011208359999997017
487.274,54.77905595090685,2149.6948072222162,15.278362608319453,0.000236078810084923,0.0011208699999997016
487.308,54.83266882781291,2152.0502505858667,15.28709664925405,0.00023607881008492262,0.0011209039999997015
487.342,54.89094288743851,2154.606666143427,15.29583328167939,0.00023607881008492256,0.0011209379999997013
487.376,54.95323580986977,2157.339617193933,15.30457250567408,0.00023607881008492256,0.0011209719999997012
487.41,55.006583756664305,2159.683626036762,15.313314321316748,0.00023607881008501803,0.0011210059999997013
487.444,55.068239829870535,2162.394132952953,15.322058728685969,0.0002360788100849386,0.0011210399999997012
487.478,55.125667303420016,2164.923294470517,15.330805727860366,0.00023607881008492525,0.001121073999999701
487.512,55.187264008978474,2167.637792839935,15.339555318918547,0.000236078810084923,0.001121107999999701
487.546,55.250356383883286,2170.4231958005953,15.348307501939122,0.00023607881008492262,0.0011211419999997009
487.58,55.30765855982713,2172.951365641337,15.357062277000695,0.00023607881008492256,0.0011211759999997007
487.614,55.359488630195905,2175.241645211211,15.365819644181876,0.00023607881008492256,0.0011212099999997006
487.648,55.41847732270928,2177.8485887487464,15.374579603561287,0.00023607881008501803,0.0011212439999997007
487.682,55.47392090421526,2180.2990641322417,15.383342155217507,0.0002360788100849386,0.0011212779999997006
487.716,55.53154696147951,2182.843956952268,15.392107299229158,0.00023607881008492525,0.0011213119999997005
487.75,55.58808569001692,2185.342199449101,15.400875035674849,0.000236078810084923,0.0011213459999997004
487.784,55.64347481253805,2187.789235158922,15.409645364633189,0.00023607881008492262,0.0011213799999997003
487.818,55.70190263028692,2190.3748300741267,15.418418286182785,0.00023607881008492256,0.0011214139999997002
487.852,55.764540170991694,2193.145932741264,15.427193800402245,0.00023607881008492256,0.0011214479999997
487.886,55.821041947277834,2195.641909400669,15.435971907370192,0.00023607881008501803,0.0011214819999997001
487.92,55.88261230590638,2198.3634903344055,15.444752607165205,0.0002360788100849386,0.0011215159999997
487.954,55.94108999529239,2200.949028050485,15.453535899865905,0.00023607881008492525,0.0011215499999997
487.988,55.99921547905215,2203.519276772141,15.462321785550902,0.000236078810084923,0.0011215839999996998
488.022,56.05670659701855,2206.0593576961173,15.471110264298803,0.00023607881008492262,0.0011216179999996997
488.056,56.107780592314654,2208.3167362880995,15.479901336188215,0.00023607881008492256,0.0011216519999996996
488.09,56.162009138145585,2210.7168243287924,15.488695001297748,0.00023607881008492256,0.0011216859999996995
488.124,56.21535276807779,2213.0771168571223,15.497491259706022,0.00023607881008501803,0.0011217199999996996
488.158,56.271241462954315,2215.547183270842,15.506290111491618,0.0002360788100849386,0.0011217539999996994
488.192,56.3235679025159,2217.8615761409683,15.515091556733157,0.00023607881008492525,0.0011217879999996993
488.226,56.37887262650795,2220.310227721214,15.52389559550925,0.000236078810084923,0.0011218219999996992
488.26,56.44043156566471,2223.035166546329,15.532702227898504,0.00023607881008492262,0.001121855999999699
488.294,56.501654644624224,2225.7493008408233,15.541511453979526,0.00023607881008492256,0.001121889999999699
488.328,56.56184673672405,2228.4161318139627,15.550323273830923,0.00023607881008492256,0.0011219239999996989
488.362,56.616924692916065,2230.8548515731545,15.559137687531319,0.00023607881008501803,0.001121957999999699
488.396,56.672250747632226,2233.3048206205444,15.56795469515929,0.0002360788100849386,0.0011219919999996989
488.43,56.728346231700016,2235.7788297261195,15.576774296793463,0.00023607881008492525,0.0011220259999996987
488.464,56.786896924526005,2238.360608323509,15.585596492512444,0.000236078810084923,0.0011220599999996986
488.498,56.844213206324056,2240.887314994843,15.59442128239484,0.00023607881008492262,0.0011220939999996985
488.532,56.901913499601086,2243.4370986799113,15.60324866651926,0.00023607881008492256,0.0011221279999996984
488.566,56.95749887017725,2245.89633138044,15.612078644964312,0.00023607881008492256,0.0011221619999996983
488.6,57.01513119427638,2248.4472403011923,15.620911217808619,0.00023607881008501803,0.0011221959999996984
488.634,57.06998471580609,2250.878247612694,15.62974638513076,0.0002360788100849386,0.0011222299999996983
488.668,57.12812596940812,2253.45329170887,15.638584147009357,0.00023607881008492525,0.0011222639999996981
488.702,57.189537397948996,2256.173547984799,15.647424503523018,0.000236078810084923,0.001122297999999698
488.736,57.25138237810391,2258.9097831101217,15.65626745475035,0.00023607881008492262,0.001122331999999698
488.77,57.309407627635835,2261.4759005574083,15.665113000769963,0.00023607881008492256,0.0011223659999996978
488.804,57.366328785286804,2263.994161985731,15.673961141660463,0.00023607881008492256,0.0011223999999996977
488.838,57.42669162168684,2266.6716743968655,15.682811877500473,0.00023607881008501803,0.0011224339999996978
488.872,57.485794450355044,2269.2897818957786,15.691665208368573,0.0002360788100849386,0.0011224679999996977
488.906,57.543039656887416,2271.828318985708,15.700521134343385,0.00023607881008492525,0.0011225019999996976
488.94,57.599736383465846,2274.3436062282485,15.709379655503517,0.000236078810084923,0.0011225359999996974
488.974,57.65642429092053,2276.8593823150286,15.718240771927576,0.00023607881008492262,0.0011225699999996973
489.008,57.7121480013114,2279.3379241014627,15.727104483694172,0.00023607881008492256,0.0011226039999996972
489.042,57.76392244370063,2281.6394353108044,15.735970790881911,0.00023607881008492256,0.001122637999999697
489.076,57.81307838409005,2283.827021903062,15.744839693569418,0.00023607881008501803,0.0011226719999996972
489.11,57.86242817142747,2286.0259495909427,15.75371119183527,0.0002360788100849386,0.001122705999999697
489.144,57.913728436928096,2288.310867515906,15.76258528575809,0.00023607881008492525,0.001122739999999697
489.178,57.97027237934115,2290.831495351495,15.771461975416488,0.000236078810084923,0.0011227739999996969
489.212,58.03054720985809,2293.5160674383824,15.780341260889069,0.00023607881008492262,0.0011228079999996967
489.246,58.086567144167006,2296.011127823173,15.789223142254441,0.00023607881008492256,0.0011228419999996966
489.28,58.14673621880219,2298.6928616740543,15.798107619591214,0.00023607881008492256,0.0011228759999996965
489.314,58.20483653479892,2301.280428371256,15.806994692978009,0.00023607881008501803,0.0011229099999996966
489.348,58.25514532654158,2303.518595410345,15.815884362493405,0.0002360788100849386,0.0011229439999996965
489.382,58.31517909593523,2306.1918665750422,15.824776628216025,0.00023607881008492525,0.0011229779999996964
489.416,58.37387630595165,2308.8098417688243,15.833671490224477,0.000236078810084923,0.0011230119999996963
489.45,58.43408569620735,2311.4944750121767,15.84256894859737,0.00023607881008492262,0.0011230459999996961
489.484,58.49022188618107,2314.0014192548497,15.85146900341331,0.00023607881008492256,0.001123079999999696
489.518,58.54860099673837,2316.6084166417604,15.860371654750907,0.00023607881008492256,0.001123113999999696
489.552,58.6052974370752,2319.1379232544427,15.869276902688782,0.00023607881008501803,0.001123147999999696
489.586,58.66038776665944,2321.593821730431,15.878184747305514,0.0002360788100849386,0.001123181999999696
489.62,58.723519306659945,2324.4073937841817,15.887095188679726,0.00023607881008492525,0.0011232159999996958
489.654,58.779637634635726,2326.9082103052056,15.896008226890027,0.000236078810084923,0.0011232499999996957
489.688,58.83460006051826,2329.3515787654087,15.904923862015023,0.00023607881008492262,0.0011232839999996956
489.722,58.89164219394201,2331.8827870764217,15.913842094133322,0.00023607881008492256,0.0011233179999996954
489.756,58.95338367946116,2334.6203019855557,15.922762923323534,0.00023607881008492256,0.0011233519999996953
489.79,59.01448615132115,2337.33318306611,15.93168634966428,0.00023607881008501803,0.0011233859999996954
489.824,59.07520777600038,2340.027363687007,15.94061237323414,0.0002360788100849386,0.0011234199999996953
489.858,59.13589960901347,2342.719006928753,15.949540994111736,0.00023607881008492525,0.0011234539999996952
489.892,59.200565620087346,2345.5872931013737,15.958472212375675,0.000236078810084923,0.001123487999999695
489.926,59.26699557221289,2348.5302651282327,15.967406028104566,0.00023607881008492262,0.001123521999999695
489.96,59.33327065234886,2351.466243901184,15.976342441377017,0.00023607881008492256,0.0011235559999996949
489.994,59.393661310274354,2354.145100849749,15.985281452271654,0.00023607881008501803,0.001123589999999695
490.028,59.453298729624954,2356.7908233268763,15.99422306086705,0.0002360788100849386,0.0011236239999996948
490.062,59.509163047287856,2359.275374759879,16.003167267241828,0.00023607881008492525,0.0011236579999996947
490.096,59.56151236337344,2361.602472934921,16.0121140714746,0.000236078810084923,0.0011236919999996946
490.13,59.6164473598768,2364.0473862707886,16.02106347364397,0.00023607881008492262,0.0011237259999996945
490.164,59.67538663849187,2366.6669978196933,16.030015473828552,0.00023607881008492256,0.0011237599999996944
490.198,59.732002142247346,2369.1848462285925,16.03897007210695,0.00023607881008492256,0.0011237939999996943
490.232,59.786347869892325,2371.604191569232,16.047927268557782,0.00023607881008501803,0.0011238279999996944
490.266,59.845656160488396,2374.244323387734,16.056887063259634,0.0002360788100849386,0.0011238619999996942
490.3,59.91152714938735,2377.17661902664,16.065849456291126,0.00023607881008492525,0.0011238959999996941
490.334,59.97495487604257,2380.0045022398563,16.074814447730866,0.000236078810084923,0.001123929999999694
490.368,60.034347430274245,2382.654168875316,16.08378203765746,0.00023607881008492262,0.001123963999999694
490.402,60.09574794744439,2385.3914499637,16.09275222614952,0.00023607881008492256,0.0011239979999996938
490.436,60.15382503570221,2387.9794223537024,16.101725013285655,0.00023607881008492256,0.0011240319999996937
490.47,60.2138463403167,2390.6531402212945,16.110700399144484,0.00023607881008501803,0.0011240659999996938
490.504,60.273721241509826,2393.3157624288297,16.119678383804583,0.0002360788100849386,0.0011240999999996937
490.538,60.330048714025935,2395.819151875543,16.12865896734458,0.00023607881008492525,0.0011241339999996935
490.572,60.39118970365738,2398.5399942175763,16.13764214984308,0.000236078810084923,0.0011241679999996934
490.606,60.450133417039986,2401.1637207075296,16.146627931378692,0.00023607881008492262,0.0011242019999996933
490.64,60.511810545271125,2403.9031664186114,16.155616312030023,0.00023607881008492256,0.0011242359999996932
490.674,60.5784887118145,2406.866408107954,16.164607291875683,0.00023607881008492256,0.001124269999999693
490.708,60.64347000121503,2409.7525907408135,16.173600870994292,0.00023607881008501803,0.0011243039999996932
490.742,60.70427968400478,2412.4523085270566,16.18259704946443,0.0002360788100849386,0.001124337999999693
490.776,60.766645111911174,2415.2147753042864,16.191595827364722,0.00023607881008492525,0.001124371999999693
490.81,60.832320859933475,2418.121926702211,16.200597204773775,0.000236078810084923,0.0011244059999996928
490.844,60.89470018680895,2420.88360893066,16.209601181770196,0.00023607881008492262,0.0011244399999996927
490.878,60.95801394857609,2423.688191183633,16.218607758432594,0.00023607881008492256,0.0011244739999996926
490.912,61.01507973405409,2426.213698224002,16.227616934839574,0.00023607881008492256,0.0011245079999996925
490.946,61.069708206350064,2428.629468591325,16.236628711069763,0.00023607881008501803,0.0011245419999996926
490.98,61.12185688160592,2430.9370716042004,16.245643087201735,0.0002360788100849386,0.0011245759999996925
491.014,61.177345115401025,2433.3927712420823,16.254660063314113,0.00023607881008492525,0.0011246099999996924
491.048,61.23061806306426,2435.7499441545388,16.263679639485506,0.000236078810084923,0.0011246439999996923
491.082,61.28398404892904,2438.1084382488725,16.272701815794527,0.00023607881008492262,0.0011246779999996921
491.116,61.3441669956628,2440.769585840788,16.28172659231978,0.00023607881008492256,0.001124711999999692
491.15,61.398315171892676,2443.1634916009502,16.290753969139875,0.00023607881008492256,0.001124745999999692
491.184,61.45761407665198,2445.7852558457607,16.29978394633343,0.00023607881008501803,0.001124779999999692
491.218,61.52166810936923,2448.6213159512185,16.308816523979026,0.0002360788100849386,0.001124813999999692
491.252,61.5799064209827,2451.204998896138,16.317851702155288,0.00023607881008492525,0.0011248479999996918
491.286,61.642159559215976,2453.973514976603,16.32688948094082,0.000236078810084923,0.0011248819999996917
491.32,61.70547501515498,2456.7899172492207,16.335929860414232,0.00023607881008492262,0.0011249159999996915
491.354,61.76948243411586,2459.635869567292,16.344972840654133,0.00023607881008492256,0.0011249499999996914
491.388,61.8319099068621,2462.4110049245496,16.35401842173913,0.00023607881008492256,0.0011249839999996913
491.422,61.88326736342257,2464.6931871132497,16.363066603747846,0.00023607881008501803,0.0011250179999996914
491.456,61.93596945694247,2467.034480577165,16.37211738675886,0.0002360788100849386,0.0011250519999996913
491.49,61.993501147952095,2469.590107731805,16.38117077085079,0.00023607881008492525,0.0011250859999996912
491.524,62.05336549207449,2472.2563204481453,16.39022675610225,0.000236078810084923,0.001125119999999691
491.558,62.109895501956544,2474.7738994332904,16.39928534259185,0.00023607881008492262,0.001125153999999691
491.592,62.167700356489334,2477.353865994457,16.40834653039819,0.00023607881008492256,0.0011251879999996908
491.626,62.22319747786818,2479.829599451483,16.417410319599885,0.00023607881008492256,0.0011252219999996907
491.66,62.280254466961026,2482.377418472382,16.42647671027555,0.00023607881008501803,0.0011252559999996908
491.694,62.33821455278211,2484.9623827746354,16.435545702503774,0.0002360788100849386,0.0011252899999996907
491.728,62.40096641286437,2487.758861028004,16.44461729636317,0.00023607881008492525,0.0011253239999996906
491.762,62.46659520860839,2490.689224599575,16.453691491932346,0.000236078810084923,0.0011253579999996905
491.796,62.52803840186162,2493.432283101835,16.46276828928992,0.00023607881008492262,0.0011253919999996904
491.83,62.58595125945498,2496.018007250883,16.471847688514494,0.00023607881008492256,0.0011254259999996903
491.864,62.641274966945794,2498.4881739362345,16.480929689684675,0.00023607881008492256,0.0011254599999996901
491.898,62.697431129440716,2500.9922503798875,16.490014292879085,0.00023607881008501803,0.0011254939999996902
491.932,62.75890714410704,2503.733185079225,16.499101498176305,0.0002360788100849386,0.0011255279999996901
491.966,62.82370243558985,2506.6256493799283,16.508191305654957,0.00023607881008492525,0.00112556199999969
492.0,62.88560901239311,2509.384859519436,16.51728371539365,0.000236078810084923,0.00112559599999969
492.034,62.942523908278346,2511.9225561933767,16.52637872747099,0.00023607881008492262,0.0011256299999996898
492.068,63.003177208469516,2514.626758425762,16.535476341965587,0.00023607881008492256,0.0011256639999996897
492.102,63.0648434381531,2517.380029821094,16.544576558956045,0.00023607881008492256,0.0011256979999996895
492.136,63.133189630327855,2520.4315273082575,16.55367937852099,0.00023607881008501803,0.0011257319999996896
492.17,63.190724584780355,2522.999749444994,16.562784800739,0.0002360788100849386,0.0011257659999996895
492.204,63.25247265268519,2525.75882874887,16.5718928256887,0.00023607881008492525,0.0011257999999996894
492.238,63.3154589907852,2528.5735679686527,16.581003453448698,0.000236078810084923,0.0011258339999996893
492.272,63.37807781339005,2531.3682407320566,16.590116684097598,0.00023607881008492262,0.0011258679999996892
492.306,63.44152809169719,2534.2053843969998,16.59923251771401,0.00023607881008492256,0.001125901999999689
492.34,63.499722392135524,2536.8103553516057,16.608350954376544,0.00023607881008492256,0.001125935999999689
492.374,63.548513043494815,2538.9935992874925,16.617471994163818,0.00023607881008501803,0.001125969999999689
492.408,63.605001319897774,2541.517214440399,16.626595637154416,0.0002360788100849386,0.001126003999999689
492.442,63.6684784131367,2544.356319004723,16.635721883426957,0.00023607881008492525,0.0011260379999996888
492.476,63.725274263977674,2546.8973615497725,16.644850733060046,0.000236078810084923,0.0011260719999996887
492.51,63.77885042115625,2549.2945074727672,16.653982186132296,0.00023607881008492262,0.0011261059999996886
492.544,63.83746237729222,2551.9199826970216,16.663116242722314,0.00023607881008492256,0.0011261399999996885
492.578,63.89650578717646,2554.566317298398,16.67225290290871,0.00023607881008492256,0.0011261739999996884
492.612,63.95087037803359,2557.0034466090256,16.681392166770106,0.00023607881008501803,0.0011262079999996885
492.646,64.01517675256231,2559.8844100480514,16.690534034385077,0.0002360788100849386,0.0011262419999996884
492.68,64.07605136968556,2562.611763936158,16.69967850583225,0.00023607881008492525,0.0011262759999996882
492.714,64.13969244283153,2565.461760361907,16.70882558119023,0.000236078810084923,0.0011263099999996881
492.748,64.20217369637076,2568.2580457133085,16.717975260537624,0.00023607881008492262,0.001126343999999688
492.782,64.27519242302567,2571.526566681625,16.727127543953046,0.00023607881008492256,0.001126377999999688
492.816,64.34424938385023,2574.617390865627,16.7362824315151,0.00023607881008492256,0.0011264119999996878
492.85,64.40713802956739,2577.4414195616773,16.74543992330241,0.00023607881008501803,0.0011264459999996879
492.884,64.47534732301787,2580.509655106992,16.754600019393553,0.0002360788100849386,0.0011264799999996878
492.918,64.54715767385972,2583.7443040260723,16.763762719867152,0.00023607881008492525,0.0011265139999996877
492.952,64.6117421352083,2586.654012874304,16.772928024801814,0.000236078810084923,0.0011265479999996875
492.986,64.67537836805492,2589.5149319298935,16.782095934276146,0.00023607881008492262,0.0011265819999996874
493.02,64.73223981050269,2592.0719541127014,16.79126644836876,0.00023607881008492256,0.0011266159999996873
493.054,64.79704549796274,2594.9901188411222,16.80043956715826,0.00023607881008492256,0.0011266499999996872
493.088,64.8632065963029,2597.9712821287894,16.809615290723272,0.00023607881008501803,0.0011266839999996873
493.122,64.93043818284585,2600.9932784865255,16.818793619142372,0.0002360788100849386,0.0011267179999996872
493.156,64.99333098907277,2603.8185393838353,16.827974552494183,0.00023607881008492525,0.001126751999999687
493.19,65.05161299030264,2606.440179320724,16.837158090857315,0.000236078810084923,0.001126785999999687
493.224,65.1108767926312,2609.102029205483,16.846344234310376,0.00023607881008492262,0.0011268199999996868
493.258,65.1719814344892,2611.8462568709992,16.855532982931972,0.00023607881008492256,0.0011268539999996867
493.292,65.23988756806119,2614.892326661242,16.864724336800712,0.00023607881008492256,0.0011268879999996866
493.326,65.30566850650388,2617.8485271845816,16.873918295995217,0.00023607881008501803,0.0011269219999996867
493.36,65.37527998049808,2620.973372391081,16.88311486059407,0.0002360788100849386,0.0011269559999996866
493.394,65.44516582153464,2624.1067665028995,16.89231403067589,0.00023607881008492525,0.0011269899999996865
493.428,65.51787512205901,2627.368337302121,16.90151580631929,0.000236078810084923,0.0011270239999996864
493.462,65.58863164799286,2630.542368433454,16.91072018760287,0.00023607881008492262,0.0011270579999996862
493.496,65.65369316708416,2633.4645449005343,16.91992717460524,0.00023607881008492256,0.0011270919999996861
493.53,65.71190560819757,2636.0803264444553,16.929136767405016,0.00023607881008492256,0.001127125999999686
493.564,65.77308029384665,2638.832624667783,16.938348966080813,0.00023607881008501803,0.0011271599999996861
493.598,65.83733048514141,2641.7249449454835,16.94756377071121,0.0002360788100849386,0.001127193999999686
493.632,65.89565615949427,2644.3489030536944,16.95678118137483,0.00023607881008492525,0.0011272279999996859
493.666,65.95327728641026,2646.9425292065475,16.966001198150284,0.000236078810084923,0.0011272619999996858
493.7,66.01273013721068,2649.619041059238,16.975223821116177,0.00023607881008492262,0.0011272959999996857
493.734,66.06858782444903,2652.1307393676066,16.984449050351117,0.00023607881008492256,0.0011273299999996855
493.768,66.1300761382053,2654.8996287245004,16.993676885933713,0.00023607881008492256,0.0011273639999996854
493.802,66.19828700574774,2657.97775746546,17.002907327942587,0.00023607881008501803,0.0011273979999996855
493.836,66.2609433250168,2660.80725606349,17.01214037645632,0.0002360788100849386,0.0011274319999996854
493.87,66.32387294281682,2663.64833268332,17.021376031553533,0.00023607881008492525,0.0011274659999996853
493.904,66.39198697813475,2666.7317918812014,17.030614293312833,0.000236078810084923,0.0011274999999996852
493.938,66.45996005306321,2669.8150682902096,17.039855161812827,0.00023607881008492262,0.001127533999999685
493.972,66.52031059787831,2672.5591064188498,17.049098637132126,0.00023607881008492256,0.001127567999999685
494.006,66.57652071803867,2675.1133712051155,17.058344719349336,0.00023607881008492256,0.0011276019999996848
494.04,66.63468859532976,2677.75550699983,17.067593408543086,0.00023607881008501803,0.001127635999999685
494.074,66.70196748344794,2680.814131855071,17.07684470479195,0.0002360788100849386,0.0011276699999996848
494.108,66.77548744015785,2684.154503475034,17.086098608174545,0.00023607881008492525,0.0011277039999996847
494.142,66.8419866915474,2687.18170506489,17.095355118769486,0.000236078810084923,0.0011277379999996846
494.176,66.9104557359535,2690.2963716105573,17.10461423665538,0.00023607881008492262,0.0011277719999996845
494.21,66.98319072422667,2693.601608157179,17.113875961910832,0.00023607881008492256,0.0011278059999996844
494.244,67.04467941883509,2696.389613673295,17.12314029461447,0.00023607881008501803,0.0011278399999996845
494.278,67.10402804291392,2699.084179976517,17.132407234844862,0.0002360788100849386,0.0011278739999996843
494.312,67.16873418799975,2702.022532257362,17.14167678268064,0.00023607881008492525,0.0011279079999996842
494.346,67.23225595730639,2704.9082664298157,17.15094893820041,0.000236078810084923,0.0011279419999996841
494.38,67.296386219393,2707.8225269529844,17.16022370148278,0.00023607881008492262,0.001127975999999684
494.414,67.35770522687642,2710.6070442915034,17.169501072606362,0.00023607881008492256,0.0011280099999996839
494.448,67.42472286695342,2713.649991271575,17.17878105164976,0.00023607881008492256,0.0011280439999996838
494.482,67.48947300553331,2716.5893778939744,17.188063638691595,0.00023607881008501803,0.0011280779999996839
494.516,67.5508224109879,2719.3746060431813,17.197348833810448,0.0002360788100849386,0.0011281119999996838
494.55,67.61335608718392,2722.212007711216,17.20663663708494,0.00023607881008492525,0.0011281459999996836
494.584,67.67777289131509,2725.1282318290973,17.21592704859368,0.000236078810084923,0.0011281799999996835
494.618,67.73807067584507,2727.8580823345624,17.22522006841528,0.00023607881008492262,0.0011282139999996834
494.652,67.80255770553212,2730.7774694805726,17.23451569662834,0.00023607881008492256,0.0011282479999996833
494.686,67.86578679775896,2733.6396991555553,17.24381393331147,0.00023607881008492256,0.0011282819999996832
494.72,67.92691122845903,2736.4067763583093,17.2531147785433,0.00023607881008501803,0.0011283159999996833
494.754,67.98940524622309,2739.2363850927186,17.262418232402396,0.0002360788100849386,0.0011283499999996832
494.788,68.0472980433619,2741.8516033978917,17.27172429496739,0.00023607881008492525,0.001128383999999683
494.822,68.1082694448432,2744.60791051483,17.281032966316893,0.000236078810084923,0.001128417999999683
494.856,68.1698730235782,2747.390325442244,17.290344246529504,0.00023607881008492262,0.0011284519999996828
494.89,68.23331035458118,2750.261154653903,17.299658135683835,0.00023607881008492256,0.0011284859999996827
494.924,68.30208143450984,2753.3812594961773,17.308974633858494,0.00023607881008492256,0.0011285199999996826
494.958,68.36329316265018,2756.1563377721513,17.318293741132106,0.00023607881008501803,0.0011285539999996827
494.992,68.4230689504682,2758.863789686418,17.327615457583246,0.0002360788100849386,0.0011285879999996826
495.026,68.48300366629337,2761.577398480055,17.33693978329054,0.00023607881008492525,0.0011286219999996825
495.06,68.53909821694627,2764.118741061456,17.346266718332593,0.000236078810084923,0.0011286559999996823
495.094,68.60399749290734,2767.0596095880833,17.355596262788016,0.00023607881008492262,0.0011286899999996822
495.128,68.66831658827758,2769.979660735016,17.364928416735413,0.00023607881008492256,0.0011287239999996821
495.162,68.73179880667122,2772.857388596368,17.374263180253394,0.00023607881008492256,0.001128757999999682
495.196,68.80077231887203,2775.9838139937797,17.38360055342058,0.00023607881008501803,0.001128791999999682
495.23,68.8661935633982,2778.951486477569,17.392940536315553,0.0002360788100849386,0.001128825999999682
495.264,68.92483658135684,2781.61222916527,17.402283129016933,0.00023607881008492525,0.0011288599999996819
495.298,68.98692880912186,2784.431043434827,17.41162833160333,0.000236078810084923,0.0011288939999996818
495.332,69.04717122328071,2787.1689816425496,17.42097614415335,0.00023607881008492262,0.0011289279999996816
495.366,69.10780411116103,2789.9248970833737,17.430326566745602,0.00023607881008492256,0.0011289619999996815
495.4,69.16641071822026,2792.5896191857637,17.439679599458692,0.00023607881008492256,0.0011289959999996814
495.434,69.22633519031515,2795.314033135396,17.449035242371245,0.00023607881008501803,0.0011290299999996815
495.468,69.2892178715676,2798.175543817093,17.45839349556184,0.0002360788100849386,0.0011290639999996814
495.502,69.35742381647974,2801.2827370407617,17.467754359109097,0.00023607881008492525,0.0011290979999996813
495.536,69.42929297325529,2804.5572485948546,17.47711783309163,0.000236078810084923,0.0011291319999996812
495.57,69.49451456794687,2807.529937281225,17.486483917588043,0.00023607881008492262,0.001129165999999681
495.604,69.56084957038469,2810.5522723409754,17.49585261267694,0.00023607881008492256,0.001129199999999681
495.638,69.6307549450801,2813.7451087383142,17.505223918436936,0.00023607881008492256,0.0011292339999996808
495.672,69.69617803993626,2816.7359145606897,17.514597834946652,0.00023607881008501803,0.001129267999999681
495.706,69.7664391536917,2819.9507141664453,17.523974362284665,0.0002360788100849386,0.0011293019999996808
495.74,69.83142904719674,2822.9227450633166,17.533353500529596,0.00023607881008492525,0.0011293359999996807
495.774,69.89611408661752,2825.8779214586507,17.542735249760057,0.000236078810084923,0.0011293699999996806
495.808,69.9606255131808,2828.8246314007574,17.552119610054653,0.00023607881008492262,0.0011294039999996805
495.842,70.02928474775688,2831.9627833052677,17.561506581491994,0.00023607881008492256,0.0011294379999996803
495.876,70.09707858331065,2835.0640003304543,17.570896164150685,0.00023607881008492256,0.0011294719999996802
495.91,70.16557178966022,2838.1967171630076,17.580288358109353,0.00023607881008501803,0.0011295059999996803
495.944,70.2275522389217,2841.0345595340546,17.589683163446573,0.0002360788100849386,0.0011295399999996802
495.978,70.28916568895932,2843.856456850292,17.59908058024097,0.00023607881008492525,0.00112957399999968
496.012,70.3485617536586,2846.574255393455,17.60848060857115,0.000236078810084923,0.00112960799999968
496.046,70.41567157835487,2849.647210067632,17.61788324851572,0.00023607881008492262,0.0011296419999996799
496.08,70.48096465071528,2852.6316061686584,17.62728850015329,0.00023607881008492256,0.0011296759999996798
496.114,70.5500283579819,2855.793666059679,17.63669636356247,0.00023607881008492256,0.0011297099999996796
496.148,70.61754516316495,2858.88644400107,17.646106838821883,0.00023607881008501803,0.0011297439999996797
496.182,70.68077292071051,2861.784073996889,17.655519926010104,0.0002360788100849386,0.0011297779999996796
496.216,70.74036000301518,2864.518177030309,17.664935625205757,0.00023607881008492525,0.0011298119999996795
496.25,70.80606875417752,2867.5331705806348,17.67435393648745,0.000236078810084923,0.0011298459999996794
496.284,70.87391606495608,2870.6448477461026,17.683774859933788,0.00023607881008492262,0.0011298799999996793
496.318,70.9387675905629,2873.6218910534612,17.693198395623384,0.00023607881008492256,0.0011299139999996792
496.352,71.00159079308115,2876.5012908860576,17.702624543634844,0.00023607881008492256,0.001129947999999679
496.386,71.06381318953913,2879.3550548973135,17.71205330404679,0.00023607881008501803,0.0011299819999996792
496.42,71.13315966065697,2882.5378455593395,17.721484676937802,0.0002360788100849386,0.001130015999999679
496.454,71.19650153905717,2885.4479749319503,17.7309186623865,0.00023607881008492525,0.001130049999999679
496.488,71.2576239226665,2888.2651463909096,17.740355260471496,0.000236078810084923,0.0011300839999996788
496.522,71.3234788204127,2891.297175228825,17.749794471271397,0.00023607881008492262,0.0011301179999996787
496.556,71.38756390525074,2894.2499525307758,17.75923629486481,0.00023607881008492256,0.0011301519999996786
496.59,71.45398632348802,2897.306330308318,17.768680731330342,0.00023607881008492256,0.0011301859999996785
496.624,71.52333536033589,2900.5054339487433,17.778127780746615,0.00023607881008501803,0.0011302199999996786
496.658,71.59000799204723,2903.5808318736435,17.78757744319221,0.0002360788100849386,0.0011302539999996784
496.692,71.66014566117731,2906.81345741944,17.797029718745748,0.00023607881008492525,0.0011302879999996783
496.726,71.72837252005974,2909.959839966098,17.80648460748584,0.000236078810084923,0.0011303219999996782
496.76,71.79218428881325,2912.90142514731,17.81594210949109,0.00023607881008492262,0.001130355999999678
496.794,71.85531102067347,2915.820663928619,17.82540222484011,0.00023607881008492256,0.001130389999999678
496.828,71.9179035701298,2918.7172399718715,17.834864953611508,0.00023607881008492256,0.0011304239999996779
496.862,71.9889604908761,2922.0106935604936,17.844330295883903,0.00023607881008501803,0.001130457999999678
496.896,72.05656931627318,2925.148323332733,17.853798251735874,0.0002360788100849386,0.0011304919999996779
496.93,72.1308537286273,2928.5955482805875,17.863268821246045,0.00023607881008492525,0.0011305259999996777
496.964,72.19866649451811,2931.746017436231,17.872742004493023,0.000236078810084923,0.0011305599999996776
496.998,72.26908148699611,2935.023666196428,17.88221780155542,0.00023607881008492262,0.0011305939999996775
497.032,72.33638236794657,2938.1637200732307,17.891696212511842,0.00023607881008492256,0.0011306279999996774
497.066,72.4044426167501,2941.341909015352,17.901177237440894,0.00023607881008492256,0.0011306619999996773
497.1,72.4707656931431,2944.44602435309,17.9106608764212,0.00023607881008501803,0.0011306959999996774
497.134,72.53776794632212,2947.590704309386,17.92014712953134,0.0002360788100849386,0.0011307299999996773
497.168,72.60714425614597,2950.8416529268716,17.929635996849935,0.00023607881008492525,0.0011307639999996772
497.202,72.6723139941769,2953.8937440151567,17.939127478455596,0.000236078810084923,0.001130797999999677
497.236,72.74318605667494,2957.208459006085,17.94862157442693,0.00023607881008492262,0.001130831999999677
497.27,72.80645350860102,2960.166043148071,17.958118284842545,0.00023607881008492256,0.0011308659999996768
497.304,72.87958574052232,2963.5868370474677,17.967617609781048,0.00023607881008492256,0.0011308999999996767
497.338,72.94925417137979,2966.847629954155,17.97711954932106,0.00023607881008501803,0.0011309339999996768
497.372,73.025878890594,2970.4305219589874,17.98662410354116,0.0002360788100849386,0.0011309679999996767
497.406,73.09331187521407,2973.58167578308,17.99613127251997,0.00023607881008492525,0.0011310019999996766
497.44,73.15783052307202,2976.5984357138063,18.005641056336103,0.000236078810084923,0.0011310359999996765
497.474,73.2189227480669,2979.454775567542,18.015153455068162,0.00023607881008492262,0.0011310699999996763
497.508,73.28144587121682,2982.3792383348596,18.024668468794758,0.00023607881008492256,0.0011311039999996762
497.542,73.35271805198285,2985.7094874066174,18.0341860975945,0.00023607881008492256,0.001131137999999676
497.576,73.41604390910224,2988.6706233981167,18.04370634154601,0.00023607881008501803,0.0011311719999996762
497.61,73.4796523356484,2991.6440982054796,18.05322920072786,0.0002360788100849386,0.001131205999999676
497.644,73.53817144487358,2994.377967571691,18.062754675218677,0.00023607881008492525,0.001131239999999676
497.678,73.60174062338454,2997.344564911309,18.07228276509707,0.000236078810084923,0.0011312739999996759
497.712,73.67015883399718,3000.5403383938337,18.08181347044165,0.00023607881008492262,0.0011313079999996757
497.746,73.7391821031715,3003.767774373312,18.09134679133102,0.00023607881008492256,0.0011313419999996756
497.78,73.79894471187313,3006.558187651866,18.100882727843793,0.00023607881008492256,0.0011313759999996755
497.814,73.86419372851694,3009.6095785630123,18.11042128005859,0.00023607881008501803,0.0011314099999996756
497.848,73.93067291473268,3012.7163906490655,18.119962448053986,0.0002360788100849386,0.0011314439999996755
497.882,73.98674620282432,3015.3392484709034,18.129506231908607,0.00023607881008492525,0.0011314779999996754
497.916,74.04938730162776,3018.277122495049,18.13905263170106,0.000236078810084923,0.0011315119999996753
497.95,74.11035655798587,3021.1335184134086,18.14860164750995,0.00023607881008492262,0.0011315459999996752
497.984,74.18396404491918,3024.5821148121317,18.158153279413888,0.00023607881008492256,0.001131579999999675
498.018,74.25568131331146,3027.9391563571294,18.167707527491483,0.00023607881008492256,0.001131613999999675
498.052,74.32585998361144,3031.224348076991,18.177264391821357,0.00023607881008501803,0.001131647999999675
498.086,74.39985606776573,3034.6897731967993,18.186823872482087,0.0002360788100849386,0.001131681999999675
498.12,74.47022979325446,3037.9876485804207,18.1963859695523,0.00023607881008492525,0.0011317159999996748
498.154,74.53589367349035,3041.068413705894,18.2059506831106,0.000236078810084923,0.0011317499999996747
498.188,74.60948268448078,3044.526627039179,18.215518013235595,0.00023607881008492262,0.0011317839999996746
498.222,74.6721816501408,3047.468518650267,18.225087960005894,0.00023607881008492256,0.0011318179999996745
498.256,74.7332362160516,3050.334871513126,18.234660523500107,0.00023607881008492256,0.0011318519999996743
498.29,74.78945989718713,3052.971973077384,18.244235703796857,0.00023607881008501803,0.0011318859999996744
498.324,74.84777887785528,3055.7075511294274,18.253813500974715,0.0002360788100849386,0.0011319199999996743
498.358,74.91561364941857,3058.8872549473085,18.26339391511231,0.00023607881008492525,0.0011319539999996742
498.392,74.98277648739798,3062.037292848127,18.27297694628825,0.000236078810084923,0.001131987999999674
498.426,75.05148756588075,3065.255299691499,18.28256259458114,0.00023607881008492262,0.001132021999999674
498.46,75.12096924035102,3068.5045740608875,18.29215086006959,0.00023607881008492256,0.0011320559999996739
498.494,75.19274226014147,3071.8665934069286,18.301741742832228,0.00023607881008501803,0.001132089999999674
498.528,75.26642101083934,3075.316971553572,18.311335242947624,0.0002360788100849386,0.0011321239999996738
498.562,75.34412049478519,3078.959815733677,18.320931360494406,0.00023607881008492525,0.0011321579999996737
498.596,75.42011130173174,3082.5227702386596,18.33053009555118,0.000236078810084923,0.0011321919999996736
498.63,75.4979154736785,3086.167059467885,18.34013144819655,0.00023607881008492262,0.0011322259999996735
498.664,75.57178127321991,3089.623805350243,18.349735418509134,0.00023607881008492256,0.0011322599999996734
498.698,75.63590404086808,3092.6252834192305,18.35934200656753,0.00023607881008492256,0.0011322939999996733
498.732,75.70369504759257,3095.7972468737257,18.36895121245037,0.00023607881008501803,0.0011323279999996734
498.766,75.7728106456223,3099.029707749402,18.37856303623622,0.0002360788100849386,0.0011323619999996733
498.8,75.8408423075273,3102.2100799462173,18.38817747800371,0.00023607881008492525,0.0011323959999996731
498.834,75.90527114655652,3105.2254995690637,18.397794537831448,0.000236078810084923,0.001132429999999673
498.868,75.96726978753082,3108.1265215682233,18.407414215798045,0.00023607881008492262,0.001132463999999673
498.902,76.034994344552,3111.2962181160983,18.417036511982104,0.00023607881008492256,0.0011324979999996728
498.936,76.10320508123617,3114.483641586606,18.426661426462235,0.00023607881008492256,0.0011325319999996727
498.97,76.16738324369658,3117.4865218724594,18.436288959317064,0.00023607881008501803,0.0011325659999996728
499.004,76.24083828500639,3120.922314014898,18.445919110625162,0.0002360788100849386,0.0011325999999996727
499.038,76.31554138946555,3124.41584743707,18.45555188046516,0.00023607881008492525,0.0011326339999996726
499.072,76.38334323826615,3127.5888699783977,18.46518726891566,0.000236078810084923,0.0011326679999996724
499.106,76.45375780002368,3130.889862030948,18.474825276055274,0.00023607881008492262,0.0011327019999996723
499.14,76.52744796171257,3134.3465565274814,18.484465901962608,0.00023607881008492256,0.0011327359999996722
499.174,76.60251350915172,3137.8653163678523,18.49410914671627,0.00023607881008492256,0.001132769999999672
499.208,76.6790660697692,3141.453648847627,18.50375501039488,0.00023607881008501803,0.0011328039999996722
499.242,76.75209326905244,3144.8664920410365,18.513403493077018,0.0002360788100849386,0.001132837999999672
499.276,76.82131476755957,3148.1018118406423,18.52305459484131,0.00023607881008492525,0.001132871999999672
499.31,76.89030444909432,3151.328079183884,18.53270831576636,0.000236078810084923,0.0011329059999996719
499.344,76.96126893185584,3154.642914733593,18.54236465593078,0.00023607881008492262,0.0011329399999996717
499.378,77.02933993666976,3157.8252134535446,18.552023615413177,0.00023607881008492256,0.0011329739999996716
499.412,77.09946664811578,3161.102663652624,18.561685194292156,0.00023607881008492256,0.0011330079999996715
499.446,77.16500816532266,3164.1652337423834,18.571349392646347,0.00023607881008501803,0.0011330419999996716
499.48,77.23293897595612,3167.3352840175553,18.581016210554317,0.0002360788100849386,0.0011330759999996715
499.514,77.30483110750254,3170.6932994935755,18.590685648094695,0.00023607881008492525,0.0011331099999996714
499.548,77.37483492609702,3173.962221208026,18.600357705346088,0.000236078810084923,0.0011331439999996713
499.582,77.4420967584467,3177.096740227781,18.610032382387107,0.00023607881008492262,0.0011331779999996711
499.616,77.51683059458277,3180.589691572282,18.61970967929636,0.00023607881008492256,0.001133211999999671
499.65,77.58949054972695,3183.98914487513,18.62938959615245,0.00023607881008492256,0.001133245999999671
499.684,77.66557109058391,3187.54226429628,18.639072133034006,0.00023607881008501803,0.001133279999999671
499.718,77.72736129020137,3190.434701369965,18.648757290019603,0.0002360788100849386,0.001133313999999671
499.752,77.79727853980104,3193.7105069661384,18.658445067187863,0.00023607881008492525,0.0011333479999996708
499.786,77.86177942792415,3196.7298908005264,18.668135464617393,0.000236078810084923,0.0011333819999996707
499.82,77.9345530687265,3200.133167505662,18.677828482386804,0.00023607881008492262,0.0011334159999996706
499.854,78.01367222500356,3203.8339277975615,18.687524120574704,0.00023607881008492256,0.0011334499999996704
499.888,78.08073858126004,3206.9740996667265,18.6972223792597,0.00023607881008492256,0.0011334839999996703
499.922,78.15051566124791,3210.2388662603917,18.706923258520415,0.00023607881008501803,0.0011335179999996704
499.956,78.21750993121083,3213.376494172444,18.716626758435428,0.0002360788100849386,0.0011335519999996703
499.99,78.28661691986781,3216.6119142589587,18.726332879083362,0.00023607881008492525,0.0011335859999996702
500.024,78.35620687543141,3219.872626602471,18.73604162054282,0.000236078810084923,0.00113361999999967
500.058,78.42863469981012,3223.261875140384,18.745752982892416,0.00023607881008492262,0.00113365399999967
500.092,78.49704897292817,3226.4681590628884,18.755466966210758,0.00023607881008492256,0.0011336879999996699
500.126,78.5640573420539,3229.606125909008,18.76518357057645,0.00023607881008492256,0.0011337219999996697
500.16,78.63196007462793,3232.784142012531,18.77490279606812,0.00023607881008501803,0.0011337559999996698
500.194,78.70051512933631,3235.997461675646,18.78462464276434,0.0002360788100849386,0.0011337899999996697
500.228,78.7838465054684,3239.9118520908196,18.794349110743735,0.00023607881008492525,0.0011338239999996696
500.262,78.8688815740141,3243.910691835912,18.804076200084914,0.000236078810084923,0.0011338579999996695
500.296,78.95105713215693,3247.7794198378056,18.813805910866485,0.00023607881008492262,0.0011338919999996694
500.33,79.01872467309714,3250.962209670062,18.823538243167057,0.00023607881008492256,0.0011339259999996693
500.364,79.08858393647171,3254.2452702398423,18.83327319706524,0.00023607881008492256,0.0011339599999996691
500.398,79.15045102064175,3257.1523946681086,18.84301077263965,0.00023607881008501803,0.0011339939999996692
500.432,79.21046709688162,3259.9775718014794,18.85275096996887,0.0002360788100849386,0.0011340279999996691
500.466,79.28740454507019,3263.6058577036556,18.862493789131523,0.00023607881008492525,0.001134061999999669
500.5,79.36343094732045,3267.186474891072,18.872239230206215,0.000236078810084923,0.001134095999999669
500.534,79.43625417141214,3270.61331061817,18.881987293271553,0.00023607881008492262,0.0011341299999996688
500.568,79.50642299328265,3273.9136172725275,18.891737978406148,0.00023607881008492256,0.0011341639999996687
500.602,79.58268228846367,3277.5080736586174,18.901491285688607,0.00023607881008492256,0.0011341979999996686
500.636,79.65468433645107,3280.9044812398947,18.911247215197555,0.00023607881008501803,0.0011342319999996687
500.67,79.72639186997273,3284.294267010072,18.921005767011565,0.0002360788100849386,0.0011342659999996685
500.704,79.8015161586063,3287.847707688772,18.930766941209264,0.00023607881008492525,0.0011342999999996684
500.738,79.87254535173572,3291.214095352845,18.94053073786926,0.000236078810084923,0.0011343339999996683
500.772,79.94690777577901,3294.7346030397503,18.95029715707016,0.00023607881008492262,0.0011343679999996682
500.806,80.01876056121375,3298.1375306949585,18.960066198890573,0.00023607881008492256,0.001134401999999668
500.84,80.09053286144831,3301.536893710673,18.969837863409104,0.00023607881008492256,0.001134435999999668
500.874,80.16409963093493,3305.028062707046,18.97961215070438,0.00023607881008501803,0.001134469999999668
500.908,80.23934329012548,3308.6004911702867,18.989389060854975,0.0002360788100849386,0.001134503999999668
500.942,80.31137311249023,3312.023099858844,18.999168593939512,0.00023607881008492525,0.0011345379999996678
500.976,80.39068909778078,3315.797174930952,19.0089507500366,0.000236078810084923,0.0011345719999996677
501.01,80.4667015466853,3319.4151915299294,19.018735529224852,0.00023607881008492262,0.0011346059999996676
501.044,80.53756852126604,3322.7909080293066,19.028522931582874,0.00023607881008492256,0.0011346399999996675
501.078,80.6052962751268,3326.015575439793,19.03831295718927,0.00023607881008492256,0.0011346739999996674
501.112,80.67393103499938,3329.2851780766105,19.048105606122665,0.00023607881008501803,0.0011347079999996675
501.146,80.73973574192618,3332.4207110157563,19.057900878461638,0.0002360788100849386,0.0011347419999996674
501.18,80.81430588539281,3335.979751070138,19.06769877428481,0.00023607881008492525,0.0011347759999996673
501.214,80.879652644455,3339.101811215817,19.07749929367079,0.000236078810084923,0.0011348099999996671
501.248,80.95321451158178,3342.6096835443996,19.087302436698184,0.00023607881008492262,0.001134843999999667
501.282,81.0285575542572,3346.198472265806,19.097108203445604,0.00023607881008492256,0.001134877999999667
501.316,81.09997938970173,3349.597009449887,19.106916593991656,0.00023607881008492256,0.0011349119999996668
501.35,81.1711310897408,3352.9910633506984,19.116727608414962,0.00023607881008501803,0.0011349459999996669
501.384,81.2413752781052,3356.352987712611,19.1265412467941,0.0002360788100849386,0.0011349799999996668
501.418,81.3106572089325,3359.6759190480248,19.136357509207695,0.00023607881008492525,0.0011350139999996667
501.452,81.38823038877445,3363.402028243304,19.146176395734354,0.000236078810084923,0.0011350479999996665
501.486,81.46615311239432,3367.1388948356584,19.155997906452686,0.00023607881008492262,0.0011350819999996664
501.52,81.534728838423,3370.4228498409125,19.1658220414413,0.00023607881008492256,0.0011351159999996663
501.554,81.61247159583702,3374.143897644701,19.1756488007788,0.00023607881008492256,0.0011351499999996662
501.588,81.69169444597003,3377.9356299974243,19.18547818454381,0.00023607881008501803,0.0011351839999996663
501.622,81.76983878752702,3381.683166042169,19.19531019281491,0.0002360788100849386,0.0011352179999996662
501.656,81.83841889483517,3384.9819325959284,19.205144825670725,0.00023607881008492525,0.001135251999999666
501.69,81.90518128960042,3388.189256701885,19.21498208318986,0.000236078810084923,0.001135285999999666
501.724,81.96690469505344,3391.1559644680738,19.22482196545092,0.00023607881008492262,0.0011353199999996658
501.758,82.02913162199201,3394.1466070331426,19.23466447253252,0.00023607881008492256,0.0011353539999996657
501.792,82.09902062446122,3397.495117982568,19.244509604513258,0.00023607881008492256,0.0011353879999996656
501.826,82.17180215252776,3400.9835822153946,19.254357361471765,0.00023607881008501803,0.0011354219999996657
501.86,82.2463234990801,3404.5626466420367,19.26420774348662,0.0002360788100849386,0.0011354559999996656
501.894,82.31762539806819,3407.983902082997,19.274060750636437,0.00023607881008492525,0.0011354899999996655
501.928,82.39282319274167,3411.5898756605934,19.28391638299983,0.000236078810084923,0.0011355239999996654
501.962,82.46093414996076,3414.854913051235,19.29377464065541,0.00023607881008492262,0.0011355579999996653
501.996,82.53412600796158,3418.362447757453,19.303635523681784,0.00023607881008492256,0.0011355919999996651
502.03,82.60548934161346,3421.779200531845,19.31349903215756,0.00023607881008492256,0.001135625999999665
502.064,82.6751897549507,3425.118430682873,19.323365166161356,0.00023607881008501803,0.0011356599999996651
502.098,82.74749333336467,3428.5880465133127,19.333233925771754,0.0002360788100849386,0.001135693999999665
502.132,82.82035179000692,3432.0845814716577,19.343105311067376,0.00023607881008492525,0.001135727999999665
502.166,82.88254554403672,3435.0688929748303,19.352979322126828,0.000236078810084923,0.0011357619999996648
502.2,82.96262567139479,3438.917634592517,19.362855959028717,0.00023607881008492262,0.0011357959999996647
502.234,83.03590581237468,3442.435711708359,19.372735221851656,0.00023607881008492256,0.0011358299999996645
502.268,83.1081756599277,3445.9066143948708,19.38261711067425,0.00023607881008492256,0.0011358639999996644
502.302,83.18135580323923,3449.42410861504,19.392501625575125,0.00023607881008501803,0.0011358979999996645
502.336,83.25477312651002,3452.9504263647837,19.402388766632857,0.0002360788100849386,0.0011359319999996644
502.37,83.32485981258714,3456.313674503876,19.41227853392607,0.00023607881008492525,0.0011359659999996643
502.404,83.39506622531216,3459.6797861239097,19.422170927533372,0.000236078810084923,0.0011359999999996642
502.438,83.45987075600922,3462.7931062247,19.43206594753337,0.00023607881008492262,0.001136033999999664
502.472,83.53376382578408,3466.3428691741933,19.441963594004672,0.00023607881008492256,0.001136067999999664
502.506,83.60731114386846,3469.8777535357,19.451863867025885,0.00023607881008492256,0.0011361019999996638
502.54,83.68166877185637,3473.4489649753277,19.461766766675634,0.00023607881008501803,0.001136135999999664
502.574,83.75381544938142,3476.9178327495665,19.471672293032494,0.0002360788100849386,0.0011361699999996638
502.608,83.82834035058525,3480.5010558524823,19.48158044617509,0.00023607881008492525,0.0011362039999996637
502.642,83.8998689976976,3483.9452705931158,19.49149122618203,0.000236078810084923,0.0011362379999996636
502.676,83.97612331436852,3487.6215972787422,19.501404633131923,0.00023607881008492262,0.0011362719999996635
502.71,84.04489536814756,3490.937832837223,19.511320667103373,0.00023607881008492256,0.0011363059999996634
502.744,84.11681431492771,3494.4090593850674,19.521239328175007,0.00023607881008501803,0.0011363399999996635
502.778,84.18862966932775,3497.8785261617936,19.531160616425403,0.0002360788100849386,0.0011363739999996634
502.812,84.26117907684608,3501.3878277460067,19.541084531933183,0.00023607881008492525,0.0011364079999996632
502.846,84.33150158886974,3504.7971806942946,19.551011074776955,0.000236078810084923,0.0011364419999996631
502.88,84.41024565470941,3508.617246350524,19.560940245035326,0.00023607881008492262,0.001136475999999663
502.914,84.48759047304819,3512.375758526189,19.570872042786906,0.00023607881008492256,0.001136509999999663
502.948,84.56891948003583,3516.3291901147154,19.580806468110303,0.00023607881008492256,0.0011365439999996628
502.982,84.64658015803224,3520.1111588593344,19.59074352108414,0.00023607881008501803,0.0011365779999996629
503.016,84.72069257157861,3523.7242660270385,19.60068320178699,0.0002360788100849386,0.0011366119999996628
503.05,84.78775721811752,3526.9895714357003,19.61062551029748,0.00023607881008492525,0.0011366459999996627
503.084,84.85972101089317,3530.4924071827904,19.620570446694224,0.000236078810084923,0.0011366799999996625
503.118,84.9297597636408,3533.899429058944,19.63051801105582,0.00023607881008492262,0.0011367139999996624
503.152,84.998104268202,3537.219811605016,19.640468203460877,0.00023607881008492256,0.0011367479999996623
503.186,85.06756848522002,3540.600709419826,19.650421023988006,0.00023607881008492256,0.0011367819999996622
503.22,85.13996621159639,3544.1306526574717,19.660376472715836,0.00023607881008501803,0.0011368159999996623
503.254,85.21767553735923,3547.917867955496,19.670334549722938,0.0002360788100849386,0.0011368499999996622
503.288,85.2914100527875,3551.518877775638,19.680295255087934,0.00023607881008492525,0.001136883999999662
503.322,85.36230559499036,3554.9842796205508,19.690258588889435,0.000236078810084923,0.001136917999999662
503.356,85.43540144408928,3558.5578778406,19.70022455120605,0.00023607881008492262,0.0011369519999996618
503.39,85.5001293748802,3561.724652559804,19.71019314211638,0.00023607881008492256,0.0011369859999996617
503.424,85.56859111961927,3565.0802764544087,19.72016436169904,0.00023607881008492256,0.0011370199999996616
503.458,85.63278089716272,3568.231058883517,19.730138210032653,0.00023607881008501803,0.0011370539999996617
503.492,85.69596593638718,3571.3251251131614,19.740114687195792,0.0002360788100849386,0.0011370879999996616
503.526,85.76132533675124,3574.515621544026,19.750093793267084,0.00023607881008492525,0.0011371219999996615
503.56,85.82475053897436,3577.612095647298,19.760075528325135,0.000236078810084923,0.0011371559999996614
503.594,85.88873296160767,3580.7308160833286,19.770059892448554,0.00023607881008492262,0.0011371899999996612
503.628,85.95410436469348,3583.9210988409463,19.780046885715947,0.00023607881008492256,0.0011372239999996611
503.662,86.0236022158279,3587.3158684615364,19.790036508205926,0.00023607881008492256,0.001137257999999661
503.696,86.09542470833667,3590.816236987981,19.800028759997115,0.00023607881008501803,0.0011372919999996611
503.73,86.17495085516238,3594.693930333643,19.810023641168087,0.0002360788100849386,0.001137325999999661
503.764,86.25923644888121,3598.8080902081474,19.820021151797466,0.00023607881008492525,0.0011373599999996609
503.798,86.33253321204741,3602.3856924497595,19.83002129196386,0.000236078810084923,0.0011373939999996608
503.832,86.40108699409511,3605.7242510542383,19.84002406174588,0.00023607881008492262,0.0011374279999996607
503.866,86.46507111835989,3608.84444395603,19.85002946122213,0.00023607881008492256,0.0011374619999996605
503.9,86.53512707819925,3612.262281944816,19.860037490471225,0.00023607881008492256,0.0011374959999996604
503.934,86.60964915259503,3615.89364571885,19.87004814957178,0.00023607881008501803,0.0011375299999996605
503.968,86.68517715681247,3619.5751137255165,19.880061438602375,0.0002360788100849386,0.0011375639999996604
504.002,86.75161088928131,3622.8164072737645,19.890077357641633,0.00023607881008492525,0.0011375979999996603
504.036,86.81840092614681,3626.0755243954163,19.900095906768165,0.000236078810084923,0.0011376319999996602
504.07,86.88797472310824,3629.472989800018,19.910117086060577,0.00023607881008492262,0.00113766599999966
504.104,86.95557928137822,3632.7833657311885,19.920140895597477,0.00023607881008492256,0.00113769999999966
504.138,87.02928082784511,3636.3890125286757,19.930167335457472,0.00023607881008492256,0.0011377339999996598
504.172,87.10712227612319,3640.202979162763,19.94019640571919,0.00023607881008501803,0.00113776799999966
504.206,87.18843232097585,3644.1840274441097,19.9502281064612,0.0002360788100849386,0.0011378019999996598
504.24,87.26172074249094,3647.7689417704987,19.960262437762132,0.00023607881008492525,0.0011378359999996597
504.274,87.33994447549993,3651.592152011601,19.970299399700593,0.000236078810084923,0.0011378699999996596
504.308,87.415726926816,3655.290665746444,19.98033899235519,0.00023607881008492262,0.0011379039999996595
504.342,87.48399735471949,3658.6261525693153,19.99038121580453,0.00023607881008492256,0.0011379379999996594
504.376,87.55987375553885,3662.3341178006285,20.00042607012722,0.00023607881008492256,0.0011379719999996592
504.41,87.6384300208157,3666.1812187019045,20.010473555401887,0.00023607881008501803,0.0011380059999996593
504.444,87.71114923793407,3669.743829056148,20.020523671707107,0.0002360788100849386,0.0011380399999996592
504.478,87.78138677390409,3673.181492373858,20.030576419121502,0.00023607881008492525,0.0011380739999996591
504.512,87.85263876008841,3676.665095956246,20.040631797723684,0.000236078810084923,0.001138107999999659
504.546,87.93015354025954,3680.441716155976,20.050689807592256,0.00023607881008492262,0.0011381419999996589
504.58,88.00736999219245,3684.20175833859,20.060750448805827,0.00023607881008492256,0.0011381759999996588
504.614,88.09024817990505,3688.241619778047,20.070813721443006,0.00023607881008492256,0.0011382099999996587
504.648,88.17230797391237,3692.239003411673,20.080879625582416,0.00023607881008501803,0.0011382439999996588
504.682,88.24950640517321,3696.003369890204,20.090948161302634,0.0002360788100849386,0.0011382779999996586
504.716,88.32762950573961,3699.810366890918,20.101019328682284,0.00023607881008492525,0.0011383119999996585
504.75,88.41104075407834,3703.8752892286802,20.111093127799975,0.000236078810084923,0.0011383459999996584
504.784,88.48526406355353,3707.498239455959,20.121169558734316,0.00023607881008492262,0.0011383799999996583
504.818,88.55872076065704,3711.079265051207,20.131248621563913,0.00023607881008492256,0.0011384139999996582
504.852,88.6359202907245,3714.846575967812,20.141330316367373,0.00023607881008492256,0.001138447999999658
504.886,88.70332725648021,3718.1360402817754,20.151414643223323,0.00023607881008501803,0.0011384819999996582
504.92,88.77291779576844,3721.5287220685314,20.161501602210336,0.0002360788100849386,0.001138515999999658
504.954,88.84409839786306,3725.0004994322626,20.171591193407036,0.00023607881008492525,0.001138549999999658
504.988,88.92109663783638,3728.760179575794,20.181683416892028,0.000236078810084923,0.0011385839999996578
505.022,88.99257745519064,3732.2546751092314,20.191778272743925,0.00023607881008492262,0.0011386179999996577
505.056,89.0688311719339,3735.973606576684,20.201875761041336,0.00023607881008492256,0.0011386519999996576
505.09,89.1445352933957,3739.664804810766,20.21197588186287,0.00023607881008492256,0.0011386859999996575
505.124,89.2236842372319,3743.5316464703897,20.222078635287147,0.00023607881008501803,0.0011387199999996576
505.158,89.29615830051662,3747.0743716254524,20.232184021392744,0.0002360788100849386,0.0011387539999996575
505.192,89.37171771896355,3750.774568071792,20.242292040258285,0.00023607881008492525,0.0011387879999996573
505.226,89.44950381507797,3754.5912265208517,20.252402691962377,0.000236078810084923,0.0011388219999996572
505.26,89.52371181558597,3758.231193447662,20.26251597658363,0.00023607881008492262,0.0011388559999996571
505.294,89.59574638256453,3761.7581334825272,20.272631894200646,0.00023607881008492256,0.001138889999999657
505.328,89.67402339693179,3765.581648871506,20.28275044489204,0.00023607881008492256,0.0011389239999996569
505.362,89.75578572545828,3769.5755497997184,20.292871628736435,0.00023607881008501803,0.001138957999999657
505.396,89.83736759050458,3773.5617521009126,20.302995445812407,0.0002360788100849386,0.0011389919999996569
505.43,89.92415754072533,3777.8042316664582,20.313121896198577,0.00023607881008492525,0.0011390259999996568
505.464,90.00504250210004,3781.7643132108433,20.323250979973555,0.000236078810084923,0.0011390599999996566
505.498,90.08863229493812,3785.8574535332696,20.33338269721595,0.00023607881008492262,0.0011390939999996565
505.532,90.16727182178973,3789.7163876682516,20.34351704800437,0.00023607881008492256,0.0011391279999996564
505.566,90.24124940237166,3793.3508889846257,20.35365403241742,0.00023607881008492256,0.0011391619999996563
505.6,90.30696183954551,3796.576374294475,20.36379365053373,0.00023607881008501803,0.0011391959999996564
505.634,90.38172232208878,3800.246543983878,20.373935902431867,0.0002360788100849386,0.0011392299999996563
505.668,90.46188804415584,3804.178473492533,20.384080788190463,0.00023607881008492525,0.0011392639999996562
505.702,90.54242753947781,3808.12723184176,20.394228307888124,0.000236078810084923,0.001139297999999656
505.736,90.62334484196869,3812.090022423399,20.404378461603457,0.00023607881008492262,0.001139331999999656
505.77,90.703893534912,3816.029657415584,20.41453124941507,0.00023607881008492256,0.0011393659999996558
505.804,90.7842834877997,3819.9623661420806,20.42468667140157,0.00023607881008492256,0.0011393999999996557
505.838,90.86644002154772,3823.977652762222,20.434844727641583,0.00023607881008501803,0.0011394339999996558
505.872,90.94319772754028,3827.7385424912645,20.445005418213682,0.0002360788100849386,0.0011394679999996557
505.906,91.01543255655056,3831.274380131483,20.455168743196495,0.00023607881008492525,0.0011395019999996556
505.94,91.0937149254156,3835.1079189003603,20.465334702668628,0.000236078810084923,0.0011395359999996555
505.974,91.16778845391934,3838.7373985118634,20.475503296708688,0.00023607881008492262,0.0011395699999996553
506.008,91.24546217656427,3842.5501039688293,20.485674525395282,0.00023607881008492256,0.0011396039999996552
506.042,91.33007416541022,3846.7032342756816,20.495848388807023,0.00023607881008492256,0.0011396379999996551
506.076,91.4080893972604,3850.5323858169545,20.50602488702253,0.00023607881008501803,0.0011396719999996552
506.11,91.48409824189478,3854.2666301181443,20.516204020120384,0.0002360788100849386,0.001139705999999655
506.144,91.56699070857229,3858.348879675814,20.526385788179205,0.00023607881008492525,0.001139739999999655
506.178,91.6388664369653,3861.884564803752,20.5365701912776,0.000236078810084923,0.0011397739999996549
506.212,91.71873658343277,3865.808567078922,20.54675722949418,0.00023607881008492262,0.0011398079999996548
506.246,91.79833169290576,3869.72334651443,20.55694690290755,0.00023607881008492256,0.0011398419999996546
506.28,91.87676921491567,3873.584075252944,20.567139211596324,0.00023607881008492256,0.0011398759999996545
506.314,91.9659843957392,3877.9805049790807,20.57733415563912,0.00023607881008501803,0.0011399099999996546
506.348,92.0470216718639,3881.962134333514,20.587531735114517,0.0002360788100849386,0.0011399439999996545
506.382,92.12714215876456,3885.903843532452,20.597731950101135,0.00023607881008492525,0.0011399779999996544
506.416,92.2091522242782,3889.9337842495297,20.607934800677587,0.000236078810084923,0.0011400119999996543
506.45,92.29419382540746,3894.1117314521616,20.61814028692248,0.00023607881008492262,0.0011400459999996542
506.484,92.36969447229623,3897.814873013251,20.62834840891442,0.00023607881008492256,0.001140079999999654
506.518,92.44273841228446,3901.400580384575,20.638559166732016,0.00023607881008492256,0.001140113999999654
506.552,92.51182864306536,3904.8018613053537,20.648772560453892,0.00023607881008501803,0.001140147999999654
506.586,92.58697753011703,3908.49820639033,20.658988590158625,0.0002360788100849386,0.001140181999999654
506.62,92.66716075906187,3912.445137173426,20.66920725592484,0.00023607881008492525,0.0011402159999996538
506.654,92.74263589025226,3916.168607870032,20.679428557831137,0.000236078810084923,0.0011402499999996537
506.688,92.81467062649455,3919.723921260973,20.689652495956132,0.00023607881008492262,0.0011402839999996536
506.722,92.89389910408156,3923.6381123651813,20.699879070378433,0.00023607881008492256,0.0011403179999996535
506.756,92.97257462609623,3927.5241902533994,20.710108281176645,0.00023607881008492256,0.0011403519999996533
506.79,93.06140223211787,3931.9234220146122,20.720340128429395,0.00023607881008501803,0.0011403859999996534
506.824,93.14429618755044,3936.0261708013177,20.730574612215253,0.0002360788100849386,0.0011404199999996533
506.858,93.22532264059086,3940.04311850627,20.740811732612848,0.00023607881008492525,0.0011404539999996532
506.892,93.30371443327945,3943.9298286493595,20.751051489700785,0.000236078810084923,0.001140487999999653
506.926,93.3941082746811,3948.404400743679,20.761293883557677,0.00023607881008492262,0.001140521999999653
506.96,93.46843366453662,3952.0853530473923,20.77153891426213,0.00023607881008492256,0.0011405559999996529
506.994,93.54451501613768,3955.8569681017116,20.781786581892767,0.00023607881008501803,0.001140589999999653
507.028,93.62115005489318,3959.663952187188,20.792036886528162,0.0002360788100849386,0.0011406239999996529
507.062,93.70099668356528,3963.630936807032,20.80228982824694,0.00023607881008492525,0.0011406579999996527
507.096,93.7856091620611,3967.835934643318,20.81254540712771,0.000236078810084923,0.0011406919999996526
507.13,93.86937888597058,3972.0074233992577,20.822803623249083,0.00023607881008492262,0.0011407259999996525
507.164,93.953198258645,3976.177715003591,20.833064476689664,0.00023607881008492256,0.0011407599999996524
507.198,94.03393173144937,3980.203234909551,20.84332796752806,0.00023607881008492256,0.0011407939999996523
507.232,94.11619300034722,3984.3110369914875,20.853594095842897,0.00023607881008501803,0.0011408279999996524
507.266,94.19526100979792,3988.2676197404717,20.86386286171275,0.0002360788100849386,0.0011408619999996523
507.3,94.27469126195165,3992.255743365208,20.87413426521624,0.00023607881008492525,0.0011408959999996522
507.334,94.35017756692085,3996.044521572089,20.88440830643198,0.000236078810084923,0.001140929999999652
507.368,94.4236380432001,3999.738215632366,20.894684985438573,0.00023607881008492262,0.001140963999999652
507.402,94.49567408508761,4003.3654985015905,20.90496430231463,0.00023607881008492256,0.0011409979999996518
507.436,94.56470993573647,4006.8397860251225,20.91524625713876,0.00023607881008492256,0.0011410319999996517
507.47,94.64140354130562,4010.692348429466,20.92553084998959,0.00023607881008501803,0.0011410659999996518
507.504,94.72182309344653,4014.73382351027,20.93581808094569,0.0002360788100849386,0.0011410999999996517
507.538,94.79564833775599,4018.453927869404,20.946107950085686,0.00023607881008492525,0.0011411339999996516
507.572,94.86537493808913,4021.966191002637,20.956400457488183,0.000236078810084923,0.0011411679999996515
507.606,94.92502800018725,4024.969628203915,20.96669560323179,0.00023607881008492262,0.0011412019999996513
507.64,94.99811732215291,4028.6527582133144,20.976993387395122,0.00023607881008492256,0.0011412359999996512
507.674,95.07104198742827,4032.330963390073,20.987293810056784,0.00023607881008492256,0.001141269999999651
507.708,95.14314131344075,4035.9713962710316,20.997596871295396,0.00023607881008501803,0.0011413039999996512
507.742,95.2148463209464,4039.596320823543,21.007902571189536,0.0002360788100849386,0.001141337999999651
507.776,95.28649454802277,4043.2142281190786,21.018210909817828,0.00023607881008492525,0.001141371999999651
507.81,95.35857869314705,4046.853213583084,21.02852188725888,0.000236078810084923,0.0011414059999996509
507.844,95.43665539697652,4050.7871189038583,21.0388355035913,0.00023607881008492262,0.0011414399999996507
507.878,95.51056420248268,4054.5178967231436,21.049151758893696,0.00023607881008492256,0.0011414739999996506
507.912,95.58755300344413,4058.4101649177214,21.059470653244674,0.00023607881008492256,0.0011415079999996505
507.946,95.66644374120067,4062.3963602067306,21.069792186722864,0.00023607881008501803,0.0011415419999996506
507.98,95.74339757728949,4066.292578135994,21.080116359406833,0.0002360788100849386,0.0011415759999996505
508.014,95.82076800652403,4070.2066085456363,21.090443171375213,0.00023607881008492525,0.0011416099999996504
508.048,95.90000093788242,4074.2218863473727,21.10077262270661,0.000236078810084923,0.0011416439999996503
508.082,95.97837454601,4078.201970780629,21.11110471347963,0.00023607881008492262,0.0011416779999996502
508.116,96.05467282617943,4082.085508871545,21.121439443772882,0.00023607881008492256,0.00114171199999965
508.15,96.12976175946457,4085.909665473926,21.131776813664974,0.00023607881008492256,0.00114174599999965
508.184,96.2047314687865,4089.7328463801487,21.14211682323453,0.00023607881008501803,0.00114177999999965
508.218,96.28628516143715,4093.896553413022,21.15245947256013,0.0002360788100849386,0.00114181399999965
508.252,96.35848252945505,4097.573339339777,21.162804761720388,0.00023607881008492525,0.0011418479999996498
508.286,96.43622440807569,4101.529432599163,21.173152690793916,0.000236078810084923,0.0011418819999996497
508.32,96.51225390333995,4105.402562186403,21.183503259859325,0.00023607881008492262,0.0011419159999996496
508.354,96.59002431587027,4109.359230846941,21.19385646899522,0.00023607881008492256,0.0011419499999996495
508.388,96.67232550942644,4113.542428122819,21.204212318280216,0.00023607881008492256,0.0011419839999996493
508.422,96.75577547676149,4117.779405836981,21.21457080779293,0.00023607881008501803,0.0011420179999996494
508.456,96.8461145120235,4122.366723910504,21.22493193761194,0.0002360788100849386,0.0011420519999996493
508.49,96.93069168964843,4126.664564453403,21.235295707815872,0.00023607881008492525,0.0011420859999996492
508.524,97.00956564909937,4130.677603727849,21.24566211848333,0.000236078810084923,0.001142119999999649
508.558,97.0885638561579,4134.706347549331,21.256031169692925,0.00023607881008492262,0.001142153999999649
508.592,97.1648948262295,4138.599868606467,21.266402861523265,0.00023607881008492256,0.0011421879999996489
508.626,97.24222116774148,4142.549487560119,21.276777194052958,0.00023607881008492256,0.0011422219999996487
508.66,97.31612618927768,4146.329091711002,21.287154167360626,0.00023607881008501803,0.0011422559999996488
508.694,97.39519714742751,4150.376143551872,21.297533781524848,0.0002360788100849386,0.0011422899999996487
508.728,97.47533591909827,4154.488822965353,21.307916036624245,0.00023607881008492525,0.0011423239999996486
508.762,97.55482807416752,4158.56850595985,21.318300932737426,0.000236078810084923,0.0011423579999996485
508.796,97.63181456477876,4162.518960188176,21.328688469942996,0.00023607881008492262,0.0011423919999996484
508.83,97.71316722857647,4166.6838620128165,21.339078648319568,0.00023607881008492256,0.0011424259999996483
508.864,97.79334758907571,4170.789861014442,21.349471467945747,0.00023607881008492256,0.0011424599999996482
508.898,97.880649371988,4175.2598764117265,21.35986692890016,0.00023607881008501803,0.0011424939999996483
508.932,97.96205532355938,4179.429932588019,21.37026503126138,0.0002360788100849386,0.0011425279999996481
508.966,98.0397582379959,4183.412174266857,21.380665775108028,0.00023607881008492525,0.001142561999999648
509.0,98.11493706795619,4187.263070311104,21.391069160518718,0.000236078810084923,0.001142595999999648
509.034,98.19844138375502,4191.545060043316,21.401475187572057,0.00023607881008492262,0.0011426299999996478
509.068,98.29072458911357,4196.2806377406705,21.411883856346652,0.00023607881008492256,0.0011426639999996477
509.102,98.37428263362844,4200.579412554247,21.42229516692111,0.00023607881008492256,0.0011426979999996476
509.136,98.45352977316702,4204.656521994067,21.43270911937406,0.00023607881008501803,0.0011427319999996477
509.17,98.52822325436878,4208.498297052598,21.443125713784074,0.0002360788100849386,0.0011427659999996476
509.204,98.60866347388611,4212.633518721916,21.453544950229773,0.00023607881008492525,0.0011427999999996474
509.238,98.69026678601526,4216.818760813329,21.46396682878977,0.000236078810084923,0.0011428339999996473
509.272,98.77273871821207,4221.044456978137,21.474391349542667,0.00023607881008492262,0.0011428679999996472
509.306,98.84784803920112,4224.901358416643,21.484818512567077,0.00023607881008492256,0.001142901999999647
509.34,98.91981518025482,4228.6031655428305,21.49524831794161,0.00023607881008492256,0.001142935999999647
509.374,99.0014381186776,4232.806610196314,21.505680765744884,0.00023607881008501803,0.001142969999999647
509.408,99.07951344044234,4236.831516014785,21.51611585605548,0.0002360788100849386,0.001143003999999647
509.442,99.15874309780288,4240.92430783191,21.526553588952023,0.00023607881008492525,0.0011430379999996469
509.476,99.24492458725757,4245.37661529879,21.536993964513115,0.000236078810084923,0.0011430719999996467
509.51,99.32204788173149,4249.366131479444,21.547436982817366,0.00023607881008492262,0.0011431059999996466
509.544,99.40216085438854,4253.515168211216,21.557882643943387,0.00023607881008492256,0.0011431399999996465
509.578,99.48705104490783,4257.906080804,21.568330947969784,0.00023607881008492256,0.0011431739999996464
509.612,99.55809007607735,4261.590204563992,21.57878189497518,0.00023607881008501803,0.0011432079999996465
509.646,99.63770801983362,4265.725586975669,21.589235485038152,0.0002360788100849386,0.0011432419999996464
509.68,99.71909727981415,4269.964360604787,21.599691718237324,0.00023607881008492525,0.0011432759999996463
509.714,99.79442335693675,4273.88118430806,21.610150594651305,0.000236078810084923,0.0011433099999996461
509.748,99.87240020181096,4277.928510158481,21.620612114358703,0.00023607881008492262,0.001143343999999646
