timestamp,observed_cells,map_cells,removed_cells
3192.021,283,283,0
3192.121,293,328,0
3192.222,313,369,0
3192.321,294,386,0
3192.421,294,393,0
3192.522,292,409,0
3192.621,305,420,0
3192.72,285,424,0
3192.821,292,433,0
3192.92,295,438,0
3193.023,287,442,0
3193.121,300,447,0
3193.223,301,452,0
3193.323,297,455,0
3193.421,287,461,0
3193.522,296,462,0
3193.621,295,466,0
3193.721,292,472,0
3193.823,303,476,0
3193.921,296,477,0
3194.021,287,479,0
3194.12,293,483,0
3194.221,294,488,0
3194.321,299,498,0
3194.422,296,500,0
3194.521,302,502,0
3194.621,293,504,0
3194.721,297,505,0
3194.821,293,506,0
3194.92,297,506,0
3195.021,293,506,0
3195.121,301,505,1
3195.223,300,503,4
3195.321,307,503,0
3195.422,289,504,1
3195.521,285,504,0
3195.621,302,507,1
3195.721,292,506,4
3195.824,295,506,0
3195.922,293,507,1
3196.022,298,509,0
3196.121,293,508,2
3196.221,297,507,2
3196.321,298,507,2
3196.421,288,509,1
3196.523,296,508,1
3196.621,301,510,0
3196.722,292,511,3
3196.821,291,512,0
3196.922,294,509,3
3197.021,289,509,0
3197.121,286,507,3
3197.221,290,507,0
3197.322,300,502,7
3197.421,294,505,0
3197.521,289,503,2
3197.622,293,499,4
3197.721,301,501,0
3197.821,294,501,1
3197.921,290,499,3
3198.021,301,502,0
3198.121,289,502,1
3198.222,297,502,1
3198.322,292,502,3
3198.422,293,503,0
3198.522,291,499,4
3198.622,296,497,2
3198.721,293,499,0
3198.822,299,501,2
3198.921,299,503,0
3199.022,300,501,2
3199.121,294,500,3
3199.222,307,500,3
3199.321,293,500,0
3199.422,300,497,5
3199.521,296,497,0
3199.622,293,492,6
3199.721,295,493,0
3199.821,296,489,6
3199.92,288,489,1
3200.021,304,492,0
3200.121,291,494,0
3200.221,294,495,0
3200.322,300,496,0
3200.421,303,499,1
3200.521,298,501,0
3200.621,294,503,0
3200.721,291,504,0
3200.821,304,504,2
3200.921,291,506,1
3201.023,293,504,4
3201.122,302,504,0
3201.221,304,504,0
3201.321,289,504,2
3201.422,295,502,3
3201.521,308,501,1
3201.622,293,500,2
3201.721,295,502,1
3201.821,287,503,2
3201.922,304,501,4
3202.023,291,503,0
3202.122,305,504,3
3202.22,297,505,0
3202.322,293,501,5
3202.421,298,503,0
3202.521,292,506,0
3202.623,301,506,4
3202.721,303,506,0
3202.821,292,508,0
3202.921,295,507,3
3203.021,288,508,0
3203.121,291,509,3
3203.22,302,510,2
3203.322,289,511,1
3203.422,286,509,3
3203.523,294,505,4
3203.621,299,505,0
3203.722,306,504,3
3203.821,299,507,0
3203.92,291,504,3
3204.021,296,504,3
3204.123,293,502,4
3204.221,299,506,0
3204.321,287,510,1
3204.422,292,507,4
3204.523,297,506,1
3204.622,296,507,0
3204.723,295,505,4
3204.823,297,504,2
3204.923,294,503,3
3205.022,282,504,0
3205.122,297,506,2
3205.222,287,502,5
3205.322,297,502,0
3205.423,297,502,2
3205.522,292,503,1
3205.623,293,507,0
3205.722,294,506,5
3205.822,303,507,1
3205.922,293,507,2
3206.023,289,505,2
3206.122,290,501,4
3206.222,300,503,2
3206.321,288,504,0
3206.423,296,503,5
3206.522,296,506,0
3206.623,294,508,0
3206.722,291,508,0
3206.823,289,507,2
3206.923,298,508,0
3207.025,303,509,0
3207.123,296,512,0
3207.223,308,509,3
3207.322,295,507,4
3207.423,295,505,3
3207.522,296,507,0
3207.622,291,507,0
3207.722,291,506,1
3207.823,301,505,2
3207.922,300,505,2
3208.023,304,505,1
3208.123,293,503,3
3208.224,291,504,0
3208.322,290,505,0
3208.422,289,506,1
3208.522,295,505,2
3208.622,300,506,0
3208.722,298,507,2
3208.823,301,502,5
3208.922,296,505,0
3209.021,292,506,1
3209.122,296,505,1
3209.223,297,503,3
3209.323,295,506,1
3209.423,289,508,0
3209.525,296,500,9
3209.624,295,499,2
3209.721,300,499,0
3209.822,298,498,3
3209.922,296,499,0
3210.023,286,500,0
3210.123,297,501,0
3210.223,302,500,2
3210.323,289,499,4
3210.423,291,501,0
3210.522,295,501,1
3210.623,301,502,1
3210.723,300,503,1
3210.822,300,503,0
3210.923,299,498,6
3211.021,299,498,0
3211.122,289,495,3
3211.222,284,495,1
3211.322,302,494,2
3211.422,305,495,1
3211.522,299,499,0
3211.621,291,498,2
3211.721,294,499,0
3211.822,291,500,3
3211.923,297,499,4
3212.021,299,500,0
3212.122,294,504,0
3212.222,298,507,0
3212.322,287,510,0
3212.421,296,507,4
3212.523,290,504,4
3212.622,295,502,2
3212.722,295,501,3
3212.821,296,502,0
3212.922,302,504,2
3213.023,298,506,1
3213.122,303,505,2
3213.223,299,503,2
3213.323,294,502,1
3213.423,295,500,2
3213.523,299,496,5
3213.623,295,496,0
3213.723,296,495,2
3213.822,296,497,0
3213.922,293,498,1
3214.022,295,497,4
3214.122,296,500,0
3214.223,295,499,2
3214.322,297,500,0
3214.423,290,499,1
3214.522,301,501,0
3214.623,296,499,5
3214.722,293,499,1
3214.823,292,498,3
3214.922,290,503,0
3215.022,294,499,5
3215.122,293,501,0
3215.222,298,502,5
3215.322,282,499,3
3215.423,294,496,4
3215.523,287,498,0
3215.623,290,499,0
3215.722,297,500,0
3215.823,305,501,1
3215.922,298,502,0
3216.022,306,499,3
3216.122,291,498,2
3216.222,291,502,0
3216.323,298,502,0
3216.422,297,504,0
3216.521,290,504,0
3216.623,303,507,1
3216.722,293,507,2
3216.825,296,504,6
3216.923,297,501,3
3217.022,295,505,0
3217.122,294,503,4
3217.222,289,505,1
3217.322,290,505,1
3217.422,301,505,2
3217.523,307,506,2
3217.622,300,507,0
3217.723,305,508,1
3217.822,301,508,0
3217.921,300,506,4
3218.022,300,505,2
3218.122,295,504,2
3218.223,286,500,5
3218.322,290,502,0
3218.423,293,501,2
3218.524,303,502,1
3218.625,303,504,0
3218.724,291,505,1
3218.823,302,506,0
3218.922,285,507,1
3219.025,304,509,2
3219.123,290,507,3
3219.222,294,508,0
3219.324,296,507,4
3219.423,308,506,2
3219.524,296,508,0
3219.625,294,508,4
3219.723,299,505,5
3219.824,297,508,0
3219.923,300,507,1
3220.024,290,506,2
3220.123,301,506,0
3220.222,295,506,0
3220.324,296,504,2
3220.424,301,501,4
3220.523,296,504,0
3220.624,287,502,6
3220.723,292,502,0
3220.824,299,504,1
3220.924,299,503,4
3221.024,293,503,1
3221.123,304,508,0
3221.223,297,509,0
3221.323,295,510,1
3221.424,303,513,1
3221.523,295,515,0
3221.624,306,517,1
3221.723,296,518,0
3221.824,304,517,3
3221.924,297,517,0
3222.024,298,518,0
3222.124,288,515,5
3222.225,289,514,2
3222.325,295,512,2
3222.424,301,515,1
3222.524,302,516,0
3222.623,293,514,3
3222.725,288,506,8
3222.823,298,509,0
3222.923,292,506,4
3223.024,300,506,1
3223.124,295,508,0
3223.224,292,511,0
3223.323,291,512,0
3223.424,297,513,0
3223.524,299,514,1
3223.624,301,517,0
3223.723,296,516,3
3223.824,304,518,1
3223.924,298,514,4
3224.024,295,512,2
3224.123,294,510,2
3224.224,296,505,5
3224.323,296,510,0
3224.423,295,512,1
3224.523,291,509,4
3224.624,301,509,1
3224.724,296,507,2
3224.824,294,509,0
3224.924,293,507,3
3225.024,287,507,1
3225.123,309,505,3
3225.225,294,505,3
3225.326,293,506,2
3225.426,299,505,2
3225.524,289,508,0
3225.623,296,507,3
3225.724,289,508,2
3225.825,310,505,5
3225.925,291,507,0
3226.025,300,506,2
3226.124,290,506,0
3226.225,299,497,9
3226.324,285,495,2
3226.424,294,496,0
3226.525,284,491,5
3226.626,295,493,3
3226.723,296,493,0
3226.824,295,492,2
3226.925,300,491,4
3227.025,287,492,0
3227.123,300,493,0
3227.225,293,493,2
3227.325,298,490,4
3227.425,289,490,2
3227.524,294,493,0
3227.624,290,496,0
3227.724,296,494,2
3227.824,287,495,1
3227.924,297,496,1
3228.025,290,496,3
3228.124,289,495,2
3228.224,291,496,0
3228.325,290,495,2
3228.423,288,493,2
3228.525,292,492,2
3228.624,292,492,0
3228.724,298,494,0
3228.825,292,493,2
3228.925,295,491,4
3229.024,295,490,3
3229.124,294,489,4
3229.225,294,488,1
3229.324,296,491,0
3229.424,303,493,0
3229.525,292,491,4
3229.624,298,491,0
3229.724,285,488,5
3229.824,294,489,0
3229.924,289,489,1
3230.025,296,490,1
3230.125,300,489,3
3230.224,296,491,0
3230.324,296,492,1
3230.425,290,494,0
3230.525,293,491,3
3230.624,296,494,0
3230.724,306,494,3
3230.824,307,497,0
3230.924,290,493,5
3231.023,298,493,2
3231.124,291,495,1
3231.225,288,495,2
3231.324,295,496,0
3231.425,290,493,3
3231.526,296,497,1
3231.625,307,498,3
3231.724,299,500,0
3231.825,299,502,1
3231.925,294,505,0
3232.024,289,505,1
3232.124,292,503,2
3232.226,306,503,2
3232.324,291,505,0
3232.424,291,506,1
3232.524,286,506,2
3232.625,302,506,4
3232.724,307,509,0
3232.825,294,504,5
3232.924,294,504,0
3233.024,300,504,1
3233.124,297,503,2
3233.224,303,500,4
3233.324,298,501,2
3233.425,292,498,3
3233.524,297,496,2
3233.623,292,498,0
3233.725,295,499,3
3233.827,295,499,3
3233.926,304,502,0
3234.026,301,504,0
3234.127,297,505,2
3234.228,290,504,1
3234.326,290,504,2
3234.425,300,504,0
3234.527,292,500,5
3234.626,295,497,3
3234.725,295,497,1
3234.827,293,494,3
3234.926,295,493,3
3235.026,289,495,0
3235.127,291,496,0
3235.227,303,493,3
3235.326,287,490,5
3235.428,290,490,1
3235.525,306,489,2
3235.627,299,490,1
3235.726,299,490,3
3235.826,296,492,2
3235.925,297,492,1
3236.026,290,491,1
3236.126,286,490,2
3236.227,290,492,1
3236.327,296,495,3
3236.429,290,494,1
3236.527,296,497,0
3236.627,284,497,0
3236.726,302,496,4
3236.827,289,497,0
3236.927,292,493,5
3237.027,290,492,1
3237.126,301,492,0
3237.228,287,490,2
3237.326,295,491,0
3237.427,302,490,2
3237.528,296,491,0
3237.627,284,490,2
3237.728,294,492,2
3237.826,292,496,0
3237.926,293,497,0
3238.028,286,497,1
3238.127,299,498,0
3238.227,293,499,1
3238.327,293,499,0
3238.427,288,499,0
3238.527,292,499,2
3238.628,297,496,4
3238.727,287,496,2
3238.828,295,492,4
3238.928,295,493,2
3239.028,293,491,3
3239.127,289,490,2
3239.228,294,490,2
3239.328,295,485,6
3239.428,293,486,0
3239.527,304,489,0
3239.627,295,487,2
3239.727,294,488,1
3239.828,297,489,1
3239.927,294,489,0
3240.027,289,489,1
3240.126,295,491,0
3240.229,298,491,1
3240.329,292,495,0
3240.43,304,491,6
3240.529,296,491,0
3240.628,291,491,2
3240.728,294,494,0
3240.829,296,490,4
3240.929,310,490,2
3241.028,291,490,0
3241.128,300,488,3
3241.228,291,487,2
3241.329,289,491,0
3241.43,301,492,1
3241.529,303,491,2
3241.63,294,493,0
3241.729,289,493,0
3241.827,289,496,0
3241.928,294,493,3
3242.028,297,492,2
3242.128,281,492,1
3242.228,302,495,0
3242.328,293,495,1
3242.428,299,495,1
3242.528,295,495,3
3242.628,295,497,1
3242.728,306,496,2
3242.829,302,494,2
3242.928,299,494,1
3243.028,297,494,1
3243.128,292,494,1
3243.228,298,496,0
3243.327,288,495,1
3243.429,297,494,1
3243.528,286,493,1
3243.628,294,494,1
3243.729,303,493,3
3243.829,305,498,0
3243.928,301,499,1
3244.028,280,499,1
3244.128,287,498,1
3244.228,291,497,3
3244.328,302,496,2
3244.429,291,494,3
3244.53,298,496,2
3244.63,295,496,0
3244.728,291,499,1
3244.828,285,498,1
3244.928,295,499,0
3245.028,294,502,0
3245.128,285,503,1
3245.229,287,501,3
3245.328,292,503,0
3245.429,296,503,3
3245.529,298,503,0
3245.628,292,504,0
3245.728,301,504,2
3245.828,294,502,2
3245.929,300,499,4
3246.031,305,501,2
3246.129,288,501,1
3246.231,302,500,3
3246.33,291,500,0
3246.429,306,504,0
3246.528,302,506,0
3246.63,292,505,1
3246.729,297,509,0
3246.829,301,510,2
3246.93,302,505,5
3247.029,303,504,1
3247.129,299,502,2
3247.231,289,503,1
3247.329,300,505,1
3247.43,301,506,1
3247.528,299,508,0
3247.629,301,505,4
3247.729,294,501,4
3247.828,290,502,0
3247.929,289,502,2
3248.031,294,500,2
3248.129,296,502,1
3248.23,300,501,2
3248.333,295,502,1
3248.43,303,502,1
3248.528,286,504,0
3248.629,298,503,3
3248.73,290,504,1
3248.829,291,503,2
3248.929,297,504,0
3249.03,289,505,1
3249.129,295,503,2
3249.229,290,503,0
3249.33,297,505,0
3249.431,285,504,2
3249.529,290,502,2
3249.63,291,505,0
3249.729,303,503,2
3249.829,297,499,4
3249.929,298,501,3
3250.029,294,499,4
3250.129,297,500,0
3250.229,298,500,2
3250.329,294,501,3
3250.43,291,501,2
3250.53,297,500,3
3250.629,293,500,0
3250.729,294,498,2
3250.83,305,495,4
3250.929,293,497,0
3251.029,293,496,1
3251.129,291,499,1
3251.231,295,493,7
3251.329,293,494,0
3251.429,292,495,1
3251.529,291,496,3
3251.63,299,497,1
3251.729,292,498,0
3251.829,282,497,2
3251.929,293,497,1
3252.03,305,496,2
3252.129,291,496,1
3252.229,297,496,1
3252.329,295,498,1
3252.429,304,496,2
3252.53,293,496,1
3252.629,297,500,0
3252.729,293,500,2
3252.831,304,499,2
3252.931,297,496,5
3253.031,299,496,3
3253.129,299,497,0
3253.231,290,496,3
3253.33,293,496,1
3253.431,292,496,1
3253.53,298,498,0
3253.63,298,498,1
3253.729,307,500,0
3253.829,295,501,0
3253.93,291,500,1
3254.03,295,501,0
3254.129,299,506,0
3254.229,295,503,5
3254.33,294,504,0
3254.43,296,502,2
3254.53,299,501,1
3254.63,299,501,0
3254.729,290,501,0
3254.828,294,502,0
3254.93,290,501,1
3255.029,296,502,0
3255.13,284,502,1
3255.23,297,503,2
3255.329,299,505,0
3255.429,294,503,3
3255.529,290,502,1
3255.629,287,498,4
3255.73,299,493,6
3255.829,300,495,0
3255.929,300,497,1
3256.03,290,497,1
3256.13,287,495,2
3256.23,303,497,0
3256.329,294,495,3
3256.43,288,495,1
3256.529,288,493,2
3256.63,289,495,0
3256.729,287,496,1
3256.829,285,496,3
3256.93,288,494,2
3257.031,287,494,0
3257.13,295,489,5
3257.23,297,489,0
3257.33,294,489,0
3257.43,296,489,1
3257.528,301,492,1
3257.631,292,491,2
3257.73,296,491,2
3257.83,299,492,2
3257.929,296,493,0
3258.03,293,492,2
3258.129,300,493,0
3258.229,290,491,3
3258.33,299,487,5
3258.43,287,487,3
3258.53,308,490,3
3258.629,298,493,0
3258.729,290,493,1
3258.83,296,492,3
3258.929,294,493,0
3259.03,290,493,1
3259.131,286,491,5
3259.23,298,493,0
3259.33,296,493,1
3259.43,291,496,0
3259.53,299,497,2
3259.63,299,497,0
3259.729,303,497,0
3259.83,292,493,4
3259.929,297,496,0
3260.029,297,497,0
3260.129,285,499,2
3260.23,289,498,2
3260.329,298,501,1
3260.429,294,503,1
3260.529,300,500,4
3260.63,300,501,0
3260.73,298,501,1
3260.829,289,501,0
3260.929,283,500,3
3261.029,297,502,1
3261.129,292,504,0
3261.23,290,501,3
3261.329,290,501,0
3261.43,287,501,0
3261.529,300,498,4
3261.629,296,499,2
3261.728,284,498,2
3261.828,302,502,1
3261.929,287,503,2
3262.029,299,502,1
3262.129,303,502,1
3262.23,305,502,1
3262.329,301,499,3
3262.429,295,498,2
3262.529,299,499,1
3262.629,307,500,3
3262.73,299,502,0
3262.83,292,504,0
3262.929,294,505,0
3263.03,293,504,4
3263.128,299,504,0
3263.23,304,503,3
3263.329,292,504,1
3263.429,292,503,3
3263.529,289,505,2
3263.629,303,505,4
3263.73,314,508,0
3263.831,296,508,3
3263.929,297,511,0
3264.03,296,511,5
3264.13,298,513,2
3264.23,299,513,0
3264.33,297,512,2
3264.428,298,515,0
3264.529,298,515,1
3264.629,296,516,2
3264.73,297,514,2
3264.829,296,511,5
3264.93,294,509,4
3265.03,293,509,1
3265.129,300,514,0
3265.229,302,515,0
3265.329,305,514,2
3265.428,301,515,1
3265.529,291,515,0
3265.629,292,515,3
3265.731,310,512,6
3265.829,299,513,0
3265.928,298,514,2
3266.029,293,518,1
3266.129,286,515,3
3266.228,295,517,0
3266.329,288,515,3
3266.43,293,517,1
3266.53,291,518,1
3266.63,293,517,1
3266.729,295,521,0
3266.829,295,518,6
3266.93,295,512,7
3267.029,291,514,0
3267.13,302,513,3
3267.229,285,511,2
3267.329,289,511,0
3267.431,294,507,5
3267.531,297,506,1
3267.63,300,503,4
3267.731,288,502,2
3267.83,296,502,2
3267.93,297,506,0
3268.031,291,502,4
3268.13,297,499,3
3268.23,278,498,1
3268.33,305,497,2
3268.432,289,497,2
3268.531,302,501,2
3268.63,301,502,1
3268.73,293,503,0
3268.829,297,502,3
3268.93,288,499,4
3269.03,299,499,4
3269.13,300,498,2
3269.232,288,503,0
3269.33,287,502,2
3269.431,297,501,1
3269.531,287,500,2
3269.63,291,501,0
3269.73,292,499,4
3269.831,293,498,2
3269.932,299,496,3
3270.031,308,497,2
3270.13,299,498,0
3270.23,297,496,2
3270.33,295,495,1
3270.431,296,496,0
3270.529,292,500,1
3270.632,292,497,4
3270.731,289,499,0
3270.83,298,497,4
3270.931,299,496,2
3271.03,301,501,0
3271.131,289,501,0
3271.232,287,500,1
3271.331,295,498,2
3271.43,287,499,0
3271.531,298,498,3
3271.629,298,495,4
3271.73,299,495,1
3271.83,297,494,3
3271.93,292,495,0
3272.03,302,500,1
3272.13,295,501,1
3272.231,291,500,1
3272.331,295,499,4
3272.43,301,500,0
3272.53,311,499,1
3272.63,305,499,0
3272.73,292,500,1
3272.832,295,497,4
3272.929,294,500,0
3273.03,288,499,1
3273.13,295,498,3
3273.231,296,497,2
3273.33,300,499,0
3273.43,299,498,2
3273.53,287,493,5
3273.631,301,493,0
3273.73,300,495,0
3273.831,291,492,6
3273.93,303,494,0
3274.03,296,494,1
3274.13,300,496,0
3274.231,304,497,2
3274.33,291,498,1
3274.431,306,499,1
3274.53,301,502,0
3274.631,289,499,4
3274.73,289,499,0
3274.83,290,502,1
3274.93,293,504,0
3275.031,292,500,6
3275.13,299,501,0
3275.23,289,501,1
3275.33,296,501,0
3275.43,300,502,1
3275.53,294,501,2
3275.629,300,503,1
3275.73,287,502,1
3275.83,298,500,3
3275.93,287,496,4
3276.03,303,497,0
3276.13,290,496,1
3276.231,282,493,5
3276.33,301,494,0
3276.43,299,493,2
3276.53,292,494,0
3276.631,295,493,2
3276.73,288,495,0
3276.831,302,495,2
3276.93,301,497,1
3277.03,301,496,1
3277.13,295,495,1
3277.23,285,497,1
3277.33,289,497,1
3277.43,291,496,2
3277.53,288,494,3
3277.631,287,492,2
3277.731,290,492,2
3277.831,288,492,2
3277.93,295,492,0
3278.031,307,491,1
3278.13,286,490,1
3278.231,297,487,4
3278.329,285,488,0
3278.429,293,488,1
3278.53,296,490,3
3278.63,299,490,5
3278.73,290,491,0
3278.829,298,492,1
3278.93,298,494,1
3279.031,293,493,2
3279.131,296,493,0
3279.229,291,493,0
3279.33,289,492,3
3279.432,294,489,3
3279.531,299,490,1
3279.63,295,491,0
3279.731,296,491,2
3279.83,282,493,0
3279.931,304,491,4
3280.03,298,492,0
3280.13,308,492,0
3280.231,297,489,4
3280.332,295,489,2
3280.43,296,491,0
3280.53,298,490,2
3280.63,298,492,3
3280.73,292,494,0
3280.831,297,494,3
3280.932,297,495,1
3281.03,297,498,0
3281.13,292,497,1
3281.23,291,496,2
3281.331,301,496,2
3281.431,288,494,2
3281.53,294,494,0
3281.63,294,493,2
3281.731,286,493,5
3281.831,298,497,0
3281.93,292,498,0
3282.03,299,498,1
3282.13,297,500,1
3282.231,301,499,1
3282.329,293,500,0
3282.43,301,500,1
3282.53,296,500,0
3282.63,293,499,1
3282.73,292,496,3
3282.831,302,495,5
3282.93,293,495,0
3283.03,288,498,0
3283.131,290,496,2
3283.231,295,497,0
3283.33,294,497,2
3283.43,294,496,2
3283.528,296,494,3
3283.629,296,495,1
3283.729,289,495,1
3283.83,297,493,2
3283.931,293,492,2
3284.031,301,495,3
3284.13,299,497,0
3284.23,303,496,1
3284.33,295,493,3
3284.43,297,493,1
3284.532,289,491,6
3284.631,292,491,1
3284.73,293,492,0
3284.831,288,487,6
3284.93,286,489,1
3285.031,287,489,2
3285.13,296,491,0
3285.231,299,494,1
3285.33,295,495,1
3285.431,294,495,0
3285.53,301,495,0
3285.632,295,494,1
3285.73,305,498,0
3285.831,287,499,0
3285.931,294,497,2
3286.029,286,498,0
3286.13,289,497,2
3286.232,286,496,2
3286.331,290,499,1
3286.432,288,501,1
3286.532,297,501,2
3286.63,289,500,1
3286.731,291,501,1
3286.831,285,500,1
3286.931,296,500,0
3287.032,309,497,6
3287.131,297,494,3
3287.232,289,493,2
3287.331,304,493,1
3287.431,295,494,1
3287.531,293,494,0
3287.632,296,490,5
3287.731,303,489,1
3287.83,291,492,0
3287.932,295,491,3
3288.032,295,491,2
3288.131,284,490,3
3288.232,299,490,1
3288.33,296,491,0
3288.431,301,490,4
3288.531,294,492,1
3288.633,302,493,2
3288.73,291,495,0
3288.832,296,490,7
3288.931,289,491,0
3289.032,302,495,0
3289.131,292,496,1
3289.231,305,498,0
3289.331,288,500,1
3289.431,297,501,3
3289.531,298,501,3
3289.631,291,500,1
3289.731,302,502,0
3289.832,309,505,0
3289.931,303,505,0
3290.031,290,503,2
3290.131,296,504,2
3290.233,291,503,2
3290.331,298,506,0
3290.431,301,506,0
3290.531,295,507,1
3290.631,289,505,3
3290.732,292,501,4
3290.831,300,503,1
3290.931,293,507,0
3291.031,300,505,2
3291.132,292,506,0
3291.23,286,507,0
3291.332,292,504,4
3291.432,294,501,4
3291.529,306,502,0
3291.631,293,504,0
3291.732,312,501,3
3291.831,293,503,0
3291.932,300,499,5
3292.031,290,500,0
3292.131,303,499,2
3292.231,305,499,1
3292.33,294,499,2
3292.432,310,495,4
3292.532,287,494,2
3292.63,290,494,0
3292.731,298,495,1
3292.832,296,494,2
3292.932,312,494,4
3293.031,293,495,0
3293.131,290,495,0
3293.231,299,495,3
3293.331,296,497,0
3293.431,287,494,3
3293.532,289,493,3
3293.631,301,495,0
3293.732,296,498,1
3293.832,299,496,3
3293.931,305,496,0
3294.031,285,495,1
3294.132,297,495,1
3294.232,308,494,2
3294.331,297,495,0
3294.432,298,493,3
3294.53,290,490,3
3294.631,294,490,0
3294.731,296,489,2
3294.83,300,490,0
3294.932,297,490,1
3295.031,303,490,1
3295.131,289,491,0
3295.233,291,490,3
3295.331,300,491,1
3295.431,302,492,0
3295.532,299,492,1
3295.631,290,493,2
3295.732,296,489,4
3295.831,301,491,0
3295.932,306,495,1
3296.031,298,492,5
3296.131,288,492,2
3296.231,299,494,0
3296.332,304,489,5
3296.431,299,491,0
3296.532,306,494,1
3296.631,298,497,0
3296.732,304,497,2
3296.831,291,496,3
3296.931,297,498,1
3297.031,310,505,0
3297.132,285,506,1
3297.231,294,505,1
3297.331,291,506,0
3297.431,291,506,1
3297.532,304,505,1
3297.632,303,506,0
3297.732,298,507,0
3297.831,300,507,0
3297.931,297,509,0
3298.031,298,507,2
3298.132,298,508,1
3298.231,288,509,0
3298.331,293,506,3
3298.43,290,506,1
3298.532,297,506,1
3298.633,291,505,3
3298.731,296,506,0
3298.832,288,506,2
3298.931,288,506,0
3299.032,300,500,6
3299.132,294,498,2
3299.232,287,499,3
3299.332,299,502,0
3299.432,290,499,3
3299.531,289,501,0
3299.632,295,503,3
3299.731,295,503,0
3299.831,289,504,2
3299.931,292,504,1
3300.031,296,501,4
3300.131,294,496,5
3300.23,293,498,0
3300.331,290,497,3
3300.431,289,496,1
3300.531,296,496,0
3300.631,292,494,3
3300.731,287,493,1
3300.831,293,491,4
3300.931,302,491,2
3301.032,283,488,4
3301.131,292,490,0
3301.232,297,489,3
3301.331,297,496,0
3301.433,296,494,3
3301.531,293,495,0
3301.633,289,495,1
3301.729,299,500,2
3301.832,298,503,0
3301.932,290,506,0
3302.033,284,505,3
3302.131,296,506,0
3302.232,296,506,2
3302.331,303,507,2
3302.431,286,505,3
3302.531,302,504,1
3302.63,292,503,1
3302.731,294,503,1
3302.83,292,503,2
3302.931,297,498,5
3303.031,296,497,2
3303.13,298,499,0
3303.231,287,497,2
3303.331,291,498,0
3303.433,295,497,3
3303.53,290,498,0
3303.632,302,501,0
3303.731,304,503,0
3303.832,301,500,4
3303.931,284,501,0
3304.031,301,500,3
3304.131,300,501,0
3304.231,296,502,1
3304.331,287,502,1
3304.432,296,502,3
3304.531,301,502,1
3304.632,289,499,3
3304.731,290,497,4
3304.831,298,499,0
3304.93,306,499,3
3305.033,293,495,4
3305.131,299,494,1
3305.229,296,496,1
3305.331,288,496,3
3305.432,298,498,1
3305.53,295,498,0
3305.632,299,497,3
3305.732,297,498,2
3305.832,298,496,2
3305.931,301,500,0
3306.031,306,500,0
3306.131,291,496,4
3306.23,296,499,0
3306.331,298,501,1
3306.431,286,503,1
3306.531,292,502,3
3306.632,301,503,0
3306.731,300,501,3
3306.831,290,504,0
3306.931,309,503,1
3307.031,295,504,2
3307.131,295,504,1
3307.231,303,503,2
3307.331,296,503,1
3307.433,302,502,4
3307.531,291,503,0
3307.632,296,504,0
3307.731,294,506,0
3307.832,277,502,4
3307.931,293,501,4
3308.032,295,503,0
3308.132,307,501,3
3308.232,301,504,1
3308.332,299,503,2
3308.432,291,506,0
3308.532,297,502,6
3308.631,298,504,0
3308.731,296,503,3
3308.831,286,505,0
3308.931,302,509,0
3309.032,288,506,4
3309.132,309,509,0
3309.231,293,509,2
3309.33,293,510,0
3309.432,292,508,4
3309.532,297,509,2
3309.631,294,510,0
3309.731,288,510,0
3309.832,298,510,2
3309.932,292,509,2
3310.031,291,510,0
3310.131,304,508,2
3310.231,298,505,3
3310.332,302,501,4
3310.431,295,502,0
3310.532,300,497,6
3310.632,297,499,0
3310.731,296,499,0
3310.831,303,500,1
3310.931,297,502,0
3311.031,300,502,1
3311.131,294,499,3
3311.231,295,501,2
3311.331,299,501,2
3311.431,294,499,2
3311.531,295,498,2
3311.631,295,499,1
3311.732,305,497,2
3311.831,293,498,0
3311.931,294,499,1
3312.033,302,494,6
3312.131,301,495,0
3312.231,294,496,1
3312.331,302,496,3
3312.432,300,497,0
3312.531,304,497,0
3312.631,293,496,3
3312.731,299,497,0
3312.831,301,497,1
3312.931,292,496,2
3313.031,298,496,2
3313.129,303,496,2
3313.231,303,500,0
3313.33,291,501,1
3313.431,290,502,0
3313.532,291,504,0
3313.631,302,504,1
3313.731,294,503,1
3313.831,291,503,1
3313.931,296,501,3
3314.031,304,501,1
3314.131,290,500,2
3314.232,294,495,7
3314.331,300,497,0
3314.432,289,494,3
3314.533,287,494,1
3314.631,313,495,0
3314.731,289,497,0
3314.831,289,496,2
3314.931,297,498,0
3315.031,291,497,2
3315.132,300,494,4
3315.232,293,494,1
3315.331,280,494,0
3315.433,297,492,3
3315.532,286,492,1
3315.633,289,491,2
3315.732,289,492,2
3315.833,291,489,3
3315.932,285,488,2
3316.033,296,488,1
3316.133,295,491,1
3316.233,303,494,1
3316.333,301,490,6
3316.432,281,490,1
3316.533,304,490,3
3316.632,293,489,1
3316.732,295,491,0
3316.832,292,493,0
3316.933,290,493,1
3317.032,295,495,1
3317.132,295,495,0
3317.233,298,493,4
3317.333,292,494,1
3317.433,290,495,1
3317.533,282,495,0
3317.633,297,492,4
3317.733,296,493,0
3317.833,293,493,1
3317.932,292,491,2
3318.033,297,493,2
3318.132,291,497,0
3318.233,293,496,3
3318.332,295,493,3
3318.432,305,493,0
3318.532,297,492,2
3318.633,296,493,1
3318.732,302,494,1
3318.832,302,494,2
3318.932,294,497,0
3319.032,294,497,2
3319.132,285,498,0
3319.232,304,498,1
3319.333,291,501,2
3319.432,304,499,4
3319.532,293,499,3
3319.631,296,500,1
3319.733,292,498,3
3319.833,290,497,3
3319.932,296,500,0
3320.032,286,501,1
3320.131,306,502,0
3320.232,302,504,0
3320.333,301,504,0
3320.431,297,504,1
3320.533,302,505,0
3320.632,295,506,0
3320.732,291,508,0
3320.832,292,507,4
3320.932,303,510,0
3321.033,287,510,1
3321.134,286,508,4
3321.233,304,508,0
3321.332,290,505,3
3321.433,300,504,3
3321.531,289,504,0
3321.632,285,504,1
3321.732,301,503,2
3321.833,302,499,5
3321.93,301,499,0
3322.033,293,498,4
3322.132,296,498,0
3322.233,298,494,5
3322.332,293,495,0
3322.432,295,494,1
3322.532,294,495,2
3322.632,294,493,3
3322.732,302,495,0
3322.833,283,495,1
3322.932,288,493,2
3323.033,299,490,4
3323.132,302,491,0
3323.234,300,490,2
3323.333,297,490,0
3323.433,301,487,4
3323.532,289,490,0
3323.634,301,489,3
3323.732,296,490,0
3323.832,292,492,1
3323.932,304,490,3
3324.032,304,489,3
3324.132,303,490,0
3324.233,298,487,3
3324.332,303,489,0
3324.432,288,490,0
3324.532,296,488,3
3324.633,290,490,0
3324.733,289,491,1
3324.832,292,493,0
3324.932,299,491,3
3325.033,284,491,0
3325.132,303,491,3
3325.233,293,491,1
3325.333,289,489,2
3325.43,296,492,0
3325.533,295,492,2
3325.633,305,493,0
3325.732,300,496,0
3325.832,291,496,2
3325.932,297,499,1
3326.032,300,500,1
3326.132,298,501,3
3326.232,302,504,2
3326.332,292,503,2
3326.431,288,504,0
3326.532,285,500,5
3326.633,302,501,1
3326.733,299,498,5
3326.834,306,500,2
3326.934,293,501,0
3327.034,294,501,0
3327.133,300,502,0
3327.234,292,502,0
3327.333,302,500,2
3327.434,298,502,0
3327.533,291,503,1
3327.634,298,504,1
3327.733,300,505,0
3327.834,301,503,3
3327.933,300,504,1
3328.034,294,503,1
3328.132,307,505,0
3328.233,297,507,2
3328.333,301,507,0
3328.433,295,506,2
3328.533,286,507,0
3328.633,303,507,2
3328.734,291,503,5
3328.833,294,502,2
3328.932,289,502,0
3329.034,297,498,5
3329.133,302,499,3
3329.233,293,497,4
3329.333,302,499,1
3329.433,296,500,1
3329.533,302,500,1
3329.634,300,500,2
3329.734,294,500,2
3329.833,290,501,0
3329.933,295,501,3
3330.032,282,499,2
3330.133,303,500,1
3330.234,290,500,0
3330.333,291,501,0
3330.434,296,500,2
3330.533,295,498,3
3330.633,300,498,1
3330.733,294,498,2
3330.833,290,499,1
3330.933,301,498,4
3331.034,292,498,1
3331.133,294,496,4
3331.233,291,498,0
3331.333,300,496,3
3331.433,294,498,1
3331.533,287,500,0
3331.634,296,500,2
3331.733,297,501,0
3331.832,299,500,2
3331.933,291,497,3
3332.034,295,499,0
3332.133,290,500,1
3332.233,296,500,4
3332.333,298,498,3
3332.433,295,498,1
3332.534,288,498,3
3332.634,296,499,0
3332.734,292,498,2
3332.833,299,498,2
3332.934,297,491,7
3333.034,293,492,0
3333.134,296,490,3
3333.234,293,492,0
3333.334,282,490,4
3333.434,299,493,0
3333.534,297,496,1
3333.634,296,497,0
3333.732,297,499,0
3333.834,294,496,3
3333.935,297,496,2
3334.034,290,499,0
3334.134,291,493,6
3334.234,298,492,2
3334.333,290,493,0
3334.434,298,490,4
3334.532,293,490,0
3334.634,290,490,2
3334.734,297,492,2
3334.832,294,495,0
3334.935,307,492,4
3335.034,305,492,0
3335.135,304,490,4
3335.235,304,493,1
3335.334,304,495,2
3335.435,304,496,1
3335.534,305,499,0
3335.634,308,495,4
3335.734,292,493,3
3335.834,298,489,4
3335.933,293,493,0
3336.034,297,493,1
3336.134,288,491,2
3336.233,313,493,0
3336.333,290,495,0
3336.434,296,497,0
3336.534,296,494,3
3336.634,302,501,0
3336.735,302,497,4
3336.835,305,499,2
3336.933,286,503,0
3337.034,288,502,2
3337.134,297,506,1
3337.235,300,505,1
3337.334,299,505,0
3337.434,290,506,0
3337.536,292,506,2
3337.637,304,506,2
3337.736,294,503,4
3337.836,299,509,0
3337.936,301,510,2
3338.036,300,509,1
3338.136,298,509,1
3338.236,292,509,2
3338.336,298,506,4
3338.437,293,505,3
3338.536,290,502,4
3338.637,296,502,2
3338.736,295,500,2
3338.836,301,501,0
3338.936,302,497,6
3339.036,289,497,1
3339.137,286,497,2
3339.237,301,494,4
3339.337,287,491,3
3339.437,297,492,0
3339.537,289,494,0
3339.636,294,493,3
3339.736,292,497,0
3339.836,296,497,1
3339.936,315,496,2
3340.036,296,496,3
3340.136,294,497,3
3340.237,296,501,0
3340.336,289,501,1
3340.436,288,501,2
3340.536,291,502,0
3340.636,301,501,1
3340.736,289,500,1
3340.837,299,498,4
3340.937,299,498,2
3341.036,300,499,0
3341.136,297,499,2
3341.237,294,499,3
3341.335,296,502,0
3341.436,303,504,0
3341.535,297,503,2
3341.636,297,502,3
3341.735,297,502,1
3341.836,293,504,0
3341.936,303,505,2
3342.036,290,504,1
3342.136,293,503,1
3342.236,290,502,2
3342.336,299,500,2
3342.437,294,500,0
3342.536,299,501,1
3342.634,291,500,1
3342.736,298,501,1
3342.836,295,501,4
3342.935,291,499,2
3343.035,306,499,2
3343.136,293,499,3
3343.237,301,498,2
3343.336,297,497,1
3343.437,300,498,0
3343.535,298,499,0
3343.635,286,497,2
3343.735,297,496,1
3343.835,287,496,0
3343.935,294,495,2
3344.037,288,492,3
3344.135,299,494,0
3344.234,293,495,0
3344.335,299,494,2
3344.435,300,491,4
3344.535,298,489,4
3344.635,295,488,2
3344.736,296,484,6
3344.835,295,487,0
3344.937,300,485,3
3345.035,295,486,0
3345.139,296,485,3
3345.24,299,485,3
3345.339,294,487,1
3345.439,296,492,1
3345.539,290,491,1
3345.639,297,492,1
3345.738,300,492,2
3345.839,287,492,3
3345.939,290,497,0
3346.04,301,496,2
3346.14,297,498,2
3346.24,287,500,0
3346.341,298,499,2
3346.44,290,499,1
3346.538,297,499,1
3346.64,288,499,1
3346.739,299,499,1
3346.838,291,500,0
3346.939,307,500,2
3347.04,289,503,0
3347.139,284,506,1
3347.24,296,503,4
3347.34,294,502,1
3347.441,296,504,0
3347.54,307,504,3
3347.64,303,503,3
3347.74,294,504,0
3347.84,306,503,3
3347.939,295,502,2
3348.039,304,502,1
3348.139,301,503,0
3348.239,292,501,2
3348.339,286,498,3
3348.44,294,495,6
3348.54,289,497,1
3348.639,309,499,0
3348.739,293,497,2
3348.84,297,495,3
3348.938,291,498,0
3349.04,298,499,1
3349.139,294,499,2
3349.239,297,496,3
3349.34,295,494,2
3349.439,307,495,2
3349.539,289,496,1
3349.639,295,497,0
3349.739,291,500,1
3349.839,292,499,1
3349.939,294,500,0
3350.04,288,498,3
3350.139,291,498,1
3350.239,293,496,3
3350.339,297,497,0
3350.439,294,495,3
3350.54,290,491,4
3350.639,292,490,2
3350.739,291,493,1
3350.84,299,494,1
3350.94,300,489,6
3351.04,292,489,3
3351.139,301,494,0
3351.239,298,496,2
3351.34,293,495,1
3351.441,289,499,1
3351.539,290,499,0
3351.64,291,495,4
3351.74,289,498,1
3351.839,306,499,0
3351.939,296,499,2
3352.038,296,502,0
3352.14,290,500,4
3352.239,296,500,0
3352.338,289,501,0
3352.439,297,502,0
3352.54,297,503,1
3352.64,291,501,2
3352.739,294,501,0
3352.84,302,498,5
3352.94,287,499,0
3353.04,297,501,0
3353.14,294,499,5
3353.239,288,499,0
3353.34,298,500,3
3353.439,301,501,0
3353.539,297,502,1
3353.638,297,502,0
3353.74,309,498,6
3353.839,302,499,0
3353.94,303,501,0
3354.04,297,502,1
3354.139,292,500,3
3354.238,304,498,2
3354.339,302,499,1
3354.439,298,501,0
3354.54,291,501,2
3354.64,290,502,0
3354.74,293,502,0
3354.84,294,501,2
3354.94,294,503,1
3355.039,302,503,2
3355.14,304,503,0
3355.24,293,501,3
3355.34,290,501,2
3355.441,304,501,1
3355.54,300,503,0
3355.641,297,500,4
3355.74,288,500,2
3355.841,297,499,2
3355.94,295,499,0
3356.041,297,499,2
3356.14,290,500,0
3356.241,298,496,5
3356.339,299,496,0
3356.44,294,489,7
3356.54,287,490,1
3356.642,291,490,1
3356.741,296,490,1
3356.842,290,493,1
3356.94,293,497,0
3357.041,294,494,6
3357.14,293,494,3
3357.239,298,496,1
3357.341,299,497,2
3357.44,293,496,1
3357.54,303,499,0
3357.641,304,498,2
3357.74,299,502,0
3357.839,297,501,2
3357.941,294,496,5
3358.04,295,497,1
3358.14,292,501,0
3358.24,305,502,1
3358.34,305,504,3
3358.441,300,503,2
3358.54,306,505,0
3358.64,293,504,1
3358.739,300,502,3
3358.841,303,503,1
3358.94,298,502,1
3359.04,295,502,1
3359.141,290,498,5
3359.241,295,504,0
3359.34,297,504,2
3359.441,291,505,0
3359.541,292,505,2
3359.641,290,507,0
3359.741,290,507,1
3359.841,302,505,2
3359.94,296,504,3
3360.04,297,501,3
3360.14,301,502,1
3360.24,300,497,5
3360.341,304,498,0
3360.441,296,496,3
3360.54,297,499,0
3360.64,292,497,4
3360.74,300,496,1
3360.839,289,496,2
3360.94,290,496,1
3361.04,304,496,0
3361.141,294,492,5
3361.241,294,491,1
3361.341,288,490,2
3361.44,296,492,0
3361.54,294,492,2
3361.639,291,492,0
3361.741,289,491,2
3361.839,295,492,0
3361.94,297,493,2
3362.042,296,491,3
3362.14,295,492,0
3362.24,294,491,3
3362.34,289,490,3
3362.441,302,492,0
3362.54,298,495,1
3362.641,298,495,4
3362.74,291,496,0
3362.84,299,500,1
3362.94,292,500,1
3363.041,295,496,4
3363.14,297,500,0
3363.24,294,499,3
3363.34,288,502,0
3363.44,294,501,1
3363.54,315,502,0
3363.64,304,502,1
3363.74,280,499,3
3363.841,293,495,6
3363.94,301,498,0
3364.039,291,498,1
3364.14,286,498,1
3364.241,293,499,0
3364.34,294,498,1
3364.44,303,498,1
3364.54,292,499,2
3364.64,296,501,1
3364.74,292,502,0
3364.841,300,497,5
3364.94,308,500,0
3365.04,288,502,0
3365.14,301,504,0
3365.24,291,503,1
3365.34,295,501,3
3365.439,292,501,1
3365.54,291,499,3
3365.641,287,499,2
3365.741,291,494,6
3365.84,291,496,0
3365.94,301,496,3
3366.041,294,497,0
3366.141,294,496,4
3366.241,292,496,1
3366.342,291,496,1
3366.44,298,498,0
3366.54,296,501,1
3366.641,289,497,5
3366.741,297,499,0
3366.841,296,499,0
3366.941,303,499,3
3367.04,312,502,0
3367.141,290,505,0
3367.241,302,506,0
3367.341,301,501,5
3367.442,297,502,1
3367.54,299,505,0
3367.639,296,503,2
3367.74,297,502,1
3367.84,301,502,2
3367.941,290,500,4
3368.04,287,501,0
3368.14,291,502,1
3368.242,302,504,1
3368.34,290,505,0
3368.441,293,503,2
3368.541,291,501,3
3368.64,296,502,0
3368.74,293,500,3
3368.84,304,500,0
3368.939,302,501,1
3369.042,294,498,3
3369.141,304,500,0
3369.24,294,503,1
3369.34,299,503,1
3369.441,297,500,5
3369.541,299,494,7
3369.64,296,496,0
3369.74,295,497,1
3369.84,288,500,0
3369.94,294,505,0
3370.04,297,502,5
3370.14,288,503,1
3370.24,297,501,2
3370.341,298,501,2
3370.441,287,501,1
3370.54,296,502,1
3370.64,289,500,3
3370.741,289,501,0
3370.841,295,500,1
3370.94,287,503,0
3371.04,298,502,2
3371.14,311,504,1
3371.24,300,506,1
3371.34,299,505,3
3371.439,300,505,1
3371.54,303,508,0
3371.64,306,510,1
3371.74,296,509,1
3371.841,292,510,2
3371.94,294,512,0
3372.039,290,513,0
3372.14,300,514,0
3372.241,297,509,5
3372.34,289,511,0
3372.441,287,510,2
3372.541,291,508,2
3372.641,293,503,5
3372.74,292,506,0
3372.841,289,506,2
3372.939,299,507,0
3373.041,301,507,5
3373.14,301,507,0
3373.24,291,506,1
3373.34,293,506,2
3373.441,303,504,3
3373.539,297,504,1
3373.641,297,500,5
3373.74,317,506,0
3373.84,294,507,1
3373.94,301,508,1
3374.041,293,507,4
3374.14,289,507,0
3374.24,298,507,2
3374.34,290,503,4
3374.439,294,502,3
3374.541,297,501,3
3374.64,287,501,0
3374.74,290,500,5
3374.841,289,499,1
3374.94,300,498,2
3375.04,289,498,3
3375.14,295,498,0
3375.241,295,496,3
3375.342,302,496,3
3375.441,295,497,0
3375.54,294,499,0
3375.641,302,502,0
3375.741,296,496,7
3375.841,294,498,0
3375.94,300,500,3
3376.039,305,500,0
3376.141,300,498,4
3376.24,313,499,0
3376.339,298,499,0
3376.439,304,496,4
3376.54,299,495,3
3376.64,290,495,0
3376.74,295,497,1
3376.84,294,495,4
3376.941,297,497,3
3377.041,295,498,0
3377.14,301,497,3
3377.242,291,501,0
3377.34,297,502,0
3377.442,288,503,0
3377.54,289,504,0
3377.64,295,506,0
3377.74,301,508,2
3377.841,295,509,2
3377.94,297,509,1
3378.041,286,506,4
3378.141,300,509,0
3378.24,292,511,0
3378.341,296,513,2
3378.439,294,512,2
3378.54,299,512,0
3378.641,293,513,1
3378.74,299,514,2
3378.84,287,517,1
3378.941,295,513,5
3379.04,297,510,3
3379.14,297,513,0
3379.241,294,509,6
3379.34,289,509,1
3379.441,293,510,0
3379.54,294,511,0
3379.64,288,510,1
3379.74,293,511,0
3379.841,289,508,3
3379.94,300,509,0
3380.041,300,508,4
3380.14,302,509,0
3380.24,293,507,3
3380.34,294,504,3
3380.439,303,502,2
3380.539,289,501,2
3380.64,292,500,1
3380.74,303,498,2
3380.84,295,500,2
3380.94,296,501,2
3381.04,290,502,1
3381.14,287,503,1
3381.24,290,502,1
3381.34,302,501,2
3381.44,291,499,3
3381.542,282,504,1
3381.641,302,508,0
3381.741,299,508,2
3381.839,303,513,0
3381.94,304,511,4
3382.041,298,510,1
3382.142,295,510,1
3382.241,288,511,0
3382.341,288,510,2
3382.441,294,512,0
3382.541,293,509,4
3382.64,293,510,0
3382.739,294,510,0
3382.84,296,510,1
3382.94,295,508,2
3383.04,299,508,3
3383.14,304,505,3
3383.24,293,504,3
3383.34,301,504,1
3383.44,302,499,6
3383.54,294,502,0
3383.639,291,504,0
3383.74,292,506,1
3383.84,296,506,2
3383.94,299,506,3
3384.04,300,504,3
3384.14,295,502,3
3384.241,302,501,1
3384.341,297,501,1
3384.44,304,504,0
3384.54,302,502,2
3384.64,303,500,5
3384.74,297,502,2
3384.841,291,499,4
3384.941,303,497,5
3385.04,303,497,0
3385.141,287,495,3
3385.24,296,497,1
3385.34,302,498,0
3385.44,300,498,1
3385.54,289,495,3
3385.64,289,495,1
3385.74,302,493,2
3385.841,305,493,1
3385.94,289,494,0
3386.04,297,494,1
3386.14,298,492,3
3386.241,295,490,2
3386.34,305,491,0
3386.44,299,493,0
3386.54,300,494,1
3386.641,301,490,5
3386.74,297,490,0
3386.84,297,491,2
3386.94,299,492,1
3387.04,295,492,2
3387.14,292,496,0
3387.241,290,496,0
3387.341,287,497,0
3387.44,293,498,0
3387.541,292,498,2
3387.641,298,500,2
3387.74,292,504,0
3387.84,302,501,4
3387.94,293,500,3
3388.042,292,500,2
3388.141,304,500,0
3388.24,294,502,1
3388.341,298,499,3
3388.44,297,502,0
3388.541,296,500,2
3388.641,295,502,0
3388.74,301,502,0
3388.84,299,506,1
3388.941,297,502,4
3389.04,302,503,0
3389.14,286,504,2
3389.24,287,506,0
3389.341,300,503,4
3389.442,299,501,2
3389.54,285,504,0
3389.64,296,506,1
3389.74,296,506,1
3389.84,295,507,0
3389.941,305,507,2
3390.04,296,507,0
3390.14,298,509,0
3390.238,291,508,4
3390.34,304,509,0
3390.44,307,510,0
3390.54,295,509,2
3390.641,295,508,2
3390.74,299,508,0
3390.84,303,506,3
3390.939,291,505,1
3391.041,305,504,1
3391.14,286,502,3
3391.24,296,506,1
3391.341,298,507,1
3391.44,296,508,2
3391.541,296,508,3
3391.64,293,510,1
3391.739,300,509,2
3391.84,304,510,0
3391.94,304,503,7
3392.041,286,500,6
3392.141,300,501,0
3392.24,293,502,0
3392.34,300,501,1
3392.44,291,502,2
3392.54,283,501,2
3392.641,301,496,5
3392.74,300,497,0
3392.84,293,496,3
3392.941,292,496,1
3393.04,305,495,3
3393.14,293,496,0
3393.241,287,494,3
3393.34,298,494,0
3393.439,299,496,2
3393.541,298,495,4
3393.64,287,496,0
3393.74,295,500,1
3393.842,296,498,3
3393.94,288,499,0
3394.041,304,499,0
3394.141,299,500,1
3394.24,297,504,0
3394.341,293,501,4
3394.441,297,499,5
3394.54,299,503,0
3394.641,298,498,5
3394.74,290,498,3
3394.842,290,497,2
3394.94,296,499,0
3395.041,297,500,1
3395.14,301,500,1
3395.241,296,500,2
3395.341,297,503,0
3395.44,295,506,0
3395.54,295,505,2
3395.64,297,504,2
3395.74,298,506,0
3395.841,299,500,7
3395.941,298,501,0
3396.04,291,501,1
3396.142,292,502,1
3396.241,296,503,0
3396.341,291,503,2
3396.44,296,502,2
3396.54,296,502,0
3396.641,300,499,4
3396.741,287,499,3
3396.84,299,500,0
3396.941,302,503,0
3397.041,297,504,0
3397.141,301,503,1
3397.24,300,503,1
3397.34,286,501,2
3397.439,292,500,2
3397.54,295,497,4
3397.641,293,495,2
3397.74,298,495,1
3397.84,304,496,1
3397.94,305,498,0
3398.041,291,498,1
3398.139,298,502,1
3398.241,288,504,0
3398.34,291,502,3
3398.442,293,499,3
3398.54,293,501,0
3398.64,289,499,3
3398.74,304,499,2
3398.841,301,498,4
3398.94,304,500,1
3399.041,299,503,1
3399.14,290,504,0
3399.241,303,500,4
3399.339,293,501,2
3399.442,296,500,3
3399.541,301,502,0
3399.64,292,503,0
3399.739,293,507,1
3399.842,294,502,8
3399.94,297,504,0
3400.04,301,503,2
3400.141,296,504,3
3400.239,296,503,1
3400.34,299,503,2
3400.44,298,504,1
3400.54,294,505,0
3400.64,299,507,0
3400.738,294,506,3
3400.84,301,507,2
3400.94,293,508,2
3401.041,296,509,0
3401.141,289,507,3
3401.242,309,509,0
3401.34,307,511,0
3401.44,294,511,2
3401.54,296,511,2
3401.64,291,512,2
3401.74,300,511,2
3401.841,298,511,1
3401.94,294,511,2
3402.041,297,508,5
3402.14,298,505,3
3402.24,297,505,1
3402.339,302,504,2
3402.442,291,502,3
3402.54,296,502,1
3402.641,300,503,2
3402.74,299,501,4
3402.841,294,503,0
3402.939,293,504,1
3403.04,297,503,1
3403.14,296,504,0
3403.24,288,502,3
3403.34,303,504,0
3403.441,295,502,6
3403.539,299,506,0
3403.641,304,509,2
3403.741,294,508,1
3403.841,298,506,4
3403.94,307,507,0
3404.041,292,506,2
3404.14,289,507,0
3404.239,290,506,1
3404.341,294,504,6
3404.439,293,505,0
3404.541,292,502,3
3404.64,300,506,0
3404.74,293,508,1
3404.841,298,507,1
3404.94,297,506,1
3405.04,301,507,0
3405.14,297,511,2
3405.24,294,511,1
3405.339,309,510,2
3405.44,298,511,1
3405.54,294,510,1
3405.64,302,510,3
3405.74,293,510,2
3405.839,303,510,2
3405.939,300,511,2
3406.04,295,510,1
3406.139,300,510,1
3406.24,290,511,0
3406.341,298,510,2
3406.44,293,510,0
3406.54,289,506,4
3406.64,292,509,0
3406.739,302,508,3
3406.841,286,507,1
3406.941,288,505,4
3407.041,308,508,0
3407.14,305,506,3
3407.24,294,505,1
3407.339,297,507,0
3407.44,295,502,5
3407.541,294,504,0
3407.64,295,503,1
3407.74,290,501,3
3407.84,288,502,2
3407.941,310,501,1
3408.041,293,501,1
3408.141,288,495,6
3408.24,300,497,0
3408.34,300,497,2
3408.441,283,494,3
3408.539,294,494,0
3408.641,286,490,4
3408.739,286,494,0
3408.84,299,491,5
3408.941,285,488,5
3409.04,297,490,0
3409.141,288,490,2
3409.24,295,492,0
3409.34,297,493,2
3409.44,297,492,1
3409.54,302,494,0
3409.64,301,494,0
3409.739,294,493,2
3409.84,300,493,1
3409.94,298,490,3
3410.041,294,489,2
3410.14,308,487,4
3410.24,295,486,1
3410.34,301,488,3
3410.44,295,491,0
3410.54,297,492,1
3410.64,290,491,2
3410.74,295,495,2
3410.84,300,493,2
3410.94,295,493,2
3411.04,298,491,2
3411.14,297,490,2
3411.242,300,489,2
3411.342,296,491,1
3411.442,288,492,0
3411.542,302,492,1
3411.642,298,495,1
3411.741,297,497,2
3411.841,298,499,2
3411.941,302,501,0
3412.042,291,497,4
3412.141,297,499,0
3412.241,305,496,3
3412.342,289,498,1
3412.442,296,501,0
3412.542,294,501,1
3412.641,300,504,1
3412.742,306,505,0
3412.841,294,505,0
3412.941,289,507,0
3413.042,294,508,1
3413.141,301,507,1
3413.241,291,507,1
3413.341,290,503,4
3413.442,294,502,4
3413.543,301,502,2
3413.642,296,503,1
3413.741,289,497,7
3413.842,301,499,0
3413.941,298,501,0
3414.042,300,500,1
3414.142,294,502,1
3414.242,302,506,0
3414.342,293,506,3
3414.442,298,505,2
3414.541,291,506,0
3414.642,292,506,0
3414.741,300,506,2
3414.842,304,500,7
3414.94,305,501,0
3415.043,293,503,1
3415.141,299,504,0
3415.241,293,505,1
3415.341,294,505,1
3415.441,303,504,2
3415.541,300,500,4
3415.641,294,501,0
3415.742,294,499,4
3415.841,296,501,0
3415.941,293,500,3
3416.041,293,498,2
3416.141,291,494,4
3416.241,292,493,1
3416.341,295,491,2
3416.441,299,491,2
3416.542,292,492,1
3416.643,296,490,5
3416.741,294,492,0
3416.842,290,494,0
3416.942,292,493,2
3417.043,290,493,0
3417.141,300,494,0
3417.242,295,494,2
3417.341,287,495,2
3417.443,302,491,4
3417.542,297,491,1
3417.642,296,492,0
3417.742,294,492,2
3417.842,290,493,0
3417.942,302,495,1
3418.042,301,496,0
3418.142,288,495,2
3418.241,293,495,0
3418.342,293,490,6
3418.441,296,494,0
3418.542,289,489,5
3418.642,303,490,1
3418.741,301,491,0
3418.841,306,490,1
3418.941,301,488,2
3419.042,298,488,2
3419.142,289,489,1
3419.242,306,489,4
3419.341,292,491,0
3419.443,310,492,1
3419.541,284,494,0
3419.642,284,492,2
3419.742,291,491,2
3419.843,292,493,0
3419.941,289,495,0
3420.042,290,496,0
3420.142,302,495,3
3420.241,293,497,0
3420.342,300,497,3
3420.442,287,498,0
3420.541,286,501,0
3420.642,298,504,1
3420.741,300,506,0
3420.842,290,506,1
3420.941,293,509,2
3421.042,299,507,4
3421.142,294,510,0
3421.242,292,505,5
3421.341,293,507,0
3421.442,288,507,3
3421.542,302,509,0
3421.64,302,511,1
3421.741,289,510,2
3421.842,288,506,4
3421.941,304,508,0
3422.041,300,508,3
3422.141,305,507,1
3422.242,302,505,4
3422.342,298,503,5
3422.441,311,503,0
3422.54,303,504,1
3422.641,290,504,1
3422.741,294,503,2
3422.841,297,506,0
3422.942,288,502,5
3423.041,299,504,0
3423.142,295,505,1
3423.241,296,509,0
3423.342,296,509,2
3423.442,298,511,1
3423.542,294,510,4
3423.641,302,511,0
3423.741,305,510,3
3423.84,287,508,4
3423.942,294,507,3
3424.043,296,507,3
3424.141,285,507,0
3424.241,292,504,3
3424.341,302,508,1
3424.441,292,508,2
3424.541,297,508,4
3424.642,295,504,5
3424.741,290,506,0
3424.842,287,507,0
3424.94,300,509,0
3425.042,292,505,4
3425.142,298,505,2
3425.242,293,505,0
3425.342,300,504,1
3425.441,300,501,6
3425.542,283,496,5
3425.642,284,496,1
3425.741,299,497,0
3425.842,295,495,5
3425.941,300,496,0
3426.042,302,497,1
3426.142,301,500,0
3426.241,291,503,2
3426.34,304,502,3
3426.442,293,498,4
3426.542,300,498,2
3426.641,287,497,3
3426.741,296,499,1
3426.842,294,499,4
3426.941,292,501,0
3427.041,298,501,2
3427.142,304,500,1
3427.241,296,500,0
3427.341,284,500,1
3427.443,310,495,8
3427.543,293,493,2
3427.641,285,494,0
3427.74,286,494,1
3427.842,302,495,4
3427.942,290,496,3
3428.042,301,498,0
3428.141,296,499,0
3428.242,290,501,3
3428.341,305,503,1
3428.442,289,502,2
3428.541,298,506,0
3428.642,290,507,0
3428.741,299,506,3
3428.842,292,505,1
3428.943,296,508,0
3429.042,295,509,0
3429.142,293,507,2
3429.241,294,507,1
3429.341,290,503,5
3429.442,302,504,0
3429.542,296,506,1
3429.642,289,505,4
3429.74,309,506,0
3429.842,296,504,2
3429.941,296,503,3
3430.041,296,504,0
3430.141,296,502,2
3430.241,295,503,2
3430.341,302,505,0
3430.442,294,505,0
3430.542,298,503,4
3430.641,294,507,0
3430.742,289,506,1
3430.841,299,506,0
3430.941,289,506,2
3431.041,299,505,3
3431.142,295,505,2
3431.24,284,508,0
3431.341,305,504,6
3431.441,301,503,3
3431.541,286,504,1
3431.642,297,501,5
3431.741,307,503,0
3431.842,289,504,0
3431.941,295,506,0
3432.041,283,501,6
3432.141,287,499,2
3432.241,284,499,1
3432.341,294,500,2
3432.441,298,503,1
3432.541,293,503,1
3432.641,302,503,3
3432.741,293,501,2
3432.841,297,502,0
3432.941,301,500,2
3433.042,298,496,4
3433.141,289,496,0
3433.242,289,496,1
3433.342,304,495,3
3433.441,299,499,0
3433.541,296,498,1
3433.64,301,495,3
3433.742,300,496,2
3433.842,290,496,4
3433.941,289,497,0
3434.042,301,495,4
3434.141,299,497,0
3434.242,306,493,5
3434.342,294,492,2
3434.442,300,492,1
3434.542,290,493,1
3434.641,303,496,0
3434.742,304,498,1
3434.841,292,500,0
3434.941,298,502,2
3435.041,300,503,1
3435.141,307,504,1
3435.24,298,505,0
3435.339,296,506,1
3435.441,300,503,4
3435.542,300,501,3
3435.641,296,504,0
3435.742,299,503,3
3435.842,302,504,1
3435.941,293,506,0
3436.04,292,507,0
3436.142,302,502,5
3436.24,291,504,0
3436.342,288,506,0
3436.442,291,506,1
3436.542,302,506,1
3436.641,305,507,0
3436.74,296,510,0
3436.843,293,509,3
3436.943,308,513,0
3437.043,291,510,3
3437.144,302,511,3
3437.244,295,508,3
3437.343,290,508,2
3437.443,299,507,1
3437.544,303,510,0
3437.643,305,512,3
3437.742,296,513,0
3437.842,299,512,4
3437.943,300,509,3
3438.043,299,509,2
3438.145,291,509,2
3438.243,301,510,2
3438.343,306,508,2
3438.445,300,508,1
3438.543,296,509,2
3438.643,298,506,4
3438.742,297,507,0
3438.843,291,504,5
3438.943,284,505,2
3439.043,292,508,1
3439.143,293,508,1
3439.243,290,506,3
3439.344,304,508,2
3439.443,288,509,0
3439.544,298,508,1
3439.643,283,508,0
3439.744,289,505,4
3439.843,292,507,0
3439.942,302,508,1
3440.043,292,508,3
3440.143,282,508,1
3440.243,290,506,2
3440.344,297,506,1
3440.443,280,506,0
3440.543,298,506,1
3440.643,294,509,1
3440.743,289,507,5
3440.844,291,506,3
3440.944,307,506,1
3441.043,295,507,0
3441.143,297,509,2
3441.245,306,507,4
3441.344,298,507,1
3441.445,292,511,0
3441.544,295,508,3
3441.643,298,509,0
3441.742,302,510,2
3441.843,300,509,1
3441.944,300,503,7
3442.043,302,505,0
3442.144,295,501,5
3442.243,293,501,0
3442.343,296,504,2
3442.444,294,501,3
3442.543,296,504,0
3442.644,290,504,1
3442.743,288,508,0
3442.844,300,508,1
3442.943,292,506,2
3443.043,291,508,0
3443.143,294,506,3
3443.243,296,503,3
3443.343,294,502,2
3443.443,293,506,1
3443.544,287,506,0
3443.644,298,508,1
3443.742,299,510,0
3443.843,300,510,1
3443.944,288,509,1
3444.044,291,508,3
3444.145,293,504,4
3444.245,300,504,0
3444.344,292,502,2
3444.443,297,503,3
3444.543,305,503,3
3444.643,282,504,1
3444.742,302,506,2
3444.843,302,503,3
3444.944,300,505,0
3445.044,302,505,4
3445.143,297,506,0
3445.243,298,505,1
3445.343,289,506,0
3445.443,292,501,6
3445.543,286,501,0
3445.644,299,499,2
3445.743,298,498,2
3445.844,298,499,3
3445.944,300,499,0
3446.043,296,499,0
3446.143,297,499,2
3446.242,295,498,1
3446.343,284,498,1
3446.444,301,497,4
3446.543,290,498,0
3446.644,305,498,1
3446.744,288,492,8
3446.845,294,492,2
3446.944,300,496,0
3447.044,303,497,0
3447.144,297,498,3
3447.245,304,498,1
3447.343,285,500,1
3447.443,288,501,3
3447.544,296,499,5
3447.644,289,499,0
3447.744,315,502,2
3447.844,301,503,2
3447.943,300,506,0
3448.044,286,505,3
3448.143,295,506,1
3448.244,299,505,1
3448.344,300,505,2
3448.444,294,506,0
3448.544,297,510,0
3448.644,303,512,0
3448.743,284,510,2
3448.843,301,510,3
3448.943,290,507,4
3449.044,290,508,1
3449.144,305,509,1
3449.243,294,509,0
3449.342,296,512,0
3449.442,294,511,1
3449.542,305,509,3
3449.644,297,509,2
3449.743,286,508,1
3449.843,299,506,3
3449.943,295,505,2
3450.043,293,500,5
3450.143,302,499,2
3450.244,294,497,5
3450.345,299,495,4
3450.443,300,496,0
3450.543,295,495,2
3450.643,289,496,1
3450.743,294,496,2
3450.844,293,497,2
3450.942,296,498,1
3451.043,301,500,2
3451.143,298,497,3
3451.243,297,495,3
3451.343,309,498,0
3451.444,296,498,3
3451.543,299,499,1
3451.643,295,496,3
3451.744,288,493,3
3451.844,301,493,3
3451.943,294,494,0
3452.045,296,495,3
3452.143,290,497,0
3452.244,288,493,5
3452.343,291,492,3
3452.444,297,494,0
3452.544,300,495,1
3452.644,293,495,0
3452.743,290,495,4
3452.843,298,495,0
3452.943,293,495,2
3453.043,302,497,2
3453.143,299,498,0
3453.242,300,499,0
3453.342,294,499,1
3453.444,292,500,1
3453.544,296,498,3
3453.644,298,500,1
3453.742,292,504,0
3453.842,300,503,1
3453.943,301,506,1
3454.044,299,507,1
3454.143,292,507,0
3454.244,301,506,2
3454.344,295,500,7
3454.443,289,501,0
3454.542,292,498,3
3454.643,296,501,0
3454.743,297,500,1
3454.844,303,504,0
3454.944,296,502,4
3455.043,303,504,0
3455.142,292,503,2
3455.243,292,502,2
3455.343,301,502,2
3455.443,295,504,0
3455.544,299,506,1
3455.644,299,503,4
3455.744,304,501,2
3455.843,296,502,0
3455.943,291,502,0
3456.043,292,501,1
3456.143,290,500,3
3456.242,290,501,0
3456.344,293,500,4
3456.444,296,502,0
3456.543,299,504,1
3456.644,302,505,0
3456.744,302,500,7
3456.844,296,500,1
3456.943,286,503,0
3457.043,296,502,3
3457.144,297,501,2
3457.244,295,502,0
3457.344,301,504,0
3457.443,293,502,3
3457.543,297,502,2
3457.642,303,505,0
3457.743,283,502,3
3457.843,294,502,1
3457.944,294,501,3
3458.043,306,504,0
3458.143,293,502,4
3458.243,298,502,0
3458.344,297,498,4
3458.444,293,500,0
3458.543,294,501,0
3458.643,292,500,2
3458.742,306,499,3
3458.843,300,503,0
3458.943,291,503,1
3459.045,287,502,2
3459.144,293,502,1
3459.244,292,499,4
3459.343,303,501,0
3459.444,303,499,4
3459.544,293,496,4
3459.643,294,497,0
3459.743,287,497,1
3459.844,292,497,3
3459.943,301,496,1
3460.043,297,496,0
3460.143,289,496,2
3460.243,304,494,2
3460.343,294,493,2
3460.444,300,490,4
3460.544,294,489,2
3460.643,298,490,1
3460.745,289,493,1
3460.842,302,494,0
3460.943,295,494,1
3461.044,296,489,6
3461.145,289,490,1
3461.242,302,492,0
3461.343,296,490,3
3461.443,286,492,0
3461.544,296,494,0
3461.643,296,495,0
3461.743,297,495,4
3461.844,289,493,3
3461.944,304,495,0
3462.043,296,498,0
3462.143,300,497,1
3462.243,298,497,1
3462.343,293,497,1
3462.443,295,497,2
3462.543,297,492,5
3462.643,289,494,0
3462.744,296,496,0
3462.843,291,499,0
3462.942,304,499,3
3463.044,303,498,1
3463.143,295,498,0
3463.244,294,496,3
3463.344,298,496,1
3463.444,296,499,0
3463.543,290,499,1
3463.644,294,499,2
3463.743,301,502,0
3463.844,295,499,5
3463.944,299,497,2
3464.043,294,500,0
3464.143,294,502,0
3464.243,301,501,3
3464.343,292,503,0
3464.443,295,504,1
3464.544,302,503,1
3464.643,290,506,1
3464.743,299,507,2
3464.842,289,506,2
3464.943,295,506,1
3465.043,293,506,2
3465.144,284,507,2
3465.243,296,509,0
3465.343,301,507,3
3465.444,313,505,4
3465.543,294,508,0
3465.644,290,507,2
3465.744,288,507,0
3465.843,306,508,1
3465.943,293,505,6
3466.044,283,506,0
3466.144,297,506,2
3466.241,290,507,0
3466.343,305,506,2
3466.445,287,504,2
3466.543,298,509,0
3466.643,295,505,5
3466.744,288,502,6
3466.844,295,505,0
3466.943,299,507,1
3467.043,301,509,0
3467.143,295,504,5
3467.244,299,499,6
3467.343,297,499,0
3467.444,281,498,2
3467.543,298,502,0
3467.642,282,503,0
3467.742,291,500,5
3467.843,291,501,1
3467.943,299,503,0
3468.043,297,503,2
3468.143,290,501,3
3468.243,298,502,1
3468.341,291,502,2
3468.443,298,501,2
3468.543,291,500,2
3468.643,304,502,1
3468.743,289,503,1
3468.844,292,498,5
3468.943,300,500,0
3469.043,300,500,2
3469.143,295,500,1
3469.243,294,496,4
3469.344,302,493,3
3469.444,285,494,0
3469.544,298,495,3
3469.645,300,495,2
3469.743,302,496,0
3469.843,291,498,1
3469.943,294,497,3
3470.043,301,496,3
3470.143,295,497,1
3470.243,293,499,1
3470.343,296,501,1
3470.443,291,499,2
3470.543,308,499,1
3470.644,289,500,2
3470.744,294,498,2
3470.843,306,504,0
3470.944,297,504,2
3471.045,294,504,1
3471.143,291,506,0
3471.243,294,508,1
3471.344,285,504,6
3471.443,295,504,0
3471.544,290,505,2
3471.643,295,506,0
3471.743,295,506,2
3471.843,293,504,3
3471.944,301,501,3
3472.044,294,503,1
3472.144,296,504,1
3472.243,297,505,0
3472.343,300,508,1
3472.443,297,510,1
3472.544,309,511,1
3472.644,291,514,2
3472.744,287,508,6
3472.843,298,511,0
3472.942,307,512,1
3473.042,295,511,1
3473.143,302,512,0
3473.245,297,504,8
3473.343,295,505,0
3473.443,299,503,2
3473.543,298,504,0
3473.642,292,502,4
3473.744,295,504,0
3473.843,302,505,1
3473.944,293,503,4
3474.044,287,503,0
3474.143,304,502,2
3474.243,286,500,2
3474.343,291,499,2
3474.444,307,498,2
3474.543,287,500,0
3474.644,296,498,3
3474.744,296,496,2
3474.843,297,497,0
3474.943,294,496,1
3475.043,297,495,1
3475.143,297,491,4
3475.244,301,492,2
3475.342,297,493,0
3475.444,290,491,3
3475.544,304,494,0
3475.644,287,495,3
3475.744,300,493,2
3475.843,294,492,1
3475.943,305,489,4
3476.044,306,489,1
3476.143,286,492,0
3476.245,299,491,2
3476.343,290,494,0
3476.443,290,493,1
3476.542,296,493,0
3476.644,296,489,5
3476.744,282,491,0
3476.843,303,493,2
3476.944,291,493,2
3477.043,299,495,1
3477.142,283,496,0
3477.242,287,497,1
3477.343,302,497,2
3477.444,291,498,2
3477.543,299,499,1
3477.644,298,497,2
3477.744,297,496,2
3477.843,304,496,1
3477.945,294,496,4
3478.043,301,497,0
3478.143,279,498,0
3478.243,289,500,0
3478.342,288,499,2
3478.443,302,500,1
3478.543,300,501,0
3478.642,285,502,3
3478.743,295,501,4
3478.843,296,501,1
3478.944,295,500,2
3479.044,295,502,0
3479.143,291,502,1
3479.243,299,505,1
3479.344,299,503,4
3479.443,304,505,0
3479.543,305,506,1
3479.645,301,507,2
3479.743,288,509,0
3479.842,289,508,3
3479.944,298,508,1
3480.043,290,508,0
3480.143,292,507,3
3480.243,292,503,4
3480.343,291,503,0
3480.441,303,505,0
3480.543,296,504,2
3480.642,293,503,1
3480.742,287,504,0
3480.843,282,506,0
3480.944,289,506,1
3481.041,296,507,4
3481.143,288,506,1
3481.243,290,507,0
3481.342,291,508,0
3481.444,297,507,3
3481.543,301,507,0
3481.643,285,502,7
3481.744,299,500,3
3481.843,300,502,0
3481.942,291,500,2
3482.044,292,501,2
3482.144,288,501,1
3482.244,295,501,2
3482.344,304,504,0
3482.444,303,501,4
3482.545,299,501,2
3482.645,291,501,0
3482.744,297,497,6
3482.845,287,495,2
3482.944,297,497,0
3483.044,294,495,3
3483.144,296,493,2
3483.245,290,494,0
3483.345,296,497,0
3483.443,299,499,0
3483.544,294,499,1
3483.645,299,503,0
3483.744,297,507,0
3483.845,286,506,3
3483.944,294,507,0
3484.044,297,505,3
3484.145,285,506,0
3484.245,292,506,1
3484.344,298,504,4
3484.444,298,506,0
3484.544,292,505,3
3484.645,299,505,3
3484.744,302,506,0
3484.844,299,505,4
3484.945,286,507,0
3485.044,293,507,0
3485.145,296,503,5
3485.245,301,503,1
3485.344,291,503,0
3485.444,295,500,3
3485.544,301,502,1
3485.645,304,502,1
3485.744,299,503,0
3485.844,298,503,1
3485.944,302,504,0
3486.044,292,505,1
3486.144,296,504,3
3486.244,297,504,2
3486.344,302,505,1
3486.444,300,502,5
3486.544,291,506,0
3486.644,296,507,1
3486.744,296,508,2
3486.844,299,509,3
3486.942,297,508,3
3487.044,290,506,3
3487.143,304,504,2
3487.244,296,503,2
3487.344,292,505,0
3487.444,292,508,0
3487.544,302,508,2
3487.644,313,505,3
3487.744,299,501,5
3487.844,301,501,3
3487.945,288,499,3
3488.045,292,499,2
3488.145,301,500,0
3488.244,299,503,1
3488.344,298,503,1
3488.445,297,504,2
3488.544,294,508,0
3488.644,296,507,2
3488.744,300,507,1
3488.844,297,511,0
3488.945,294,509,4
3489.046,298,508,1
3489.144,300,510,0
3489.245,310,507,4
3489.344,294,507,0
3489.445,286,506,4
3489.545,287,506,1
3489.644,292,508,0
3489.743,294,507,3
3489.845,293,503,4
3489.944,294,503,1
3490.044,304,505,0
3490.144,298,505,2
3490.244,306,505,0
3490.344,291,505,1
3490.445,297,501,5
3490.546,294,498,4
3490.646,292,497,2
3490.745,293,500,1
3490.845,284,499,2
3490.944,293,499,0
3491.044,302,501,1
3491.143,300,501,2
3491.244,299,503,0
3491.345,301,500,3
3491.444,305,500,0
3491.545,299,493,7
3491.644,299,496,0
3491.744,293,499,0
3491.845,300,499,2
3491.944,295,501,0
3492.045,292,500,2
3492.145,297,499,3
3492.245,299,499,0
3492.345,302,499,3
3492.444,288,500,0
3492.544,294,502,1
3492.644,291,502,2
3492.744,293,502,1
3492.843,294,504,0
3492.944,297,505,1
3493.044,302,506,0
3493.143,291,503,4
3493.244,293,497,6
3493.343,299,498,2
3493.443,293,498,1
3493.544,294,498,1
3493.643,300,498,0
3493.745,293,496,3
3493.843,297,496,2
3493.944,296,497,2
3494.044,304,496,1
3494.144,290,495,2
3494.244,290,495,0
3494.344,294,494,2
3494.445,301,496,1
3494.544,297,497,0
3494.645,293,494,3
3494.743,298,496,0
3494.844,296,495,4
3494.944,295,496,0
3495.044,304,497,0
3495.144,297,498,1
3495.244,294,496,3
3495.344,291,501,0
3495.445,295,496,6
3495.545,299,495,3
3495.645,302,496,1
3495.744,294,499,0
3495.844,296,498,3
3495.944,297,499,0
3496.044,299,498,3
3496.145,298,499,0
3496.245,291,497,2
3496.345,290,496,3
3496.445,299,496,1
3496.545,306,495,1
3496.645,294,494,1
3496.745,300,498,0
3496.845,290,497,1
3496.945,284,497,0
3497.045,299,494,3
3497.145,291,500,0
3497.245,293,500,0
3497.345,288,502,1
3497.445,297,503,0
3497.545,306,499,5
3497.644,301,501,0
3497.744,294,500,2
3497.845,287,500,2
3497.944,294,502,0
3498.045,295,504,1
3498.144,291,506,0
3498.244,300,507,1
3498.344,295,507,1
3498.445,289,508,1
3498.544,294,507,2
3498.644,293,505,3
3498.744,296,507,1
3498.844,295,506,2
3498.943,307,507,1
3499.045,295,503,5
3499.144,293,504,0
3499.244,297,502,2
3499.344,282,503,1
3499.444,298,504,2
3499.544,295,504,1
3499.643,297,503,1
3499.743,282,502,2
3499.844,298,501,3
3499.946,296,504,2
3500.044,290,506,0
3500.144,301,506,0
3500.244,299,508,2
3500.344,300,510,0
3500.444,289,509,3
3500.542,296,508,1
3500.645,299,504,6
3500.744,295,504,0
3500.844,289,508,1
3500.943,296,508,2
3501.045,295,507,1
3501.144,296,508,1
3501.246,304,506,3
3501.345,300,504,3
3501.444,296,506,0
3501.543,290,505,2
3501.645,295,499,7
3501.744,298,500,0
3501.845,297,497,5
3501.945,295,498,3
3502.046,301,498,0
3502.144,287,502,0
3502.245,298,499,4
3502.345,304,502,2
3502.444,294,503,0
3502.545,292,500,3
3502.645,301,503,0
3502.744,302,503,1
3502.844,292,503,0
3502.943,296,503,3
3503.045,294,504,1
3503.144,299,505,0
3503.245,297,503,5
3503.345,288,501,2
3503.444,297,503,0
3503.544,298,500,5
3503.644,299,501,0
3503.744,287,501,3
3503.845,290,499,3
3503.944,287,497,3
3504.044,289,497,0
3504.144,294,498,1
3504.244,280,497,2
3504.345,297,501,0
3504.445,299,499,4
3504.544,293,501,2
3504.644,303,502,0
3504.744,291,502,2
3504.844,293,500,3
3504.943,296,501,0
3505.045,298,499,4
3505.143,294,499,1
3505.245,293,498,3
3505.345,294,499,0
3505.444,290,498,2
3505.544,294,499,0
3505.643,301,500,0
3505.744,295,499,3
3505.843,297,498,2
3505.944,298,501,1
3506.044,310,506,0
3506.144,294,501,5
3506.244,296,501,2
3506.344,297,501,4
3506.443,298,507,0
3506.545,302,506,5
3506.644,293,509,0
3506.744,292,509,2
3506.844,301,510,0
3506.945,301,509,4
3507.044,294,510,0
3507.143,294,510,1
3507.245,298,509,1
3507.345,305,511,0
3507.444,299,511,0
3507.546,307,511,2
3507.644,297,512,0
3507.743,307,511,1
3507.845,294,509,4
3507.944,302,509,1
3508.045,293,510,0
3508.144,295,511,0
3508.243,287,513,0
3508.344,301,515,0
3508.444,295,513,2
3508.544,304,512,1
3508.645,299,513,1
3508.744,305,515,0
3508.845,298,511,5
3508.944,292,513,0
3509.044,294,512,3
3509.145,284,509,4
3509.245,302,508,1
3509.343,290,510,0
3509.445,297,502,11
3509.544,301,504,0
3509.644,301,508,2
3509.744,298,508,2
3509.844,297,510,2
3509.945,294,511,1
3510.044,291,508,3
3510.144,298,505,4
3510.244,297,508,0
3510.345,282,509,0
3510.444,298,509,1
3510.543,296,509,1
3510.646,297,504,6
3510.745,308,505,1
3510.845,294,505,0
3510.944,303,502,4
3511.045,302,501,2
3511.145,300,499,3
3511.245,300,499,2
3511.344,296,499,0
3511.444,286,499,2
3511.545,296,497,3
3511.643,301,498,0
3511.744,300,497,1
3511.844,301,497,0
3511.945,300,495,4
3512.045,300,499,1
3512.144,297,500,0
3512.245,293,501,1
3512.344,301,500,4
3512.444,295,503,0
3512.544,295,501,3
3512.644,298,496,5
3512.744,309,496,4
3512.844,290,495,3
3512.944,296,493,3
3513.045,289,492,2
3513.145,300,494,0
3513.245,299,494,3
3513.344,297,498,0
3513.446,286,497,2
3513.545,295,500,0
3513.648,299,502,0
3513.746,294,500,2
3513.846,298,502,0
3513.946,307,499,3
3514.047,290,500,1
3514.146,290,499,2
3514.246,298,499,2
3514.346,292,499,0
3514.445,293,500,0
3514.547,288,500,0
3514.647,293,503,0
3514.746,303,503,1
3514.847,296,505,2
3514.947,297,503,3
3515.047,282,501,3
3515.146,286,498,3
3515.247,294,499,0
3515.346,287,496,6
3515.444,300,497,0
3515.547,293,496,2
3515.645,299,496,1
3515.745,296,495,3
3515.846,294,494,2
3515.946,303,493,3
3516.046,290,494,0
3516.146,304,496,0
3516.247,303,497,1
3516.346,295,498,2
3516.446,297,501,0
3516.546,298,502,1
3516.647,294,502,0
3516.747,300,501,2
3516.848,283,500,1
3516.946,297,501,0
3517.046,295,501,0
3517.146,297,501,0
3517.247,297,498,4
3517.346,297,501,0
3517.447,295,503,2
3517.545,297,503,0
3517.647,296,503,2
3517.747,304,500,6
3517.847,294,501,0
3517.946,290,498,3
3518.048,299,496,3
3518.146,296,497,0
3518.246,304,499,1
3518.347,287,498,4
3518.446,293,501,0
3518.546,298,503,0
3518.648,292,502,2
3518.748,299,500,2
3518.847,297,499,1
3518.946,286,500,0
3519.047,304,501,3
3519.146,294,502,0
3519.247,297,502,1
3519.346,294,504,0
3519.447,291,499,5
3519.547,289,494,5
3519.647,291,494,0
3519.746,293,494,1
3519.847,299,493,2
3519.946,296,494,0
3520.047,291,494,2
3520.147,298,491,4
3520.247,298,492,0
3520.345,287,492,1
3520.445,294,494,2
3520.546,291,492,4
3520.646,299,494,0
3520.746,292,493,3
3520.847,307,493,1
3520.947,301,490,4
3521.045,296,491,0
3521.146,289,490,1
3521.245,307,490,1
3521.347,298,488,3
3521.447,303,485,4
3521.547,298,483,2
3521.646,294,484,0
3521.746,291,490,0
3521.846,291,491,0
3521.946,294,492,0
3522.047,296,492,1
3522.146,296,488,4
3522.247,294,485,3
3522.346,290,487,1
3522.445,286,487,1
3522.546,293,486,1
3522.648,298,484,3
3522.747,296,486,0
3522.846,307,488,0
3522.946,301,488,1
3523.046,298,489,1
3523.146,292,489,0
3523.246,299,488,2
3523.346,298,488,1
3523.446,292,488,3
3523.546,299,489,0
3523.647,295,487,3
3523.746,294,488,0
3523.846,298,488,2
3523.946,304,487,1
3524.046,307,487,3
3524.147,296,488,1
3524.246,304,488,1
3524.346,299,492,0
3524.447,291,493,0
3524.547,287,494,1
3524.648,298,496,0
3524.747,299,493,5
3524.847,293,494,1
3524.949,299,495,0
3525.048,282,494,2
3525.147,301,495,0
3525.248,293,495,1
3525.348,285,494,1
3525.449,291,493,3
3525.548,289,492,1
3525.649,294,492,0
3525.747,292,494,0
3525.848,296,494,1
3525.948,291,493,2
3526.048,298,492,2
3526.146,296,493,0
3526.247,296,492,1
3526.347,300,492,0
3526.448,286,491,2
3526.547,297,493,1
3526.648,301,493,1
3526.748,298,497,0
3526.847,292,497,1
3526.947,285,496,2
3527.049,300,496,2
3527.148,295,496,3
3527.25,298,495,2
3527.347,286,494,4
3527.447,303,497,0
3527.548,286,497,3
3527.648,298,499,0
3527.747,293,498,2
3527.848,300,496,5
3527.947,293,496,0
3528.048,291,493,3
3528.148,296,493,1
3528.248,295,495,0
3528.347,298,499,0
3528.448,297,500,0
3528.548,297,501,1
3528.647,303,502,0
3528.747,296,504,1
3528.847,291,505,1
3528.948,289,504,2
3529.048,294,505,2
3529.147,295,500,6
3529.247,301,500,0
3529.347,302,501,1
3529.448,301,501,1
3529.547,298,502,0
3529.648,306,502,2
3529.747,293,501,3
3529.849,289,500,4
3529.948,294,500,0
3530.047,291,501,0
3530.147,302,500,4
3530.247,302,498,4
3530.347,311,498,1
3530.449,303,500,1
3530.547,297,500,0
3530.647,298,502,1
3530.748,293,502,2
3530.848,299,506,0
3530.948,292,507,1
3531.048,301,508,0
3531.147,293,508,0
3531.249,287,508,2
3531.348,296,502,7
3531.45,291,500,2
3531.549,288,500,1
3531.649,290,504,0
3531.749,290,502,4
3531.849,300,503,0
3531.95,303,505,0
3532.049,300,504,1
3532.149,288,504,0
3532.249,295,504,0
3532.348,287,500,4
3532.449,294,500,2
3532.548,301,499,2
3532.649,299,498,1
3532.748,299,497,2
3532.848,295,501,0
3532.948,296,499,2
3533.05,299,497,4
3533.148,296,494,5
3533.25,301,494,2
3533.349,298,493,1
3533.448,290,493,0
3533.547,294,491,2
3533.648,296,487,4
3533.749,306,484,3
3533.847,301,487,0
3533.949,288,481,6
3534.049,302,481,2
3534.148,295,482,2
3534.248,295,483,0
3534.348,291,483,1
3534.447,293,488,1
3534.548,297,489,1
3534.648,293,489,1
3534.749,290,491,1
3534.849,305,491,2
3534.948,301,491,2
3535.049,305,492,1
3535.148,295,495,1
3535.249,299,493,2
3535.349,291,494,1
3535.449,287,494,0
3535.548,298,497,1
3535.65,297,498,2
3535.748,292,501,0
3535.85,285,500,2
3535.95,297,499,4
3536.049,292,501,0
3536.15,286,499,3
3536.249,291,503,0
3536.347,297,503,1
3536.45,291,502,1
3536.549,293,503,1
3536.649,304,508,0
3536.749,293,511,0
3536.848,291,508,4
3536.949,292,509,0
3537.048,302,512,0
3537.149,302,512,4
3537.249,295,513,2
3537.348,299,514,0
3537.448,287,510,5
3537.548,292,511,0
3537.649,284,508,4
3537.748,302,512,0
3537.849,292,510,2
3537.948,289,508,2
3538.047,288,510,0
3538.148,281,508,3
3538.248,292,504,4
3538.348,303,507,1
3538.449,301,509,0
3538.548,291,508,1
3538.648,299,510,1
3538.749,299,507,4
3538.848,303,508,0
3538.948,298,511,0
3539.048,295,509,2
3539.148,298,508,2
3539.249,296,506,2
3539.348,288,503,3
3539.449,297,503,0
3539.549,296,500,3
3539.648,293,497,5
3539.748,302,499,2
3539.847,291,497,3
3539.948,298,498,1
3540.049,297,498,2
3540.148,295,500,0
3540.252,304,494,8
3540.349,290,494,1
3540.45,302,497,0
3540.55,284,496,2
3540.65,297,497,1
3540.748,296,499,0
3540.849,300,495,4
3540.947,298,496,0
3541.049,297,496,1
3541.148,293,498,0
3541.249,303,496,3
3541.348,297,497,0
3541.45,294,497,3
3541.548,294,500,0
3541.647,300,502,0
3541.748,288,500,2
3541.849,297,499,2
3541.949,294,497,3
3542.048,297,498,0
3542.148,303,498,0
3542.249,290,501,0
3542.348,291,502,0
3542.448,302,502,1
3542.548,296,502,0
3542.648,294,502,1
3542.747,303,504,2
3542.849,303,501,3
3542.95,286,503,1
3543.049,296,504,0
3543.149,304,503,5
3543.248,291,505,0
3543.349,298,506,0
3543.449,294,503,3
3543.548,297,506,0
3543.648,299,505,2
3543.748,290,505,1
3543.848,286,506,1
3543.948,296,506,3
3544.048,290,506,0
3544.149,292,505,4
3544.249,289,505,0
3544.348,295,505,2
3544.449,291,504,1
3544.549,290,499,6
3544.649,286,496,3
3544.749,301,498,0
3544.849,284,498,0
3544.947,296,496,5
3545.049,286,494,2
3545.149,300,499,0
3545.249,294,501,0
3545.348,291,499,2
3545.449,320,495,5
3545.548,305,496,0
3545.649,301,497,3
3545.748,297,496,3
3545.849,286,497,0
3545.949,290,501,0
3546.048,299,502,2
3546.149,296,501,1
3546.248,298,501,4
3546.349,290,501,1
3546.449,297,502,2
3546.549,299,504,2
3546.649,305,503,3
3546.748,289,506,0
3546.848,295,505,2
3546.948,292,504,3
3547.05,288,503,1
3547.148,301,504,0
3547.249,298,507,1
3547.348,295,508,0
3547.447,292,507,2
3547.549,303,509,1
3547.648,300,511,0
3547.747,294,512,1
3547.848,295,510,2
3547.948,288,506,4
3548.049,294,507,0
3548.148,298,511,0
3548.248,299,509,2
3548.348,303,510,2
3548.448,294,511,1
3548.548,307,513,0
3548.647,295,514,2
3548.749,296,515,2
3548.849,302,516,0
3548.948,281,516,0
3549.049,298,514,3
3549.148,291,515,0
3549.247,297,517,0
3549.349,289,516,3
3549.448,294,516,0
3549.549,305,515,1
3549.649,296,511,5
3549.747,306,511,2
3549.849,301,507,6
3549.949,295,505,2
3550.048,303,508,0
3550.149,293,511,1
3550.249,295,511,0
3550.349,291,507,5
3550.449,294,506,2
3550.547,287,506,0
3550.648,290,504,2
3550.748,297,503,2
3550.849,311,502,1
3550.948,295,502,0
3551.049,297,504,0
3551.149,291,500,5
3551.248,304,501,0
3551.349,299,500,3
3551.449,298,500,2
3551.548,300,505,0
3551.648,291,499,7
3551.748,296,502,0
3551.848,298,500,3
3551.948,298,497,3
3552.05,292,496,1
3552.149,302,495,2
3552.249,300,491,5
3552.349,300,492,0
3552.448,301,491,2
3552.547,307,493,0
3552.647,297,495,1
3552.748,301,492,7
3552.848,296,495,0
3552.949,298,495,2
3553.049,291,495,1
3553.149,293,496,0
3553.249,296,493,3
3553.348,285,493,1
3553.449,303,496,2
3553.549,302,496,1
3553.649,289,499,0
3553.748,303,500,0
3553.848,286,500,1
3553.948,292,503,0
3554.048,295,502,1
3554.148,298,503,1
3554.249,300,501,2
3554.349,299,503,0
3554.448,300,506,1
3554.549,293,504,3
3554.648,292,504,0
3554.748,293,505,1
3554.849,292,501,6
3554.949,293,502,0
3555.048,288,502,0
3555.148,298,501,2
3555.248,300,504,0
3555.348,298,507,0
3555.448,298,506,2
3555.548,296,501,5
3555.648,300,500,1
3555.748,297,502,0
3555.848,287,500,2
3555.949,295,498,2
3556.049,300,503,1
3556.148,290,503,2
3556.249,289,503,1
3556.348,287,501,2
3556.448,297,501,1
3556.547,296,503,0
3556.649,304,502,4
3556.748,294,502,2
3556.848,291,505,0
3556.949,298,505,4
3557.047,302,506,0
3557.149,304,509,1
3557.248,303,511,0
3557.348,302,513,0
3557.447,296,515,1
3557.548,300,515,3
3557.648,293,515,1
3557.748,290,516,0
3557.849,295,515,2
3557.948,295,514,2
3558.049,303,514,2
3558.148,291,516,0
3558.249,297,514,3
3558.347,295,515,0
3558.447,303,515,2
3558.547,300,515,1
3558.648,303,517,0
3558.748,295,517,1
3558.848,301,517,2
3558.947,303,518,0
3559.048,294,516,2
3559.148,289,512,4
3559.249,286,513,1
3559.347,299,511,3
3559.449,294,510,1
3559.548,295,508,2
3559.648,301,508,0
3559.749,294,506,3
3559.849,291,504,4
3559.949,292,505,0
3560.049,305,502,4
3560.149,300,503,0
3560.249,297,497,6
3560.349,290,496,1
3560.449,291,496,1
3560.548,299,500,0
3560.649,302,503,1
3560.748,290,505,0
3560.849,299,509,1
3560.948,294,505,4
3561.049,290,505,0
3561.148,292,502,3
3561.248,299,504,2
3561.348,302,503,4
3561.448,290,506,1
3561.549,297,507,1
3561.649,285,507,2
3561.748,289,509,0
3561.85,294,508,3
3561.948,292,509,0
3562.048,290,510,0
3562.149,294,508,3
3562.248,303,508,0
3562.349,293,503,6
3562.448,299,504,0
3562.549,295,503,2
3562.649,284,502,1
3562.749,300,505,0
3562.848,296,501,4
3562.949,302,502,0
3563.049,298,503,0
3563.149,291,503,1
3563.249,298,502,2
3563.349,295,500,2
3563.45,296,501,1
3563.549,289,499,4
3563.649,297,500,0
3563.749,291,500,1
3563.849,290,501,0
3563.948,292,495,6
3564.049,295,496,1
3564.149,284,497,1
3564.25,297,494,4
3564.348,295,498,0
3564.448,293,495,3
3564.548,291,494,2
3564.648,297,493,5
3564.749,293,489,4
3564.851,294,489,2
3564.948,295,490,0
3565.049,283,492,1
3565.149,294,494,0
3565.25,293,492,2
3565.35,304,492,2
3565.448,306,494,0
3565.548,304,492,2
3565.648,294,491,2
3565.748,290,492,0
3565.848,297,494,2
3565.949,290,496,1
3566.048,295,497,3
3566.148,298,500,0
3566.252,297,498,5
3566.351,300,500,1
3566.452,295,501,2
3566.551,300,501,2
3566.651,295,503,0
3566.751,291,504,1
3566.851,296,502,4
3566.951,289,504,1
3567.051,300,505,2
3567.15,296,506,3
3567.251,297,507,1
3567.349,298,507,2
3567.45,295,509,1
3567.552,295,511,0
3567.651,307,509,4
3567.749,282,512,0
3567.852,296,511,2
3567.951,305,512,0
3568.049,297,513,0
3568.15,299,511,4
3568.251,297,514,0
3568.35,295,514,0
3568.451,305,511,4
3568.55,301,512,1
3568.651,302,516,1
3568.75,300,517,1
3568.85,289,513,4
3568.951,309,512,4
3569.05,292,510,4
3569.15,299,511,1
3569.25,306,515,0
3569.35,299,517,1
3569.451,298,520,0
3569.55,293,519,1
3569.651,295,518,3
3569.75,295,516,2
3569.851,286,516,0
3569.95,291,514,2
3570.051,293,514,1
3570.15,300,513,3
3570.25,299,510,4
3570.35,295,508,4
3570.451,304,507,3
3570.551,290,509,0
3570.65,287,511,1
3570.75,294,506,6
3570.85,298,506,0
3570.95,294,506,1
3571.05,308,508,2
3571.151,297,509,2
3571.25,290,512,0
3571.351,296,510,3
3571.451,302,511,0
3571.55,292,511,1
3571.651,298,510,3
3571.75,293,509,2
3571.851,301,506,3
3571.951,296,510,0
3572.05,298,507,3
3572.15,302,509,0
3572.25,293,507,4
3572.35,287,504,3
3572.45,289,506,3
3572.55,298,501,5
3572.652,296,504,0
3572.752,300,505,0
3572.852,296,505,1
3572.951,297,504,1
3573.052,298,506,0
3573.151,291,506,3
3573.251,297,507,1
3573.352,302,509,1
3573.456,308,512,1
3573.553,305,510,3
3573.653,298,508,2
3573.753,295,507,2
3573.852,291,512,0
3573.952,293,512,2
3574.052,291,510,4
3574.152,290,508,3
3574.252,306,507,2
3574.352,293,509,1
3574.452,295,508,1
3574.552,293,508,2
3574.653,296,511,1
3574.752,299,512,1
3574.852,289,511,2
3574.952,297,510,2
3575.052,300,511,0
3575.153,290,507,4
3575.253,290,504,5
3575.352,284,504,1
3575.453,294,504,1
3575.553,297,503,2
3575.652,296,507,0
3575.753,298,505,6
3575.852,292,507,0
3575.953,291,505,4
3576.054,294,502,4
3576.153,291,505,2
3576.252,295,507,0
3576.351,292,507,0
3576.451,296,507,2
3576.552,295,504,4
3576.652,292,506,0
3576.752,297,508,0
3576.852,292,508,0
3576.954,297,504,4
3577.053,297,503,3
3577.151,299,504,0
3577.252,294,505,0
3577.352,293,505,1
3577.452,300,503,4
3577.552,302,504,1
3577.652,292,503,2
3577.755,283,499,5
3577.854,298,499,3
3577.953,290,498,1
3578.053,293,499,2
3578.152,293,500,0
3578.254,300,498,3
3578.354,299,497,2
3578.453,294,498,0
3578.553,287,500,0
3578.653,293,500,1
3578.753,296,500,0
3578.854,291,501,5
3578.954,296,498,6
3579.054,297,502,0
3579.153,297,504,0
3579.253,287,503,3
3579.353,283,503,0
3579.454,300,501,2
3579.554,289,497,4
3579.654,288,497,2
3579.754,296,495,2
3579.855,288,497,0
3579.955,295,499,1
3580.055,298,499,1
3580.157,298,496,4
3580.257,292,494,3
3580.356,284,494,2
3580.457,293,492,3
3580.556,297,495,2
3580.656,303,494,1
3580.756,302,494,0
3580.857,297,495,1
3580.957,293,497,1
3581.057,296,498,1
3581.157,301,499,1
3581.258,298,497,2
3581.358,300,497,3
3581.458,305,497,2
3581.557,286,497,1
3581.657,291,497,2
3581.757,297,497,0
3581.857,297,496,4
3581.957,291,497,1
3582.057,295,497,3
3582.157,294,498,0
3582.258,293,496,4
3582.358,294,496,0
3582.457,306,497,1
3582.56,307,499,1
3582.66,304,500,1
3582.76,295,501,0
3582.86,295,501,1
3582.958,293,500,1
3583.06,305,499,2
3583.16,277,501,2
3583.26,285,501,1
3583.36,290,501,1
3583.461,297,503,0
3583.561,293,501,4
3583.66,296,501,2
3583.759,310,502,1
3583.862,299,502,1
3583.961,280,501,1
3584.061,289,500,3
3584.162,293,501,1
3584.261,300,504,0
3584.36,303,506,2
3584.461,284,506,0
3584.561,286,505,1
3584.662,295,502,4
3584.76,303,504,1
3584.859,296,501,3
3584.962,294,499,2
3585.061,296,496,4
3585.161,286,494,2
3585.261,294,495,0
3585.361,301,495,1
3585.462,289,492,3
3585.561,296,496,1
3585.663,287,496,0
3585.761,293,497,1
3585.861,298,495,5
3585.961,287,495,2
3586.061,298,495,1
3586.161,295,494,2
3586.26,288,497,0
3586.363,296,493,5
3586.461,298,495,0
3586.562,295,492,3
3586.662,297,492,1
3586.761,288,494,1
3586.861,297,496,0
3586.963,298,495,2
3587.063,286,496,0
3587.162,294,498,0
3587.262,298,498,3
3587.361,299,500,4
3587.461,294,502,0
3587.562,297,502,2
3587.664,296,501,3
3587.763,304,501,2
3587.863,299,500,2
3587.962,300,500,0
3588.063,297,501,0
3588.163,292,500,2
3588.262,297,500,1
3588.365,299,503,1
3588.463,293,504,1
3588.564,295,502,2
3588.664,289,504,0
3588.764,294,505,1
3588.866,293,506,2
3588.965,294,503,3
3589.065,298,502,3
3589.165,295,502,0
3589.264,304,499,4
3589.365,296,500,3
3589.465,294,500,2
3589.564,303,501,0
3589.664,301,501,3
3589.764,293,499,3
3589.865,292,501,0
3589.965,291,500,1
3590.065,295,501,2
3590.165,297,499,3
3590.265,298,499,1
3590.363,301,501,2
3590.465,296,505,1
3590.564,281,506,1
3590.665,300,504,3
3590.764,300,503,3
3590.865,295,503,0
3590.964,291,504,0
3591.064,305,504,2
3591.164,287,504,0
3591.265,301,503,2
3591.365,296,504,0
3591.463,289,507,1
3591.566,292,506,2
3591.665,299,505,2
3591.763,287,506,0
3591.865,298,505,3
3591.964,300,505,1
3592.065,296,505,0
3592.164,309,503,3
3592.265,295,501,4
3592.365,295,502,0
3592.463,285,500,4
3592.565,294,497,3
3592.666,294,500,0
3592.765,295,497,3
3592.864,299,498,0
3592.965,301,498,2
3593.065,285,499,1
3593.164,299,504,0
3593.265,302,506,0
3593.364,304,502,5
3593.464,292,507,0
3593.565,302,502,7
3593.665,296,504,0
3593.764,293,505,0
3593.865,292,504,1
3593.964,290,504,1
3594.063,294,502,2
3594.163,292,502,2
3594.265,289,502,1
3594.364,295,502,1
3594.464,286,499,4
3594.564,295,499,0
3594.663,294,502,1
3594.765,292,501,1
3594.865,291,502,0
3594.965,297,499,4
3595.065,298,500,0
3595.165,291,496,4
3595.265,299,498,0
3595.364,298,497,1
3595.465,289,496,3
3595.565,293,497,0
3595.665,293,498,0
3595.764,300,496,2
3595.864,294,499,0
3595.965,294,498,1
3596.064,291,498,2
3596.163,307,497,2
3596.264,293,497,2
3596.364,289,497,0
3596.465,296,492,6
3596.565,293,496,0
3596.664,301,496,3
3596.764,298,494,4
3596.865,295,497,1
3596.964,296,500,0
3597.065,295,500,2
3597.164,293,498,3
3597.265,304,499,0
3597.365,299,496,5
3597.465,294,495,1
3597.564,294,497,0
3597.665,291,496,1
3597.764,294,498,0
3597.864,298,501,0
3597.965,293,500,1
3598.064,291,502,1
3598.164,303,503,0
3598.265,298,504,0
3598.364,293,505,2
3598.465,292,505,0
3598.563,299,503,2
3598.666,295,496,7
3598.764,297,497,0
3598.864,291,499,1
3598.964,301,498,3
3599.065,300,495,6
3599.164,296,497,2
3599.264,287,499,0
3599.365,300,497,3
3599.463,301,499,0
3599.564,301,498,3
3599.664,294,499,2
3599.765,294,499,3
3599.864,305,500,0
3599.965,294,498,3
3600.064,308,500,0
3600.164,291,498,3
3600.266,296,495,4
3600.365,297,500,0
3600.466,293,498,2
3600.564,302,499,0
3600.664,299,498,1
3600.764,293,498,1
3600.865,298,495,6
3600.964,300,498,0
3601.065,291,498,2
3601.165,288,499,1
3601.264,298,500,0
3601.364,290,499,1
3601.464,299,497,4
3601.564,301,499,1
3601.666,299,499,0
3601.763,294,501,0
3601.865,308,498,3
3601.964,301,502,0
3602.065,302,501,1
3602.164,292,501,3
3602.264,293,499,3
3602.364,301,500,0
3602.465,296,498,3
3602.564,292,499,0
3602.664,297,497,2
3602.763,288,494,3
3602.864,289,492,2
3602.964,298,493,1
3603.065,289,488,6
3603.164,301,493,0
3603.263,298,494,1
3603.364,303,497,0
3603.465,296,497,3
3603.565,303,498,1
3603.665,290,499,1
3603.764,303,502,0
3603.864,295,500,2
3603.966,295,499,3
3604.065,280,501,0
3604.164,298,503,1
3604.264,296,500,3
3604.365,298,500,3
3604.466,307,499,2
3604.566,296,500,1
3604.665,287,502,0
3604.766,297,501,2
3604.865,294,503,0
3604.966,298,499,4
3605.066,287,499,1
3605.165,305,499,1
3605.266,286,498,1
3605.366,291,495,4
3605.465,295,499,0
3605.565,299,499,1
3605.667,299,498,3
3605.766,297,501,0
3605.864,283,502,0
3605.964,305,504,0
3606.065,296,504,2
3606.166,301,498,6
3606.266,292,496,3
3606.365,294,495,4
3606.465,286,497,0
3606.566,291,490,7
3606.665,293,492,0
3606.765,291,489,6
3606.865,290,489,1
3606.966,300,491,0
3607.065,293,491,1
3607.166,283,490,3
3607.267,294,492,1
3607.367,309,494,3
3607.466,293,495,0
3607.565,288,495,1
3607.665,291,493,2
3607.767,297,493,3
3607.865,292,494,0
3607.964,296,496,1
3608.066,304,495,3
3608.166,298,496,1
3608.264,297,498,0
3608.364,296,500,0
3608.466,303,498,4
3608.566,291,498,3
3608.666,295,500,0
3608.766,286,501,1
3608.865,292,501,1
3608.965,289,500,1
3609.065,303,502,0
3609.165,297,500,2
3609.265,291,500,1
3609.365,299,500,0
3609.466,296,496,5
3609.565,297,499,0
3609.665,305,499,1
3609.765,298,504,0
3609.866,286,502,2
3609.966,284,502,0
3610.066,298,499,5
3610.165,290,501,0
3610.265,298,500,2
3610.365,288,500,1
3610.466,302,498,4
3610.565,303,499,1
3610.665,293,501,0
3610.765,299,501,0
3610.865,296,499,3
3610.966,298,499,3
3611.066,300,500,0
3611.166,296,498,2
3611.265,292,494,4
3611.365,302,493,3
3611.465,304,495,0
3611.565,296,495,1
3611.664,300,495,1
3611.765,286,498,0
3611.864,307,499,1
3611.965,298,499,1
3612.065,298,500,0
3612.165,297,499,3
3612.266,299,500,0
3612.364,297,502,0
3612.466,291,500,2
3612.565,296,500,2
3612.665,302,498,3
3612.765,305,499,1
3612.866,304,497,3
3612.965,299,498,1
3613.066,291,500,0
3613.165,306,502,0
3613.265,295,501,2
3613.365,297,502,1
3613.465,299,502,2
3613.565,299,499,3
3613.665,291,496,3
3613.765,288,496,1
3613.865,291,497,1
3613.965,297,501,0
3614.066,302,502,2
3614.165,296,503,1
3614.266,293,502,1
3614.365,289,504,0
3614.465,301,504,1
3614.566,297,502,6
3614.665,301,502,1
3614.768,299,502,3
3614.866,287,500,3
3614.966,296,503,1
3615.065,294,504,0
3615.165,309,508,0
3615.265,291,506,3
3615.366,297,503,3
3615.466,296,504,0
3615.566,293,505,0
3615.666,283,504,1
3615.765,295,505,0
3615.866,286,501,4
3615.965,299,500,2
3616.065,303,500,2
3616.166,294,496,5
3616.264,300,497,0
3616.365,296,499,1
3616.464,293,499,1
3616.565,294,496,3
3616.665,293,496,2
3616.766,310,495,3
3616.866,293,495,3
3616.965,292,499,0
3617.065,299,498,3
3617.165,298,497,3
3617.265,298,495,3
3617.366,298,494,3
3617.467,297,494,1
3617.564,300,500,0
3617.664,296,495,6
3617.765,300,495,1
3617.865,287,495,1
3617.965,297,495,1
3618.066,291,494,4
3618.165,299,496,0
3618.264,309,496,3
3618.365,294,494,2
3618.465,306,496,0
3618.565,294,496,2
3618.666,299,495,2
3618.765,292,497,0
3618.865,305,501,0
3618.965,297,503,0
3619.065,298,504,0
3619.165,295,504,2
3619.265,295,503,3
3619.365,297,506,0
3619.464,297,506,1
3619.565,292,506,1
3619.665,296,509,0
3619.766,282,507,2
3619.866,292,507,1
3619.966,304,506,1
3620.065,288,506,0
3620.166,292,502,4
3620.265,291,502,0
3620.365,298,504,2
3620.466,298,504,0
3620.566,299,498,7
3620.665,299,498,2
3620.765,294,501,0
3620.866,298,503,2
3620.966,292,503,1
3621.066,307,505,0
3621.166,300,501,4
3621.266,283,500,2
3621.366,299,501,0
3621.465,295,503,0
3621.565,293,503,2
3621.666,302,501,2
3621.765,288,500,1
3621.866,299,496,5
3621.965,304,499,0
3622.065,294,499,1
3622.165,288,499,0
3622.266,298,493,8
3622.363,295,496,0
3622.465,292,494,4
3622.565,293,495,0
3622.667,302,491,4
3622.765,305,491,0
3622.866,295,491,0
3622.966,291,491,1
3623.066,292,488,3
3623.166,298,488,0
3623.266,284,489,1
3623.366,290,491,3
3623.465,297,495,0
3623.563,295,495,1
3623.665,298,497,1
3623.765,295,496,4
3623.865,287,495,1
3623.965,303,493,2
3624.064,294,492,3
3624.166,304,487,6
3624.265,293,489,0
3624.366,301,492,0
3624.465,301,495,1
3624.566,303,493,4
3624.665,295,496,0
3624.766,293,494,4
3624.867,300,494,2
3624.965,295,495,0
3625.066,297,492,4
3625.166,291,492,1
3625.266,290,493,0
3625.365,299,495,1
3625.466,300,494,1
3625.565,289,494,0
3625.666,297,495,1
3625.765,296,497,0
3625.865,292,498,1
3625.965,307,501,0
3626.066,302,505,0
3626.165,286,507,0
3626.266,291,506,2
3626.365,295,509,0
3626.466,294,505,4
3626.565,298,505,2
3626.665,292,508,0
3626.765,291,506,2
3626.866,295,506,2
3626.966,297,506,1
3627.066,294,507,0
3627.166,297,508,0
3627.266,301,504,4
3627.365,287,505,0
3627.465,293,505,1
3627.565,290,502,4
3627.665,287,501,1
3627.766,295,500,2
3627.866,292,498,3
3627.964,309,495,3
3628.065,303,496,0
3628.165,299,497,0
3628.265,299,499,1
3628.366,290,497,5
3628.465,296,498,0
3628.567,288,498,1
3628.665,288,502,0
3628.766,300,501,3
3628.864,296,501,0
3628.965,303,503,2
3629.065,288,502,2
3629.166,301,498,5
3629.265,286,498,0
3629.367,291,493,5
3629.466,297,496,0
3629.564,294,496,1
3629.666,299,490,7
3629.765,296,490,0
3629.866,304,494,1
3629.965,295,494,2
3630.067,292,494,4
3630.166,288,495,0
3630.267,293,492,3
3630.367,298,493,0
3630.467,295,497,0
3630.566,293,498,1
3630.666,299,501,1
3630.766,290,501,0
3630.866,302,500,2
3630.966,293,499,3
3631.066,289,496,3
3631.166,295,495,1
3631.267,297,495,2
3631.367,293,494,3
3631.468,284,495,1
3631.566,293,498,0
3631.668,301,497,3
3631.767,300,497,3
3631.867,301,498,0
3631.969,296,497,3
3632.067,295,497,2
3632.168,291,496,2
3632.269,294,498,0
3632.367,302,500,0
3632.468,297,500,3
3632.567,299,499,1
3632.668,292,503,1
3632.767,293,505,0
3632.867,292,505,1
3632.967,296,503,2
3633.068,291,501,3
3633.167,299,501,1
3633.267,303,503,0
3633.368,286,501,2
3633.469,292,503,2
3633.567,289,502,2
3633.667,298,500,3
3633.767,286,501,1
3633.868,296,501,3
3633.968,296,502,1
3634.068,296,504,0
3634.168,294,507,0
3634.268,300,509,1
3634.367,300,509,0
3634.468,295,510,1
3634.568,298,508,4
3634.668,301,509,0
3634.767,303,506,4
3634.868,294,506,3
3634.968,304,510,0
3635.066,302,512,0
3635.167,301,510,3
3635.267,300,509,1
3635.367,299,507,3
3635.467,302,507,3
3635.568,295,504,4
3635.667,289,506,0
3635.767,298,503,4
3635.867,287,502,2
3635.967,301,503,1
3636.067,298,506,1
3636.169,295,506,1
3636.269,288,508,1
3636.367,304,509,0
3636.468,294,508,4
3636.568,309,509,2
3636.668,291,507,2
3636.768,301,508,1
3636.868,295,512,0
3636.968,286,509,4
3637.068,297,510,0
3637.168,287,509,1
3637.267,300,505,4
3637.368,289,506,0
3637.469,293,504,3
3637.567,289,505,0
3637.667,297,504,1
3637.767,286,502,2
3637.868,299,499,3
3637.967,296,499,1
3638.068,294,494,5
3638.168,292,497,1
3638.267,285,500,0
3638.367,287,499,1
3638.467,296,496,4
3638.566,296,494,2
3638.667,301,495,1
3638.767,299,497,1
3638.868,295,496,2
3638.967,299,497,0
3639.067,301,497,2
3639.167,285,498,2
3639.267,286,497,2
3639.367,299,497,1
3639.468,293,497,1
3639.567,297,495,4
3639.668,292,492,3
3639.768,292,491,2
3639.868,300,493,2
3639.967,285,495,0
3640.068,294,498,2
3640.168,294,497,1
3640.268,294,498,1
3640.367,297,498,0
3640.468,296,499,1
3640.567,294,497,2
3640.668,308,499,0
3640.767,291,500,0
3640.867,284,500,1
3640.967,304,498,2
3641.067,299,496,3
3641.168,285,497,1
3641.267,298,496,2
3641.368,308,495,2
3641.467,295,496,0
3641.568,289,495,2
3641.667,291,501,0
3641.768,296,497,4
3641.867,301,498,0
3641.968,289,494,4
3642.067,292,496,0
3642.167,292,496,2
3642.267,308,499,1
3642.367,298,496,3
3642.466,299,498,0
3642.568,286,498,1
3642.665,298,502,0
3642.767,282,503,0
3642.869,291,501,4
3642.968,291,501,1
3643.067,292,501,0
3643.168,306,496,5
3643.268,311,500,0
3643.368,299,497,4
3643.467,293,500,0
3643.568,303,498,3
3643.667,298,499,0
3643.767,301,500,1
3643.868,291,501,1
3643.967,289,504,0
3644.067,311,506,0
3644.167,302,503,4
3644.268,295,502,2
3644.368,296,502,0
3644.467,288,499,3
3644.568,307,502,1
3644.668,293,499,5
3644.767,296,500,0
3644.868,293,498,3
3644.967,290,498,0
3645.067,292,501,0
3645.168,295,501,2
3645.267,298,502,0
3645.368,292,499,3
3645.467,298,502,0
3645.567,295,503,0
3645.668,294,499,4
3645.768,292,503,0
3645.867,293,505,0
3645.966,296,503,3
3646.068,304,501,3
3646.167,287,502,0
3646.266,304,505,1
3646.367,296,502,4
3646.467,300,500,3
3646.569,289,496,4
3646.667,299,499,0
3646.769,286,497,3
3646.867,298,500,0
3646.967,292,500,1
3647.067,297,500,1
3647.167,295,501,1
3647.267,298,499,3
3647.368,298,504,0
3647.466,300,504,2
3647.567,297,506,0
3647.668,293,506,1
3647.766,289,505,2
3647.869,293,506,1
3647.969,296,507,1
3648.07,297,507,2
3648.169,301,507,1
3648.271,289,506,1
3648.37,294,504,3
3648.469,296,501,3
3648.569,294,502,1
3648.67,293,503,0
3648.77,300,501,4
3648.871,297,501,0
3648.968,293,500,3
3649.069,297,499,1
3649.169,295,499,3
3649.271,304,497,3
3649.371,298,497,2
3649.471,299,499,1
3649.571,294,502,0
3649.669,296,501,1
3649.772,283,503,1
3649.871,298,500,4
3649.972,292,496,4
3650.072,298,496,0
3650.172,299,495,2
3650.273,303,499,1
3650.372,292,497,4
3650.473,291,497,1
3650.571,294,498,1
3650.672,295,497,3
3650.772,289,495,3
3650.871,294,497,1
3650.973,294,498,1
3651.073,298,496,3
3651.172,288,497,0
3651.273,293,498,1
3651.373,294,500,0
3651.473,296,501,0
3651.573,291,500,1
3651.673,290,499,2
3651.772,302,499,2
3651.872,294,498,2
3651.972,293,500,1
3652.072,301,499,2
3652.172,291,496,4
3652.273,289,496,2
3652.373,299,497,1
3652.475,301,498,2
3652.573,299,498,1
3652.673,293,500,0
3652.772,303,503,0
3652.872,299,502,1
3652.971,293,502,0
3653.073,288,502,2
3653.172,298,503,0
3653.273,307,503,0
3653.372,290,501,3
3653.472,290,501,1
3653.573,291,498,4
3653.673,292,499,2
3653.773,302,502,1
3653.872,285,503,2
3653.972,305,505,0
3654.072,299,504,2
3654.172,299,508,0
3654.271,305,510,0
3654.372,288,510,1
3654.473,295,509,2
3654.573,300,509,1
3654.674,301,509,2
3654.774,301,507,2
3654.873,293,506,1
3654.973,298,509,1
3655.073,293,507,2
3655.172,291,511,0
3655.272,289,510,1
3655.372,296,509,3
3655.472,290,507,3
3655.574,302,504,4
3655.67,302,507,0
3655.771,296,510,1
3655.874,287,509,3
3655.972,299,509,1
3656.072,306,512,0
3656.173,295,511,1
3656.272,297,511,0
3656.371,300,508,3
3656.472,299,508,1
3656.572,299,511,2
3656.671,298,512,0
3656.772,294,511,2
3656.872,300,511,3
3656.972,296,508,4
3657.072,297,505,3
3657.171,301,504,2
3657.273,299,500,5
3657.373,305,502,0
3657.475,291,501,2
3657.574,290,500,1
3657.672,302,502,0
3657.772,294,502,1
3657.872,298,503,3
3657.972,296,503,1
3658.072,299,503,3
3658.172,292,502,2
3658.276,295,499,4
3658.374,305,502,0
3658.476,288,500,2
3658.575,301,502,0
3658.677,295,503,3
3658.775,305,507,2
3658.876,289,510,1
3658.975,298,510,1
3659.075,290,510,2
3659.175,290,513,0
3659.276,291,512,1
3659.375,289,512,2
3659.474,298,512,2
3659.574,298,512,2
3659.675,295,513,1
3659.776,294,512,3
3659.876,296,508,5
3659.975,304,508,1
3660.075,293,510,0
3660.176,301,511,4
3660.276,300,512,1
3660.375,294,512,2
3660.476,287,511,1
3660.575,286,513,0
3660.677,300,512,2
3660.775,299,512,1
3660.875,300,509,4
3660.975,301,508,2
3661.075,303,503,6
3661.176,296,505,2
3661.275,303,507,0
3661.375,298,507,4
3661.476,295,509,0
3661.576,292,507,3
3661.675,293,508,0
3661.775,294,506,4
3661.876,301,501,5
3661.976,300,499,5
3662.076,293,501,1
3662.176,297,499,2
3662.277,296,501,2
3662.375,303,505,0
3662.475,291,504,4
3662.576,296,502,2
3662.674,290,502,0
3662.775,293,500,4
3662.876,288,498,2
3662.975,291,500,0
3663.076,294,500,2
3663.175,296,502,0
3663.275,291,496,8
3663.376,303,499,2
3663.476,305,506,0
3663.576,286,506,1
3663.676,312,514,0
3663.776,292,512,2
3663.878,291,516,0
3663.977,296,514,2
3664.075,295,519,0
3664.175,301,516,3
3664.275,304,514,3
3664.376,293,510,6
3664.476,298,512,0
3664.577,290,509,4
3664.676,291,512,0
3664.776,289,511,1
3664.877,301,512,1
3664.976,296,512,0
3665.077,289,506,6
3665.174,295,507,0
3665.275,291,507,0
3665.374,307,506,2
3665.476,303,506,4
3665.574,300,509,0
3665.675,296,510,1
3665.775,294,510,0
3665.875,289,510,2
3665.976,293,509,1
3666.076,298,511,0
3666.177,303,507,6
3666.276,294,507,1
3666.379,286,504,5
3666.476,291,505,0
3666.575,289,505,2
3666.675,293,505,1
3666.775,293,501,5
3666.875,296,501,1
3666.974,290,500,2
3667.076,303,495,6
3667.175,297,498,0
3667.276,311,500,1
3667.374,295,501,0
3667.474,298,500,2
3667.576,293,502,0
3667.676,300,504,1
3667.777,301,502,3
3667.875,277,503,0
3667.975,294,506,1
3668.075,296,507,0
3668.176,293,506,2
3668.276,301,507,1
3668.376,300,505,2
3668.475,289,505,0
3668.576,299,496,10
3668.675,296,497,0
3668.774,286,497,2
3668.875,300,497,1
3668.976,294,498,2
3669.076,307,502,0
3669.176,287,502,1
3669.276,292,502,2
3669.374,296,504,1
3669.475,308,505,2
3669.575,293,504,1
3669.676,297,507,1
3669.775,295,510,0
3669.875,304,510,2
3669.975,304,510,1
3670.076,303,510,0
3670.175,292,509,1
3670.274,292,511,1
3670.374,297,507,4
3670.475,291,506,2
3670.576,288,508,0
3670.676,290,507,2
3670.775,290,506,2
3670.875,303,504,3
3670.975,297,503,1
3671.075,289,500,4
3671.175,296,501,1
3671.278,304,499,3
3671.376,291,499,0
3671.475,291,500,1
3671.574,292,500,0
3671.675,292,500,2
3671.775,301,495,6
3671.875,291,496,0
3671.975,298,498,1
3672.075,295,496,3
3672.176,299,493,5
3672.276,297,495,0
3672.375,306,495,3
3672.476,300,493,3
3672.575,297,494,0
3672.674,285,495,1
3672.775,295,493,3
3672.875,287,491,3
3672.976,297,488,4
3673.076,298,489,0
3673.176,304,488,2
3673.276,289,487,2
3673.376,297,485,2
3673.474,304,485,0
3673.576,289,486,0
3673.675,296,485,1
3673.775,294,485,2
3673.875,298,487,0
3673.975,297,490,3
3674.075,300,492,0
3674.174,304,492,2
3674.275,298,490,2
3674.375,299,492,0
3674.475,294,493,1
3674.575,299,494,1
3674.675,299,494,0
3674.775,293,493,1
3674.875,293,494,1
3674.975,301,495,1
3675.076,303,494,2
3675.175,299,495,0
3675.275,290,494,2
3675.375,298,494,1
3675.475,297,493,2
3675.575,292,492,2
3675.676,292,489,6
3675.775,289,491,0
3675.875,292,489,2
3675.976,297,490,0
3676.076,295,489,2
3676.175,298,489,2
3676.275,299,489,1
3676.375,300,489,2
3676.475,289,491,0
3676.576,298,492,0
3676.676,289,490,4
3676.775,307,491,0
3676.876,294,489,4
3676.976,293,488,3
3677.077,306,486,3
3677.174,296,488,0
3677.276,289,486,3
3677.377,301,488,2
3677.477,294,486,2
3677.576,287,487,2
3677.676,295,484,5
3677.776,296,485,2
3677.875,296,487,0
3677.976,310,485,2
3678.076,302,487,0
3678.175,295,489,1
3678.274,294,490,0
3678.374,292,491,0
3678.474,303,493,2
3678.577,296,492,3
3678.676,296,494,0
3678.775,295,495,2
3678.875,292,497,0
3678.975,297,494,3
3679.075,292,497,2
3679.175,297,498,0
3679.275,298,497,2
3679.376,294,496,2
3679.476,300,500,1
3679.576,286,503,0
3679.676,290,504,1
3679.775,286,503,2
3679.876,309,504,1
3679.974,297,505,2
3680.075,303,506,1
3680.176,295,503,4
3680.275,297,505,0
3680.375,304,506,1
3680.477,296,504,2
3680.576,294,507,1
3680.675,294,506,3
3680.775,292,507,1
3680.875,289,507,2
3680.975,290,509,1
3681.077,291,507,4
3681.175,301,508,0
3681.275,297,506,5
3681.375,299,506,1
3681.475,286,504,2
3681.575,288,504,0
3681.675,299,506,0
3681.776,292,505,2
3681.876,294,505,1
3681.975,294,505,0
3682.076,302,500,7
3682.176,291,502,0
3682.276,295,502,1
3682.375,308,503,0
3682.475,296,505,2
3682.574,300,501,5
3682.675,290,501,1
3682.775,301,502,2
3682.875,298,502,0
3682.975,292,500,3
3683.076,299,501,1
3683.176,291,501,0
3683.276,300,500,2
3683.375,307,502,0
3683.475,285,502,4
3683.575,294,503,0
3683.676,288,499,5
3683.776,301,502,3
3683.876,299,506,2
3683.976,293,505,2
3684.076,294,507,0
3684.175,294,508,1
3684.276,292,507,5
3684.376,298,509,1
3684.475,305,511,0
3684.575,285,512,0
3684.675,295,513,0
3684.776,296,512,1
3684.876,289,513,1
3684.975,300,513,1
3685.074,297,514,1
3685.175,294,514,1
3685.276,295,516,0
3685.375,291,513,4
3685.476,295,511,4
3685.574,295,513,0
3685.676,296,510,6
3685.776,299,508,2
3685.876,285,507,2
3685.976,292,506,2
3686.075,300,508,0
3686.175,300,508,2
3686.275,299,509,1
3686.376,300,510,1
3686.476,300,508,3
3686.577,308,509,2
3686.676,302,509,0
3686.776,297,508,3
3686.876,290,510,3
3686.975,297,508,3
3687.076,297,509,0
3687.175,289,508,1
3687.277,295,503,6
3687.376,301,505,0
3687.474,292,505,1
3687.576,303,506,3
3687.675,297,508,0
3687.776,289,505,3
3687.875,293,505,0
3687.976,288,502,5
3688.075,294,499,4
3688.177,290,501,0
3688.274,294,504,0
3688.375,302,504,3
3688.477,301,500,5
3688.575,292,499,2
3688.674,301,501,0
3688.775,285,497,4
3688.875,300,500,0
3688.976,287,499,1
3689.076,297,501,2
3689.175,296,504,0
3689.275,300,502,2
3689.376,302,501,2
3689.475,294,501,2
3689.576,304,500,3
3689.676,298,500,1
3689.775,300,501,1
3689.876,294,502,1
3689.975,302,498,4
3690.076,292,499,1
3690.175,295,498,2
3690.275,293,498,1
3690.375,297,500,1
3690.475,293,500,2
3690.574,297,502,0
3690.676,304,500,5
3690.775,305,503,0
3690.875,296,503,2
3690.975,298,506,0
3691.076,301,505,6
3691.175,296,506,0
3691.276,288,501,7
3691.375,298,503,0
3691.476,304,503,1
3691.575,287,502,1
3691.674,293,503,1
3691.775,288,500,3
3691.875,302,504,0
3691.975,306,504,1
3692.075,293,508,0
3692.175,303,507,2
3692.276,298,506,2
3692.376,302,507,0
3692.476,288,506,3
3692.576,290,507,0
3692.677,306,506,3
3692.776,295,506,2
3692.874,290,507,0
3692.976,286,507,3
3693.077,304,505,2
3693.175,290,508,0
3693.276,292,508,1
3693.376,294,504,6
3693.476,295,503,2
3693.576,294,504,2
3693.676,302,507,0
3693.778,295,505,4
3693.876,296,505,1
3693.976,287,502,4
3694.075,291,504,0
3694.176,301,501,4
3694.275,290,502,0
3694.376,292,500,3
3694.476,286,500,0
3694.575,289,499,1
3694.676,289,499,2
3694.776,297,501,0
3694.875,292,502,0
3694.976,308,499,6
3695.075,295,501,0
3695.175,300,500,3
3695.275,284,497,3
3695.374,297,497,2
3695.477,295,491,8
3695.575,297,497,0
3695.675,298,499,0
3695.775,299,498,3
3695.875,293,497,3
3695.975,298,500,0
3696.075,301,500,1
3696.175,295,499,1
3696.275,289,498,2
3696.374,296,497,1
3696.475,293,499,0
3696.575,302,499,1
3696.675,295,501,2
3696.775,297,502,1
3696.878,303,501,2
3696.975,303,502,0
3697.075,299,502,1
3697.175,302,502,2
3697.275,284,503,0
3697.375,295,502,1
3697.476,295,501,2
3697.575,304,504,0
3697.676,306,506,0
3697.775,293,505,1
3697.877,300,504,3
3697.975,288,505,0
3698.076,291,504,2
3698.175,304,506,0
3698.275,297,506,1
3698.376,302,504,3
3698.476,301,506,0
3698.575,309,506,2
3698.676,301,503,5
3698.775,297,504,0
3698.875,295,502,3
3698.975,303,500,4
3699.074,306,499,2
3699.176,301,499,2
3699.276,300,501,0
3699.375,292,502,0
3699.475,295,505,0
3699.575,292,504,2
3699.676,289,501,5
3699.775,299,501,0
3699.875,302,499,4
3699.975,287,498,3
3700.075,290,498,1
3700.175,292,497,2
3700.277,293,494,4
3700.375,299,495,0
3700.477,294,492,4
3700.575,303,494,0
3700.675,287,493,4
3700.776,293,493,4
3700.877,299,496,0
3700.976,293,495,2
3701.075,301,497,0
3701.175,293,497,1
3701.275,296,497,2
3701.375,290,499,3
3701.476,292,499,1
3701.575,291,499,1
3701.677,295,503,1
3701.775,302,503,0
3701.876,294,500,4
3701.976,296,499,1
3702.076,301,499,2
3702.175,308,502,0
3702.275,298,502,1
3702.376,290,498,5
3702.475,301,501,0
3702.576,304,499,4
3702.676,295,501,0
3702.776,303,503,2
3702.875,298,504,0
3702.975,297,506,1
3703.076,291,504,3
3703.175,295,505,0
3703.275,299,507,0
3703.375,299,506,1
3703.476,295,509,1
3703.574,300,506,3
3703.676,300,504,6
3703.775,296,508,0
3703.875,292,509,1
3703.976,298,510,1
3704.075,292,510,0
3704.174,303,510,1
3704.275,292,509,1
3704.377,294,503,7
3704.476,289,507,0
3704.575,307,506,3
3704.675,296,504,3
3704.775,293,502,3
3704.875,292,499,3
3704.975,300,504,0
3705.075,299,505,0
3705.176,299,505,3
3705.276,299,503,3
3705.375,296,506,0
3705.475,292,508,3
3705.575,294,507,3
3705.675,302,505,3
3705.775,300,505,1
3705.875,303,502,4
3705.975,298,504,1
3706.075,298,503,2
3706.175,293,502,1
3706.275,290,501,2
3706.375,298,503,2
3706.475,297,504,0
3706.575,293,502,3
3706.675,293,504,0
3706.775,301,504,2
3706.876,302,499,5
3706.977,307,500,3
3707.075,305,503,0
3707.175,295,503,1
3707.275,297,507,0
3707.375,299,510,0
3707.476,301,509,2
3707.576,298,503,7
3707.676,300,506,0
3707.775,289,506,0
3707.875,289,506,0
3707.975,290,506,0
3708.075,300,506,3
3708.176,298,504,2
3708.276,301,502,4
3708.376,306,500,4
3708.476,295,499,1
3708.575,298,501,0
3708.676,297,499,3
3708.775,301,501,0
3708.876,291,498,4
3708.975,300,499,0
3709.076,305,499,3
3709.175,291,499,0
3709.275,290,501,0
3709.375,302,506,0
3709.476,295,503,4
3709.576,293,502,1
3709.676,290,501,1
3709.773,292,502,0
3709.875,295,500,2
3709.975,297,501,0
3710.075,298,500,4
3710.175,292,499,3
3710.276,290,495,4
3710.375,285,497,0
3710.477,293,493,4
3710.576,300,494,0
3710.675,294,495,1
3710.775,281,496,0
3710.876,301,495,2
3710.975,294,497,0
3711.076,302,497,2
3711.177,289,495,3
3711.278,292,493,4
3711.377,304,490,4
3711.478,298,491,0
3711.576,299,492,1
3711.677,292,491,1
3711.778,300,492,1
3711.879,305,492,1
3711.978,297,492,1
3712.078,296,490,4
3712.177,296,491,2
3712.278,303,492,1
3712.378,292,488,4
3712.477,306,487,3
3712.577,289,488,0
3712.679,297,487,1
3712.778,301,488,1
3712.878,291,492,0
3712.978,291,493,0
3713.079,292,492,2
3713.187,300,490,3
3713.284,291,488,2
3713.383,285,487,2
3713.487,296,488,1
3713.584,302,487,1
3713.684,302,489,0
3713.783,289,491,1
3713.884,292,491,1
3713.983,290,493,1
3714.083,297,494,2
3714.183,295,497,3
3714.282,302,496,4
3714.382,292,496,0
3714.483,289,494,4
3714.583,290,492,2
3714.683,295,492,1
3714.783,293,493,2
3714.884,292,494,2
3714.983,289,492,2
3715.083,298,490,3
3715.183,294,491,2
3715.283,291,489,2
3715.384,288,491,0
3715.483,289,492,1
3715.584,295,494,1
3715.684,299,495,0
3715.783,301,495,3
3715.884,287,494,2
3715.983,298,492,2
3716.084,296,494,0
3716.184,291,497,0
3716.284,296,498,1
3716.383,299,502,1
3716.483,300,502,1
3716.583,306,503,0
3716.684,282,505,0
3716.783,297,505,1
3716.884,295,505,2
3716.985,282,501,5
3717.085,300,500,4
3717.184,309,498,3
3717.284,293,499,1
3717.383,299,500,1
3717.484,288,502,1
3717.584,287,502,1
3717.683,297,505,0
3717.783,301,507,1
3717.884,296,506,1
3717.985,299,505,3
3718.083,299,506,0
3718.182,295,507,0
3718.284,299,507,1
3718.383,297,511,0
3718.483,285,509,2
3718.584,296,508,1
3718.684,291,507,2
3718.783,297,504,3
3718.883,293,503,2
3718.984,299,505,1
3719.084,303,506,0
3719.183,297,507,2
3719.283,301,504,4
3719.383,290,503,2
3719.484,293,501,4
3719.583,296,504,0
3719.684,302,502,2
3719.784,293,498,5
3719.884,294,498,0
3719.983,285,499,2
3720.084,290,500,0
3720.183,309,496,5
3720.283,291,495,1
3720.384,296,494,3
3720.483,295,497,0
3720.583,286,498,1
3720.683,299,500,0
3720.784,290,498,5
3720.882,288,500,0
3720.983,293,501,0
3721.084,289,497,6
3721.184,299,496,1
3721.284,293,496,0
3721.384,282,494,4
3721.484,290,499,0
3721.583,291,500,0
3721.684,304,500,1
3721.785,294,496,5
3721.885,303,495,1
3721.984,299,498,0
3722.083,297,497,2
3722.184,290,497,3
3722.284,307,501,3
3722.384,300,502,3
3722.485,292,502,3
3722.584,298,502,1
3722.684,298,503,0
3722.785,297,503,2
3722.885,286,503,0
3722.985,289,503,0
3723.085,305,503,2
3723.184,291,503,1
3723.286,294,504,2
3723.384,296,506,0
3723.484,297,503,4
3723.584,289,504,0
3723.685,294,502,3
3723.784,288,505,0
3723.884,289,502,4
3723.984,286,501,1
3724.085,290,500,2
3724.185,304,500,1
3724.285,303,500,1
3724.384,288,501,0
3724.485,296,499,3
3724.584,290,500,1
3724.684,299,503,0
3724.784,304,503,0
3724.885,296,504,1
3724.985,289,503,3
3725.085,297,502,3
3725.184,291,503,0
3725.285,300,498,7
3725.384,294,500,0
3725.484,290,500,2
3725.584,292,501,0
3725.685,301,499,3
3725.784,294,502,0
3725.885,300,504,2
3725.986,298,503,1
3726.083,290,504,0
3726.184,294,507,0
3726.286,292,505,2
3726.385,294,501,5
3726.487,296,502,0
3726.585,295,503,0
3726.685,295,504,0
3726.785,294,503,3
3726.885,289,501,2
3726.986,300,503,0
3727.085,297,504,0
3727.186,298,503,2
3727.287,293,506,1
3727.385,295,506,0
3727.486,303,506,3
3727.586,294,504,3
3727.687,295,502,3
3727.785,306,503,1
3727.886,302,501,3
3727.985,283,502,0
3728.086,291,501,4
3728.185,300,502,1
3728.286,295,499,6
3728.385,288,499,2
3728.486,289,499,0
3728.586,290,499,0
3728.686,290,498,2
3728.786,295,496,3
3728.886,297,495,2
3728.986,297,496,0
3729.087,294,494,4
3729.186,295,493,2
3729.286,291,495,0
3729.385,310,500,1
3729.485,300,500,4
3729.585,304,499,1
3729.685,288,501,0
3729.786,296,502,1
3729.885,307,503,0
3729.985,298,506,1
3730.085,302,504,2
3730.186,285,501,3
3730.285,296,501,1
3730.385,290,500,3
3730.486,299,500,1
3730.585,298,495,5
3730.685,303,495,1
3730.786,287,496,1
3730.885,306,497,0
3730.985,293,498,0
3731.084,293,498,1
3731.186,299,494,4
3731.285,298,495,0
3731.385,300,497,3
3731.485,290,497,2
3731.585,297,500,0
3731.686,295,500,3
3731.786,290,500,1
3731.885,296,498,3
3731.986,292,499,0
3732.085,280,499,1
3732.185,288,496,4
3732.284,299,497,0
3732.385,291,498,1
3732.485,299,494,4
3732.587,292,494,3
3732.685,304,496,0
3732.786,288,496,2
3732.885,288,495,2
3732.985,298,495,1
3733.085,295,493,3
3733.185,304,493,2
3733.286,292,494,1
3733.386,295,494,1
3733.485,289,495,0
3733.584,292,494,1
3733.685,290,497,0
3733.785,294,499,0
3733.886,293,496,4
3733.985,301,498,0
3734.085,291,497,4
3734.186,299,499,0
3734.286,296,498,2
3734.386,292,495,3
3734.485,285,495,0
3734.586,303,494,4
3734.686,287,497,0
3734.786,290,492,5
3734.887,299,494,1
3734.986,297,496,0
3735.087,291,494,2
3735.186,298,493,2
3735.287,293,492,3
3735.386,302,492,2
3735.487,287,492,0
3735.586,284,497,0
3735.686,287,494,4
3735.785,299,495,0
3735.887,287,493,2
3735.986,301,493,2
3736.088,287,491,2
3736.186,304,493,1
3736.287,294,492,2
3736.386,308,493,0
3736.487,294,494,2
3736.586,295,494,1
3736.686,300,492,2
3736.786,289,490,2
3736.887,289,488,2
3736.986,298,493,0
3737.086,297,493,2
3737.185,295,495,0
3737.286,298,496,1
3737.386,287,497,1
3737.487,289,498,1
3737.586,287,499,0
3737.687,305,499,2
3737.787,284,499,0
3737.886,301,501,0
3737.986,283,500,4
3738.088,292,500,1
3738.186,312,503,0
3738.286,296,504,1
3738.385,289,504,2
3738.487,300,505,1
3738.586,299,506,1
3738.689,287,505,3
3738.784,293,505,0
3738.886,299,504,2
3738.985,294,505,0
3739.086,299,508,2
3739.186,286,507,1
3739.287,303,506,2
3739.387,289,506,3
3739.486,297,507,0
3739.587,303,507,3
3739.687,299,510,0
3739.787,289,510,1
3739.887,303,513,0
3739.987,296,506,7
3740.087,297,507,2
3740.187,287,507,1
3740.294,293,508,1
3740.392,303,506,3
3740.495,288,505,3
3740.592,297,504,2
3740.693,294,504,2
3740.793,297,503,1
3740.893,292,501,3
3740.993,302,501,1
3741.093,297,504,1
3741.193,286,501,3
3741.293,292,501,2
3741.393,302,502,3
3741.493,301,504,1
3741.596,305,505,2
3741.794,291,504,2
3741.894,296,504,2
3741.995,294,504,1
3742.095,299,499,5
3742.193,287,501,0
3742.294,290,499,3
3742.395,294,498,3
3742.495,297,499,1
3742.594,302,500,2
3742.693,293,499,1
3742.795,306,497,2
3742.894,301,495,2
3742.994,292,495,1
3743.093,295,494,2
3743.194,296,494,0
3743.294,299,494,0
3743.393,302,491,3
3743.494,293,492,0
3743.594,293,487,6
3743.695,302,489,1
3743.795,296,491,0
3743.895,289,492,2
3743.995,291,491,2
3744.094,297,492,2
3744.195,292,493,0
3744.295,298,494,1
3744.395,292,493,2
3744.495,304,496,0
3744.596,298,499,0
3744.696,307,501,1
3744.795,295,500,2
3744.894,298,500,0
3744.995,301,501,1
3745.095,301,500,2
3745.195,298,496,4
3745.295,306,498,0
3745.395,296,499,0
3745.496,290,499,3
3745.595,309,499,2
3745.694,295,498,2
3745.795,295,499,0
3745.894,303,498,3
3745.994,297,499,0
3746.095,290,500,1
3746.195,292,501,0
3746.295,302,504,0
3746.394,295,505,1
3746.494,293,507,0
3746.593,290,507,2
3746.693,303,508,2
3746.794,307,510,1
3746.894,305,510,2
3746.993,292,509,1
3747.095,302,507,3
3747.196,292,508,2
3747.295,299,509,0
3747.394,294,505,4
3747.493,293,505,2
3747.594,288,503,3
3747.694,294,501,4
3747.795,305,501,3
3747.895,301,501,3
3747.995,289,504,0
3748.093,290,502,3
3748.194,292,502,0
3748.294,300,505,0
3748.394,285,506,1
3748.495,295,505,3
3748.594,302,502,4
3748.694,300,500,3
3748.795,291,496,5
3748.893,298,499,2
3748.994,299,498,1
3749.094,291,495,3
3749.194,297,497,0
3749.294,289,499,1
3749.395,298,495,4
3749.494,296,497,0
3749.594,291,494,4
3749.694,293,490,5
3749.795,293,490,2
3749.894,298,492,0
3749.995,299,492,3
3750.094,293,492,0
3750.194,306,491,3
3750.293,300,489,3
3750.396,299,489,0
3750.495,288,492,0
3750.594,288,493,0
3750.694,289,494,1
3750.792,299,495,1
3750.894,291,496,2
3750.995,298,494,2
3751.094,285,492,3
3751.194,293,494,0
3751.294,295,498,0
3751.395,291,495,4
3751.494,302,496,0
3751.594,304,496,1
3751.692,307,500,4
3751.795,294,503,1
3751.894,301,499,6
3751.995,300,501,0
3752.094,292,504,0
3752.195,293,504,2
3752.294,288,504,0
3752.394,294,501,3
3752.494,298,503,1
3752.596,302,504,3
3752.695,300,505,0
3752.794,301,506,0
3752.894,294,507,0
3752.995,301,506,2
3753.094,292,504,3
3753.194,290,502,2
3753.295,306,503,2
3753.394,304,504,0
3753.493,288,502,4
3753.594,292,506,0
3753.695,301,508,0
3753.794,291,507,2
3753.894,301,507,0
3753.995,302,505,3
3754.094,298,506,2
3754.193,289,508,0
3754.294,296,508,3
3754.395,293,506,2
3754.495,297,507,1
3754.594,291,508,0
3754.695,302,506,4
3754.794,295,506,0
3754.894,297,507,0
3754.995,295,505,2
3755.095,290,501,7
3755.197,298,500,2
3755.295,296,499,2
3755.396,291,499,1
3755.496,302,499,2
3755.596,298,499,0
3755.695,291,497,4
3755.796,301,497,2
3755.896,299,499,0
3755.996,300,499,4
3756.095,297,500,1
3756.195,302,501,0
3756.295,293,501,0
3756.396,293,499,3
3756.495,290,497,2
3756.595,299,498,2
3756.696,290,499,0
3756.795,304,499,1
3756.896,294,501,0
3756.995,299,505,0
3757.094,287,508,2
3757.195,285,500,8
3757.294,295,502,0
3757.396,302,500,4
3757.495,299,503,0
3757.596,290,502,4
3757.696,298,500,3
3757.795,290,500,2
3757.895,300,499,3
3757.995,293,501,0
3758.095,287,501,2
3758.196,302,501,2
3758.296,293,502,2
3758.396,302,503,0
3758.497,295,501,2
3758.596,300,503,0
3758.694,294,501,2
3758.795,292,501,1
3758.896,299,503,1
3758.996,303,502,3
3759.095,297,501,3
3759.195,303,500,2
3759.297,298,499,4
3759.396,291,499,0
3759.496,293,500,1
3759.596,285,498,3
3759.696,290,501,0
3759.795,293,504,0
3759.895,291,503,2
3759.995,304,503,3
3760.095,293,501,3
3760.196,292,505,0
3760.296,291,505,1
3760.396,300,506,0
3760.495,298,510,0
3760.596,293,508,2
3760.695,300,506,2
3760.795,293,505,3
3760.895,305,504,2
3760.996,291,506,1
3761.095,293,509,0
3761.195,297,505,4
3761.295,287,504,3
3761.396,301,505,0
3761.495,293,510,1
3761.595,299,510,1
3761.695,312,510,2
3761.797,292,508,3
3761.895,288,509,0
3761.996,293,505,5
3762.096,299,503,3
3762.196,286,503,0
3762.295,297,504,0
3762.396,291,504,2
3762.496,293,505,0
3762.596,295,503,2
3762.695,306,503,1
3762.794,302,503,1
3762.896,297,498,5
3762.996,304,501,1
3763.096,301,503,0
3763.196,304,503,0
3763.296,291,502,2
3763.396,297,505,0
3763.495,294,506,1
3763.595,309,507,1
3763.695,290,505,3
3763.796,297,502,4
3763.895,304,503,0
3763.996,296,502,3
3764.095,287,500,2
3764.196,298,497,4
3764.295,299,498,0
3764.396,297,500,1
3764.495,283,499,2
3764.596,292,500,3
3764.695,293,500,0
3764.796,283,498,2
3764.897,299,494,4
3764.995,298,496,0
3765.095,295,494,3
3765.195,286,495,0
3765.295,291,495,0
3765.397,296,494,1
3765.495,293,498,0
3765.596,289,494,4
3765.695,287,495,0
3765.796,290,490,7
3765.896,301,494,0
3765.994,285,495,1
3766.095,289,494,2
3766.193,295,494,2
3766.296,303,495,1
3766.396,291,494,3
3766.495,288,494,2
3766.595,303,497,0
3766.695,292,496,3
3766.796,300,495,3
3766.896,297,495,1
3766.997,290,494,2
3767.096,297,494,1
3767.198,292,495,1
3767.296,301,495,1
3767.397,290,493,3
3767.496,306,497,1
3767.595,295,498,0
3767.695,302,498,2
3767.796,293,497,1
3767.895,296,497,0
3767.995,290,498,0
3768.095,294,497,2
3768.196,287,494,3
3768.296,282,493,1
3768.396,300,495,0
3768.495,302,495,0
3768.596,292,494,2
3768.695,295,497,0
3768.796,294,499,1
3768.896,281,499,0
3768.997,298,498,2
3769.097,300,498,2
3769.196,292,502,0
3769.295,301,505,0
3769.396,302,504,1
3769.495,297,505,0
3769.596,287,502,7
3769.695,308,507,0
3769.795,293,505,4
3769.895,285,505,1
3769.997,302,504,1
3770.095,299,506,0
3770.196,301,505,2
3770.295,296,504,1
3770.395,305,506,1
3770.495,293,505,1
3770.595,294,505,3
3770.695,304,507,0
3770.795,297,505,4
3770.895,289,506,0
3770.995,291,506,1
3771.095,289,508,0
3771.195,287,509,1
3771.295,301,510,0
3771.395,294,512,0
3771.495,298,508,4
3771.596,296,508,1
3771.695,299,506,3
3771.795,296,505,2
3771.896,300,503,2
3771.998,294,501,3
3772.097,301,502,0
3772.198,295,499,3
3772.298,300,497,2
3772.397,297,496,1
3772.497,297,496,2
3772.597,295,497,1
3772.698,296,493,5
3772.797,297,492,4
3772.898,307,491,3
3772.997,290,493,0
3773.097,295,494,1
3773.198,291,496,2
3773.298,303,497,1
3773.398,284,496,1
3773.497,295,499,0
3773.596,292,495,4
3773.696,294,494,1
3773.797,297,491,3
3773.898,304,492,1
3773.998,302,491,1
3774.097,293,488,4
3774.198,285,487,2
3774.296,285,492,1
3774.397,300,494,1
3774.497,303,492,2
3774.597,301,495,1
3774.697,293,494,1
3774.797,305,496,1
3774.897,286,496,1
3774.997,278,496,0
3775.097,293,497,0
3775.198,291,496,2
3775.298,290,498,1
3775.399,293,497,3
3775.498,296,499,0
3775.598,296,496,4
3775.697,299,500,0
3775.801,293,498,3
3775.899,291,500,0
3775.999,306,503,1
3776.098,295,501,2
3776.198,290,504,0
3776.299,297,499,7
3776.397,298,501,0
3776.499,306,498,5
3776.599,303,499,1
3776.699,298,499,2
3776.799,292,500,1
3776.899,291,499,2
3776.998,296,500,0
3777.098,306,498,4
3777.199,298,497,1
3777.299,291,495,3
3777.398,301,495,3
3777.499,297,495,2
3777.599,289,495,2
3777.699,302,495,1
3777.798,288,496,1
3777.9,303,497,3
3777.998,295,497,1
3778.099,301,497,1
3778.2,291,496,3
3778.299,291,496,3
3778.4,304,497,1
3778.499,292,494,4
3778.599,297,495,1
3778.7,295,494,4
3778.801,289,494,0
3778.899,291,496,0
3778.998,304,497,2
3779.099,291,495,3
3779.198,293,496,0
3779.3,295,493,5
3779.398,291,492,2
3779.498,303,495,0
3779.598,298,497,0
3779.699,300,496,1
3779.798,299,496,0
3779.898,299,494,2
3780.002,299,496,1
3780.1,298,496,2
3780.198,301,497,0
3780.298,292,499,0
3780.399,296,499,3
3780.498,303,503,0
3780.597,298,502,2
3780.7,281,500,4
3780.798,298,501,0
3780.9,297,500,1
3781.0,307,499,2
3781.1,295,496,3
3781.199,295,499,0
3781.299,302,502,1
3781.4,294,503,2
3781.5,289,503,1
3781.6,294,501,4
3781.699,291,502,0
3781.799,293,500,4
3781.9,286,499,2
3781.998,296,499,0
3782.099,301,498,2
3782.198,291,499,2
3782.299,298,500,1
3782.399,294,499,3
3782.498,295,502,0
3782.599,289,503,3
3782.698,290,505,0
3782.8,305,506,1
3782.898,294,506,0
3782.999,287,507,0
3783.099,293,505,3
3783.199,288,505,2
3783.299,299,506,1
3783.398,303,506,0
3783.498,298,505,1
3783.6,302,499,7
3783.699,301,504,0
3783.799,294,503,1
3783.898,296,506,0
3784.002,299,507,1
3784.098,293,507,0
3784.202,295,507,3
3784.3,293,507,1
3784.4,292,507,0
3784.5,285,507,0
3784.6,284,506,2
3784.7,299,504,3
3784.8,292,503,2
3784.9,294,504,0
3785.0,302,499,5
3785.1,302,499,1
3785.199,284,500,1
3785.299,303,501,0
3785.399,291,499,3
3785.499,279,496,3
3785.599,298,497,0
3785.7,301,496,4
3785.799,294,497,0
3785.899,301,493,4
3786.0,289,493,0
3786.099,291,496,0
3786.2,293,499,2
3786.299,302,501,0
3786.4,299,501,2
3786.499,297,499,2
3786.599,301,500,0
3786.699,290,498,2
3786.8,288,499,2
3786.9,294,495,5
3787.0,297,495,0
3787.099,301,495,2
3787.199,296,495,0
3787.3,295,494,2
3787.4,293,492,2
3787.499,295,492,0
3787.599,302,493,1
3787.698,302,495,1
3787.8,291,495,2
3787.899,295,495,1
3787.999,288,496,0
3788.099,300,496,2
3788.2,299,491,5
3788.299,295,495,0
3788.4,298,494,1
3788.499,296,497,0
3788.6,306,498,2
3788.7,299,500,0
3788.8,297,499,3
3788.9,303,500,1
3789.0,304,501,0
3789.099,297,500,3
3789.2,302,500,2
3789.3,302,495,8
3789.4,295,497,0
3789.499,299,497,3
3789.6,304,493,5
3789.698,296,497,0
3789.799,299,501,0
3789.899,298,499,3
3789.999,292,501,1
3790.099,293,502,0
3790.2,302,501,2
3790.3,296,501,0
3790.399,297,502,1
3790.499,300,503,2
3790.599,296,504,0
3790.7,282,502,3
3790.799,305,503,0
3790.898,294,503,2
3791.0,293,501,2
3791.1,299,503,0
3791.2,292,504,0
3791.299,295,504,1
3791.4,289,502,3
3791.5,289,501,3
3791.6,294,502,0
3791.698,303,502,2
3791.8,288,502,1
3791.899,302,502,2
3792.001,297,503,1
3792.1,300,504,1
3792.2,303,506,0
3792.3,296,505,2
3792.4,290,504,1
3792.5,304,507,2
3792.601,299,506,1
3792.7,303,501,5
3792.8,297,502,2
3792.899,295,505,0
3793.0,299,506,1
3793.1,296,506,1
3793.201,295,506,1
3793.301,286,506,2
3793.401,299,509,0
3793.5,302,509,1
3793.602,304,510,2
3793.7,292,511,0
3793.8,290,509,3
3793.9,290,507,3
3794.001,297,507,1
3794.101,303,507,1
3794.201,298,505,2
3794.301,302,505,1
3794.401,292,504,1
3794.5,298,505,0
3794.6,289,502,5
3794.7,296,503,1
3794.801,300,508,1
3794.901,289,506,3
3795.001,295,511,0
3795.101,300,508,3
3795.202,304,512,1
3795.301,290,513,0
3795.4,298,513,0
3795.501,298,510,4
3795.6,298,510,0
3795.701,297,510,1
3795.8,302,510,0
3795.9,292,508,3
3796.0,289,509,0
3796.1,294,508,1
3796.2,287,509,0
3796.3,303,508,3
3796.4,296,505,3
3796.5,293,502,4
3796.599,291,505,1
3796.7,304,502,3
3796.8,289,501,1
3796.901,286,498,4
3797.0,292,500,0
3797.101,305,502,2
3797.202,293,502,0
3797.301,305,506,0
3797.401,297,507,0
3797.502,294,507,2
3797.601,291,505,2
3797.701,301,504,2
3797.802,296,500,5
3797.901,301,503,0
3798.002,297,498,7
3798.1,282,499,0
3798.201,288,501,0
3798.3,299,498,3
3798.401,308,496,2
3798.5,293,496,0
3798.6,302,499,1
3798.7,298,497,3
3798.801,294,495,2
3798.9,308,498,0
3799.001,299,500,1
3799.101,294,503,0
3799.2,290,504,0
3799.301,298,502,3
3799.401,288,501,1
3799.5,297,503,0
3799.601,292,499,4
3799.7,298,500,0
3799.8,296,502,0
3799.901,297,500,2
3800.001,298,498,4
3800.101,297,498,0
3800.201,288,498,1
3800.301,302,498,1
3800.401,295,495,5
3800.5,293,495,2
3800.601,298,495,3
3800.701,289,494,1
3800.8,301,493,1
3800.9,295,492,2
3801.001,296,493,3
3801.101,296,490,5
3801.201,292,491,0
3801.301,299,488,4
3801.4,305,489,0
3801.5,296,490,1
3801.6,291,490,0
3801.701,295,488,4
3801.8,308,494,0
3801.901,294,492,4
3801.999,294,492,0
3802.1,304,494,1
3802.202,302,491,4
3802.301,290,491,0
3802.401,302,492,0
3802.5,299,493,0
3802.6,304,493,1
3802.702,290,493,3
3802.801,292,492,2
3802.9,294,492,0
3803.0,291,493,1
3803.1,297,494,2
3803.2,284,497,0
3803.3,288,499,0
3803.401,299,499,3
3803.501,284,497,2
3803.6,301,498,0
3803.701,291,498,1
3803.801,295,496,2
3803.9,303,501,0
3804.0,289,499,3
3804.101,283,499,2
3804.2,304,501,0
3804.3,302,499,2
3804.4,298,499,1
3804.5,293,497,4
3804.6,295,497,2
3804.701,290,496,1
3804.802,295,491,8
3804.901,294,492,0
3804.999,300,490,3
3805.099,298,492,1
3805.2,287,490,2
3805.301,298,491,2
3805.4,287,493,0
3805.5,297,495,0
3805.603,307,494,5
3805.7,301,494,0
3805.8,300,493,3
3805.9,308,494,1
3806.0,300,494,0
3806.1,297,494,1
3806.201,297,491,3
3806.3,295,493,0
3806.402,290,493,4
3806.502,305,497,0
3806.602,293,498,1
3806.701,298,499,0
3806.802,296,497,4
3806.901,295,498,1
3807.003,287,499,2
3807.103,300,501,1
3807.202,298,502,2
3807.301,294,505,0
3807.401,291,506,0
3807.501,290,504,2
3807.602,300,502,3
3807.7,298,504,0
3807.801,302,507,0
3807.902,286,504,4
3808.001,299,504,1
3808.101,291,504,2
3808.202,289,506,1
3808.3,308,507,0
3808.401,302,507,3
3808.501,300,508,1
3808.601,301,510,0
3808.701,288,506,5
3808.802,293,505,2
3808.901,296,506,3
3809.002,300,505,2
3809.101,294,505,1
3809.201,310,505,0
3809.301,288,505,1
3809.402,305,507,0
3809.502,302,506,1
3809.601,294,503,3
3809.701,291,502,1
3809.802,286,504,1
3809.901,303,501,4
3810.002,310,499,2
3810.101,294,499,3
3810.202,303,497,2
3810.302,291,493,6
3810.401,288,496,0
3810.501,300,496,1
3810.601,286,496,2
3810.701,296,497,2
3810.801,296,499,0
3810.901,295,500,1
3811.002,301,497,4
3811.102,293,496,4
3811.202,298,499,0
3811.301,305,496,4
3811.401,297,498,0
3811.501,299,496,3
3811.601,300,494,3
3811.701,300,492,2
3811.803,287,491,2
3811.901,291,492,0
3812.002,302,492,3
3812.102,300,491,4
3812.203,279,493,0
3812.301,300,495,0
3812.399,286,495,0
3812.5,299,493,3
3812.602,294,494,1
3812.7,296,495,0
3812.802,292,493,3
3812.901,291,491,3
3813.001,298,489,3
3813.101,296,489,0
3813.201,297,492,1
3813.301,291,491,2
3813.403,302,489,4
3813.503,298,491,0
3813.601,290,492,0
3813.701,301,494,1
3813.803,299,490,5
3813.902,291,489,2
3814.001,307,492,0
3814.101,295,493,1
3814.201,299,494,3
3814.302,294,496,3
3814.402,294,493,3
3814.5,291,494,0
3814.601,293,495,1
3814.701,288,495,1
3814.8,289,496,0
3814.901,294,496,2
3815.0,297,495,2
3815.102,292,494,3
3815.202,304,498,0
3815.302,294,497,3
3815.401,300,501,0
3815.501,289,502,1
3815.601,295,504,0
3815.702,297,503,1
3815.802,287,503,0
3815.903,298,501,3
3816.003,288,500,2
3816.102,286,500,0
3816.203,294,500,4
3816.304,303,501,1
3816.402,297,504,0
3816.503,288,506,1
3816.603,309,505,3
3816.702,291,500,5
3816.803,300,501,0
3816.903,296,501,1
3817.001,288,505,0
3817.102,296,502,3
3817.203,288,501,3
3817.302,301,505,0
3817.401,288,502,4
3817.502,302,502,2
3817.603,294,501,3
3817.703,298,501,1
3817.802,301,503,0
3817.903,293,501,2
3818.003,292,500,2
3818.102,294,502,0
3818.203,297,502,3
3818.303,295,498,6
3818.403,290,494,5
3818.502,300,494,1
3818.603,291,496,0
3818.702,293,499,0
3818.803,285,494,5
3818.901,296,494,0
3819.003,296,494,1
3819.103,294,494,0
3819.203,295,496,0
3819.302,296,497,0
3819.402,288,496,1
3819.501,288,495,2
3819.602,298,493,4
3819.702,290,492,2
3819.802,301,492,2
3819.903,294,494,2
3820.001,300,498,0
3820.103,298,492,8
3820.203,299,492,0
3820.303,292,495,4
3820.402,297,494,2
3820.502,288,494,0
3820.603,292,493,3
3820.702,292,495,2
3820.801,302,498,0
3820.902,292,497,1
3821.003,290,499,0
3821.102,295,499,1
3821.203,289,501,0
3821.302,295,502,2
3821.402,285,501,1
3821.502,302,500,1
3821.602,295,498,2
3821.702,303,500,0
3821.802,293,497,3
3821.902,297,499,0
3822.002,296,500,0
3822.102,298,500,0
3822.202,305,504,1
3822.302,282,505,0
3822.401,300,505,2
3822.502,294,507,2
3822.602,301,508,0
3822.702,290,509,0
3822.803,292,508,3
3822.901,298,510,0
3823.001,302,508,2
3823.104,302,504,9
3823.203,303,507,0
3823.306,302,504,4
3823.404,296,503,2
3823.506,286,504,0
3823.606,302,504,2
3823.704,297,504,1
3823.807,292,500,5
3823.905,296,498,2
3824.005,293,496,2
3824.105,309,498,1
3824.205,294,499,2
3824.305,296,498,1
3824.405,290,500,0
3824.505,292,502,2
3824.605,294,500,3
3824.705,290,499,1
3824.806,292,500,0
3824.905,295,500,1
3825.005,296,500,1
3825.105,297,501,1
3825.206,305,501,2
3825.304,302,502,1
3825.407,296,503,1
3825.505,304,500,3
3825.606,299,501,2
3825.705,294,501,2
3825.806,293,502,2
3825.905,292,500,3
3826.004,292,501,0
3826.105,294,499,4
3826.205,311,503,1
3826.305,294,504,0
3826.405,289,505,1
3826.505,300,506,0
3826.606,295,509,0
3826.707,300,506,3
3826.806,306,507,0
3826.905,292,506,2
3827.005,300,505,3
3827.104,294,508,0
3827.205,293,507,2
3827.305,292,508,1
3827.405,291,509,0
3827.504,295,510,0
3827.605,304,508,3
3827.706,291,508,0
3827.807,293,508,1
3827.905,289,508,0
3828.005,291,509,1
3828.105,300,512,0
3828.205,289,511,2
3828.305,297,505,6
3828.405,296,507,0
3828.505,292,506,1
3828.608,299,504,4
3828.707,300,502,4
3828.807,292,502,0
3828.907,295,506,1
3829.008,293,504,2
3829.108,295,503,2
3829.208,297,503,4
3829.306,299,500,3
3829.407,305,501,2
3829.507,293,502,2
3829.606,304,505,0
3829.707,293,508,2
3829.808,291,505,5
3829.907,294,506,1
3830.007,294,506,0
3830.107,300,504,2
3830.207,297,503,2
3830.307,304,505,1
3830.408,285,503,3
3830.506,300,502,3
3830.607,296,503,2
3830.707,303,504,1
3830.807,300,507,0
3830.907,280,505,2
3831.007,289,502,3
3831.107,304,501,3
3831.208,291,501,1
3831.307,292,504,1
3831.407,290,505,2
3831.508,289,505,1
3831.607,295,506,0
3831.708,298,503,6
3831.807,292,505,0
3831.907,284,505,2
3832.007,291,505,1
3832.106,302,509,0
3832.208,299,510,1
3832.307,305,510,3
3832.408,298,508,3
3832.506,299,509,0
3832.607,299,505,4
3832.707,297,506,0
3832.807,295,503,5
3832.906,296,500,4
3833.008,295,502,2
3833.107,294,504,0
3833.207,297,506,0
3833.307,300,504,4
3833.408,291,502,4
3833.507,302,502,3
3833.607,289,503,0
3833.707,301,501,4
3833.807,287,499,3
3833.907,292,497,2
3834.007,305,501,1
3834.107,295,503,0
3834.207,283,502,3
3834.307,293,503,0
3834.407,307,501,2
3834.507,296,499,4
3834.608,301,497,5
3834.707,300,498,0
3834.807,302,499,3
3834.907,296,498,1
3835.008,294,499,2
3835.107,293,501,1
3835.207,290,502,0
3835.307,298,502,1
3835.408,295,501,3
3835.506,304,500,2
3835.606,298,500,2
3835.707,296,501,2
3835.808,297,497,4
3835.907,297,496,1
3836.007,286,496,0
3836.107,290,495,2
3836.207,297,494,1
3836.307,290,494,2
3836.407,302,495,0
3836.509,281,492,5
3836.607,296,493,0
3836.707,298,491,2
3836.808,294,492,2
3836.908,305,492,1
3837.008,294,488,5
3837.107,305,489,0
3837.207,297,488,2
3837.307,295,491,0
3837.407,301,491,0
3837.507,295,493,0
3837.607,301,493,1
3837.707,292,493,0
3837.807,290,493,1
3837.907,304,493,1
3838.007,289,497,0
3838.107,296,497,3
3838.207,291,494,6
3838.307,298,494,2
3838.408,287,495,0
3838.508,297,492,5
3838.608,287,493,2
3838.707,296,496,0
3838.808,298,494,3
3838.907,301,495,0
3839.007,292,495,1
3839.107,295,494,2
3839.209,289,495,1
3839.307,293,498,0
3839.408,301,495,4
3839.507,293,500,0
3839.607,291,500,1
3839.706,296,500,2
3839.806,297,504,0
3839.906,288,502,3
3840.009,296,499,4
3840.107,293,500,0
3840.207,292,500,0
3840.307,293,500,1
3840.407,299,498,5
3840.507,295,500,0
3840.607,298,500,0
3840.707,293,500,1
3840.807,299,502,2
3840.907,289,502,1
3841.007,294,504,1
3841.107,306,506,2
3841.207,303,504,4
3841.307,296,504,1
3841.406,294,502,3
3841.507,299,502,2
3841.607,297,500,2
3841.707,288,500,1
3841.809,306,500,3
3841.908,297,504,1
3842.007,295,505,0
3842.107,301,507,1
3842.207,291,510,1
3842.307,299,511,0
3842.407,294,515,0
3842.511,303,509,7
3842.611,298,510,1
3842.711,293,511,0
3842.81,301,509,3
3842.91,286,508,2
3843.01,292,507,2
3843.11,302,507,0
3843.211,294,506,1
3843.31,292,504,3
3843.409,288,500,5
3843.51,296,500,2
3843.61,291,500,2
3843.71,291,502,0
3843.811,296,499,3
3843.91,299,499,1
3844.01,303,499,0
3844.11,290,499,2
3844.21,291,498,1
3844.309,302,499,1
3844.409,297,498,2
3844.511,297,495,3
3844.61,296,491,4
3844.71,283,493,0
3844.811,287,492,2
3844.91,295,491,2
3845.01,302,494,0
3845.11,304,493,3
3845.21,296,493,3
3845.313,291,493,1
3845.411,308,496,3
3845.511,303,498,0
3845.612,295,496,4
3845.713,290,496,1
3845.812,297,494,3
3845.912,291,492,3
3846.012,297,492,2
3846.112,300,491,1
3846.211,294,491,0
3846.312,298,491,1
3846.412,296,491,2
3846.512,299,492,1
3846.612,292,490,3
3846.712,298,492,3
3846.812,300,491,1
3846.912,294,490,2
3847.012,293,490,1
3847.112,297,493,1
3847.212,290,491,2
3847.312,296,490,1
3847.413,287,488,2
3847.512,299,488,0
3847.613,286,488,1
3847.713,290,488,2
3847.813,293,489,0
3847.912,304,494,1
3848.013,293,494,2
3848.112,304,497,0
3848.212,297,500,1
3848.313,298,502,0
3848.411,289,504,1
3848.512,298,501,4
3848.612,297,502,0
3848.713,284,499,3
3848.813,298,501,1
3848.912,299,503,0
3849.012,299,501,2
3849.112,287,500,2
3849.212,291,499,1
3849.312,288,500,0
3849.412,296,500,0
3849.512,300,501,1
3849.613,291,498,3
3849.713,298,495,4
3849.813,293,493,3
3849.912,292,495,0
3850.012,296,497,1
3850.113,295,496,3
3850.213,297,496,1
3850.314,294,497,0
3850.413,304,497,0
3850.513,292,496,2
3850.613,291,498,0
3850.713,295,500,2
3850.813,295,499,2
3850.912,289,500,0
3851.012,281,492,8
3851.112,290,492,1
3851.212,297,492,1
3851.312,293,493,3
3851.413,298,494,2
3851.512,292,494,0
3851.611,286,493,1
3851.711,288,491,3
3851.813,300,493,0
3851.912,284,493,1
3852.012,295,492,2
3852.112,302,495,0
3852.213,292,493,2
3852.312,292,493,0
3852.412,302,491,3
3852.511,306,494,0
3852.612,304,498,0
3852.712,304,502,0
3852.813,294,504,1
3852.912,298,502,2
3853.012,303,503,2
3853.112,302,503,1
3853.212,286,503,1
3853.313,302,502,1
3853.413,295,503,2
3853.512,299,502,2
3853.613,291,502,2
3853.712,296,502,1
3853.813,305,500,5
3853.912,295,499,1
3854.012,298,497,2
3854.112,291,497,0
3854.212,294,499,1
3854.312,300,499,1
3854.412,295,496,3
3854.511,300,497,1
3854.613,297,496,2
3854.712,291,497,1
3854.812,296,497,0
3854.912,289,500,2
3855.013,294,501,2
3855.112,302,503,0
3855.211,288,500,3
3855.312,294,501,0
3855.413,302,501,2
3855.512,292,500,2
3855.612,303,501,0
3855.711,299,500,2
3855.812,304,498,2
3855.912,300,497,3
3856.013,297,496,2
3856.112,294,497,0
3856.211,298,499,0
3856.312,302,500,0
3856.412,301,500,1
3856.512,309,501,2
3856.613,290,501,1
3856.713,296,499,3
3856.812,301,499,0
3856.912,295,494,5
3857.012,296,495,0
3857.112,299,498,0
3857.212,299,497,1
3857.313,284,494,3
3857.413,287,494,1
3857.512,294,490,5
3857.612,288,492,0
3857.712,302,494,0
3857.812,289,493,1
3857.912,301,494,0
3858.013,292,492,2
3858.112,294,492,2
3858.212,293,493,1
3858.312,295,497,0
3858.412,292,498,0
3858.512,290,496,2
3858.612,291,497,1
3858.712,294,496,2
3858.812,295,498,0
3858.912,296,498,2
3859.012,295,499,2
3859.113,292,498,2
3859.213,292,497,2
3859.312,293,499,0
3859.413,293,496,5
3859.513,299,497,3
3859.612,307,499,0
3859.712,294,498,1
3859.811,299,498,1
3859.912,298,501,0
3860.012,303,501,0
3860.112,295,499,2
3860.213,287,497,3
3860.312,290,499,0
3860.413,288,501,0
3860.513,285,494,7
3860.612,297,495,0
3860.712,287,496,0
3860.813,290,494,2
3860.912,292,495,0
3861.012,301,495,0
3861.112,295,493,2
3861.212,287,495,0
3861.312,305,495,1
3861.413,303,492,5
3861.511,299,494,0
3861.613,288,490,5
3861.712,297,492,0
3861.813,299,493,4
3861.912,294,493,0
3862.012,290,494,1
3862.113,293,495,0
3862.212,304,494,2
3862.312,291,492,2
3862.411,291,491,2
3862.512,299,492,1
3862.612,293,488,4
3862.711,296,487,2
3862.812,294,489,0
3862.912,307,489,0
3863.013,297,485,5
3863.112,292,488,0
3863.211,289,487,1
3863.311,299,488,1
3863.413,286,487,2
3863.512,301,487,1
3863.612,294,489,1
3863.713,300,489,5
3863.813,302,494,0
3863.912,299,496,1
3864.012,293,496,1
3864.112,301,495,1
3864.213,286,494,1
3864.313,310,497,1
3864.413,307,499,0
3864.512,300,495,6
3864.612,302,497,0
3864.712,302,499,0
3864.813,300,500,1
3864.913,308,499,3
3865.012,301,500,0
3865.112,289,500,0
3865.212,290,501,0
3865.312,297,501,0
3865.412,300,499,2
3865.512,303,500,0
3865.612,297,499,1
3865.712,298,501,1
3865.813,285,500,2
3865.913,296,499,2
3866.012,294,501,0
3866.112,291,499,2
3866.212,293,499,1
3866.312,297,499,1
3866.412,302,500,0
3866.512,295,503,0
3866.612,296,503,1
3866.712,281,501,2
3866.812,297,498,5
3866.912,290,500,2
3867.013,297,503,1
3867.112,285,507,0
3867.211,297,508,1
3867.312,286,508,0
3867.412,305,507,1
3867.512,295,508,1
3867.612,290,505,3
3867.712,294,502,4
3867.812,304,503,2
3867.912,288,500,3
3868.012,301,498,3
3868.112,299,500,0
3868.212,291,503,1
3868.312,289,503,0
3868.412,293,503,0
3868.512,293,502,2
3868.612,293,501,2
3868.712,299,502,1
3868.813,293,502,2
3868.911,298,501,2
3869.012,304,498,3
3869.112,290,498,1
3869.213,292,500,2
3869.312,297,501,0
3869.412,300,503,0
3869.51,290,503,1
3869.61,290,504,2
3869.713,285,503,1
3869.811,290,505,0
3869.911,297,510,1
3870.013,304,507,4
3870.112,298,507,1
3870.213,294,503,4
3870.312,288,503,0
3870.412,291,503,0
3870.512,297,502,2
3870.611,296,506,1
3870.712,292,506,1
3870.812,297,506,1
3870.912,309,511,1
3871.012,298,511,1
3871.113,292,509,2
3871.213,297,505,4
3871.312,296,505,0
3871.413,308,507,1
3871.512,295,509,0
3871.613,296,504,5
3871.712,297,504,0
3871.813,307,503,2
3871.912,286,503,0
3872.012,301,505,0
3872.112,301,506,0
3872.212,299,506,1
3872.313,283,498,8
3872.412,300,502,0
3872.513,294,502,3
3872.612,288,503,1
3872.712,300,506,0
3872.811,292,505,2
3872.912,295,496,9
3873.013,300,496,0
3873.112,292,493,4
3873.213,307,496,1
3873.313,298,498,1
3873.411,300,499,0
3873.512,297,501,0
3873.613,294,497,5
3873.712,294,499,0
3873.811,295,499,2
3873.912,292,498,2
3874.012,300,496,3
3874.112,300,497,1
3874.212,295,498,0
3874.312,294,498,3
3874.412,300,499,2
3874.512,296,496,3
3874.613,308,500,1
3874.712,291,500,1
3874.812,290,499,2
3874.913,296,497,4
3875.013,293,497,2
3875.112,295,502,0
3875.213,302,504,1
3875.311,294,505,0
3875.413,296,505,2
3875.512,298,506,0
3875.612,296,505,2
3875.711,303,505,2
3875.813,292,503,2
3875.912,303,504,0
3876.012,289,505,0
3876.112,298,503,2
3876.212,296,502,2
3876.312,288,500,2
3876.412,299,498,3
3876.511,294,499,0
3876.612,303,501,1
3876.712,287,499,2
3876.811,292,498,3
3876.912,298,497,3
3877.012,288,496,2
3877.112,295,497,0
3877.21,296,498,1
3877.312,299,497,2
3877.412,297,498,1
3877.512,300,498,2
3877.612,298,498,0
3877.712,299,494,5
3877.813,297,489,5
3877.912,297,490,0
3878.012,296,492,0
3878.112,303,490,2
3878.213,293,488,2
3878.313,291,487,3
3878.415,296,486,2
3878.512,289,487,0
3878.613,290,483,7
3878.714,296,484,1
3878.817,289,486,1
3878.916,301,486,1
3879.016,299,485,1
3879.116,299,487,0
3879.216,302,488,1
3879.315,295,491,0
3879.417,292,492,1
3879.516,300,491,1
3879.615,299,493,0
3879.717,302,493,1
3879.817,292,491,2
3879.916,289,493,1
3880.016,300,491,2
3880.116,292,493,2
3880.216,301,493,2
3880.316,294,496,0
3880.416,301,498,1
3880.516,289,501,0
3880.616,304,502,0
3880.716,288,499,5
3880.815,299,501,1
3880.916,294,504,0
3881.017,294,502,2
3881.116,303,502,1
3881.217,297,503,0
3881.317,290,502,2
3881.416,287,502,2
3881.516,298,502,1
3881.616,288,502,4
3881.716,293,499,3
3881.816,298,501,0
3881.915,297,501,1
3882.016,305,502,1
3882.116,289,503,0
3882.216,292,499,4
3882.315,299,500,1
3882.417,296,500,2
3882.516,293,501,1
3882.616,288,497,5
3882.717,294,498,0
3882.814,298,499,1
3882.919,293,496,6
3883.018,290,495,2
3883.12,301,496,1
3883.218,306,497,0
3883.319,301,494,3
3883.419,288,496,3
3883.52,288,498,1
3883.618,297,498,0
3883.716,299,500,0
3883.817,288,498,3
3883.918,288,498,1
3884.018,297,500,0
3884.118,305,498,2
3884.218,285,499,1
3884.316,284,500,0
3884.418,297,497,3
3884.518,287,498,1
3884.615,290,501,0
3884.717,309,497,5
3884.818,293,497,1
3884.917,292,499,0
3885.018,293,499,1
3885.116,291,499,0
3885.218,298,500,0
3885.318,292,501,1
3885.418,300,501,4
3885.517,282,500,2
3885.618,298,502,1
3885.718,296,505,1
3885.816,294,505,1
3885.918,296,506,0
3886.018,307,505,3
3886.118,295,507,0
3886.218,304,505,2
3886.317,291,504,2
3886.418,290,504,1
3886.516,294,503,2
3886.618,291,502,1
3886.718,285,501,2
3886.818,297,500,1
3886.918,296,503,0
3887.019,297,503,2
3887.117,302,505,0
3887.218,297,505,2
3887.317,290,505,2
3887.417,300,507,0
3887.517,299,506,4
3887.617,298,505,2
3887.717,301,508,0
3887.817,303,506,2
3887.917,289,505,1
3888.017,294,504,1
3888.117,302,503,3
3888.217,292,503,0
3888.317,289,504,1
3888.417,292,506,1
3888.517,291,505,2
3888.617,291,504,2
3888.717,292,501,4
3888.816,297,501,2
3888.917,302,500,1
3889.018,304,502,1
3889.117,288,501,2
3889.217,292,503,1
3889.317,298,505,0
3889.416,293,504,2
3889.518,300,502,5
3889.617,286,502,0
3889.716,287,502,0
3889.817,291,503,0
3889.918,298,504,0
3890.018,290,503,2
3890.117,303,504,0
3890.217,292,501,3
3890.317,296,500,1
3890.417,299,501,0
3890.518,295,494,7
3890.617,287,497,0
3890.717,292,498,1
3890.817,302,496,6
3890.917,300,496,1
3891.017,299,497,0
3891.117,295,498,0
3891.217,296,498,1
3891.318,310,497,2
3891.417,297,498,0
3891.518,300,500,2
3891.618,296,499,3
3891.717,298,501,0
3891.818,292,496,6
3891.918,288,497,0
3892.017,292,498,0
3892.117,304,498,2
3892.217,289,499,1
3892.318,294,497,4
3892.418,292,493,5
3892.517,295,494,0
3892.617,290,496,2
3892.716,295,496,0
3892.817,287,496,1
3892.917,301,495,2
3893.017,307,497,1
3893.117,296,499,0
3893.218,296,498,1
3893.318,305,497,2
3893.417,296,499,0
3893.517,303,500,1
3893.617,307,503,0
3893.717,301,502,2
3893.817,302,505,0
3893.917,292,505,2
3894.017,296,505,0
3894.117,285,506,1
3894.217,302,506,1
3894.317,307,508,0
3894.416,295,505,3
3894.517,292,507,0
3894.618,302,506,2
3894.716,293,507,1
3894.817,293,509,1
3894.917,300,506,4
3895.017,296,505,2
3895.117,294,506,1
3895.217,287,506,1
3895.317,297,504,3
3895.417,297,503,2
3895.517,300,502,1
3895.617,299,504,0
3895.717,289,503,3
3895.817,292,504,0
3895.917,292,502,3
3896.018,299,503,2
3896.116,299,505,0
3896.216,295,506,1
3896.317,292,508,0
3896.418,299,506,2
3896.518,300,506,1
3896.618,290,502,4
3896.719,305,501,2
3896.819,295,496,5
3896.92,293,498,1
3897.019,293,497,1
3897.118,287,498,2
3897.219,296,499,1
3897.319,297,499,2
3897.418,295,500,1
3897.519,295,498,3
3897.619,298,496,3
3897.723,297,494,3
3897.82,287,493,2
3897.919,298,494,1
3898.018,286,492,3
3898.118,302,495,1
3898.219,292,494,2
3898.318,290,494,1
3898.418,287,491,5
3898.518,290,494,0
3898.618,292,492,2
3898.718,314,494,1
3898.818,288,493,1
3898.918,289,493,2
3899.019,295,493,2
3899.118,295,492,3
3899.217,290,493,1
3899.318,296,492,2
3899.418,305,492,0
3899.518,297,494,0
3899.619,305,494,3
3899.718,293,495,0
3899.818,283,493,3
3899.919,294,495,0
3900.017,292,493,2
3900.118,295,494,0
3900.219,294,493,3
3900.318,295,492,1
3900.419,307,496,1
3900.517,294,499,0
3900.618,299,499,1
3900.718,298,497,3
3900.817,295,496,2
3900.917,280,495,1
3901.019,293,496,0
3901.118,299,498,0
3901.219,290,498,2
3901.317,286,498,1
3901.418,297,498,0
3901.519,285,495,3
3901.619,291,494,2
3901.718,310,495,0
3901.819,296,493,4
3901.919,295,491,3
3902.018,290,495,0
3902.118,297,494,3
3902.219,299,494,2
3902.318,294,498,0
3902.418,300,500,1
3902.518,289,499,2
3902.618,286,499,0
3902.718,291,498,2
3902.818,297,498,1
3902.918,294,496,2
3903.019,294,497,3
3903.118,296,500,0
3903.217,295,499,1
3903.318,294,500,2
3903.418,298,502,1
3903.518,302,499,3
3903.618,298,502,0
3903.716,285,503,1
3903.819,291,503,1
3903.917,287,504,0
3904.018,296,507,1
3904.118,293,508,0
3904.219,297,509,2
3904.318,294,508,1
3904.418,297,509,0
3904.518,299,508,3
3904.619,305,508,1
3904.718,297,510,1
3904.818,292,511,1
3904.918,299,510,2
3905.018,305,509,2
3905.118,299,507,3
3905.219,297,505,3
3905.318,292,508,0
3905.418,292,508,2
3905.518,296,506,2
3905.619,292,501,5
3905.717,305,503,0
3905.819,290,501,2
3905.918,295,502,0
3906.018,295,502,0
3906.118,298,501,3
3906.22,290,500,3
3906.318,287,500,0
3906.418,293,499,3
3906.517,300,500,1
3906.619,295,498,2
3906.717,295,502,0
3906.818,280,503,0
3906.917,291,503,1
3907.019,297,496,8
3907.118,294,498,0
3907.219,291,496,2
3907.317,299,496,2
3907.418,297,498,0
3907.518,297,500,0
3907.618,285,503,1
3907.717,295,504,1
3907.818,293,503,4
3907.918,300,502,1
3908.019,296,501,2
3908.118,297,502,0
3908.218,301,503,1
3908.318,286,502,1
3908.417,294,501,2
3908.518,293,499,3
3908.618,298,501,1
3908.718,296,500,1
3908.818,293,501,0
3908.917,287,504,0
3909.018,287,502,3
3909.119,297,503,1
3909.219,295,503,0
3909.319,298,499,5
3909.419,297,497,2
3909.518,294,497,3
3909.619,301,501,0
3909.719,303,497,6
3909.819,305,499,1
3909.917,298,502,0
3910.018,300,502,2
3910.117,301,500,2
3910.217,286,497,3
3910.318,291,496,3
3910.418,300,500,0
3910.518,298,501,2
3910.619,295,499,4
3910.719,297,499,2
3910.819,295,496,3
3910.918,298,499,0
3911.018,304,500,0
3911.118,292,500,2
3911.218,303,501,0
3911.316,293,496,5
3911.418,298,496,2
3911.519,294,497,2
3911.619,289,496,2
3911.719,305,497,1
3911.817,299,498,0
3911.918,303,497,3
3912.016,297,498,0
3912.119,301,499,1
3912.218,293,502,0
3912.318,300,502,1
3912.418,295,500,2
3912.518,295,502,0
3912.618,300,501,1
3912.716,297,501,2
3912.817,283,500,3
3912.918,293,494,6
3913.019,291,495,1
3913.117,303,496,0
3913.218,291,494,4
3913.318,289,495,0
3913.418,302,495,3
3913.519,293,494,4
3913.619,303,497,0
3913.718,305,499,1
3913.818,292,500,0
3913.919,301,497,4
3914.019,286,499,1
3914.118,301,500,0
3914.219,302,502,2
3914.32,295,503,0
3914.418,304,505,0
3914.518,295,504,2
3914.618,295,503,3
3914.718,292,503,1
3914.819,292,503,3
3914.916,296,505,0
3915.018,300,504,1
3915.118,292,505,0
3915.217,296,504,1
3915.318,296,504,1
3915.419,289,504,4
3915.518,298,504,0
3915.618,293,502,2
3915.719,308,498,5
3915.821,294,498,2
3915.924,302,499,0
3916.024,297,500,3
3916.122,284,498,4
3916.224,291,498,0
3916.322,285,499,1
3916.423,295,496,4
3916.523,301,497,2
3916.624,303,495,3
3916.723,306,498,3
3916.823,296,500,4
3916.922,296,501,2
3917.023,292,500,2
3917.124,296,501,2
3917.223,297,502,2
3917.322,296,506,1
3917.422,286,506,1
3917.522,291,506,0
3917.622,296,507,3
3917.722,299,509,1
3917.822,282,509,4
3917.92,300,509,1
3918.023,296,512,1
3918.123,302,509,3
3918.222,292,510,1
3918.323,296,511,0
3918.422,304,511,3
3918.522,292,512,1
3918.622,304,512,1
3918.722,292,511,2
3918.822,289,509,2
3918.922,296,511,0
3919.022,301,510,1
3919.122,299,507,3
3919.222,289,510,1
3919.323,295,507,4
3919.424,296,509,1
3919.523,289,512,0
3919.623,294,510,3
3919.722,297,510,0
3919.822,298,508,2
3919.923,296,500,11
3920.023,300,500,0
3920.122,295,500,3
3920.222,297,501,1
3920.322,293,502,2
3920.422,291,500,5
3920.522,301,503,1
3920.623,295,503,5
3920.722,288,504,0
3920.822,297,501,4
3920.921,297,497,6
3921.023,301,498,0
3921.122,293,498,1
3921.222,304,502,0
3921.323,282,502,1
3921.422,301,500,3
3921.523,291,499,4
3921.623,294,500,2
3921.723,295,500,2
3921.822,296,505,0
3921.923,288,504,1
3922.023,298,508,0
3922.121,297,511,0
3922.224,300,509,2
3922.323,293,509,0
3922.424,312,510,2
3922.524,296,509,4
3922.625,290,509,2
3922.723,302,509,1
3922.824,288,511,0
3922.923,299,514,0
3923.024,304,510,6
3923.124,294,511,2
3923.224,291,509,3
3923.325,297,507,4
3923.422,299,510,0
3923.524,300,509,3
3923.624,293,512,1
3923.723,294,514,1
3923.824,285,515,0
3923.923,298,517,1
3924.024,300,515,3
3924.125,281,516,1
3924.225,298,512,6
3924.324,295,512,1
3924.423,286,513,1
3924.524,290,512,2
3924.623,291,512,0
3924.723,296,511,2
3924.825,297,507,7
3924.923,302,507,0
3925.024,293,505,3
3925.123,302,503,2
3925.223,287,504,0
3925.323,296,503,2
3925.424,297,505,0
3925.523,303,505,3
3925.624,301,502,4
3925.724,291,503,1
3925.825,280,501,4
3925.923,292,502,0
3926.024,296,501,2
3926.123,288,501,1
3926.224,298,497,4
3926.325,297,497,2
3926.424,301,495,5
3926.524,299,500,0
3926.624,291,499,2
3926.725,304,495,5
3926.825,290,493,2
3926.924,297,493,2
3927.025,289,491,2
3927.124,289,493,0
3927.225,290,496,2
3927.324,289,495,2
3927.426,301,490,6
3927.526,292,489,2
3927.625,296,491,0
3927.725,296,492,0
3927.825,299,494,0
3927.924,297,493,3
3928.026,301,495,1
3928.126,287,494,1
3928.227,309,495,3
3928.325,294,495,1
3928.427,295,494,2
3928.528,304,497,1
3928.627,291,497,0
3928.727,293,498,2
3928.828,303,498,1
3928.927,292,498,1
3929.028,299,500,1
3929.127,295,501,1
3929.227,292,504,1
3929.326,294,503,1
3929.428,296,506,2
3929.527,293,504,3
3929.628,299,504,1
3929.727,300,504,0
3929.829,289,504,0
3929.927,300,506,1
3930.027,294,507,0
3930.129,298,505,2
3930.228,291,501,5
3930.329,300,501,1
3930.429,291,500,1
3930.527,298,499,1
3930.628,306,500,1
3930.727,301,499,1
3930.828,299,500,1
3930.928,298,499,2
3931.028,305,497,3
3931.129,290,498,1
3931.228,291,499,0
3931.329,304,503,1
3931.429,292,503,2
3931.528,303,504,0
3931.63,297,509,0
3931.728,302,510,2
3931.829,296,510,2
3931.928,292,508,2
3932.028,293,508,0
3932.128,292,503,5
3932.228,292,503,1
3932.328,297,506,1
3932.429,290,505,3
3932.527,288,506,0
3932.631,297,504,2
3932.73,299,505,2
3932.832,290,505,0
3932.929,291,505,3
3933.031,290,505,2
3933.128,295,507,0
3933.229,301,506,3
3933.329,296,508,0
3933.429,300,509,2
3933.529,297,506,4
3933.63,304,506,2
3933.729,292,508,0
3933.83,301,507,2
3933.93,294,506,1
3934.03,294,505,1
3934.129,288,508,0
3934.229,294,507,5
3934.33,295,507,1
3934.43,292,506,4
3934.529,307,502,4
3934.63,299,503,0
3934.73,294,497,8
3934.828,296,501,0
3934.93,295,501,2
3935.029,290,501,2
3935.129,289,503,2
3935.23,297,503,1
3935.329,299,501,3
3935.429,290,503,0
3935.53,296,501,2
3935.63,298,501,0
3935.729,304,500,1
3935.829,299,498,3
3935.93,298,499,2
3936.029,299,501,0
3936.13,301,502,1
3936.23,305,501,1
3936.329,299,503,0
3936.429,291,504,2
3936.528,296,503,3
3936.629,294,504,1
3936.729,298,504,1
3936.829,286,504,0
3936.929,301,504,0
3937.029,298,506,1
3937.129,293,507,0
3937.229,286,504,3
3937.329,302,501,5
3937.429,302,499,2
3937.529,289,498,1
3937.63,300,498,1
3937.729,296,498,2
3937.83,302,494,4
3937.93,300,494,0
3938.03,295,493,2
3938.128,302,494,0
3938.228,290,493,1
3938.331,299,494,2
3938.43,304,497,0
3938.53,302,499,0
3938.63,291,499,1
3938.732,296,500,2
3938.83,287,501,0
3938.929,292,503,0
3939.029,295,504,2
3939.129,294,502,2
3939.23,289,502,1
3939.33,304,503,1
3939.43,289,499,4
3939.529,300,497,4
3939.629,304,498,0
3939.729,297,499,1
3939.83,288,494,6
3939.931,289,496,0
3940.031,294,494,3
3940.132,296,493,1
3940.231,290,496,0
3940.33,292,494,3
3940.429,299,497,0
3940.53,301,496,3
3940.631,288,494,4
3940.731,292,494,3
3940.831,288,493,2
3940.93,304,495,0
3941.032,309,494,2
3941.131,302,495,0
3941.231,295,494,1
3941.33,295,495,0
3941.431,290,489,6
3941.531,296,490,2
3941.631,298,490,1
3941.731,293,494,0
3941.831,302,495,2
3941.93,298,496,1
3942.03,293,496,0
3942.13,294,495,2
3942.232,290,496,0
3942.332,290,499,0
3942.431,280,499,1
3942.531,290,498,1
3942.631,285,496,2
3942.73,307,498,1
3942.831,296,498,2
3942.93,303,499,0
3943.03,299,500,1
3943.13,292,500,3
3943.229,299,502,1
3943.331,289,501,2
3943.431,300,499,3
3943.53,302,500,0
3943.63,295,500,1
3943.729,297,500,1
3943.829,301,498,5
3943.93,292,499,1
3944.03,295,499,2
3944.131,292,501,0
3944.23,295,503,0
3944.331,303,501,4
3944.431,295,502,0
3944.531,293,503,0
3944.63,290,500,4
3944.73,304,502,1
3944.831,293,498,4
3944.929,290,500,2
3945.031,284,498,4
3945.131,299,497,2
3945.23,297,498,0
3945.33,292,500,0
3945.43,300,502,2
3945.531,300,502,0
3945.63,290,504,0
3945.73,303,504,2
3945.831,294,503,2
3945.931,305,504,1
3946.03,295,506,0
3946.131,294,504,4
3946.23,300,504,2
3946.33,303,506,0
3946.43,301,505,1
3946.531,293,502,5
3946.631,294,502,1
3946.731,303,503,0
3946.83,287,503,0
3946.93,298,506,0
3947.03,301,507,0
3947.13,291,505,2
3947.231,297,504,2
3947.33,300,504,0
3947.431,298,506,2
3947.532,296,505,2
3947.63,299,505,0
3947.732,297,501,5
3947.831,291,503,0
3947.931,300,500,6
3948.032,300,500,2
3948.131,286,503,0
3948.231,289,502,1
3948.332,295,501,2
3948.431,297,500,5
3948.531,290,501,0
3948.632,287,500,2
3948.73,289,500,0
3948.832,287,500,1
3948.93,306,501,0
3949.031,296,497,4
3949.131,288,498,0
3949.231,290,495,4
3949.335,291,496,1
3949.434,289,495,1
3949.534,294,495,1
3949.633,293,496,1
3949.733,296,491,5
3949.834,297,488,4
3949.933,300,487,2
3950.033,291,487,2
3950.133,296,488,1
3950.233,299,488,4
3950.332,295,490,1
3950.434,298,491,1
3950.533,298,491,1
3950.633,302,492,0
3950.734,299,492,1
3950.834,304,491,2
3950.933,299,491,2
3951.033,295,492,1
3951.133,304,492,1
3951.233,302,494,0
3951.332,300,494,0
3951.432,295,492,3
3951.532,299,495,0
3951.634,297,498,0
3951.733,294,499,0
3951.835,298,499,1
3951.934,303,501,0
3952.034,295,503,1
3952.133,294,504,0
3952.234,299,504,1
3952.333,300,506,0
3952.434,284,506,1
3952.534,304,511,0
3952.634,295,509,4
3952.735,292,508,2
3952.834,299,509,0
3952.934,292,508,3
3953.034,291,507,2
3953.134,295,505,3
3953.234,300,506,1
3953.333,294,508,1
3953.434,292,508,0
3953.534,295,505,3
3953.634,303,505,2
3953.733,286,506,0
3953.833,297,507,1
3953.933,296,507,1
3954.035,290,504,4
3954.134,290,503,4
3954.233,294,505,0
3954.334,297,499,6
3954.433,288,498,1
3954.533,294,496,5
3954.636,297,497,2
3954.734,294,497,2
3954.835,294,498,0
3954.933,300,496,2
3955.034,294,495,1
3955.134,297,493,3
3955.236,296,495,2
3955.334,299,496,1
3955.434,294,497,0
3955.533,296,500,0
3955.634,292,497,5
3955.734,301,497,1
3955.834,305,500,1
3955.934,296,501,0
3956.035,294,501,1
3956.134,300,502,0
3956.234,304,502,1
3956.334,296,498,6
3956.434,298,500,0
3956.534,302,505,0
3956.634,291,506,0
3956.735,301,504,3
3956.834,302,508,0
3956.934,287,509,1
3957.035,302,511,0
3957.134,287,511,1
3957.235,289,508,4
3957.334,296,508,0
3957.435,295,508,2
3957.535,300,508,1
3957.634,294,510,0
3957.733,292,508,3
3957.835,308,507,4
3957.934,293,508,0
3958.035,289,509,0
3958.134,301,509,0
3958.234,291,508,2
3958.335,292,504,5
3958.434,287,504,0
3958.535,301,503,4
3958.635,297,505,0
3958.734,293,507,0
3958.835,303,508,5
3958.935,297,507,1
3959.034,295,508,0
3959.133,296,512,0
3959.235,295,511,4
3959.334,295,514,0
3959.435,298,516,1
3959.534,293,516,0
3959.634,292,511,5
3959.734,296,511,1
3959.838,294,509,2
3959.934,296,510,0
3960.035,296,511,1
3960.134,295,506,5
3960.234,295,507,1
3960.333,297,506,2
3960.434,285,506,1
3960.534,301,505,2
3960.634,300,505,1
3960.734,288,504,3
3960.834,291,506,0
3960.934,294,503,4
3961.035,296,501,3
3961.135,296,500,4
3961.235,279,501,1
3961.335,300,503,0
3961.435,293,502,1
3961.535,298,502,0
3961.634,311,498,5
3961.734,299,496,2
3961.835,300,493,4
3961.934,294,488,5
3962.034,300,489,2
3962.134,291,489,1
3962.234,291,489,0
3962.334,297,487,2
3962.436,292,483,5
3962.534,282,486,0
3962.634,299,487,0
3962.735,299,487,3
3962.834,299,491,0
3962.934,297,492,2
3963.036,297,491,2
3963.135,297,488,4
3963.234,296,492,0
3963.334,296,493,3
3963.433,287,495,0
3963.535,286,495,2
3963.634,301,498,0
3963.735,302,492,6
3963.835,297,493,2
3963.934,285,497,0
3964.034,293,497,1
3964.135,289,499,1
3964.235,297,499,2
3964.334,287,498,2
3964.434,291,499,1
3964.534,297,499,1
3964.635,295,497,4
3964.734,312,501,0
3964.835,294,503,0
3964.934,298,501,3
3965.035,292,501,1
3965.134,292,503,0
3965.234,300,504,1
3965.334,306,506,0
3965.434,304,505,1
3965.534,292,504,3
3965.635,301,505,1
3965.734,293,506,0
3965.834,305,509,0
3965.935,307,511,1
3966.035,295,513,0
3966.135,304,511,2
3966.234,289,513,1
3966.335,296,510,5
3966.433,292,511,0
3966.535,299,513,1
3966.635,295,511,5
3966.734,302,513,0
3966.834,300,514,1
3966.935,303,515,1
3967.034,294,518,0
3967.134,298,518,1
3967.234,294,518,1
3967.334,307,515,4
3967.435,300,512,4
3967.534,304,514,0
3967.634,302,513,2
3967.734,301,511,2
3967.835,301,509,4
3967.935,282,503,7
3968.034,293,503,0
3968.134,295,502,2
3968.235,301,498,5
3968.334,302,498,0
3968.434,287,497,1
3968.535,289,493,5
3968.635,292,496,0
3968.734,298,497,2
3968.835,307,495,2
3968.934,292,497,0
3969.034,292,496,1
3969.134,291,496,2
3969.236,298,496,3
3969.334,285,499,0
3969.435,290,497,3
3969.533,310,498,0
3969.635,290,495,4
3969.734,281,493,4
3969.835,298,490,5
3969.934,292,492,0
3970.035,296,490,3
3970.134,294,492,0
3970.235,305,490,4
3970.334,288,491,0
3970.435,293,490,2
3970.535,297,488,5
3970.635,301,492,0
3970.734,295,499,0
3970.834,303,501,0
3970.935,301,503,1
3971.034,293,502,1
3971.134,293,504,1
3971.235,298,506,1
3971.334,316,508,0
3971.435,297,506,2
3971.534,284,507,0
3971.635,309,508,1
3971.734,296,508,2
3971.835,304,509,2
3971.934,303,510,1
3972.035,298,509,2
3972.134,289,509,0
3972.236,302,509,3
3972.335,305,508,4
3972.434,302,508,0
3972.534,297,506,2
3972.633,286,508,0
3972.735,297,507,3
3972.833,290,508,0
3972.934,292,508,3
3973.033,289,506,3
3973.134,299,506,2
3973.233,302,507,1
3973.334,291,506,4
3973.434,290,508,0
3973.534,298,510,1
3973.635,300,509,1
3973.733,287,509,2
3973.835,295,502,7
3973.934,295,504,0
3974.036,304,501,4
3974.134,300,502,0
3974.235,287,502,2
3974.334,297,502,2
3974.435,299,500,3
3974.535,302,499,2
3974.635,296,501,0
3974.735,294,497,4
3974.834,286,497,0
3974.934,294,496,3
3975.035,306,494,3
3975.135,294,494,2
3975.235,298,497,0
3975.335,300,497,3
3975.435,284,495,5
3975.536,302,498,0
3975.636,289,496,3
3975.736,291,498,2
3975.837,299,500,0
3975.936,302,499,3
3976.036,301,501,1
3976.135,290,499,2
3976.235,306,498,1
3976.335,302,499,2
3976.435,302,505,0
3976.536,288,502,3
3976.636,298,503,0
3976.735,300,503,1
3976.836,295,504,1
3976.936,295,504,2
3977.036,299,505,0
3977.135,302,505,3
3977.236,300,504,1
3977.336,293,501,3
3977.435,288,501,0
3977.536,291,497,5
3977.636,292,499,0
3977.735,300,501,0
3977.835,296,505,1
3977.935,290,504,1
3978.035,290,506,0
3978.135,301,506,1
3978.236,292,506,1
3978.336,300,504,3
3978.435,299,504,0
3978.535,304,503,2
3978.635,293,501,2
3978.734,292,501,2
3978.838,296,501,2
3978.936,292,502,0
3979.037,288,500,3
3979.136,305,502,1
3979.237,292,502,1
3979.336,300,501,3
3979.436,287,499,4
3979.536,293,500,0
3979.636,298,503,1
3979.736,298,502,5
3979.837,291,504,0
3979.936,300,506,0
3980.036,302,503,3
3980.136,309,500,6
3980.237,286,502,1
3980.336,295,502,0
3980.437,296,498,4
3980.536,296,500,0
3980.636,295,502,0
3980.737,299,501,3
3980.837,299,502,2
3980.936,298,505,0
3981.037,297,506,1
3981.136,299,506,2
3981.236,293,506,0
3981.337,299,505,1
3981.436,298,503,4
3981.536,291,505,1
3981.637,290,504,1
3981.736,294,503,1
3981.837,299,506,0
3981.936,294,509,2
3982.034,297,511,1
3982.136,290,510,2
3982.236,295,510,1
3982.337,294,504,6
3982.436,291,505,0
3982.537,287,499,6
3982.635,289,503,0
3982.736,299,501,3
3982.836,304,497,4
3982.936,302,499,2
3983.036,299,501,2
3983.136,295,500,2
3983.239,296,495,7
3983.335,309,497,0
3983.437,291,500,0
3983.536,295,500,2
3983.635,302,500,2
3983.737,296,501,2
3983.836,297,502,0
3983.936,304,503,1
3984.035,299,500,3
3984.135,288,498,2
3984.237,300,497,2
3984.337,298,500,0
3984.437,304,501,1
3984.537,300,504,0
3984.637,287,506,0
3984.736,299,505,2
3984.836,303,507,0
3984.936,297,507,2
3985.036,293,503,7
3985.136,290,503,0
3985.236,290,505,1
3985.337,299,509,0
3985.436,299,510,0
3985.536,294,510,2
3985.637,296,508,4
3985.737,302,510,0
3985.837,288,511,1
3985.936,293,512,0
3986.036,297,513,1
3986.137,302,510,5
3986.236,301,510,0
3986.336,285,506,4
3986.436,300,510,0
3986.537,291,510,2
3986.638,291,509,3
3986.736,290,509,0
3986.837,306,509,3
3986.937,291,504,6
3987.039,303,509,1
3987.138,296,508,2
3987.239,304,508,2
3987.339,293,507,1
3987.438,303,506,2
3987.538,289,504,2
3987.638,296,504,2
3987.738,300,502,3
3987.838,298,499,4
3987.937,292,501,1
3988.038,302,499,3
3988.139,286,499,1
3988.237,290,497,2
3988.339,300,494,5
3988.439,292,493,2
3988.539,288,492,2
3988.64,285,492,3
3988.74,298,492,1
3988.841,297,493,2
3988.94,300,493,1
3989.041,297,494,1
3989.14,299,496,3
3989.24,299,496,0
3989.34,285,496,0
3989.44,298,493,5
3989.539,294,493,1
3989.641,299,494,1
3989.74,296,495,0
3989.84,286,491,5
3989.94,304,491,1
3990.04,302,489,3
3990.141,293,489,0
3990.239,301,490,0
3990.341,301,490,2
3990.441,294,491,1
3990.541,297,493,0
3990.642,285,492,1
3990.741,296,492,2
3990.841,297,493,1
3990.941,291,495,2
3991.041,293,494,2
3991.141,285,494,1
3991.243,298,496,2
3991.344,306,498,0
3991.443,306,496,3
3991.542,299,497,2
3991.643,296,497,1
3991.741,294,498,2
3991.842,299,499,1
3991.94,298,502,0
3992.043,296,499,3
3992.142,297,496,4
3992.242,296,496,0
3992.342,302,497,0
3992.442,296,496,1
3992.542,300,497,1
3992.643,287,495,3
3992.741,299,494,2
3992.843,295,494,1
3992.942,302,494,1
3993.043,303,494,2
3993.142,285,497,1
3993.244,301,497,1
3993.341,299,502,0
3993.442,296,503,3
3993.541,304,506,0
3993.641,298,505,2
3993.743,298,500,6
3993.842,288,500,2
3993.941,286,501,0
3994.044,290,499,3
3994.143,303,500,1
3994.243,292,502,0
3994.342,298,498,4
3994.442,288,497,1
3994.542,298,497,2
3994.642,296,497,2
3994.741,307,497,1
3994.844,289,494,3
3994.943,294,495,2
3995.044,296,498,1
3995.143,290,498,0
3995.245,299,502,0
3995.344,291,501,3
3995.444,296,501,0
3995.544,296,500,2
3995.644,305,502,2
3995.743,304,502,1
3995.844,302,503,3
3995.943,293,504,0
3996.044,294,504,1
3996.144,290,501,3
3996.242,295,501,0
3996.344,288,496,6
3996.443,301,498,2
3996.543,293,495,3
3996.645,291,497,0
3996.743,297,499,0
3996.844,300,496,4
3996.944,293,496,2
3997.044,290,498,0
3997.143,296,500,0
3997.243,287,498,2
3997.342,301,498,1
3997.443,295,498,0
3997.544,293,497,2
3997.642,301,498,0
3997.743,300,500,0
3997.844,305,502,0
3997.943,298,507,0
3998.042,295,509,0
3998.143,295,507,2
3998.243,284,507,0
3998.343,293,506,2
3998.444,303,507,1
3998.542,292,504,3
3998.645,301,502,4
3998.744,299,505,0
3998.843,297,506,0
3998.944,298,501,5
3999.044,304,504,0
3999.143,304,502,3
3999.244,284,503,1
3999.341,306,506,0
3999.444,295,502,8
3999.544,301,504,0
3999.643,296,504,0
3999.743,306,503,2
3999.843,304,501,2
3999.944,303,500,2
4000.044,301,499,2
4000.144,292,497,3
4000.244,299,502,0
4000.343,296,501,2
4000.443,279,502,0
4000.543,303,507,0
4000.643,296,506,2
4000.744,296,505,2
4000.844,299,506,0
4000.943,284,507,1
4001.044,306,502,5
4001.143,309,506,0
4001.243,293,509,0
4001.343,297,511,0
4001.443,290,507,4
4001.544,284,506,2
4001.645,297,507,0
4001.744,293,503,4
4001.844,296,496,7
4001.943,297,497,0
4002.044,292,496,1
4002.143,291,497,1
4002.244,295,495,2
4002.343,300,494,3
4002.443,311,496,0
4002.543,293,494,2
4002.644,305,491,4
4002.745,293,490,3
4002.844,291,491,1
4002.944,309,493,0
4003.044,290,494,1
4003.143,298,493,1
4003.244,298,491,2
4003.343,296,490,1
4003.444,292,492,1
4003.543,294,495,0
4003.644,297,494,4
4003.744,294,497,0
4003.844,294,500,2
4003.944,302,498,4
4004.042,302,507,0
4004.142,298,503,5
4004.243,289,500,3
4004.341,296,498,2
4004.443,294,495,3
4004.544,302,496,0
4004.643,298,496,0
4004.742,298,495,3
4004.843,289,495,1
4004.943,287,493,2
4005.044,302,492,1
4005.144,299,494,0
4005.242,301,497,0
4005.344,294,498,1
4005.443,294,501,0
4005.544,302,500,2
4005.643,304,502,0
4005.744,298,501,2
4005.845,293,498,3
4005.944,305,500,0
4006.043,297,501,0
4006.144,301,502,1
4006.244,292,504,0
4006.344,302,504,1
4006.444,297,504,0
4006.543,295,502,3
4006.643,305,502,1
4006.744,288,502,1
4006.843,290,500,6
4006.943,298,495,6
4007.045,294,492,5
4007.143,293,494,0
4007.243,295,496,0
4007.343,302,496,1
4007.443,296,497,0
4007.543,298,498,0
4007.642,300,496,2
4007.743,299,495,2
4007.843,306,497,0
4007.944,290,499,0
4008.045,303,503,1
4008.144,293,505,0
4008.244,299,502,3
4008.342,296,504,0
4008.444,299,502,3
4008.544,304,504,0
4008.645,301,502,4
4008.744,295,502,0
4008.843,296,500,2
4008.944,292,504,0
4009.043,293,506,0
4009.144,294,506,0
4009.244,302,505,4
4009.343,287,504,2
4009.443,303,506,1
4009.544,302,505,4
4009.642,296,508,0
4009.744,291,508,0
4009.842,290,511,0
4009.942,302,509,2
4010.043,304,508,2
4010.144,293,507,2
4010.244,292,507,0
4010.342,290,508,0
4010.443,298,507,2
4010.543,291,507,1
4010.644,300,506,2
4010.744,295,505,1
4010.843,294,505,0
4010.943,299,504,3
4011.042,294,501,3
4011.143,290,497,6
4011.244,296,497,1
4011.344,297,496,3
4011.444,296,498,0
4011.543,290,497,1
4011.644,306,497,3
4011.745,293,496,2
4011.845,297,495,1
4011.943,309,497,0
4012.044,290,494,6
4012.143,300,496,0
4012.244,300,494,2
4012.342,292,493,3
4012.445,293,492,3
4012.543,295,493,0
4012.644,298,490,5
4012.743,298,492,0
4012.843,298,492,1
4012.943,295,492,0
4013.044,293,493,1
4013.143,296,495,0
4013.244,293,493,4
4013.343,291,488,7
4013.445,294,489,0
4013.544,299,490,0
4013.645,297,491,1
4013.744,293,491,0
4013.843,299,493,0
4013.943,297,492,2
4014.044,297,488,5
4014.144,304,487,1
4014.245,297,490,1
4014.344,302,492,0
4014.444,299,491,3
4014.543,294,493,1
4014.643,294,493,1
4014.742,294,494,0
4014.843,288,493,1
4014.943,291,494,0
4015.045,299,493,4
4015.143,287,499,0
4015.245,289,497,2
4015.343,294,496,1
4015.443,299,499,0
4015.544,293,496,4
4015.643,301,497,0
4015.743,287,495,2
4015.843,298,493,4
4015.942,292,492,2
4016.043,297,494,1
4016.143,299,494,1
4016.243,296,494,1
4016.343,291,493,2
4016.443,304,493,2
4016.544,295,494,1
4016.644,305,492,3
4016.743,292,494,0
4016.842,294,495,0
4016.943,297,495,2
4017.042,298,496,0
4017.143,301,497,1
4017.244,290,500,1
4017.342,299,498,2
4017.443,292,498,2
4017.542,304,498,1
4017.643,299,496,2
4017.744,298,493,4
4017.842,313,502,0
4017.944,297,504,1
4018.044,294,506,0
4018.144,297,503,4
4018.244,295,504,0
4018.343,289,506,0
4018.443,293,505,2
4018.543,300,503,5
4018.643,295,504,2
4018.743,296,506,0
4018.843,300,508,1
4018.944,284,506,3
4019.045,296,507,2
4019.145,292,508,0
4019.244,298,505,3
4019.346,293,505,1
4019.446,287,507,1
4019.545,293,504,4
4019.644,291,506,0
4019.743,296,506,1
4019.844,294,508,1
4019.944,305,507,3
4020.044,293,506,2
4020.144,295,505,2
4020.244,289,505,0
4020.344,296,503,3
4020.444,285,502,2
4020.545,309,505,0
4020.644,299,503,2
4020.745,289,505,1
4020.845,303,500,7
4020.943,296,502,0
4021.045,296,501,5
4021.144,298,502,0
4021.245,295,501,2
4021.343,305,502,0
4021.445,289,500,3
4021.544,294,497,3
4021.644,298,496,4
4021.745,298,495,2
4021.845,296,494,1
4021.944,293,497,0
4022.045,299,496,2
4022.145,293,497,0
4022.244,295,497,2
4022.346,292,495,2
4022.446,298,498,2
4022.546,293,498,1
4022.646,296,496,4
4022.745,300,495,1
4022.846,297,493,4
4022.945,294,491,3
4023.045,298,493,1
4023.146,299,493,2
4023.243,300,494,0
4023.345,298,496,0
4023.446,300,495,1
4023.545,298,496,0
4023.646,301,497,2
4023.745,283,498,0
4023.846,304,498,2
4023.946,294,498,5
4024.046,296,497,2
4024.145,296,495,3
4024.245,295,495,0
4024.345,301,495,1
4024.446,298,495,2
4024.545,297,496,0
4024.645,301,494,5
4024.745,299,495,0
4024.845,301,496,1
4024.945,294,496,2
4025.045,298,498,0
4025.144,295,498,1
4025.244,304,503,0
4025.345,298,501,2
4025.445,306,501,1
4025.545,300,499,2
4025.646,293,497,2
4025.745,298,499,2
4025.846,297,499,1
4025.946,295,498,2
4026.047,304,500,0
4026.145,299,503,0
4026.245,290,500,3
4026.345,300,500,0
4026.446,295,498,2
4026.545,293,497,1
4026.647,298,496,2
4026.746,292,494,2
4026.846,300,495,0
4026.946,281,495,2
4027.047,293,493,2
4027.147,278,493,1
4027.247,305,493,1
4027.346,295,494,1
4027.447,298,496,2
4027.546,293,497,1
4027.647,293,496,2
4027.746,296,495,1
4027.847,308,495,1
4027.947,300,497,0
4028.046,288,499,0
4028.146,297,500,1
4028.247,292,496,5
4028.346,286,497,2
4028.445,290,498,0
4028.547,296,495,4
4028.647,292,495,2
4028.747,293,490,5
4028.847,296,489,2
4028.946,301,491,0
4029.047,283,490,3
4029.15,296,489,4
4029.247,290,489,1
4029.347,299,492,0
4029.446,286,493,0
4029.547,306,496,0
4029.647,298,498,0
4029.746,298,499,1
4029.847,293,500,2
4029.947,300,501,0
4030.045,293,504,0
4030.145,290,504,0
4030.247,293,504,1
4030.346,295,505,2
4030.448,303,502,5
4030.547,295,501,3
4030.649,300,501,3
4030.748,293,503,1
4030.849,291,503,1
4030.95,294,500,3
4031.047,288,500,1
4031.147,305,500,3
4031.248,286,501,1
4031.347,301,501,2
4031.447,309,505,1
4031.547,295,505,0
4031.647,299,505,1
4031.746,296,505,1
4031.848,292,503,3
4031.949,294,505,1
4032.047,306,511,0
4032.148,288,508,4
4032.247,299,506,3
4032.347,288,508,0
4032.447,297,508,3
4032.546,296,509,0
4032.649,307,505,5
4032.747,297,508,0
4032.847,294,508,0
4032.947,292,509,2
4033.047,288,504,6
4033.147,294,503,1
4033.248,295,504,0
4033.347,295,502,3
4033.447,294,503,0
4033.546,301,504,1
4033.647,286,503,2
4033.747,300,505,4
4033.847,301,510,0
4033.947,292,510,1
4034.047,300,510,2
4034.147,300,511,1
4034.247,283,510,2
4034.348,300,511,1
4034.448,300,510,4
4034.547,303,511,0
4034.647,298,512,1
4034.748,292,510,2
4034.848,292,511,0
4034.946,308,512,2
4035.048,303,507,7
4035.149,296,508,1
4035.249,299,507,2
4035.346,308,511,0
4035.448,299,509,3
4035.547,288,509,2
4035.645,288,509,0
4035.747,294,511,1
4035.846,295,507,4
4035.949,297,504,4
4036.049,301,506,1
4036.148,284,506,2
4036.248,306,506,0
4036.347,288,505,3
4036.448,303,506,1
4036.548,297,508,1
4036.647,300,511,0
4036.747,287,514,0
4036.848,289,508,7
4036.948,295,507,2
4037.049,300,507,3
4037.146,287,508,0
4037.249,295,506,3
4037.347,289,508,0
4037.447,293,508,2
4037.548,299,507,2
4037.647,305,510,0
4037.747,293,509,3
4037.847,294,511,1
4037.949,296,506,5
4038.049,303,506,1
4038.147,296,507,0
4038.248,295,507,3
4038.348,299,498,9
4038.447,298,500,0
4038.548,290,501,1
4038.649,296,501,2
4038.746,299,505,0
4038.847,305,506,1
4038.947,303,509,0
4039.048,299,510,1
4039.147,297,510,3
4039.247,294,509,1
4039.348,290,510,1
4039.449,300,511,0
4039.548,295,511,0
4039.648,288,512,2
4039.746,299,513,0
4039.849,298,510,4
4039.948,293,511,0
4040.047,298,512,1
4040.146,291,510,2
4040.249,293,507,3
4040.348,300,504,5
4040.448,303,509,1
4040.549,298,508,3
4040.647,296,511,0
4040.748,301,507,5
4040.847,291,508,0
4040.948,298,508,1
4041.048,300,505,3
4041.148,286,501,4
4041.249,300,498,4
4041.348,298,499,0
4041.449,298,497,5
4041.547,283,499,0
4041.648,299,502,2
4041.747,302,501,5
4041.847,291,502,0
4041.947,293,503,2
4042.048,288,503,1
4042.147,287,499,5
4042.248,296,496,5
4042.347,296,499,0
4042.448,295,496,3
4042.547,309,498,0
4042.648,293,497,2
4042.747,305,494,5
4042.848,308,496,0
4042.947,302,495,1
4043.05,298,498,2
4043.148,295,498,0
4043.248,302,500,0
4043.348,290,499,1
4043.449,305,492,7
4043.548,296,492,0
4043.648,290,490,4
4043.748,296,494,0
4043.85,298,495,3
4043.948,298,497,0
4044.049,291,492,5
4044.148,291,495,0
4044.248,305,497,0
4044.349,291,495,3
4044.448,298,497,0
4044.548,304,496,3
4044.649,293,492,6
4044.748,303,493,3
4044.848,292,492,1
4044.949,301,492,2
4045.048,290,496,0
4045.149,294,495,4
4045.248,294,497,0
4045.348,311,494,5
4045.448,295,496,0
4045.548,297,497,1
4045.649,296,498,1
4045.748,304,499,2
4045.848,288,502,0
4045.949,297,502,0
4046.048,295,502,0
4046.148,296,501,2
4046.248,297,504,0
4046.348,302,506,2
4046.448,283,504,2
4046.549,297,502,3
4046.648,292,502,0
4046.748,298,501,2
4046.849,295,498,3
4046.948,309,498,1
4047.048,291,501,0
4047.149,292,499,4
4047.249,295,500,0
4047.35,294,501,1
4047.449,290,497,4
4047.55,300,498,1
4047.65,289,501,0
4047.749,289,504,1
4047.849,289,503,2
4047.949,288,504,0
4048.049,300,499,7
4048.149,291,501,0
4048.249,296,499,4
4048.349,302,497,3
4048.45,303,498,2
4048.549,300,500,1
4048.649,295,501,0
4048.75,298,497,5
4048.849,297,494,3
4048.95,298,494,1
4049.049,290,493,1
4049.149,289,492,2
4049.25,294,493,1
4049.349,293,493,3
4049.449,298,494,0
4049.55,295,493,1
4049.649,302,497,0
4049.749,294,495,2
4049.851,299,499,1
4049.95,291,499,2
4050.049,303,502,4
4050.15,295,501,1
4050.249,294,503,0
4050.349,287,505,0
4050.45,290,504,1
4050.549,298,506,0
4050.65,306,508,4
4050.749,298,504,4
4050.849,295,505,0
4050.95,299,506,1
4051.05,293,505,2
4051.148,300,507,0
4051.249,303,506,2
4051.348,299,505,3
4051.449,303,505,2
4051.549,292,499,6
4051.649,295,500,0
4051.749,303,501,1
4051.849,298,500,2
4051.95,298,501,1
4052.048,291,500,2
4052.15,298,501,1
4052.25,290,502,0
4052.349,298,501,3
4052.449,289,500,2
4052.549,300,503,0
4052.649,295,505,0
4052.749,295,503,2
4052.85,297,504,2
4052.949,302,501,3
4053.051,296,496,7
4053.149,295,498,0
4053.251,294,497,2
4053.349,299,498,0
4053.45,286,498,4
4053.549,299,502,1
4053.65,289,500,2
4053.749,299,497,4
4053.851,301,497,1
4053.95,296,498,0
4054.049,293,497,1
4054.149,302,493,6
4054.25,293,491,4
4054.349,302,491,1
4054.449,286,491,0
4054.55,302,488,5
4054.649,302,492,0
4054.749,297,493,0
4054.849,300,493,1
4054.949,300,492,2
4055.049,301,493,3
4055.149,303,495,0
4055.249,295,494,1
4055.352,285,492,3
4055.451,288,494,0
4055.551,300,493,3
4055.651,288,494,2
4055.751,300,495,0
4055.852,292,496,1
4055.95,304,498,0
4056.052,298,497,2
4056.152,299,495,3
4056.252,300,497,0
4056.35,294,497,2
4056.451,288,496,3
4056.551,299,494,2
4056.652,300,495,1
4056.751,300,497,0
4056.851,294,498,0
4056.951,292,497,3
4057.051,295,497,1
4057.151,296,495,4
4057.253,295,492,3
4057.351,293,492,1
4057.453,291,493,1
4057.55,297,493,0
4057.652,291,491,3
4057.75,295,492,1
4057.851,290,494,1
4057.951,298,495,0
4058.052,298,497,1
4058.152,291,499,1
4058.253,293,497,2
4058.351,297,497,0
4058.452,292,494,3
4058.552,290,490,4
4058.651,290,492,0
4058.752,300,490,3
4058.85,297,492,0
4058.952,297,489,4
4059.052,301,489,0
4059.152,291,491,1
4059.253,295,488,5
4059.352,291,487,3
4059.453,307,490,1
4059.552,300,492,0
4059.653,288,492,1
4059.753,298,491,1
4059.852,288,493,1
4059.952,307,492,2
4060.052,297,494,1
4060.15,297,497,0
4060.252,286,497,1
4060.351,297,494,4
4060.452,301,495,1
4060.551,289,496,2
4060.652,295,497,0
4060.753,298,495,5
4060.853,302,494,2
4060.952,307,493,2
4061.053,288,489,4
4061.153,297,487,4
4061.253,293,490,0
4061.353,300,489,4
4061.453,291,493,0
4061.553,291,497,0
4061.653,290,495,3
4061.752,283,498,0
4061.852,293,497,3
4061.952,296,498,0
4062.052,299,497,1
4062.151,294,499,0
4062.253,290,498,1
4062.352,290,498,1
4062.452,293,497,3
4062.552,301,495,3
4062.653,300,494,1
4062.753,301,498,1
4062.853,295,496,4
4062.952,300,499,0
4063.052,295,499,1
4063.153,294,497,5
4063.253,309,497,2
4063.352,291,497,0
4063.453,288,497,1
4063.552,298,496,2
4063.653,288,496,1
4063.752,297,498,0
4063.852,295,496,3
4063.952,298,499,1
4064.052,294,501,1
4064.153,291,502,0
4064.254,285,498,5
4064.353,298,501,0
4064.454,296,499,2
4064.553,292,501,0
4064.654,302,497,5
4064.754,303,500,1
4064.854,294,499,1
4064.953,296,499,2
4065.052,294,501,0
4065.153,294,501,1
4065.253,301,501,0
4065.353,302,499,2
4065.454,299,498,3
4065.552,286,498,0
4065.654,307,497,3
4065.753,288,501,0
4065.854,299,498,4
4065.953,296,495,5
4066.053,284,493,2
4066.153,301,496,0
4066.252,302,497,1
4066.354,296,497,3
4066.454,291,500,1
4066.553,293,501,1
4066.653,296,503,0
4066.753,298,498,5
4066.854,298,501,1
4066.953,303,502,0
4067.052,299,507,0
4067.153,285,505,3
4067.254,296,505,2
4067.353,308,507,1
4067.453,294,505,3
4067.553,292,505,1
4067.653,304,506,2
4067.753,289,508,0
4067.853,302,506,4
4067.957,309,504,3
4068.053,306,505,0
4068.153,303,507,0
4068.254,292,506,1
4068.352,294,507,0
4068.454,297,507,1
4068.553,294,508,1
4068.655,296,508,2
4068.755,295,508,1
4068.855,290,507,1
4068.953,298,510,0
4069.054,292,509,2
4069.153,296,512,0
4069.254,292,509,3
4069.353,295,509,0
4069.453,298,506,5
4069.553,305,507,4
4069.654,289,506,4
4069.753,293,509,0
4069.854,290,512,1
4069.953,286,510,2
4070.053,289,510,3
4070.154,306,509,2
4070.253,296,510,0
4070.355,294,506,5
4070.454,289,506,1
4070.554,287,505,1
4070.654,292,503,5
4070.754,298,503,1
4070.854,295,504,1
4070.954,284,506,0
4071.055,298,506,3
4071.156,299,503,3
4071.255,296,502,1
4071.356,299,502,1
4071.455,301,501,2
4071.554,296,500,3
4071.654,293,502,0
4071.755,292,502,3
4071.855,294,502,1
4071.955,289,501,3
4072.056,290,500,3
4072.155,293,495,5
4072.255,290,495,1
4072.355,292,497,1
4072.456,289,498,3
4072.555,297,495,6
4072.655,299,493,2
4072.755,281,494,1
4072.855,285,491,3
4072.957,307,493,1
4073.057,291,493,2
4073.156,283,495,2
4073.256,296,496,0
4073.357,300,499,3
4073.455,290,499,0
4073.555,295,499,1
4073.656,290,497,3
4073.754,295,501,0
4073.855,288,501,3
4073.955,303,502,1
4074.055,304,502,0
4074.156,289,503,0
4074.255,303,504,1
4074.355,296,502,2
4074.456,299,500,5
4074.556,290,499,2
4074.656,297,498,2
4074.756,291,499,1
4074.855,294,500,0
4074.955,296,498,2
4075.057,298,497,3
4075.156,293,497,0
4075.255,295,500,0
4075.355,311,499,2
4075.456,300,499,1
4075.555,294,497,2
4075.655,298,499,1
4075.755,281,498,2
4075.856,294,495,4
4075.956,298,497,0
4076.056,297,496,2
4076.155,299,497,2
4076.257,291,494,4
4076.355,298,496,0
4076.456,298,495,3
4076.555,302,496,0
4076.656,296,496,1
4076.755,288,495,2
4076.855,301,498,0
4076.955,299,498,2
4077.054,307,501,1
4077.155,295,501,1
4077.255,292,499,3
4077.355,300,502,2
4077.456,287,502,0
4077.555,290,500,2
4077.656,284,499,1
4077.755,294,497,2
4077.856,292,493,4
4077.956,288,493,1
4078.056,291,494,0
4078.156,300,498,0
4078.254,303,503,0
4078.355,300,501,2
4078.456,293,500,1
4078.555,297,500,1
4078.655,299,502,0
4078.756,304,499,4
4078.854,304,502,0
4078.956,299,502,2
4079.054,289,500,4
4079.155,299,502,0
4079.255,293,501,3
4079.354,302,499,2
4079.457,297,495,5
4079.555,288,495,0
4079.655,296,498,0
4079.755,296,501,0
4079.855,312,501,1
4079.955,297,502,1
4080.057,298,497,6
4080.155,296,498,0
4080.254,286,496,3
4080.355,293,497,0
4080.456,302,494,4
4080.555,287,493,1
4080.656,299,493,1
4080.756,297,494,1
4080.856,295,494,0
4080.956,303,496,0
4081.055,293,497,1
4081.156,305,496,1
4081.255,294,493,3
4081.355,299,496,0
4081.456,295,499,0
4081.555,298,500,0
4081.655,297,501,1
4081.755,291,499,3
4081.855,302,501,2
4081.955,293,504,0
4082.057,290,502,2
4082.154,288,502,0
4082.255,282,501,2
4082.354,288,501,1
4082.457,301,502,0
4082.556,297,498,4
4082.656,312,495,3
4082.757,302,493,3
4082.854,300,495,0
4082.957,288,492,5
4083.056,293,493,0
4083.156,291,492,2
4083.256,309,492,1
4083.356,296,490,2
4083.456,304,491,0
4083.556,286,487,5
4083.656,298,489,0
4083.756,300,489,1
4083.857,293,490,3
4083.956,302,491,0
4084.055,307,490,2
4084.156,292,490,1
4084.255,295,490,1
4084.356,295,489,3
4084.456,294,490,0
4084.556,299,489,2
4084.656,293,488,3
4084.756,295,489,0
4084.856,291,488,4
4084.956,298,486,2
4085.057,290,488,0
4085.156,291,487,4
4085.256,302,487,1
4085.356,292,489,1
4085.456,295,490,0
4085.556,295,492,1
4085.657,290,492,1
4085.757,288,492,0
4085.856,296,490,2
4085.957,290,493,0
4086.058,290,491,2
4086.156,301,492,0
4086.257,289,493,1
4086.357,294,494,0
4086.458,299,497,0
4086.558,295,497,2
4086.657,290,497,0
4086.757,298,496,2
4086.857,309,497,0
4086.957,300,496,3
4087.055,285,498,0
4087.157,302,498,1
4087.258,303,498,0
4087.358,294,500,1
4087.457,298,501,1
4087.557,286,499,2
4087.658,308,496,4
4087.758,296,494,3
4087.857,298,498,1
4087.957,295,501,2
4088.057,288,502,0
4088.157,291,501,5
4088.257,291,502,1
4088.357,302,503,0
4088.459,294,503,2
4088.557,297,505,0
4088.657,300,508,0
4088.758,294,511,1
4088.858,306,510,2
4088.957,294,513,0
4089.057,278,510,3
4089.157,299,514,0
4089.258,297,515,1
4089.357,295,517,0
4089.457,297,514,3
4089.557,288,511,3
4089.658,299,510,3
4089.757,284,512,0
4089.857,297,510,2
4089.957,300,509,1
4090.058,302,506,3
4090.157,303,509,0
4090.257,294,509,0
4090.357,293,510,0
4090.457,309,509,2
4090.557,305,507,4
4090.657,294,505,2
4090.756,289,504,3
4090.856,294,506,3
4090.957,298,506,4
4091.057,301,506,1
4091.158,286,504,4
4091.258,294,502,4
4091.357,288,502,0
4091.457,298,502,1
4091.557,287,502,1
4091.658,292,497,6
4091.757,299,499,0
4091.857,292,497,2
4091.957,294,495,2
4092.057,304,495,1
4092.157,302,497,0
4092.258,289,495,2
4092.357,289,493,3
4092.457,292,494,1
4092.559,298,494,2
4092.659,287,495,0
4092.757,298,499,0
4092.857,281,499,3
4092.956,293,497,2
4093.057,302,497,2
4093.158,296,494,4
4093.257,301,498,0
4093.357,297,501,0
4093.458,302,499,2
4093.557,294,500,0
4093.658,294,498,4
4093.757,296,495,3
4093.858,293,494,2
4093.959,304,495,2
4094.058,291,494,1
4094.158,296,494,0
4094.259,302,492,4
4094.358,297,492,1
4094.459,294,494,2
4094.558,300,494,1
4094.657,306,497,0
4094.758,289,496,1
4094.859,300,497,0
4094.958,300,498,0
4095.059,304,501,2
4095.159,300,501,2
4095.258,296,503,0
4095.358,298,502,2
4095.459,290,504,0
4095.56,296,505,2
4095.657,295,508,0
4095.757,291,506,3
4095.859,304,502,4
4095.957,301,506,0
4096.06,305,504,2
4096.16,294,506,1
4096.259,297,504,3
4096.359,302,501,5
4096.461,299,501,0
4096.559,301,502,1
4096.66,291,501,3
4096.759,300,503,1
4096.858,301,504,0
4096.958,294,504,0
4097.058,298,505,1
4097.158,299,505,2
4097.259,291,505,0
4097.363,293,505,1
4097.464,296,503,3
4097.563,296,503,1
4097.662,295,502,1
4097.763,292,503,1
4097.863,291,501,2
4097.963,292,501,1
4098.062,296,499,4
4098.163,295,500,2
4098.262,298,501,1
4098.364,285,501,1
4098.465,295,504,3
4098.563,297,502,3
4098.664,300,502,1
4098.763,298,505,0
4098.862,295,501,4
4098.962,295,499,3
4099.063,299,498,2
4099.163,297,497,2
4099.264,294,500,0
4099.363,293,500,2
4099.464,295,504,0
4099.563,302,501,3
4099.664,292,500,2
4099.763,302,500,1
4099.864,292,500,2
4099.964,297,506,0
4100.064,291,505,1
4100.164,295,504,3
4100.263,304,507,0
4100.363,289,509,0
4100.464,292,508,1
4100.563,300,509,0
4100.663,298,508,3
4100.764,310,507,2
4100.864,295,508,0
4100.964,289,509,1
4101.064,292,507,3
4101.164,300,505,3
4101.263,295,505,3
4101.364,292,510,0
4101.463,303,511,1
4101.563,310,508,4
4101.662,306,508,2
4101.764,302,505,4
4101.863,294,508,1
4101.964,291,509,1
4102.063,298,510,0
4102.163,297,509,1
4102.263,298,508,1
4102.363,293,509,1
4102.463,293,509,1
4102.562,295,506,3
4102.663,299,505,1
4102.764,293,505,1
4102.865,295,505,2
4102.962,302,506,0
4103.064,297,501,5
4103.165,295,500,1
4103.263,302,501,0
4103.364,301,500,3
4103.465,291,501,0
4103.564,305,500,1
4103.665,306,500,1
4103.765,306,501,1
4103.865,300,506,0
4103.965,291,504,3
4104.065,288,504,0
4104.164,298,506,0
4104.266,295,504,5
4104.364,287,508,0
4104.464,298,503,7
4104.565,298,501,3
4104.664,298,501,0
4104.765,308,500,3
4104.866,295,499,2
4104.965,302,499,3
4105.065,296,498,3
4105.164,291,497,2
4105.265,289,497,0
4105.363,294,500,0
4105.464,308,499,3
4105.565,298,502,1
4105.664,292,502,0
4105.764,293,504,0
4105.864,302,505,1
4105.965,291,505,1
4106.065,297,503,3
4106.164,289,503,0
4106.265,288,501,5
4106.365,302,502,2
4106.464,295,504,0
4106.566,300,505,1
4106.664,292,507,0
4106.765,292,506,3
4106.864,292,506,4
4106.964,293,506,4
4107.064,296,503,5
4107.164,296,505,0
4107.265,289,504,1
4107.365,305,503,4
4107.465,297,503,2
4107.565,298,507,0
4107.664,297,507,2
4107.765,286,506,2
4107.867,294,499,8
4107.966,294,498,3
4108.066,290,499,0
4108.164,308,501,0
4108.265,289,501,0
4108.366,292,501,2
4108.467,296,500,4
4108.565,292,501,0
4108.664,303,502,3
4108.765,293,502,1
4108.866,296,503,0
4108.965,291,503,0
4109.065,293,502,2
4109.166,292,501,2
4109.265,300,504,0
4109.366,301,496,8
4109.465,295,501,0
4109.565,302,504,0
4109.666,285,497,7
4109.765,304,500,0
4109.865,297,498,5
4109.964,292,499,0
4110.065,297,496,4
4110.165,301,494,3
4110.267,296,499,0
4110.365,300,502,0
4110.465,301,497,7
4110.566,292,496,3
4110.665,299,495,2
4110.765,300,499,0
4110.865,296,502,0
4110.965,294,501,1
4111.064,297,502,1
4111.165,287,500,3
4111.266,303,502,0
4111.365,308,505,0
4111.467,283,505,2
4111.565,293,507,1
4111.667,293,506,3
4111.765,286,507,0
4111.866,291,507,1
4111.965,295,507,1
4112.066,287,503,5
4112.166,298,506,0
4112.267,291,504,3
4112.366,297,507,0
4112.467,302,506,3
4112.565,288,506,0
4112.665,297,504,2
4112.764,294,503,1
4112.866,304,503,2
4112.966,291,504,1
4113.067,295,506,0
4113.165,299,507,0
4113.266,294,508,1
4113.365,301,506,3
4113.465,298,506,1
4113.565,296,505,1
4113.666,294,507,0
4113.766,306,506,2
4113.866,305,504,3
4113.966,288,503,1
4114.066,306,503,2
4114.166,295,502,3
4114.265,294,503,0
4114.366,294,501,4
4114.465,297,502,0
4114.565,287,503,1
4114.666,294,502,1
4114.765,299,502,3
4114.866,297,499,4
4114.965,292,498,1
4115.065,289,498,1
4115.165,291,498,2
4115.265,303,499,2
4115.364,296,500,2
4115.465,309,498,4
4115.565,298,499,1
4115.666,304,500,1
4115.765,306,502,2
4115.866,292,505,0
4115.965,289,506,1
4116.066,291,505,2
4116.165,298,504,1
4116.265,295,505,1
4116.365,286,505,2
4116.464,294,505,1
4116.565,300,503,2
4116.666,297,504,0
4116.765,299,502,4
4116.866,296,501,2
4116.964,289,503,0
4117.066,305,503,1
4117.165,306,500,3
4117.265,299,500,1
4117.365,303,500,2
4117.466,293,500,3
4117.565,297,504,0
4117.666,288,504,1
4117.764,294,504,0
4117.867,288,499,5
4117.966,295,499,3
4118.067,283,500,0
4118.165,288,501,0
4118.266,301,499,5
4118.365,290,497,3
4118.465,289,498,0
4118.565,297,498,1
4118.665,284,498,1
4118.766,301,496,3
4118.865,291,499,0
4118.965,286,498,4
4119.066,297,502,2
4119.166,290,504,1
4119.265,296,505,0
4119.365,293,504,3
4119.465,300,501,3
4119.566,297,499,2
4119.667,302,501,1
4119.765,290,502,0
4119.864,308,504,0
4119.966,294,502,3
4120.066,303,502,0
4120.166,295,502,1
4120.264,297,505,0
4120.364,294,502,3
4120.466,287,503,3
4120.566,294,501,5
4120.664,289,501,0
4120.764,293,501,1
4120.866,292,502,1
4120.966,301,503,0
4121.065,295,505,1
4121.165,291,503,2
4121.266,299,504,0
4121.365,298,504,2
4121.465,293,504,1
4121.565,298,504,1
4121.665,298,507,0
4121.765,299,508,1
4121.866,293,503,5
4121.965,288,504,0
4122.066,303,502,3
4122.166,291,501,2
4122.265,294,497,4
4122.365,285,496,2
4122.465,305,498,0
4122.565,295,499,2
4122.666,296,499,1
4122.766,298,497,4
4122.865,293,493,4
4122.966,295,495,0
4123.065,281,497,0
4123.165,293,496,2
4123.265,304,495,2
4123.365,297,494,1
4123.465,296,495,0
4123.565,300,492,4
4123.666,290,491,3
4123.767,301,489,3
4123.867,290,484,6
4123.967,298,485,0
4124.068,303,488,3
4124.166,289,491,1
4124.266,291,491,0
4124.366,298,488,5
4124.466,308,492,0
4124.567,301,492,2
4124.668,297,494,2
4124.767,301,494,1
4124.868,301,494,0
4124.965,293,496,0
4125.066,295,497,1
4125.166,281,496,3
4125.267,293,496,1
4125.366,298,495,2
4125.466,304,495,0
4125.566,295,495,2
4125.666,294,496,0
4125.766,289,498,2
4125.866,306,495,3
4125.967,294,497,0
4126.065,305,501,0
4126.167,298,499,3
4126.266,292,501,1
4126.365,291,502,0
4126.466,290,500,2
4126.567,301,500,0
4126.664,305,504,0
4126.766,286,503,2
4126.868,287,500,4
4126.966,297,502,0
4127.067,300,504,0
4127.167,295,499,8
4127.266,301,500,0
4127.366,294,500,0
4127.466,296,500,1
4127.566,295,498,3
4127.666,298,500,1
4127.766,289,498,2
4127.866,300,498,1
4127.966,291,496,2
4128.067,303,497,1
4128.167,295,498,1
4128.267,297,498,0
4128.368,288,495,3
4128.469,293,495,1
4128.567,298,494,1
4128.668,297,494,2
4128.767,300,495,3
4128.868,292,495,0
4128.967,294,496,0
4129.068,304,492,5
4129.167,290,494,0
4129.267,297,493,2
4129.367,285,492,2
4129.469,286,491,1
4129.568,307,492,0
4129.668,296,489,3
4129.767,299,491,1
4129.869,306,493,0
4129.968,292,493,2
4130.068,295,492,3
4130.166,304,495,0
4130.271,295,495,2
4130.368,305,497,1
4130.468,298,498,1
4130.568,288,499,0
4130.667,296,496,4
4130.767,293,497,0
4130.868,293,497,0
4130.968,296,496,1
4131.068,289,497,4
4131.168,293,497,0
4131.268,305,498,2
4131.368,298,498,0
4131.468,296,499,1
4131.567,290,497,2
4131.666,298,498,1
4131.768,297,495,5
4131.868,295,495,0
4131.967,299,499,0
4132.068,302,496,3
4132.167,304,498,0
4132.268,299,499,2
4132.367,292,499,0
4132.467,287,501,0
4132.568,282,500,1
4132.668,305,500,2
4132.768,302,498,3
4132.87,296,498,1
4132.969,296,498,1
4133.069,285,498,1
4133.168,297,496,3
4133.268,305,499,0
4133.368,302,498,3
4133.469,293,494,5
4133.568,297,496,0
4133.668,283,497,2
4133.768,296,500,1
4133.868,298,500,0
4133.967,301,500,1
4134.068,298,501,0
4134.166,300,501,4
4134.267,293,501,2
4134.368,294,500,2
4134.469,282,499,3
4134.569,297,498,1
4134.668,296,497,1
4134.768,301,497,0
4134.869,295,494,4
4134.967,303,498,0
4135.07,296,496,3
4135.168,290,491,5
4135.268,291,492,0
4135.369,302,490,4
4135.468,296,490,1
4135.569,298,493,0
4135.669,298,493,1
4135.769,292,493,1
4135.87,293,494,0
4135.969,303,496,0
4136.07,283,497,2
4136.169,291,498,0
4136.269,285,497,2
4136.369,298,496,2
4136.469,297,502,0
4136.568,298,503,2
4136.668,296,502,1
4136.769,297,495,8
4136.868,294,495,0
4136.968,301,496,2
4137.067,299,496,0
4137.168,297,495,2
4137.267,294,497,0
4137.369,279,494,4
4137.469,305,494,0
4137.568,295,494,1
4137.669,305,494,1
4137.769,293,497,0
4137.87,295,497,1
4137.969,295,491,7
4138.069,295,493,0
4138.169,296,492,3
4138.269,297,492,2
4138.368,295,495,0
4138.468,300,495,2
4138.569,290,495,2
4138.67,295,493,4
4138.769,301,493,0
4138.869,303,493,1
4138.969,301,494,1
4139.07,300,496,2
4139.168,296,494,3
4139.27,303,494,2
4139.369,293,495,0
4139.471,293,490,7
4139.569,292,488,2
4139.668,305,490,0
4139.77,296,492,1
4139.869,286,491,1
4139.969,304,489,3
4140.07,301,489,1
4140.169,297,491,0
4140.269,293,493,1
4140.368,295,496,0
4140.469,293,497,0
4140.569,290,498,1
4140.669,282,500,0
4140.768,283,498,3
4140.87,297,503,2
4140.969,300,501,2
4141.07,300,500,1
4141.169,302,501,0
4141.272,293,496,5
4141.369,294,496,2
4141.469,287,494,2
4141.569,304,496,0
4141.67,298,495,2
4141.768,287,494,2
4141.869,296,494,0
4141.968,301,492,2
4142.07,297,492,2
4142.171,299,494,2
4142.27,296,495,0
4142.371,301,490,6
4142.469,299,492,0
4142.567,298,494,1
4142.669,300,495,1
4142.768,293,495,0
4142.87,291,496,2
4142.969,289,496,0
4143.071,301,494,4
4143.169,298,496,0
4143.268,292,496,1
4143.369,299,498,2
4143.47,297,498,2
4143.569,299,500,0
4143.67,291,496,4
4143.77,295,497,0
4143.868,296,498,0
4143.968,296,498,1
4144.069,299,501,0
4144.17,298,501,3
4144.269,300,504,0
4144.37,301,507,2
4144.469,308,507,0
4144.568,300,509,0
4144.668,291,508,2
4144.768,295,506,2
4144.869,304,506,2
4144.967,292,505,2
4145.072,292,504,2
4145.172,295,502,3
4145.271,287,508,0
4145.371,293,509,0
4145.472,302,507,2
4145.57,296,507,2
4145.672,297,505,2
4145.772,301,506,1
4145.872,296,507,2
4145.973,296,507,1
4146.074,293,507,2
4146.173,291,505,2
4146.272,299,504,1
4146.372,300,503,2
4146.473,291,503,1
4146.571,298,501,2
4146.673,294,501,2
4146.771,292,502,1
4146.873,294,505,0
4146.974,296,506,1
4147.075,295,504,2
4147.172,286,502,3
4147.272,302,500,2
4147.373,299,496,4
4147.472,293,497,0
4147.571,297,495,2
4147.673,292,495,2
4147.772,301,495,2
4147.873,300,497,0
4147.972,293,497,2
4148.073,293,497,1
4148.173,295,498,1
4148.274,295,497,2
4148.373,294,500,0
4148.472,311,502,0
4148.571,290,500,5
4148.672,306,504,0
4148.771,294,505,1
4148.872,296,506,1
4148.972,299,506,2
4149.073,305,505,2
4149.172,289,505,2
4149.273,298,510,0
4149.372,297,510,0
4149.473,296,510,1
4149.573,298,507,4
4149.672,297,509,0
4149.772,299,508,5
4149.873,285,510,0
4149.972,295,506,4
4150.075,299,509,2
4150.173,300,507,2
4150.274,295,508,2
4150.373,303,512,0
4150.473,301,510,3
4150.573,288,512,1
4150.673,288,512,0
4150.773,297,508,4
4150.872,301,510,0
4150.974,291,508,3
4151.074,291,509,0
4151.174,290,508,3
4151.275,302,508,3
4151.375,290,507,1
4151.475,298,506,3
4151.576,293,504,3
4151.676,295,501,6
4151.776,303,501,1
4151.875,293,501,1
4151.976,296,500,1
4152.076,303,501,3
4152.176,295,501,3
4152.275,294,495,7
4152.375,293,498,1
4152.475,299,498,1
4152.573,300,501,0
4152.675,300,498,4
4152.774,296,497,3
4152.875,293,496,3
4152.977,298,496,1
4153.076,294,497,1
4153.175,295,500,0
4153.275,288,501,2
4153.375,294,499,2
4153.475,294,498,1
4153.575,302,499,2
4153.674,300,500,0
4153.774,289,502,0
4153.874,294,499,3
4153.975,294,499,1
4154.075,292,500,1
4154.175,290,499,3
4154.275,287,499,0
4154.375,287,494,6
4154.474,298,494,1
4154.573,308,495,1
4154.675,295,497,1
4154.774,287,498,1
4154.874,298,500,1
4154.973,296,500,1
4155.075,296,501,0
4155.174,288,503,0
4155.274,288,503,2
4155.375,301,503,2
4155.474,289,502,3
4155.575,305,500,4
4155.674,306,503,0
4155.775,291,502,3
4155.876,294,500,2
4155.976,294,503,0
4156.077,296,502,2
4156.176,296,502,2
4156.276,292,501,2
4156.375,281,502,0
4156.476,302,501,1
4156.575,298,504,0
4156.676,295,502,3
4156.776,299,506,0
4156.876,306,508,0
4156.976,297,510,0
4157.076,298,510,1
4157.175,294,510,0
4157.276,299,508,3
4157.374,295,508,0
4157.477,300,507,1
4157.576,305,505,5
4157.676,298,502,3
4157.775,284,500,3
4157.876,289,500,4
4157.976,288,500,1
4158.076,292,498,3
4158.176,292,496,2
4158.276,293,497,1
4158.376,298,497,1
4158.476,298,497,2
4158.575,294,499,0
4158.675,297,495,4
4158.775,301,496,0
4158.875,291,494,2
4158.976,296,493,2
4159.075,291,494,1
4159.178,297,494,1
4159.275,291,495,0
4159.376,297,492,4
4159.477,296,492,3
4159.578,288,495,1
4159.68,301,497,1
4159.778,287,496,3
4159.878,303,497,1
4159.977,299,497,4
4160.078,303,494,3
4160.177,301,494,1
4160.278,291,493,2
4160.377,293,493,1
4160.478,283,493,0
4160.577,303,491,3
4160.678,300,490,2
4160.777,299,489,2
4160.877,303,489,1
4160.977,288,492,1
4161.078,309,494,1
4161.177,292,495,1
4161.278,292,494,2
4161.377,298,493,1
4161.477,293,492,2
4161.577,291,490,3
4161.678,299,492,0
4161.777,303,491,1
4161.877,304,494,0
4161.979,300,493,1
4162.078,288,492,3
4162.179,289,493,0
4162.278,297,497,1
4162.378,293,497,1
4162.48,290,497,1
4162.578,296,499,0
4162.679,298,497,2
4162.78,290,495,4
4162.879,289,497,2
4162.979,297,496,3
4163.079,303,494,4
4163.177,301,498,0
4163.28,308,501,0
4163.381,301,500,2
4163.48,298,501,0
4163.58,298,501,1
4163.68,305,500,1
4163.779,296,499,2
4163.879,301,499,0
4163.98,294,501,0
4164.079,296,498,3
4164.179,291,498,1
4164.28,299,499,0
4164.379,296,501,0
4164.479,288,500,1
4164.58,298,498,2
4164.68,296,496,3
4164.779,298,498,0
4164.88,312,497,1
4164.98,281,497,0
4165.079,292,495,2
4165.18,291,496,1
4165.281,300,490,7
4165.379,286,490,3
4165.479,304,490,0
4165.578,300,491,0
4165.679,299,491,2
4165.779,294,492,2
4165.879,297,492,2
4165.979,305,493,2
4166.08,297,493,3
4166.18,297,492,1
4166.279,296,492,0
4166.38,300,495,0
4166.48,285,495,1
4166.581,302,494,2
4166.68,290,495,0
4166.78,301,492,5
4166.88,289,492,1
4166.98,296,494,0
4167.079,294,492,2
4167.18,291,492,2
4167.28,301,497,0
4167.379,302,501,0
4167.479,293,500,2
4167.579,286,500,1
4167.68,299,500,1
4167.779,293,501,0
4167.879,301,501,2
4167.98,289,501,3
4168.08,297,501,2
4168.179,302,505,0
4168.28,301,505,1
4168.379,296,504,2
4168.479,291,502,3
4168.579,291,499,4
4168.68,299,498,2
4168.779,294,500,0
4168.88,293,497,5
4168.979,300,498,0
4169.08,283,496,2
4169.179,297,496,1
4169.279,302,499,0
4169.379,305,500,0
4169.48,291,500,1
4169.579,295,501,0
4169.68,301,499,2
4169.779,299,498,2
4169.879,286,498,1
4169.979,289,498,2
4170.079,302,499,2
4170.18,292,501,0
4170.279,296,501,2
4170.38,301,500,4
4170.48,293,499,3
4170.579,304,499,0
4170.679,294,501,0
4170.779,294,502,1
4170.879,298,503,0
4170.979,301,501,4
4171.079,294,503,3
4171.18,299,497,6
4171.28,298,499,0
4171.38,300,496,3
4171.48,299,495,3
4171.579,295,499,0
4171.679,298,500,0
4171.779,289,499,1
4171.88,295,500,1
4171.978,297,499,2
4172.08,298,497,3
4172.179,304,498,0
4172.28,297,497,2
4172.379,281,497,0
4172.48,300,496,3
4172.58,295,494,4
4172.68,296,495,0
4172.779,295,497,0
4172.879,298,498,0
4172.979,302,500,1
4173.08,297,496,4
4173.179,289,496,0
4173.28,292,494,4
4173.379,300,496,0
4173.479,297,496,3
4173.58,292,492,5
4173.683,287,492,0
4173.783,299,493,0
4173.882,286,493,1
4173.982,300,494,1
4174.081,302,494,3
4174.181,289,497,0
4174.282,294,498,2
4174.382,302,498,1
4174.483,311,499,1
4174.583,293,502,2
4174.682,293,501,2
4174.781,288,502,0
4174.882,294,501,1
4174.981,296,499,3
4175.081,291,500,1
4175.182,288,500,2
4175.283,290,502,2
4175.381,282,505,0
4175.482,290,504,1
4175.582,294,502,3
4175.682,299,501,1
4175.782,295,501,0
4175.882,303,502,1
4175.981,298,502,1
4176.082,299,502,1
4176.182,294,504,2
4176.282,295,506,1
4176.38,285,508,1
4176.48,293,506,3
4176.58,299,511,0
4176.681,315,515,1
4176.78,291,517,0
4176.882,303,516,2
4176.981,302,516,0
4177.082,294,514,5
4177.181,293,516,0
4177.281,294,512,4
4177.382,291,511,2
4177.482,294,514,1
4177.581,290,512,2
4177.68,302,513,1
4177.782,301,515,1
4177.881,301,516,0
4177.981,296,514,2
4178.082,290,511,5
4178.182,297,511,0
4178.281,291,512,1
4178.382,297,508,5
4178.48,296,508,0
4178.582,300,509,1
4178.681,293,508,3
4178.781,308,508,1
4178.881,292,510,1
4178.981,297,511,0
4179.081,303,512,0
4179.182,288,508,4
4179.282,291,506,3
4179.382,299,502,4
4179.481,285,499,3
4179.581,292,494,5
4179.681,292,496,0
4179.782,291,494,4
4179.882,300,495,0
4179.982,299,492,3
4180.082,293,492,0
4180.182,293,490,4
4180.282,294,491,1
4180.382,289,492,0
4180.482,299,491,2
4180.581,301,490,3
4180.683,301,487,4
4180.781,298,492,0
4180.881,290,490,2
4180.981,300,489,3
4181.082,304,491,0
4181.181,298,491,1
4181.281,303,493,0
4181.382,297,492,2
4181.481,298,496,0
4181.582,288,498,0
4181.681,288,494,4
4181.782,305,491,4
4181.88,297,493,0
4181.981,297,495,1
4182.082,296,494,2
4182.18,292,496,0
4182.282,301,494,3
4182.381,291,494,2
4182.481,300,491,4
4182.582,290,493,0
4182.681,291,493,0
4182.781,300,495,1
4182.881,292,493,2
4182.981,295,493,1
4183.082,295,495,1
4183.184,295,497,1
4183.282,294,500,0
4183.381,294,501,2
4183.482,296,501,1
4183.582,298,501,2
4183.682,291,503,0
4183.781,304,503,1
4183.881,294,500,4
4183.981,303,499,1
4184.081,294,498,1
4184.181,300,498,1
4184.282,300,498,2
4184.381,297,501,0
4184.482,302,499,4
4184.581,302,501,0
4184.681,295,503,1
4184.781,290,502,2
4184.882,299,503,0
4184.981,287,507,0
4185.081,300,507,1
4185.18,297,506,2
4185.28,295,506,2
4185.383,294,503,4
4185.481,293,504,0
4185.581,296,505,1
4185.681,294,504,2
4185.782,303,501,3
4185.881,299,501,0
4185.982,294,502,2
4186.081,291,503,0
4186.181,292,501,3
4186.281,295,499,4
4186.381,305,498,2
4186.482,293,498,2
4186.582,307,502,2
4186.682,295,504,0
4186.782,299,502,5
4186.882,305,503,1
4186.98,296,505,0
4187.081,300,504,1
4187.181,288,504,0
4187.281,293,504,1
4187.381,290,503,1
4187.481,297,501,3
4187.58,290,501,1
4187.682,296,500,4
4187.781,303,500,0
4187.882,297,500,1
4187.981,300,498,2
4188.083,295,497,2
4188.183,294,497,1
4188.283,290,495,2
4188.382,298,499,0
4188.482,289,501,2
4188.582,292,502,1
4188.682,293,501,2
4188.782,296,503,0
4188.882,293,502,2
4188.983,302,505,0
4189.082,299,505,2
4189.18,298,507,0
4189.281,295,507,1
4189.382,294,501,7
4189.481,302,502,0
4189.582,294,501,1
4189.682,292,498,4
4189.782,304,500,1
4189.884,304,498,4
4189.982,290,499,2
4190.083,305,502,1
4190.182,290,502,0
4190.282,286,500,3
4190.382,306,498,2
4190.482,288,499,0
4190.581,299,497,3
4190.682,290,497,0
4190.781,286,499,2
4190.882,290,499,2
4190.983,302,499,2
4191.081,287,500,0
4191.181,298,502,1
4191.282,293,502,2
4191.381,308,501,2
4191.481,305,501,2
4191.581,304,503,2
4191.681,294,504,2
4191.781,296,504,0
4191.881,301,506,1
4191.982,297,505,1
4192.083,296,503,4
4192.182,301,503,2
4192.284,298,503,0
4192.383,299,502,1
4192.484,283,498,4
4192.582,298,500,0
4192.682,288,500,0
4192.782,289,499,3
4192.883,306,499,2
4192.981,296,500,0
4193.083,287,498,3
4193.183,294,495,4
4193.284,296,497,0
4193.384,291,494,3
4193.483,290,497,0
4193.583,298,495,2
4193.683,295,499,0
4193.783,288,497,2
4193.883,300,498,1
4193.982,292,501,0
4194.083,296,495,7
4194.186,298,494,3
4194.286,290,495,2
4194.383,294,497,2
4194.483,295,495,3
4194.583,290,493,2
4194.684,298,491,2
4194.785,291,492,0
4194.884,299,491,2
4194.984,295,491,3
4195.085,290,490,1
4195.183,300,491,2
4195.284,298,493,0
4195.384,304,492,1
4195.484,297,493,0
4195.584,292,492,3
4195.685,293,493,1
4195.784,297,493,2
4195.884,292,490,3
4195.984,296,489,3
4196.082,289,492,0
4196.183,299,493,1
4196.284,303,497,1
4196.384,301,497,1
4196.483,294,499,0
4196.583,302,497,5
4196.683,290,498,0
4196.783,304,498,3
4196.884,296,497,1
4196.984,299,497,2
4197.084,282,495,2
4197.183,293,496,0
4197.284,300,497,2
4197.384,293,496,3
4197.484,293,495,2
4197.584,295,495,1
4197.683,294,497,0
4197.783,295,497,1
4197.884,295,498,0
4197.983,295,495,3
4198.083,293,496,2
4198.182,299,498,0
4198.283,293,495,4
4198.383,305,494,1
4198.483,293,497,0
4198.582,290,499,1
4198.684,298,500,1
4198.783,302,499,2
4198.884,285,498,2
4198.981,303,497,1
4199.084,302,496,1
4199.184,290,494,2
4199.283,302,496,0
4199.383,293,499,0
4199.483,296,498,2
4199.582,298,501,1
4199.684,295,500,3
4199.783,291,503,0
4199.884,293,503,4
4199.983,295,506,0
4200.084,293,506,1
4200.183,299,507,1
4200.284,302,508,1
4200.383,306,506,4
4200.483,295,506,3
4200.583,294,507,2
4200.683,297,506,3
4200.783,301,506,3
4200.884,298,510,2
4200.983,291,510,1
4201.085,293,511,2
4201.184,303,509,2
4201.284,300,513,0
4201.383,295,517,0
4201.483,286,516,1
4201.581,286,513,4
4201.683,298,511,2
4201.783,299,509,3
4201.883,299,511,0
4201.982,296,510,2
4202.084,293,510,0
4202.184,297,513,0
4202.283,292,512,1
4202.383,286,510,2
4202.483,300,510,3
4202.583,293,507,5
4202.684,291,509,0
4202.783,293,508,2
4202.883,305,511,1
4202.983,296,508,4
4203.085,288,507,2
4203.185,300,506,2
4203.284,292,506,0
4203.384,286,504,3
4203.485,295,504,3
4203.584,292,506,2
4203.683,294,507,0
4203.785,291,504,4
4203.885,301,500,5
4203.985,307,499,3
4204.084,294,502,0
4204.184,291,500,4
4204.285,292,498,3
4204.386,300,498,1
4204.485,298,502,0
4204.584,294,500,3
4204.685,291,498,3
4204.784,297,500,1
4204.885,294,498,3
4204.985,295,499,1
4205.085,304,500,0
4205.184,297,502,0
4205.285,297,496,6
4205.385,295,497,0
4205.486,296,498,2
4205.584,300,496,3
4205.686,284,497,1
4205.785,296,497,1
4205.885,301,494,5
4205.984,297,493,2
4206.084,286,494,0
4206.184,291,494,1
4206.286,304,494,1
4206.385,294,494,1
4206.485,303,497,0
4206.585,294,494,5
4206.687,291,494,1
4206.786,291,496,2
4206.884,293,499,0
4206.985,299,497,2
4207.085,290,494,3
4207.184,305,495,0
4207.286,289,493,2
4207.384,295,497,0
4207.485,297,498,0
4207.584,291,500,1
4207.683,293,498,2
4207.784,301,496,3
4207.885,296,495,4
4207.983,287,497,1
4208.085,295,494,3
4208.184,294,492,2
4208.284,290,489,3
4208.384,290,488,1
4208.485,287,489,0
4208.584,304,489,4
4208.685,294,488,2
4208.785,302,490,1
4208.884,300,490,1
4208.984,290,492,3
4209.085,302,493,3
4209.185,302,494,1
4209.285,292,494,0
4209.385,297,494,1
4209.483,287,494,1
4209.584,287,493,2
4209.684,294,490,3
4209.783,290,494,0
4209.885,290,491,5
4209.986,303,493,1
4210.085,289,496,0
4210.186,298,494,2
4210.287,298,492,2
4210.385,291,494,3
4210.485,294,495,0
4210.585,305,492,3
4210.685,293,493,1
4210.785,299,494,2
4210.885,292,494,0
4210.985,292,490,4
4211.083,296,492,0
4211.184,291,493,0
4211.285,296,493,2
4211.384,292,496,0
4211.486,298,497,1
4211.585,303,497,3
4211.686,285,498,1
4211.786,286,494,4
4211.886,287,494,0
4211.987,303,493,4
4212.086,300,492,2
4212.186,300,492,1
4212.285,291,492,0
4212.385,297,491,1
4212.485,293,492,1
4212.585,303,491,2
4212.685,306,494,1
4212.786,298,492,4
4212.886,305,495,2
4212.986,296,496,0
4213.087,288,492,4
4213.185,304,494,0
4213.286,289,495,0
4213.386,297,494,3
4213.486,300,497,0
4213.585,298,500,0
4213.686,304,499,1
4213.785,296,502,0
4213.885,298,501,3
4213.986,294,500,1
4214.086,292,501,1
4214.186,282,500,1
4214.285,293,501,0
4214.385,298,496,5
4214.484,304,501,0
4214.585,293,501,1
4214.685,292,497,5
4214.785,296,499,1
4214.886,301,501,0
4214.984,298,501,0
4215.085,299,500,3
4215.184,294,501,1
4215.284,301,500,3
4215.385,298,503,0
4215.485,298,504,3
4215.585,298,503,1
4215.685,291,505,1
4215.785,293,507,2
4215.885,288,504,4
4215.986,303,502,3
4216.086,298,501,1
4216.185,287,502,0
4216.285,289,501,1
4216.385,295,500,1
4216.486,304,503,1
4216.585,288,502,3
4216.686,287,502,1
4216.785,288,502,2
4216.885,288,500,4
4216.985,300,497,3
4217.085,295,500,0
4217.185,297,501,2
4217.286,290,501,1
4217.386,285,500,2
4217.486,295,496,4
4217.585,310,497,0
4217.686,292,496,1
4217.785,289,499,0
4217.886,294,499,2
4217.984,294,499,1
4218.085,291,497,4
4218.185,300,499,3
4218.286,288,497,2
4218.384,290,498,0
4218.485,305,500,2
4218.584,299,500,1
4218.684,300,500,1
4218.785,294,498,2
4218.886,299,495,5
4218.985,299,498,0
4219.086,296,498,2
4219.185,293,500,0
4219.286,296,498,3
4219.386,300,498,1
4219.485,299,499,0
4219.585,294,501,1
4219.686,300,503,1
4219.785,290,504,1
4219.886,290,500,5
4219.985,290,502,0
4220.085,297,501,3
4220.185,294,497,4
4220.285,306,498,1
4220.386,294,494,4
4220.485,289,494,1
4220.587,290,494,1
4220.685,299,495,0
4220.786,290,493,5
4220.885,296,495,0
4220.986,294,494,3
4221.085,304,496,0
4221.186,301,492,5
4221.285,289,493,0
4221.385,297,491,2
4221.485,293,495,0
4221.585,297,490,8
4221.686,298,492,1
4221.785,303,493,0
4221.885,299,494,1
4221.985,294,495,2
4222.086,294,494,2
4222.185,296,495,2
4222.286,293,494,3
4222.385,289,496,0
4222.486,291,498,0
4222.585,308,503,0
4222.686,296,508,2
4222.784,300,507,2
4222.886,296,506,1
4222.985,298,505,1
4223.083,291,507,0
4223.185,290,506,1
4223.286,293,506,2
4223.385,303,508,0
4223.486,304,510,2
4223.585,302,513,0
4223.686,301,511,3
4223.785,289,513,0
4223.886,292,512,4
4223.985,296,514,0
4224.086,294,510,4
4224.185,289,511,0
4224.286,302,509,3
4224.386,292,509,1
4224.486,316,511,1
4224.586,306,509,3
4224.684,302,511,0
4224.785,291,510,2
4224.885,294,510,2
4224.986,303,507,3
4225.086,298,508,0
4225.185,293,511,0
4225.284,293,509,3
4225.385,303,507,3
4225.486,298,506,1
4225.585,300,508,1
4225.686,300,507,3
4225.785,294,502,6
4225.885,300,502,0
4225.985,290,501,2
4226.086,291,499,3
4226.185,292,502,0
4226.286,297,503,0
4226.385,299,503,2
4226.485,300,504,1
4226.586,293,500,5
4226.686,292,500,0
4226.784,291,503,1
4226.887,302,502,4
4226.986,294,501,2
4227.085,294,501,0
4227.185,301,503,1
4227.286,299,504,0
4227.385,291,503,1
4227.485,296,501,2
4227.586,305,503,3
4227.684,297,502,1
4227.784,294,503,0
4227.885,289,503,2
4227.985,285,502,2
4228.085,301,506,0
4228.187,302,503,5
4228.285,297,503,2
4228.385,293,504,0
4228.485,293,506,0
4228.585,288,505,1
4228.687,288,502,4
4228.785,290,503,0
4228.884,305,502,2
4228.985,289,501,2
4229.085,303,503,1
4229.186,290,503,2
4229.286,295,504,0
4229.386,296,502,4
4229.486,289,500,2
4229.586,289,503,0
4229.686,294,501,4
4229.786,288,497,5
4229.887,295,499,0
4229.988,291,494,7
4230.086,296,496,1
4230.186,303,494,3
4230.286,293,497,0
4230.387,296,499,1
4230.485,307,502,0
4230.586,301,500,3
4230.686,300,497,6
4230.785,297,499,0
4230.886,293,500,0
4230.987,291,500,0
4231.086,300,501,3
4231.186,305,502,0
4231.286,290,499,5
4231.386,293,502,1
4231.487,298,501,3
4231.587,297,504,0
4231.687,299,505,0
4231.787,291,503,3
4231.887,304,506,2
4231.987,299,507,1
4232.087,298,508,1
4232.186,293,510,0
4232.287,300,510,0
4232.385,294,510,0
4232.487,289,509,3
4232.587,291,507,3
4232.687,299,506,2
4232.786,297,506,0
4232.887,291,506,1
4232.986,291,505,2
4233.088,297,502,4
4233.187,298,501,2
4233.287,295,499,3
4233.386,289,502,0
4233.487,295,500,3
4233.586,294,501,0
4233.685,304,500,2
4233.786,293,499,3
4233.886,300,503,0
4233.987,298,503,1
4234.087,297,500,4
4234.186,306,503,0
4234.287,308,499,4
4234.387,307,499,3
4234.487,289,502,0
4234.586,293,501,2
4234.687,293,497,5
4234.786,299,496,2
4234.887,303,497,1
4234.987,297,493,5
4235.087,310,493,2
4235.186,297,492,1
4235.287,295,493,1
4235.386,283,493,1
4235.487,302,496,0
4235.587,297,496,3
4235.686,296,498,0
4235.786,296,500,1
4235.886,303,500,1
4235.986,291,500,0
4236.087,296,498,3
4236.187,300,496,2
4236.286,293,496,2
4236.386,303,497,1
4236.487,297,497,4
4236.586,294,497,1
4236.687,307,497,2
4236.785,288,499,0
4236.887,290,497,3
4236.986,290,501,0
4237.088,297,498,4
4237.187,287,496,3
4237.285,291,497,0
4237.386,293,500,0
4237.486,298,495,7
4237.586,301,496,1
4237.687,290,495,3
4237.79,297,494,1
4237.891,292,491,3
4237.99,300,492,3
4238.089,291,490,3
4238.19,287,488,2
4238.29,285,488,1
4238.391,297,490,0
4238.491,295,489,1
4238.59,295,488,2
4238.691,303,488,3
4238.79,299,489,2
4238.889,306,490,1
4238.991,295,491,0
4239.09,302,491,1
4239.19,307,492,0
4239.291,292,493,2
4239.389,303,494,0
4239.49,295,493,2
4239.589,290,494,1
4239.69,299,492,4
4239.791,295,493,0
4239.891,292,494,1
4239.99,292,493,1
4240.09,283,491,4
4240.192,292,494,0
4240.29,288,498,0
4240.39,307,498,2
4240.489,286,495,3
4240.59,290,496,2
4240.691,292,498,1
4240.791,299,499,0
4240.89,302,500,0
4240.99,295,501,0
4241.09,296,498,5
4241.191,288,500,0
4241.291,296,499,2
4241.39,299,499,0
4241.491,291,499,1
4241.591,300,499,1
4241.69,292,501,0
4241.791,287,497,5
4241.89,302,497,1
4241.99,308,499,0
4242.091,304,496,3
4242.191,304,498,1
4242.289,303,500,0
4242.391,294,499,3
4242.49,296,502,0
4242.591,301,499,4
4242.689,292,501,0
4242.79,308,503,1
4242.89,294,501,3
4242.99,294,500,1
4243.091,296,498,3
4243.19,283,500,0
4243.29,301,500,2
4243.391,298,497,5
4243.49,288,498,0
4243.59,292,498,0
4243.69,299,497,4
4243.791,291,497,1
4243.89,291,500,1
4243.99,286,500,0
4244.091,288,497,4
4244.192,285,498,0
4244.29,296,500,0
4244.39,289,498,3
4244.49,296,497,1
4244.591,294,499,1
4244.691,298,497,3
4244.79,290,499,0
4244.89,301,503,1
4244.99,284,502,1
4245.09,302,502,3
4245.189,295,501,1
4245.29,297,499,4
4245.39,288,500,0
4245.49,283,498,2
4245.59,299,499,1
4245.69,304,498,2
4245.791,296,498,2
4245.89,305,500,0
4245.991,285,501,2
4246.09,293,503,0
4246.188,294,501,2
4246.29,298,501,2
4246.39,302,501,3
4246.49,296,498,3
4246.59,277,499,0
4246.691,303,497,4
4246.79,302,500,0
4246.89,299,503,0
4246.99,304,502,2
4247.09,294,501,3
4247.191,301,503,0
4247.291,290,501,3
4247.391,300,502,2
4247.49,296,502,0
4247.591,293,503,0
4247.691,301,501,3
4247.79,300,505,0
4247.89,299,504,2
4247.989,294,503,2
4248.09,298,506,0
4248.19,294,504,4
4248.29,301,505,0
4248.391,293,505,2
4248.489,291,506,0
4248.59,293,506,0
4248.69,294,506,2
4248.789,299,506,0
4248.889,288,505,3
4248.991,298,505,2
4249.09,296,503,2
4249.191,298,504,2
4249.291,296,503,1
4249.392,296,502,3
4249.492,302,503,0
4249.591,302,505,0
4249.691,288,506,0
4249.789,283,501,5
4249.89,293,501,2
4249.992,288,498,5
4250.091,298,499,1
4250.19,297,500,0
4250.29,297,499,1
4250.391,293,499,2
4250.49,292,498,2
4250.59,292,500,1
4250.69,299,500,0
4250.789,299,502,0
4250.89,300,504,1
4250.99,295,505,2
4251.09,298,505,0
4251.19,293,503,3
4251.291,309,500,4
4251.391,303,501,0
4251.49,298,500,2
4251.59,303,502,0
4251.691,295,501,3
4251.791,305,503,1
4251.89,291,503,2
4251.99,294,504,0
4252.09,289,503,3
4252.191,292,503,1
4252.29,289,502,2
4252.39,297,503,1
4252.49,297,503,2
4252.59,285,504,0
4252.691,297,504,2
4252.79,290,501,3
4252.89,307,507,0
4252.99,309,510,0
4253.091,299,511,0
4253.188,303,514,0
4253.29,298,514,1
4253.39,293,512,2
4253.49,308,513,1
4253.59,294,514,0
4253.69,293,510,5
4253.79,303,507,3
4253.891,303,506,1
4253.989,296,506,0
4254.091,297,503,4
4254.191,287,504,1
4254.29,306,505,0
4254.392,294,502,5
4254.491,293,502,1
4254.591,290,501,2
4254.69,291,503,0
4254.791,291,504,1
4254.891,296,501,4
4254.991,296,502,1
4255.09,297,503,0
4255.191,307,503,1
4255.29,299,504,0
4255.391,298,499,5
4255.49,297,502,0
4255.591,291,500,3
4255.692,298,499,2
4255.791,304,503,1
4255.89,299,505,0
4255.989,295,505,1
4256.089,293,503,2
4256.19,301,496,7
4256.29,292,497,0
4256.39,287,495,3
4256.489,290,498,0
4256.59,292,496,5
4256.69,295,499,0
4256.79,292,498,2
4256.89,297,497,2
4256.99,304,496,2
4257.09,301,497,0
4257.191,292,500,0
4257.291,300,500,2
4257.391,287,501,0
4257.491,286,498,4
4257.588,295,495,3
4257.691,293,496,2
4257.791,303,497,0
4257.89,292,494,5
4257.99,294,493,2
4258.09,293,494,1
4258.191,306,497,1
4258.291,306,499,1
4258.39,295,501,0
4258.49,291,503,0
4258.591,290,500,3
4258.69,302,502,1
4258.79,287,501,2
4258.889,291,498,4
4258.991,294,495,4
4259.09,302,498,0
4259.191,293,503,0
4259.291,303,506,0
4259.391,293,507,1
4259.491,304,507,1
4259.591,293,508,1
4259.691,288,509,0
4259.792,294,509,1
4259.891,290,508,2
4259.99,291,509,0
4260.089,296,508,2
4260.19,303,506,3
4260.291,295,506,1
4260.39,299,505,2
4260.49,294,508,1
4260.591,297,508,2
4260.691,294,508,0
4260.79,301,505,5
4260.89,293,505,2
4260.991,290,505,3
4261.091,296,504,2
4261.191,296,507,0
4261.29,302,504,3
4261.391,294,503,4
4261.49,296,504,0
4261.59,300,504,2
4261.691,292,499,5
4261.79,309,501,0
4261.89,290,493,8
4261.99,294,497,0
4262.091,300,496,2
4262.188,285,499,0
4262.291,301,497,3
4262.392,301,495,3
4262.491,296,498,0
4262.591,297,500,4
4262.692,303,501,3
4262.792,293,506,0
4262.892,291,504,2
4262.992,305,506,1
4263.092,294,505,1
4263.191,305,507,2
4263.291,293,510,0
4263.391,287,511,2
4263.491,302,510,4
4263.592,294,510,1
4263.691,303,513,0
4263.793,287,514,0
4263.891,295,514,1
4263.991,291,514,0
4264.09,293,513,2
4264.192,298,510,5
4264.291,294,510,1
4264.392,300,508,3
4264.491,288,509,1
4264.591,302,509,2
4264.691,305,510,0
4264.792,291,510,0
4264.891,299,510,1
4264.992,294,511,1
4265.091,303,512,0
4265.19,304,511,4
4265.291,295,513,0
4265.391,296,512,1
4265.491,298,509,4
4265.592,292,502,8
4265.692,296,505,0
4265.791,304,506,2
4265.892,299,503,3
4265.991,289,502,1
4266.091,293,500,4
4266.192,294,498,3
4266.291,297,500,0
4266.392,297,498,3
4266.491,292,499,0
4266.591,301,498,3
4266.691,291,500,1
4266.792,286,500,0
4266.891,304,498,2
4266.991,290,500,0
4267.092,287,501,3
4267.192,292,505,0
4267.29,296,505,0
4267.39,292,504,1
4267.49,302,503,3
4267.591,300,503,1
4267.691,297,502,2
4267.791,293,503,2
4267.891,289,506,0
4267.991,294,504,2
4268.092,296,502,4
4268.191,300,500,3
4268.291,291,501,0
4268.391,299,503,1
4268.491,296,504,1
4268.591,290,504,3
4268.69,298,506,1
4268.791,289,505,2
4268.891,298,506,1
4268.99,292,507,1
4269.091,289,507,0
4269.191,296,509,1
4269.291,291,510,1
4269.392,297,510,2
4269.49,290,508,3
4269.592,298,504,5
4269.691,297,508,0
4269.791,298,508,1
4269.89,304,508,1
4269.991,292,511,0
4270.091,299,510,1
4270.191,281,507,3
4270.291,292,504,6
4270.392,302,506,0
4270.492,302,503,4
4270.593,299,503,1
4270.691,293,505,0
4270.791,298,506,2
4270.893,289,502,5
4270.991,294,503,0
4271.091,293,504,2
4271.191,291,505,1
4271.291,296,504,2
4271.391,289,501,4
4271.492,293,495,6
4271.59,286,496,0
4271.692,298,493,4
4271.795,293,497,1
4271.896,291,496,2
4271.998,298,496,2
4272.095,289,496,1
4272.196,298,496,1
4272.295,297,499,1
4272.395,298,498,2
4272.495,296,500,2
4272.595,297,500,1
4272.696,288,500,1
4272.796,294,498,3
4272.896,307,501,0
4272.994,293,501,2
4273.095,290,501,1
4273.196,301,502,0
4273.295,291,503,3
4273.395,286,502,2
4273.495,304,502,1
4273.596,287,501,1
4273.697,292,500,2
4273.793,287,497,4
4273.895,295,497,1
4273.996,291,497,2
4274.095,295,498,0
4274.196,299,499,2
4274.296,296,496,4
4274.394,290,497,1
4274.495,286,498,0
4274.596,292,498,1
4274.695,292,498,0
4274.796,296,495,4
4274.895,292,498,0
4274.995,296,497,1
4275.096,299,496,2
4275.195,293,497,0
4275.294,296,497,1
4275.395,292,493,5
4275.496,303,490,3
4275.595,304,492,0
4275.696,289,493,0
4275.795,295,494,1
4275.895,284,494,1
4275.995,298,490,4
4276.095,300,490,0
4276.195,293,489,1
4276.295,295,488,2
4276.396,302,490,1
4276.494,292,490,0
4276.595,293,491,0
4276.696,291,492,1
4276.795,304,490,3
4276.897,298,491,3
4276.995,290,492,0
4277.096,302,494,4
4277.195,297,496,0
4277.296,289,498,1
4277.395,306,498,3
4277.494,298,499,0
4277.596,294,502,1
4277.696,289,500,2
4277.795,291,503,0
4277.895,279,504,0
4277.994,297,505,0
4278.095,290,508,0
4278.197,301,506,4
4278.295,291,506,2
4278.397,286,507,1
4278.496,293,510,0
4278.596,293,508,3
4278.695,292,509,0
4278.796,299,511,1
4278.896,292,510,1
4278.995,300,512,0
4279.095,292,512,0
4279.196,304,511,1
4279.295,289,511,0
4279.397,300,509,3
4279.495,293,511,0
4279.597,301,509,2
4279.695,290,511,0
4279.795,297,512,0
4279.895,290,511,1
4279.995,300,510,1
4280.095,290,510,0
4280.196,291,507,4
4280.295,297,508,0
4280.395,297,508,3
4280.495,297,506,4
4280.596,285,507,0
4280.695,291,510,1
4280.795,289,511,0
4280.895,299,508,4
4280.996,299,507,2
4281.095,291,507,0
4281.195,295,505,3
4281.295,298,504,1
4281.397,294,504,3
4281.495,297,503,1
4281.595,300,500,5
4281.695,286,503,1
4281.795,298,500,5
4281.895,297,501,3
4281.996,289,498,5
4282.095,297,499,0
4282.197,292,499,1
4282.295,293,501,0
4282.395,293,503,0
4282.497,288,500,6
4282.596,299,508,0
4282.695,298,507,2
4282.797,290,505,3
4282.896,291,502,3
4282.996,298,506,0
4283.096,283,506,1
4283.195,299,508,0
4283.297,302,506,4
4283.395,289,507,0
4283.496,303,501,6
4283.598,281,502,1
4283.696,300,500,3
4283.796,301,499,1
4283.897,298,498,3
4283.996,300,501,0
4284.096,292,501,3
4284.198,294,498,3
4284.296,296,500,0
4284.397,302,501,0
4284.497,294,499,3
4284.597,294,497,2
4284.696,298,495,5
4284.797,286,494,2
4284.896,291,496,2
4284.996,297,499,0
4285.097,294,496,4
4285.196,294,498,0
4285.296,301,497,1
4285.397,287,496,2
4285.496,297,500,0
4285.596,299,498,3
4285.696,294,496,4
4285.796,300,501,0
4285.896,297,501,1
4285.996,300,505,0
4286.096,295,504,3
4286.197,297,506,1
4286.295,301,509,0
4286.396,306,509,2
4286.497,293,512,0
4286.596,293,512,0
4286.696,299,510,2
4286.798,293,507,4
4286.896,294,509,0
4286.996,304,512,1
4287.096,302,510,2
4287.197,295,511,1
4287.296,299,512,0
4287.396,287,512,0
4287.496,292,512,2
4287.596,298,512,0
4287.696,293,510,2
4287.796,295,511,3
4287.898,303,506,6
4287.996,295,506,0
4288.096,286,505,3
4288.196,292,506,1
4288.296,305,505,2
4288.395,295,504,2
4288.496,294,508,1
4288.596,300,509,1
4288.696,289,509,1
4288.796,293,510,1
4288.896,301,506,6
4288.996,292,507,0
4289.096,300,505,5
4289.196,302,503,2
4289.297,299,497,7
4289.396,296,497,0
4289.496,290,496,2
4289.596,292,495,2
4289.696,300,496,0
4289.796,300,498,1
4289.897,291,498,2
4289.996,300,499,0
4290.097,303,498,3
4290.197,290,498,0
4290.296,297,498,0
4290.396,300,498,1
4290.496,297,499,1
4290.596,294,498,3
4290.696,302,498,2
4290.798,304,498,0
4290.896,302,501,0
4290.996,286,501,1
4291.096,294,501,1
4291.196,285,503,0
4291.295,299,502,1
4291.396,304,504,1
4291.496,301,506,0
4291.596,302,502,6
4291.696,300,502,2
4291.797,298,502,1
4291.897,301,500,3
4291.997,291,498,2
4292.096,294,498,0
4292.196,293,499,2
4292.297,304,501,1
4292.397,298,500,2
4292.498,301,498,3
4292.597,292,497,2
4292.696,291,499,0
4292.797,285,500,2
4292.894,287,504,0
4292.996,307,509,0
4293.096,296,508,2
4293.197,293,506,2
4293.296,294,508,1
4293.396,291,509,0
4293.497,309,505,5
4293.596,304,506,0
4293.696,294,506,0
4293.796,293,504,3
4293.896,310,507,1
4293.995,309,509,2
4294.096,299,510,1
4294.196,292,511,0
4294.297,297,510,1
4294.397,297,507,3
4294.496,292,508,0
4294.597,289,502,6
4294.696,293,503,0
4294.796,297,504,1
4294.896,292,505,1
4294.997,293,504,2
4295.096,294,505,0
4295.196,294,506,0
4295.296,294,505,1
4295.397,301,505,2
4295.496,287,505,1
4295.596,294,505,1
4295.697,292,505,3
4295.797,299,507,0
4295.896,287,501,7
4295.997,296,497,4
4296.097,294,495,3
4296.195,293,498,0
4296.297,299,496,3
4296.395,300,499,0
4296.496,303,500,1
4296.597,293,499,1
4296.696,291,500,0
4296.795,291,500,0
4296.897,303,501,3
4296.998,301,500,4
4297.096,295,500,0
4297.197,292,498,2
4297.296,288,502,0
4297.396,293,504,1
4297.496,304,504,0
4297.595,293,503,2
4297.696,288,503,0
4297.796,285,502,2
4297.896,288,501,1
4297.997,302,502,3
4298.097,297,503,1
4298.196,283,504,0
4298.296,305,504,2
4298.396,292,503,1
4298.497,294,499,5
4298.596,293,500,0
4298.697,292,501,0
4298.796,302,501,1
4298.896,304,503,0
4298.996,302,504,2
4299.096,285,501,3
4299.196,282,503,0
4299.297,297,504,0
4299.399,298,503,1
4299.496,290,506,0
4299.598,294,502,5
4299.696,296,503,0
4299.796,305,504,2
4299.895,288,507,0
4299.997,304,508,2
4300.097,301,504,6
4300.196,295,505,0
4300.296,300,506,3
4300.396,295,502,5
4300.497,289,498,6
4300.595,296,501,0
4300.695,304,502,2
4300.796,295,501,1
4300.896,291,500,2
4300.996,291,503,0
4301.097,302,503,4
4301.196,288,500,3
4301.296,290,503,1
4301.396,293,502,1
4301.496,298,498,4
4301.596,294,500,0
4301.696,299,499,2
4301.799,307,497,5
4301.899,297,498,2
4301.999,299,499,2
4302.098,304,500,0
4302.198,298,498,2
4302.298,296,498,2
4302.399,296,500,0
4302.498,296,502,0
4302.598,298,505,0
4302.698,293,505,1
4302.799,296,505,3
4302.898,290,505,1
4302.999,303,506,3
4303.098,294,507,1
4303.199,300,509,1
4303.299,288,506,5
4303.399,292,507,4
4303.498,301,510,0
4303.599,293,508,3
4303.698,296,507,2
4303.799,295,510,0
4303.898,301,510,1
4303.998,303,510,2
4304.098,295,507,3
4304.198,303,506,1
4304.298,296,504,3
4304.398,296,505,0
4304.499,301,506,1
4304.599,294,505,1
4304.698,302,504,3
4304.799,298,506,0
4304.899,308,506,3
4304.998,298,505,2
4305.099,307,504,2
4305.198,295,505,0
4305.298,294,505,0
4305.399,294,506,2
4305.499,297,504,2
4305.598,299,508,0
4305.699,303,508,4
4305.799,294,509,0
4305.899,299,505,6
4305.998,291,507,0
4306.099,298,505,3
4306.198,287,506,0
4306.296,307,505,3
4306.398,299,505,2
4306.499,291,502,4
4306.598,294,502,0
4306.698,297,502,1
4306.798,292,501,3
4306.9,297,498,4
4306.998,291,499,0
4307.098,289,502,0
4307.198,295,502,0
4307.297,291,503,1
4307.399,298,503,1
4307.498,298,509,0
4307.598,297,504,5
4307.699,294,502,3
4307.798,291,504,0
4307.898,292,504,2
4307.998,302,503,3
4308.098,292,504,1
4308.199,299,504,1
4308.299,288,505,0
4308.399,287,506,0
4308.499,300,506,1
4308.598,296,504,3
4308.698,298,503,3
4308.798,303,503,3
4308.898,298,502,1
4308.997,295,503,2
4309.099,294,502,2
4309.2,303,497,6
4309.297,291,496,3
4309.398,299,498,0
4309.498,294,496,4
4309.598,299,500,0
4309.698,298,504,0
4309.797,291,503,2
4309.899,297,500,3
4309.998,300,500,1
4310.098,290,501,1
4310.198,297,500,2
4310.297,301,503,1
4310.398,306,503,2
4310.498,298,503,1
4310.599,293,500,3
4310.697,295,500,0
4310.798,292,500,2
4310.898,290,501,0
4310.998,296,503,1
4311.098,298,502,3
4311.198,297,501,2
4311.298,298,501,2
4311.398,300,502,0
4311.498,307,503,1
4311.601,290,501,5
4311.698,298,503,0
4311.798,301,505,0
4311.897,294,501,4
4311.997,296,502,0
4312.099,287,498,4
4312.2,291,498,0
4312.299,296,493,7
4312.399,293,492,1
4312.498,303,495,0
4312.599,300,494,2
4312.698,297,496,0
4312.799,296,493,8
4312.9,306,494,0
4313.001,295,493,2
4313.099,287,494,2
4313.201,301,495,2
4313.301,292,493,4
4313.402,298,493,2
4313.5,287,493,1
4313.604,290,496,0
4313.703,301,495,1
4313.803,299,495,3
4313.902,289,497,1
4314.002,300,497,2
4314.105,294,497,1
4314.206,293,498,0
4314.302,291,496,2
4314.404,293,495,1
4314.502,290,498,1
4314.602,309,497,2
4314.703,293,497,0
4314.802,291,496,2
4314.903,302,500,0
4315.005,292,499,2
4315.104,300,502,0
4315.205,310,499,4
4315.304,288,497,3
4315.404,299,498,0
4315.504,299,496,5
4315.605,295,496,1
4315.704,294,499,0
4315.803,292,499,1
4315.905,287,495,4
4316.005,295,493,2
4316.104,301,495,1
4316.205,289,494,1
4316.304,291,497,0
4316.407,293,494,3
4316.505,294,493,2
4316.606,305,493,2
4316.704,296,496,0
4316.805,292,494,2
4316.904,297,495,1
4317.005,299,497,2
4317.106,290,499,1
4317.206,287,503,0
4317.305,296,503,2
4317.405,296,502,2
4317.505,297,500,4
4317.606,291,501,2
4317.704,294,502,0
4317.804,295,501,1
4317.904,295,499,4
4318.005,296,500,0
4318.104,296,501,1
4318.204,287,502,1
4318.304,298,504,1
4318.403,293,504,1
4318.504,295,506,0
4318.604,306,505,3
4318.704,288,506,1
4318.804,300,507,3
4318.903,298,507,0
4319.003,299,510,0
4319.104,292,508,2
4319.204,292,506,3
4319.304,300,507,0
4319.405,299,504,3
4319.505,297,504,0
4319.605,287,506,0
4319.704,295,506,1
4319.803,298,505,1
4319.904,296,506,0
4320.005,298,504,4
4320.104,296,502,3
4320.205,279,503,2
4320.304,290,501,3
4320.404,308,506,1
4320.504,292,507,1
4320.604,296,507,1
4320.704,294,504,3
4320.804,299,507,0
4320.904,302,510,0
4321.004,298,509,1
4321.104,293,511,1
4321.205,293,509,4
4321.303,293,509,0
4321.404,302,508,4
4321.504,290,510,0
4321.605,299,506,4
4321.704,302,508,0
4321.804,301,509,0
4321.904,307,509,4
4322.005,294,508,3
4322.104,287,509,0
4322.205,290,506,3
4322.304,289,507,0
4322.404,300,503,4
4322.503,309,508,0
4322.604,296,507,2
4322.703,296,506,2
4322.805,290,502,4
4322.905,294,504,1
4323.006,290,502,3
4323.105,287,502,1
4323.205,295,503,0
4323.305,295,502,3
4323.405,286,499,4
4323.505,303,500,0
4323.604,290,502,0
4323.705,292,501,2
4323.804,296,504,0
4323.905,288,501,6
4324.005,303,501,3
4324.105,292,500,3
4324.205,298,503,0
4324.306,303,504,1
4324.405,298,505,3
4324.506,300,506,2
4324.605,303,508,0
4324.705,293,507,4
4324.804,290,510,0
4324.905,297,507,5
4325.006,301,507,3
4325.107,300,507,1
4325.205,302,508,0
4325.305,307,507,3
4325.406,298,506,1
4325.506,290,505,1
4325.605,298,505,1
4325.706,294,502,4
4325.805,291,504,0
4325.905,294,503,2
4326.006,287,501,2
4326.105,297,502,1
4326.208,289,501,2
4326.307,289,501,1
4326.408,296,500,1
4326.507,288,501,1
4326.607,298,501,1
4326.707,288,502,0
4326.807,294,502,0
4326.907,289,501,2
4327.008,301,502,2
4327.109,299,502,1
4327.21,298,503,1
4327.309,294,501,2
4327.409,299,498,4
4327.508,296,498,2
4327.609,286,498,0
4327.708,290,497,3
4327.808,299,496,3
4327.907,294,495,2
4328.009,297,496,0
4328.108,290,498,1
4328.208,290,496,4
4328.308,306,495,2
4328.409,301,497,1
4328.507,285,498,1
4328.608,296,498,2
4328.709,294,496,2
4328.808,290,493,4
4328.907,293,493,2
4329.009,296,496,0
4329.109,293,496,3
4329.208,300,498,0
4329.308,292,498,2
4329.407,295,498,0
4329.508,291,498,2
4329.607,300,500,0
4329.709,294,497,3
4329.809,298,499,2
4329.908,306,500,1
4330.008,295,501,0
4330.108,288,499,4
4330.208,302,501,2
4330.308,295,502,1
4330.41,303,501,3
4330.509,301,501,2
4330.609,291,501,0
4330.709,298,499,2
4330.809,297,499,2
4330.909,302,498,4
4331.009,294,499,0
4331.109,303,499,1
4331.21,296,501,1
4331.309,299,502,2
4331.409,289,503,0
4331.509,293,497,7
4331.609,297,503,2
4331.709,303,507,0
4331.809,296,506,3
4331.909,304,510,0
4332.01,301,509,3
4332.109,291,509,0
4332.21,302,508,2
4332.31,293,507,2
4332.408,291,508,1
4332.509,293,508,1
4332.609,289,509,0
4332.709,297,510,0
4332.809,287,510,0
4332.91,294,504,6
4333.009,291,504,1
4333.11,294,503,2
4333.209,298,500,3
4333.308,291,502,0
4333.41,286,502,2
4333.509,299,499,3
4333.609,297,499,3
4333.709,292,499,0
4333.809,290,498,1
4333.909,291,500,0
4334.009,292,496,5
4334.109,304,499,0
4334.21,292,500,2
4334.309,301,499,2
4334.41,283,495,4
4334.509,294,496,0
4334.608,287,499,0
4334.709,290,494,5
4334.81,305,491,4
4334.909,298,493,0
4335.009,298,493,3
4335.109,295,490,5
4335.209,285,492,1
4335.31,289,490,3
4335.409,304,489,4
4335.508,296,490,0
4335.61,297,493,0
4335.708,287,495,0
4335.809,294,491,4
4335.91,297,493,0
4336.009,299,497,1
4336.109,294,499,1
4336.209,301,502,0
4336.308,297,504,1
4336.409,289,504,1
4336.509,299,506,0
4336.609,307,505,1
4336.709,298,502,4
4336.809,289,504,1
4336.909,275,505,0
4337.01,288,500,6
4337.11,305,500,4
4337.21,302,500,0
4337.31,281,497,3
4337.411,291,498,0
4337.51,290,496,2
4337.61,312,497,3
4337.709,285,500,0
4337.81,297,503,0
4337.909,296,504,1
4338.01,300,505,2
4338.11,297,505,1
4338.209,303,506,0
4338.309,298,507,1
4338.409,301,509,0
4338.509,294,507,4
4338.609,286,507,0
4338.709,304,503,5
4338.81,302,505,0
4338.909,300,507,0
4339.008,300,506,2
4339.109,294,504,5
4339.21,288,500,5
4339.31,292,498,3
4339.41,297,497,2
4339.508,295,497,0
4339.61,298,497,1
4339.709,300,498,0
4339.809,291,497,2
4339.909,286,495,4
4340.01,287,494,2
4340.109,294,494,1
4340.209,300,493,2
4340.309,292,492,1
4340.409,297,494,0
4340.509,291,497,0
4340.61,302,498,1
4340.709,297,498,3
4340.81,301,494,5
4340.909,303,495,3
4341.009,293,495,3
4341.109,301,493,2
4341.209,305,493,1
4341.309,303,491,3
4341.41,291,490,3
4341.509,299,490,0
4341.61,288,491,3
4341.708,292,494,0
4341.81,288,492,3
4341.909,296,493,1
4342.009,299,493,4
4342.109,296,494,0
4342.209,306,498,2
4342.309,294,498,1
4342.409,290,501,1
4342.509,289,499,3
4342.61,293,501,0
4342.711,303,500,2
4342.81,301,502,1
4342.908,305,503,0
4343.008,298,502,1
4343.109,299,503,0
4343.209,305,502,2
4343.309,295,503,1
4343.41,291,503,1
4343.51,296,501,3
4343.609,289,504,0
4343.709,294,504,1
4343.809,292,505,1
4343.909,298,506,1
4344.009,289,505,2
4344.109,292,507,1
4344.209,309,509,2
4344.309,289,507,2
4344.411,295,507,3
4344.509,294,509,0
4344.609,289,510,0
4344.709,293,504,7
4344.81,302,505,0
4344.91,294,502,3
4345.01,295,502,2
4345.109,298,504,0
4345.21,292,500,5
4345.309,301,502,0
4345.409,297,501,2
4345.509,296,502,2
4345.609,288,502,1
4345.709,296,499,3
4345.809,295,499,1
4345.91,297,502,0
4346.009,297,498,4
4346.109,298,500,0
4346.208,291,501,0
4346.309,286,500,2
4346.408,300,500,2
4346.508,294,500,3
4346.609,301,502,2
4346.709,297,503,1
4346.81,287,501,3
4346.909,296,501,0
4347.009,304,501,2
4347.109,299,500,1
4347.209,297,498,2
4347.31,292,493,5
4347.409,291,494,0
4347.508,281,494,3
4347.609,299,496,1
4347.709,305,496,2
4347.809,305,494,2
4347.909,305,495,0
4348.01,296,495,2
4348.109,299,494,3
4348.208,292,493,1
4348.309,293,493,2
4348.409,299,493,1
4348.509,296,493,1
4348.609,290,493,2
4348.709,284,491,2
4348.809,293,491,1
4348.909,289,491,3
4349.009,300,492,3
4349.109,292,493,0
4349.209,292,494,2
4349.309,287,497,0
4349.409,289,495,2
4349.508,301,497,0
4349.609,298,496,2
4349.709,290,495,2
4349.809,290,495,1
4349.909,301,495,1
4350.01,299,491,5
4350.109,293,492,0
4350.209,301,493,1
4350.309,295,498,0
4350.409,295,502,0
4350.51,292,504,3
4350.61,294,505,0
4350.709,297,506,0
4350.809,294,505,1
4350.909,283,507,0
4351.009,294,507,1
4351.109,297,510,0
4351.209,296,508,5
4351.309,300,511,0
4351.409,299,507,4
4351.509,293,507,1
4351.609,302,506,1
4351.709,300,506,2
4351.809,295,506,0
4351.909,289,508,0
4352.01,287,506,5
4352.109,296,508,0
4352.209,302,507,2
4352.309,285,506,1
4352.409,297,505,3
4352.509,299,502,3
4352.609,294,502,0
4352.71,302,499,3
4352.81,301,499,0
4352.91,296,498,1
4353.009,295,500,0
4353.109,298,501,1
4353.21,303,498,3
4353.309,291,499,0
4353.409,294,493,6
4353.509,301,491,4
4353.609,297,487,5
4353.709,304,488,2
4353.809,301,488,1
4353.909,301,490,1
4354.009,290,486,5
4354.11,291,484,4
4354.21,292,483,3
4354.309,301,486,0
4354.41,296,484,4
4354.509,294,485,0
4354.61,289,483,4
4354.709,296,485,0
4354.81,296,484,2
4354.909,291,485,0
4355.007,309,485,2
4355.109,299,486,1
4355.209,286,486,1
4355.309,291,487,2
4355.41,296,487,2
4355.51,290,487,1
4355.61,292,489,1
4355.71,290,490,0
4355.809,295,491,0
4355.909,301,492,1
4356.009,298,492,0
4356.109,298,492,3
4356.209,303,494,1
4356.309,291,495,0
4356.408,300,497,1
4356.509,299,499,1
4356.609,297,501,2
4356.709,296,501,0
4356.809,290,502,2
4356.909,290,500,2
4357.009,297,498,2
4357.109,294,497,1
4357.209,295,499,2
4357.309,291,499,2
4357.409,292,499,1
4357.509,294,500,2
4357.61,301,500,1
4357.709,288,500,0
4357.809,302,501,1
4357.909,293,501,1
4358.011,295,499,3
4358.109,300,501,0
4358.21,296,499,2
4358.309,294,499,0
4358.41,301,500,1
4358.51,302,499,3
4358.608,299,499,0
4358.71,291,499,2
4358.81,285,494,5
4358.909,291,497,0
4359.009,307,498,1
4359.109,293,499,0
4359.21,295,492,7
4359.309,286,495,0
4359.409,290,493,5
4359.51,298,493,1
4359.609,294,495,0
4359.709,294,495,1
4359.81,287,493,3
4359.909,288,496,0
4360.009,298,498,0
4360.109,287,496,3
4360.21,290,495,2
4360.309,297,496,0
4360.41,297,496,2
4360.51,288,497,1
4360.61,304,500,0
4360.709,303,502,1
4360.811,292,501,3
4360.909,301,503,0
4361.009,298,505,0
4361.109,291,503,3
4361.211,288,502,4
4361.311,293,503,0
4361.411,289,502,2
4361.511,288,504,0
4361.61,305,506,1
4361.71,288,507,0
4361.81,309,505,2
4361.91,290,503,3
4362.011,296,505,1
4362.11,292,503,2
4362.21,304,507,0
4362.31,301,506,2
4362.41,291,503,3
4362.51,307,503,0
4362.609,293,502,2
4362.711,302,501,4
4362.81,296,502,0
4362.91,289,500,3
4363.011,293,502,0
4363.11,301,502,2
4363.211,303,500,3
4363.31,287,498,2
4363.411,303,497,2
4363.51,298,499,0
4363.61,302,497,3
4363.71,304,495,4
4363.811,298,496,0
4363.911,295,495,3
4364.01,293,496,2
4364.111,297,495,3
4364.211,290,498,0
4364.31,296,500,2
4364.409,299,501,0
4364.51,295,501,1
4364.611,306,497,5
4364.71,304,498,0
4364.81,296,498,2
4364.91,288,497,1
4365.011,291,500,1
4365.11,300,498,3
4365.212,302,500,2
4365.311,306,504,1
4365.41,289,505,0
4365.51,308,510,0
4365.61,291,508,2
4365.709,299,509,0
4365.812,296,506,4
4365.911,293,506,2
4366.011,294,506,0
4366.112,293,504,3
4366.211,296,504,0
4366.313,299,504,1
4366.413,296,507,1
4366.513,292,506,2
4366.613,291,506,2
4366.712,280,504,2
4366.813,303,502,3
4366.912,294,500,2
4367.012,299,500,2
4367.112,295,499,1
4367.212,298,499,2
4367.312,302,500,2
4367.412,298,501,0
4367.512,289,501,1
4367.613,283,503,0
4367.712,305,507,1
4367.812,293,506,1
4367.912,289,507,1
4368.011,306,508,0
4368.112,286,505,3
4368.213,293,502,3
4368.312,291,500,3
4368.412,302,502,1
4368.512,281,501,3
4368.612,300,500,3
4368.712,297,504,1
4368.814,302,504,2
4368.912,298,504,1
4369.014,307,506,0
4369.111,289,507,0
4369.212,292,505,4
4369.312,296,505,0
4369.413,298,507,1
4369.513,298,503,4
4369.614,295,498,5
4369.715,285,497,2
4369.812,293,501,0
4369.914,303,503,0
4370.013,292,503,1
4370.113,300,503,2
4370.214,294,506,1
4370.313,291,507,0
4370.414,289,509,1
4370.513,292,510,0
4370.614,288,510,1
4370.714,295,510,3
4370.813,301,510,1
4370.913,290,508,3
4371.013,296,508,3
4371.113,298,507,1
4371.214,298,506,1
4371.314,297,507,0
4371.413,293,508,1
4371.513,302,505,3
4371.613,292,505,1
4371.713,294,501,5
4371.813,297,503,0
4371.913,296,499,4
4372.014,286,500,0
4372.112,303,500,3
4372.214,296,504,0
4372.312,303,504,0
4372.413,294,503,2
4372.513,293,501,3
4372.612,299,502,0
4372.712,310,503,1
4372.813,300,498,5
4372.917,300,501,1
4373.017,295,502,1
4373.116,297,504,2
4373.216,298,507,0
4373.316,299,507,2
4373.416,291,504,4
4373.516,296,502,3
4373.619,287,502,1
4373.718,293,501,2
4373.819,296,498,3
4373.918,288,498,3
4374.018,297,493,5
4374.119,301,496,0
4374.218,299,502,0
4374.318,289,500,2
4374.418,296,497,3
4374.518,291,497,1
4374.619,293,496,2
4374.719,292,496,1
4374.821,293,495,1
4374.92,291,491,4
4375.02,300,491,1
4375.12,301,488,3
4375.22,303,488,4
4375.321,298,489,2
4375.42,290,491,0
4375.519,296,492,1
4375.619,293,491,1
4375.72,294,490,3
4375.82,289,488,2
4375.92,285,490,1
4376.019,296,488,4
4376.12,295,486,5
4376.217,300,484,3
4376.32,294,484,2
4376.419,300,490,0
4376.519,302,490,1
4376.62,291,492,0
4376.72,301,491,1
4376.82,300,491,0
4376.919,295,491,1
4377.02,296,491,1
4377.119,305,493,0
4377.219,299,488,5
4377.319,300,488,1
4377.42,294,488,2
4377.519,283,488,1
4377.62,292,486,2
4377.719,299,486,0
4377.82,291,486,0
4377.919,286,487,0
4378.019,285,488,0
4378.123,297,488,2
4378.22,293,491,0
4378.321,284,488,3
4378.421,293,486,3
4378.521,299,485,4
4378.621,289,485,1
4378.72,295,489,0
4378.822,299,490,1
4378.922,292,489,2
4379.023,284,489,2
4379.122,307,490,2
4379.222,295,494,1
4379.323,295,496,0
4379.422,299,497,3
4379.523,299,497,2
4379.621,297,492,5
4379.723,291,489,3
4379.823,301,494,1
4379.923,295,494,2
4380.023,292,496,1
4380.124,294,497,1
4380.223,299,498,1
4380.321,295,500,1
4380.422,298,501,1
4380.523,301,504,0
4380.622,299,505,1
4380.724,301,507,0
4380.823,297,507,0
4380.922,282,507,1
4381.023,300,507,1
4381.122,297,509,0
4381.223,289,509,1
4381.322,298,510,1
4381.424,293,510,0
4381.523,293,511,1
4381.623,308,512,1
4381.723,303,511,1
4381.823,288,512,1
4381.925,307,514,1
4382.024,304,513,1
4382.123,288,511,2
4382.225,298,508,4
4382.327,299,506,3
4382.425,293,505,3
4382.525,307,502,3
4382.624,296,504,1
4382.723,288,506,0
4382.823,293,506,2
4382.925,301,501,5
4383.024,290,501,1
4383.124,301,503,0
4383.225,292,502,3
4383.324,295,500,3
4383.425,286,498,3
4383.524,298,496,3
4383.625,306,496,2
4383.724,298,498,0
4383.824,304,502,1
4383.925,307,503,2
4384.024,298,504,1
4384.124,295,502,2
4384.226,296,502,2
4384.325,296,503,1
4384.425,295,505,0
4384.525,299,506,1
4384.625,289,505,1
4384.725,300,504,2
4384.826,295,504,2
4384.924,298,507,0
4385.025,306,505,4
4385.124,307,506,1
4385.224,291,512,0
4385.324,289,512,1
4385.425,297,512,2
4385.524,305,514,2
4385.626,293,512,4
4385.724,302,514,1
4385.826,301,513,3
4385.924,292,513,0
4386.025,300,511,3
4386.123,294,511,0
4386.225,302,511,3
4386.325,299,508,4
4386.424,292,508,0
4386.525,293,505,4
4386.624,308,505,0
4386.724,295,504,2
4386.825,304,503,3
4386.926,306,502,3
4387.025,290,504,2
4387.124,299,507,0
4387.225,294,509,0
4387.323,283,508,1
4387.424,297,510,1
4387.524,298,510,1
4387.625,298,509,3
4387.724,295,509,1
4387.825,301,511,1
4387.924,296,511,1
4388.024,301,512,1
4388.123,296,512,2
4388.225,296,505,9
4388.325,302,505,1
4388.426,300,505,2
4388.525,301,506,3
4388.623,294,508,0
4388.724,311,506,3
4388.824,286,505,1
4388.924,300,505,2
4389.026,299,504,2
4389.124,292,504,1
4389.224,307,508,0
4389.325,291,504,4
4389.425,295,505,1
4389.524,298,507,0
4389.624,303,506,2
4389.725,301,508,0
4389.824,297,509,0
4389.923,302,509,2
4390.024,285,505,4
4390.124,292,503,3
4390.225,300,504,0
4390.325,291,504,2
4390.426,302,507,1
4390.524,303,508,0
4390.625,300,508,1
4390.725,299,508,2
4390.824,298,509,0
4390.925,295,506,4
4391.025,305,503,4
4391.125,294,501,2
4391.224,299,504,0
4391.325,298,505,3
4391.424,288,508,1
4391.524,290,507,1
4391.626,293,504,3
4391.725,299,504,4
4391.825,297,504,1
4391.925,286,503,3
4392.025,298,503,0
4392.125,299,505,2
4392.224,312,505,0
4392.323,300,507,1
4392.426,298,506,2
4392.524,286,508,0
4392.624,290,507,2
4392.726,301,502,6
4392.826,285,506,1
4392.925,299,504,3
4393.024,305,506,0
4393.124,288,504,2
4393.224,294,503,2
4393.324,295,502,1
4393.425,301,503,1
4393.524,300,502,2
4393.624,293,501,2
4393.724,289,500,1
4393.824,301,502,0
4393.924,305,499,3
4394.025,295,498,1
4394.124,279,495,3
4394.225,300,492,4
4394.324,292,494,0
4394.425,293,491,6
4394.524,287,496,0
4394.625,295,496,0
4394.723,289,497,0
4394.823,294,500,0
4394.924,296,501,0
4395.024,313,501,0
4395.124,291,501,0
4395.224,301,501,2
4395.324,297,496,6
4395.425,301,498,0
4395.524,290,499,3
4395.624,305,500,0
4395.724,301,501,0
4395.826,299,499,3
4395.924,285,498,2
4396.023,295,498,0
4396.124,294,500,0
4396.225,292,497,5
4396.325,299,495,3
4396.425,289,496,0
4396.524,300,495,3
4396.624,294,495,2
4396.723,290,495,0
4396.824,298,495,0
4396.924,303,495,2
4397.025,287,496,0
4397.123,290,497,0
4397.225,295,500,0
4397.325,299,497,5
4397.425,296,500,0
4397.524,300,501,0
4397.625,308,501,3
4397.723,301,502,0
4397.825,291,500,5
4397.924,296,503,0
4398.024,304,502,2
4398.124,287,501,1
4398.224,300,504,1
4398.324,294,501,4
4398.423,291,501,1
4398.524,292,501,1
4398.624,298,502,1
4398.724,304,503,1
4398.824,293,503,3
4398.924,294,503,1
4399.024,295,505,1
4399.123,303,509,0
4399.224,293,511,0
4399.324,298,514,1
4399.424,298,514,2
4399.524,299,514,1
4399.624,306,514,2
4399.723,305,515,2
4399.825,304,514,3
4399.924,293,514,0
4400.024,303,516,2
4400.124,298,512,4
4400.225,289,512,0
4400.324,299,510,4
4400.426,300,508,3
4400.524,302,512,0
4400.625,292,512,1
4400.725,306,512,3
4400.825,293,514,0
4400.924,301,515,2
4401.022,302,514,2
4401.124,284,515,0
4401.225,302,512,4
4401.324,298,514,0
4401.425,299,514,1
4401.524,299,515,0
4401.625,300,514,3
4401.725,298,512,4
4401.824,283,512,0
4401.925,292,512,2
4402.024,290,512,0
4402.124,296,508,6
4402.223,283,509,0
4402.324,296,510,1
4402.425,300,503,8
4402.524,287,504,0
4402.625,296,502,4
4402.724,294,500,5
4402.825,288,501,0
4402.925,305,501,3
4403.025,302,501,2
4403.124,293,501,0
4403.225,296,504,0
4403.324,293,506,0
4403.426,294,507,1
4403.522,298,507,0
4403.624,293,508,1
4403.724,293,510,0
4403.824,297,509,2
4403.924,282,510,3
4404.024,298,507,5
4404.124,309,509,0
4404.225,304,507,2
4404.325,294,507,3
4404.425,289,508,0
4404.525,291,506,4
4404.626,291,506,2
4404.724,297,508,0
4404.824,293,507,3
4404.924,294,511,1
4405.024,301,512,1
4405.124,292,513,0
4405.224,299,511,3
4405.325,301,511,2
4405.424,300,513,0
4405.524,297,510,4
4405.625,293,510,2
4405.724,294,511,0
4405.825,308,512,4
4405.924,307,512,0
4406.025,297,510,2
4406.124,294,510,0
4406.224,298,508,2
4406.324,300,507,2
4406.424,286,504,4
4406.525,297,504,4
4406.624,301,505,0
4406.724,298,506,0
4406.825,292,503,3
4406.925,304,503,1
4407.026,304,502,2
4407.126,295,503,1
4407.224,288,504,0
4407.324,289,504,1
4407.425,294,502,2
4407.524,300,504,2
4407.625,291,505,2
4407.725,299,504,3
4407.824,292,506,0
4407.924,283,504,2
4408.024,294,503,1
4408.124,292,501,3
4408.225,295,499,4
4408.325,295,501,0
4408.424,289,500,2
4408.525,292,498,4
4408.625,292,501,0
4408.724,305,502,1
4408.826,294,496,7
4408.925,292,498,0
4409.025,301,500,0
4409.124,288,497,3
4409.224,301,499,2
4409.325,295,497,5
4409.424,290,499,0
4409.524,295,501,0
4409.625,297,501,3
4409.724,297,503,0
4409.825,296,502,3
4409.925,296,502,2
4410.025,296,502,1
4410.125,288,501,2
4410.224,298,498,3
4410.325,295,497,2
4410.424,295,498,0
4410.525,294,493,6
4410.625,294,499,0
4410.724,297,500,0
4410.825,300,498,4
4410.925,301,499,1
4411.025,292,498,1
4411.124,303,500,0
4411.224,296,499,3
4411.324,296,501,2
4411.425,293,499,3
4411.524,299,501,0
4411.626,304,500,2
4411.723,304,503,0
4411.824,299,501,2
4411.924,296,503,0
4412.025,299,504,0
4412.124,297,505,1
4412.224,294,505,0
4412.324,308,505,3
4412.424,289,506,1
4412.524,301,506,1
4412.625,292,507,1
4412.725,295,505,2
4412.825,296,505,0
4412.925,289,504,2
4413.025,292,504,1
4413.125,290,505,1
4413.224,298,508,1
4413.325,302,510,1
4413.423,299,510,1
4413.524,294,509,2
4413.626,291,507,2
4413.724,290,508,0
4413.823,297,507,2
4413.924,297,503,4
4414.025,297,502,1
4414.123,292,503,2
4414.224,295,504,0
4414.324,295,506,2
4414.426,301,503,5
4414.524,296,506,0
4414.626,291,506,1
4414.724,293,504,2
4414.824,297,506,0
4414.924,289,508,0
4415.025,289,506,5
4415.123,289,504,3
4415.225,299,504,1
4415.324,296,506,0
4415.425,298,505,4
4415.524,298,508,0
4415.623,294,508,2
4415.725,298,511,2
4415.824,297,512,0
4415.926,290,506,6
4416.025,305,506,0
4416.123,296,510,1
4416.224,297,510,3
4416.325,295,508,2
4416.425,297,504,5
4416.523,297,507,0
4416.624,300,506,2
4416.724,293,507,0
4416.824,297,505,2
4416.924,300,508,0
4417.025,304,509,0
4417.124,291,506,5
4417.224,300,506,0
4417.324,299,505,3
4417.426,305,503,3
4417.524,296,503,2
4417.625,296,504,3
4417.724,292,505,1
4417.824,301,505,2
4417.924,300,507,2
4418.022,287,506,1
4418.124,302,503,4
4418.224,287,503,0
4418.325,295,499,5
4418.424,291,500,0
4418.524,293,502,1
4418.623,304,500,3
4418.725,294,497,3
4418.825,297,492,6
4418.925,297,494,0
4419.025,294,494,0
4419.126,297,491,4
4419.225,291,492,2
4419.324,292,495,0
4419.425,291,496,1
4419.524,300,494,2
4419.625,302,494,0
4419.725,302,493,3
4419.825,287,493,1
4419.926,297,494,1
4420.025,292,496,0
4420.125,298,499,0
4420.225,296,499,2
4420.324,299,501,0
4420.424,297,499,3
4420.525,292,495,6
4420.624,301,496,0
4420.725,305,497,2
4420.824,310,498,0
4420.924,306,498,4
4421.024,303,499,3
4421.126,292,500,1
4421.226,294,497,3
4421.326,296,496,2
4421.425,299,498,0
4421.525,297,498,2
4421.626,298,501,1
4421.725,297,502,0
4421.825,300,503,1
4421.926,298,501,3
4422.025,312,501,0
4422.124,300,503,0
4422.226,297,501,5
4422.324,283,502,0
4422.425,307,499,5
4422.525,295,499,2
4422.625,297,502,0
4422.725,291,502,1
4422.827,306,503,0
4422.925,294,503,0
4423.025,300,500,5
4423.126,299,496,5
4423.225,289,496,0
4423.325,291,493,5
4423.426,294,493,1
4423.526,296,494,1
4423.626,296,495,1
4423.725,293,497,0
4423.825,304,498,3
4423.925,289,499,3
4424.025,303,498,2
4424.126,294,500,0
4424.225,295,500,2
4424.326,300,502,0
4424.426,297,499,4
4424.525,299,501,0
4424.625,296,503,1
4424.725,289,501,2
4424.826,294,498,3
4424.925,299,500,0
4425.026,291,497,4
4425.125,297,498,0
4425.227,301,496,3
4425.326,300,495,2
4425.425,294,496,0
4425.526,290,492,5
4425.625,287,495,0
4425.725,302,497,1
4425.825,299,501,0
4425.925,313,502,2
4426.027,305,505,0
4426.127,294,504,2
4426.228,295,504,0
4426.326,311,505,0
4426.425,301,507,0
4426.526,301,508,1
4426.626,302,507,2
4426.726,296,504,5
4426.826,286,502,2
4426.925,296,502,0
4427.025,295,503,2
4427.126,307,504,2
4427.225,294,505,0
4427.325,286,502,3
4427.426,288,500,2
4427.525,303,500,3
4427.626,305,499,2
4427.726,301,500,0
4427.826,300,501,0
4427.926,290,503,1
4428.026,285,503,0
4428.125,300,504,1
4428.226,309,505,0
4428.326,304,506,0
4428.426,295,507,2
4428.525,295,509,0
4428.626,296,505,4
4428.726,295,504,2
4428.825,303,506,0
4428.926,306,505,3
4429.025,301,506,0
4429.125,305,507,1
4429.225,295,505,2
4429.325,292,505,1
4429.425,292,505,1
4429.525,291,504,2
4429.626,291,504,2
4429.724,304,505,1
4429.827,295,504,2
4429.925,304,505,0
4430.026,293,502,4
4430.125,298,504,0
4430.226,298,502,3
4430.326,295,503,1
4430.425,302,503,0
4430.525,296,504,0
4430.626,295,507,0
4430.725,291,505,2
4430.825,304,505,2
4430.925,296,505,1
4431.025,290,505,2
4431.126,288,505,2
4431.227,293,505,2
4431.325,291,505,0
4431.425,285,504,2
4431.524,293,502,2
4431.626,294,502,0
4431.725,300,503,0
4431.826,292,501,2
4431.924,300,501,0
4432.026,293,496,6
4432.126,291,493,3
4432.226,297,495,0
4432.325,295,497,0
4432.426,293,495,2
4432.523,303,497,0
4432.625,303,502,1
4432.725,294,497,5
4432.825,297,497,0
4432.925,286,499,1
4433.026,294,500,2
4433.125,288,498,4
4433.224,301,496,2
4433.325,297,496,1
4433.428,289,493,3
4433.527,286,493,0
4433.625,295,495,0
4433.725,288,493,4
4433.826,302,493,2
4433.925,294,493,0
4434.026,287,494,2
4434.125,293,496,0
4434.226,295,495,2
4434.325,301,497,1
4434.425,285,498,0
4434.525,291,492,6
4434.625,303,496,0
4434.725,293,496,1
4434.824,294,496,3
4434.925,296,496,1
4435.026,296,498,0
4435.126,304,499,1
4435.226,292,499,1
4435.325,297,499,1
4435.425,303,499,1
4435.525,295,496,4
4435.626,286,494,4
4435.725,297,495,0
4435.824,301,495,2
4435.925,288,495,1
4436.026,296,494,2
4436.125,298,494,1
4436.227,304,494,3
4436.326,298,494,1
4436.427,285,495,0
4436.526,299,493,2
4436.626,285,492,2
4436.726,289,490,3
4436.826,286,491,0
4436.925,291,495,0
4437.026,298,495,0
4437.126,304,491,5
4437.226,307,495,0
4437.325,300,492,3
4437.426,293,490,4
4437.525,296,490,0
4437.625,288,492,0
4437.724,300,492,2
4437.826,305,485,7
4437.926,292,484,2
4438.026,299,485,0
4438.125,292,487,1
4438.228,289,489,2
4438.325,300,491,0
4438.426,297,492,0
4438.525,296,493,0
4438.627,288,491,5
4438.726,289,489,2
4438.825,298,488,4
4438.926,295,489,1
4439.025,303,492,0
4439.125,294,493,0
4439.226,286,494,1
4439.325,303,498,1
4439.426,290,498,0
4439.525,290,498,1
4439.626,293,499,1
4439.726,289,500,0
4439.825,296,500,3
4439.928,296,499,3
4440.028,300,499,0
4440.127,288,496,3
4440.227,298,494,2
4440.327,301,498,0
4440.426,296,502,0
4440.528,284,504,1
4440.627,290,505,1
4440.727,299,503,3
4440.828,285,502,1
4440.927,301,502,2
4441.028,292,501,2
4441.127,296,500,3
4441.227,296,505,0
4441.327,298,500,5
4441.427,292,499,1
4441.528,298,498,2
4441.628,293,501,0
4441.727,296,501,1
4441.827,300,501,2
4441.927,300,499,4
4442.028,294,502,2
4442.128,295,502,1
4442.226,281,504,0
4442.327,299,503,2
4442.427,292,505,0
4442.527,302,505,1
4442.628,297,507,0
4442.727,299,508,0
4442.828,302,507,2
4442.928,292,507,0
4443.028,303,507,2
4443.127,294,505,2
4443.228,290,504,1
4443.328,291,504,1
4443.428,288,502,5
4443.528,308,502,0
4443.628,305,500,5
4443.728,295,500,1
4443.829,299,498,2
4443.929,299,496,2
4444.027,293,496,0
4444.128,301,495,1
4444.228,286,493,2
4444.329,296,493,0
4444.429,301,495,0
4444.53,295,495,1
4444.629,291,493,4
4444.728,292,492,1
4444.828,305,493,3
4444.928,295,492,3
4445.028,295,494,0
4445.128,284,491,3
4445.227,293,491,3
4445.328,294,490,2
4445.429,300,488,5
4445.528,296,490,0
4445.629,303,493,1
4445.728,301,488,5
4445.828,288,489,0
4445.927,291,488,1
4446.029,303,490,4
4446.129,299,495,1
4446.229,306,498,1
4446.329,295,497,1
4446.43,291,493,4
4446.529,296,495,0
4446.628,299,497,0
4446.729,290,497,2
4446.83,295,499,1
4446.929,296,501,0
4447.03,292,505,0
4447.129,294,505,0
4447.229,298,504,1
4447.33,278,503,1
4447.429,291,503,0
4447.53,299,509,1
4447.629,296,511,0
4447.729,299,512,0
4447.829,311,510,3
4447.93,292,511,0
4448.029,295,511,2
4448.129,304,513,0
4448.231,296,512,3
4448.33,305,512,1
4448.43,291,512,2
4448.529,291,512,1
4448.63,299,513,2
4448.729,294,514,0
4448.83,302,514,2
4448.93,302,515,0
4449.03,296,515,2
4449.13,303,514,2
4449.231,295,509,5
4449.331,296,509,1
4449.43,297,510,0
4449.53,293,507,4
4449.63,297,506,1
4449.729,299,509,0
4449.83,298,510,0
4449.929,295,509,2
4450.032,291,506,3
4450.131,292,502,5
4450.232,293,502,3
4450.331,286,503,0
4450.431,288,504,1
4450.531,298,502,3
4450.63,294,498,4
4450.731,294,498,0
4450.83,297,497,2
4450.931,300,499,0
4451.032,299,498,2
4451.13,295,499,1
4451.23,293,499,0
4451.331,294,500,2
4451.431,292,499,1
4451.531,301,501,0
4451.631,285,499,3
4451.732,290,499,0
4451.831,291,499,4
4451.931,295,502,1
4452.03,293,506,0
4452.132,302,502,6
4452.231,285,502,0
4452.331,290,503,1
4452.432,305,503,2
4452.53,288,503,0
4452.632,299,502,4
4452.731,290,500,3
4452.83,292,502,0
4452.931,286,503,1
4453.031,295,504,0
4453.13,296,505,2
4453.231,292,500,5
4453.331,295,498,3
4453.431,293,500,0
4453.531,298,498,2
4453.632,300,495,3
4453.732,301,493,2
4453.831,301,494,1
4453.933,296,492,3
4454.031,293,497,0
4454.131,290,497,2
4454.232,288,499,0
4454.332,286,498,1
4454.431,304,500,0
4454.531,297,501,2
4454.632,300,496,6
4454.731,293,498,0
4454.832,297,495,4
4454.932,286,493,3
4455.031,297,494,1
4455.132,302,497,0
4455.231,294,495,2
4455.33,299,501,0
4455.432,289,503,0
4455.533,289,502,1
4455.631,292,504,0
4455.732,300,502,3
4455.832,288,501,2
4455.932,298,501,1
4456.035,296,502,1
4456.132,293,497,5
4456.234,297,499,0
4456.334,296,498,1
4456.433,290,500,0
4456.533,296,503,1
4456.633,291,501,2
4456.733,300,499,3
4456.834,292,499,0
4456.933,298,499,0
4457.033,302,499,5
4457.133,293,496,5
4457.235,287,497,0
4457.334,304,496,2
4457.435,294,496,0
4457.535,293,495,3
4457.635,301,496,1
4457.734,296,495,1
4457.835,302,498,0
4457.934,298,498,2
4458.033,294,501,2
4458.134,287,501,2
4458.234,295,503,2
4458.335,286,498,5
4458.435,297,499,2
4458.535,302,499,1
4458.634,302,499,1
4458.735,305,499,1
4458.835,290,501,0
4458.934,287,500,2
4459.034,294,504,0
4459.135,298,507,2
4459.235,294,506,3
4459.336,290,505,1
4459.436,294,504,2
4459.535,294,503,5
4459.635,296,503,2
4459.736,291,506,0
4459.836,298,506,0
4459.935,299,506,1
4460.034,300,507,4
4460.136,289,506,2
4460.235,299,507,0
4460.336,296,505,2
4460.436,291,506,0
4460.535,300,507,0
4460.636,292,504,4
4460.735,300,505,1
4460.836,297,501,4
4460.935,293,500,2
4461.035,289,501,1
4461.135,298,501,1
4461.236,291,498,5
4461.335,293,500,0
4461.434,287,501,0
4461.535,297,503,1
4461.637,297,501,4
4461.736,303,503,0
4461.836,301,502,2
4461.935,296,504,0
4462.039,301,502,3
4462.137,287,498,4
4462.236,298,500,1
4462.334,293,503,0
4462.436,293,503,0
4462.534,302,505,1
4462.635,289,505,1
4462.734,292,503,3
4462.835,308,504,1
4462.934,288,505,2
4463.035,297,499,6
4463.135,300,502,0
4463.236,295,495,7
4463.334,299,499,0
4463.435,305,501,0
4463.535,304,504,2
4463.636,290,503,2
4463.736,299,502,2
4463.836,293,503,0
4463.936,303,501,3
4464.035,303,501,0
4464.136,288,499,2
4464.237,291,498,1
4464.335,299,500,0
4464.435,300,503,2
4464.535,294,503,0
4464.635,290,502,2
4464.735,297,502,1
4464.835,293,505,0
4464.936,299,503,3
4465.035,301,505,0
4465.135,292,505,3
4465.236,294,505,1
4465.336,289,503,5
4465.436,307,504,0
4465.536,299,505,1
4465.635,300,506,0
4465.736,295,506,2
4465.836,280,506,1
4465.935,300,504,4
4466.036,300,509,0
4466.135,302,512,0
4466.235,290,512,2
4466.336,286,513,2
4466.436,299,514,2
4466.537,292,510,6
4466.636,285,511,0
4466.735,292,509,3
4466.835,298,510,1
4466.936,290,513,0
4467.036,294,514,2
4467.135,300,516,0
4467.234,300,519,0
4467.336,304,514,6
4467.435,303,515,0
4467.536,290,513,2
4467.634,287,515,0
4467.736,297,512,5
4467.835,302,513,0
4467.935,300,513,1
4468.035,290,514,1
4468.135,302,513,1
4468.236,301,513,1
4468.335,300,513,1
4468.435,301,511,2
4468.535,305,512,1
4468.634,291,511,3
4468.735,304,510,1
4468.836,290,509,3
4468.936,299,507,3
4469.035,292,511,0
4469.134,295,509,3
4469.235,297,507,3
4469.335,296,506,2
4469.436,302,506,2
4469.535,294,504,3
4469.635,290,506,0
4469.737,297,501,6
4469.837,309,502,1
4469.936,297,504,0
4470.036,296,507,2
4470.135,291,505,5
4470.235,305,503,5
4470.335,285,503,0
4470.435,291,505,0
4470.536,300,506,2
4470.635,294,502,7
4470.736,298,502,0
4470.835,290,501,2
4470.935,296,500,1
4471.035,288,500,0
4471.136,303,503,0
4471.235,291,507,0
4471.335,292,511,0
4471.435,295,510,1
4471.535,293,509,4
4471.635,302,509,3
4471.735,296,510,0
4471.836,297,509,1
4471.935,296,510,1
4472.036,300,511,2
4472.135,293,513,0
4472.236,300,513,2
4472.336,292,514,1
4472.436,298,514,0
4472.535,302,511,3
4472.635,306,511,2
4472.735,286,509,3
4472.835,294,508,1
4472.933,293,507,2
4473.036,290,506,1
4473.135,292,503,4
4473.235,303,501,3
4473.335,299,501,3
4473.436,296,499,3
4473.535,296,499,0
4473.635,292,497,2
4473.736,299,495,4
4473.836,293,490,6
4473.935,295,492,0
4474.035,294,496,0
4474.135,298,496,1
4474.235,305,492,5
4474.335,296,488,4
4474.435,293,487,2
4474.535,294,489,0
4474.636,293,487,4
4474.736,309,487,3
4474.835,289,490,0
4474.935,296,492,0
4475.035,296,495,1
4475.135,296,495,1
4475.236,299,496,1
4475.335,292,495,2
4475.435,301,497,1
4475.535,288,499,0
4475.636,300,500,3
4475.737,299,499,2
4475.835,296,501,0
4475.935,292,501,2
4476.036,289,502,0
4476.136,294,502,1
4476.235,292,503,0
4476.335,296,505,1
4476.436,299,502,3
4476.535,295,502,1
4476.637,294,502,1
4476.735,298,505,0
4476.836,292,507,1
4476.936,294,506,2
4477.035,301,506,0
4477.135,302,502,4
4477.236,301,502,1
4477.335,296,503,0
4477.435,298,504,0
4477.535,295,505,0
4477.636,292,504,2
4477.735,299,502,2
4477.836,295,504,3
4477.935,289,505,0
4478.034,297,502,5
4478.134,297,500,3
4478.236,296,499,2
4478.335,303,501,2
4478.436,295,497,4
4478.535,297,498,0
4478.635,289,495,3
4478.735,288,492,3
4478.835,289,492,1
4478.936,296,491,3
4479.035,287,494,0
4479.136,301,497,0
4479.235,293,495,2
4479.335,294,497,0
4479.436,295,497,1
4479.535,302,498,3
4479.636,301,500,1
4479.735,296,498,2
4479.835,300,497,2
4479.935,291,496,3
4480.036,294,499,1
4480.135,296,499,0
4480.235,294,502,0
4480.335,297,502,1
4480.436,294,498,4
4480.536,288,500,0
4480.636,287,501,0
4480.735,293,501,0
4480.836,300,500,2
4480.936,289,497,4
4481.036,295,495,4
4481.136,295,494,1
4481.237,286,496,0
4481.335,305,497,0
4481.437,288,497,2
4481.536,291,499,1
4481.636,297,502,0
4481.736,293,502,0
4481.835,301,502,0
4481.934,289,501,1
4482.035,296,500,1
4482.136,299,497,5
4482.236,296,496,3
4482.336,294,495,2
4482.436,282,498,0
4482.536,294,498,2
4482.635,297,500,0
4482.735,304,499,2
4482.836,293,495,4
4482.935,292,497,0
4483.035,299,497,2
4483.135,293,496,2
4483.236,300,492,5
4483.336,295,493,0
4483.438,286,493,1
4483.539,291,496,1
4483.637,304,495,1
4483.735,302,496,0
4483.835,296,496,1
4483.935,295,496,2
4484.039,296,495,2
4484.138,297,496,0
4484.239,296,495,2
4484.34,295,495,1
4484.439,301,497,1
4484.538,297,496,4
4484.638,294,499,1
4484.739,301,499,2
4484.838,306,499,1
4484.939,296,502,0
4485.038,298,503,0
4485.139,299,503,4
4485.238,301,502,2
4485.338,301,503,1
4485.438,302,501,2
4485.538,295,500,1
4485.638,295,499,2
4485.738,310,500,3
4485.838,287,500,0
4485.938,296,499,1
4486.038,300,499,4
4486.138,296,500,1
4486.238,290,501,0
4486.339,299,502,1
4486.439,296,501,1
4486.539,297,502,0
4486.639,300,503,3
4486.738,298,503,2
4486.838,302,501,4
4486.938,298,502,1
4487.038,294,502,0
4487.139,300,501,3
4487.239,288,502,0
4487.339,299,503,0
4487.439,302,504,0
4487.537,296,502,2
4487.639,295,500,4
4487.738,296,502,0
4487.838,300,502,1
4487.938,302,503,0
4488.038,299,505,2
4488.139,297,504,1
4488.238,302,503,2
4488.338,293,502,1
4488.438,295,506,0
4488.539,296,503,3
4488.639,296,502,2
4488.74,286,501,4
4488.839,310,502,0
4488.939,293,504,0
4489.039,294,505,1
4489.138,295,505,0
4489.239,293,503,3
4489.338,303,505,0
4489.44,291,504,2
4489.539,284,505,0
4489.639,291,505,2
4489.738,292,504,2
4489.84,292,502,4
4489.938,295,503,0
4490.039,296,497,6
4490.138,295,498,0
4490.239,292,499,3
4490.339,294,501,1
4490.439,291,502,1
4490.538,299,499,3
4490.639,298,501,0
4490.739,298,500,2
4490.84,295,500,0
4490.938,300,505,0
4491.039,294,501,4
4491.138,298,502,0
4491.238,289,504,1
4491.339,296,502,2
4491.439,297,504,3
4491.538,304,506,0
4491.64,281,509,0
4491.739,299,511,0
4491.838,302,508,3
4491.938,290,508,0
4492.038,294,507,2
4492.138,295,508,1
4492.239,295,510,0
4492.338,297,513,1
4492.438,291,511,2
4492.538,289,511,1
4492.639,296,510,3
4492.738,286,509,2
4492.838,295,507,2
4492.938,299,507,1
4493.038,293,506,1
4493.138,302,508,1
4493.239,304,511,0
4493.339,292,506,5
4493.439,299,503,4
4493.538,291,502,1
4493.639,295,502,1
4493.738,302,502,2
4493.839,302,502,2
4493.938,290,504,1
4494.037,299,498,7
4494.139,295,498,2
4494.239,290,497,2
4494.338,294,497,0
4494.437,291,500,1
4494.538,288,498,2
4494.638,295,495,4
4494.738,294,494,3
4494.839,293,494,2
4494.938,291,498,0
4495.037,287,500,1
4495.138,299,500,2
4495.239,299,502,1
4495.338,299,503,4
4495.44,297,499,5
4495.54,300,499,1
4495.639,299,502,0
4495.737,293,504,2
4495.84,287,504,2
4495.939,295,503,2
4496.039,289,503,3
4496.137,291,504,0
4496.239,285,504,1
4496.34,294,501,5
4496.439,292,502,0
4496.538,292,502,0
4496.638,295,502,1
4496.739,290,500,4
4496.838,294,501,0
4496.938,300,500,2
4497.041,304,497,3
4497.139,293,498,0
4497.238,296,499,1
4497.338,296,498,2
4497.439,296,498,1
4497.539,291,500,1
4497.639,292,496,4
4497.739,300,497,0
4497.84,301,498,1
4497.94,298,497,3
4498.04,295,496,1
4498.137,297,499,0
4498.239,291,499,1
4498.338,301,498,4
4498.44,296,501,1
4498.539,294,500,3
4498.641,291,498,3
4498.739,295,496,2
4498.839,293,497,0
4498.94,290,494,4
4499.04,295,496,1
4499.139,288,497,2
4499.238,296,498,0
4499.34,284,501,1
4499.44,298,499,3
4499.539,303,500,0
4499.64,301,499,1
4499.74,308,503,1
4499.839,308,503,2
4499.938,295,506,0
4500.039,296,507,0
4500.139,299,506,1
4500.241,292,503,4
4500.339,297,503,1
4500.439,292,504,0
4500.539,292,503,2
4500.64,302,501,3
4500.739,298,501,0
4500.839,298,501,2
4500.939,287,500,2
4501.039,299,501,2
4501.139,296,500,3
4501.24,294,501,1
4501.339,297,502,2
4501.439,296,503,0
4501.539,298,501,3
4501.639,289,503,0
4501.739,294,502,2
4501.839,305,501,1
4501.939,296,500,1
4502.039,302,502,0
4502.14,295,498,7
4502.239,298,501,0
4502.339,300,503,0
4502.44,295,503,0
4502.538,300,503,1
4502.638,297,503,1
4502.739,304,502,2
4502.84,293,494,8
4502.939,297,494,1
4503.039,304,496,0
4503.139,286,497,1
4503.239,290,499,1
4503.34,299,495,6
4503.439,293,497,0
4503.54,305,499,3
4503.639,303,501,0
4503.739,287,500,3
4503.839,291,502,0
4503.939,294,503,1
4504.04,294,497,6
4504.139,291,497,0
4504.24,297,496,3
4504.339,294,496,0
4504.44,297,495,3
4504.539,291,496,0
4504.641,305,493,5
4504.74,298,494,1
4504.839,295,496,0
4504.938,304,498,1
4505.039,289,497,1
4505.14,302,496,1
4505.24,294,492,6
4505.34,298,494,0
4505.44,300,494,0
4505.54,295,494,4
4505.639,290,492,3
4505.74,298,495,2
4505.84,296,496,0
4505.939,297,495,2
4506.04,296,488,7
4506.139,295,491,0
4506.24,310,489,3
4506.34,297,492,0
4506.439,295,490,2
4506.539,293,494,0
4506.639,302,490,6
4506.739,301,493,0
4506.839,308,494,1
4506.938,295,493,1
4507.039,299,495,2
4507.14,288,494,4
4507.239,294,496,0
4507.34,298,499,0
4507.44,299,501,0
4507.539,299,500,2
4507.639,292,500,1
4507.74,291,501,0
4507.841,292,502,1
4507.939,289,499,3
4508.039,306,500,0
4508.139,295,499,2
4508.24,293,501,0
4508.339,293,500,2
4508.439,302,500,2
4508.539,289,501,0
4508.64,301,503,4
4508.739,303,508,0
4508.84,294,505,3
4508.94,293,505,1
4509.039,294,506,0
4509.139,294,506,0
4509.238,295,505,2
4509.34,290,507,0
4509.44,301,504,3
4509.539,300,505,0
4509.64,302,504,4
4509.739,294,507,0
4509.839,288,507,1
4509.94,290,505,3
4510.04,306,502,5
4510.14,288,503,0
4510.24,303,500,4
4510.339,296,500,0
4510.44,300,498,4
4510.538,291,499,0
4510.639,292,499,1
4510.74,297,501,1
4510.839,301,502,0
4510.939,287,500,2
4511.04,308,499,2
4511.139,293,500,0
4511.24,288,501,1
4511.339,305,501,2
4511.441,279,499,3
4511.537,296,502,0
4511.638,295,502,2
4511.739,291,500,3
4511.84,297,498,5
4511.939,290,498,1
4512.039,301,499,1
4512.139,298,499,1
4512.239,295,497,3
4512.339,288,497,0
4512.44,306,496,3
4512.539,297,494,5
4512.639,306,493,2
4512.739,292,492,2
4512.84,298,491,4
4512.938,297,492,0
4513.04,294,493,1
4513.139,287,490,4
4513.24,301,490,2
4513.338,297,494,0
4513.438,293,495,0
4513.54,295,495,1
4513.639,297,502,0
4513.739,296,502,1
4513.839,292,501,3
4513.939,310,504,1
4514.04,297,505,1
4514.139,296,504,3
4514.239,295,504,1
4514.339,297,504,1
4514.44,294,503,2
4514.539,298,499,5
4514.639,296,501,1
4514.74,291,500,1
4514.839,281,500,0
4514.94,296,500,1
4515.039,298,504,0
4515.14,297,504,1
4515.24,297,504,1
4515.339,296,505,0
4515.439,305,507,0
4515.539,297,507,1
4515.641,291,504,6
4515.74,302,507,0
4515.84,310,507,0
4515.938,296,506,1
4516.04,290,506,2
4516.139,295,507,3
4516.239,299,510,0
4516.34,302,509,1
4516.439,292,511,1
4516.539,296,512,0
4516.64,292,509,3
4516.739,307,511,0
4516.84,294,508,3
4516.939,308,509,0
4517.04,294,505,5
4517.139,295,505,1
4517.24,300,500,6
4517.339,288,501,0
4517.439,289,505,0
4517.539,291,506,2
4517.641,289,503,3
4517.74,300,504,0
4517.839,296,507,1
4517.94,298,507,0
4518.039,298,507,2
4518.139,294,507,2
4518.239,293,504,3
4518.34,295,502,3
4518.439,292,503,0
4518.54,298,501,2
4518.64,299,501,0
4518.74,298,502,1
4518.84,287,503,3
4518.938,292,502,2
4519.039,295,502,1
4519.138,292,500,3
4519.238,300,499,2
4519.339,292,498,2
4519.44,286,494,4
4519.539,291,495,0
4519.64,296,494,2
4519.74,298,493,3
4519.84,291,496,0
4519.939,291,495,1
4520.04,299,493,3
4520.138,289,493,0
4520.238,286,493,1
4520.339,300,496,1
4520.441,285,491,5
4520.54,297,490,2
4520.64,296,491,0
4520.74,303,492,1
4520.842,301,488,4
4520.94,295,491,0
4521.041,295,492,3
4521.142,300,494,2
4521.24,302,493,1
4521.34,287,494,0
4521.44,291,495,2
4521.54,292,497,0
4521.64,303,494,3
4521.74,300,496,1
4521.841,292,492,5
4521.942,292,493,1
4522.04,297,493,1
4522.14,291,492,2
4522.241,301,493,0
4522.341,295,494,1
4522.441,291,495,0
4522.54,297,498,0
4522.64,291,502,0
4522.741,298,499,4
4522.841,287,498,2
4522.941,291,499,0
4523.041,302,501,1
4523.14,300,503,2
4523.241,297,505,0
4523.339,304,507,0
4523.44,304,502,6
4523.54,305,504,0
4523.641,299,501,4
4523.74,287,503,0
4523.84,295,503,2
4523.94,292,502,2
4524.04,302,501,1
4524.14,299,497,4
4524.241,298,497,2
4524.34,300,498,0
4524.441,286,498,1
4524.541,297,497,2
4524.643,294,497,3
4524.741,292,497,2
4524.843,299,495,3
4524.941,294,497,0
4525.04,299,498,3
4525.14,294,497,2
4525.241,292,497,1
4525.34,300,498,1
4525.441,304,502,0
4525.539,305,503,1
4525.64,302,502,3
4525.74,285,505,1
4525.84,294,505,1
4525.94,297,507,1
4526.04,299,506,1
4526.14,302,507,2
4526.24,296,508,0
4526.339,299,506,3
4526.442,298,498,10
4526.54,294,502,0
4526.64,305,503,2
4526.74,304,504,1
4526.84,293,502,2
4526.94,310,504,1
4527.04,301,506,1
4527.14,295,508,0
4527.241,288,507,2
4527.34,293,509,0
4527.44,296,512,0
4527.541,295,512,2
4527.64,303,515,0
4527.741,308,515,1
4527.84,294,514,2
4527.94,296,514,1
4528.041,297,511,4
4528.14,296,513,0
4528.24,291,514,1
4528.341,295,508,6
4528.44,295,509,0
4528.541,299,506,4
4528.641,298,506,2
4528.741,295,506,2
4528.841,291,506,2
4528.94,306,507,0
4529.041,296,505,3
4529.14,304,506,0
4529.24,300,507,3
4529.34,299,506,2
4529.44,291,507,0
4529.54,294,507,1
4529.64,289,506,2
4529.74,292,504,3
4529.842,291,503,4
4529.94,294,506,0
4530.039,305,507,3
4530.14,297,509,0
4530.24,297,511,0
4530.34,286,509,2
4530.439,299,508,2
4530.539,291,506,3
4530.642,290,505,3
4530.742,294,509,0
4530.842,293,509,1
4530.943,302,511,0
4531.043,299,510,2
4531.142,300,513,1
4531.242,296,513,2
4531.343,298,512,2
4531.445,290,511,2
4531.542,290,511,1
4531.642,295,513,2
4531.742,309,512,4
4531.843,301,509,3
4531.942,293,507,4
4532.043,303,507,1
4532.142,290,509,1
4532.242,295,507,2
4532.342,300,507,3
4532.443,298,504,4
4532.542,291,504,2
4532.642,296,506,0
4532.743,289,505,3
4532.842,286,506,0
4532.943,300,508,2
4533.043,289,506,3
4533.142,307,507,2
4533.242,305,508,1
4533.343,295,508,1
4533.443,310,508,1
4533.542,293,508,1
4533.643,300,507,1
4533.742,298,508,0
4533.842,288,507,1
4533.943,293,506,2
4534.042,290,505,1
4534.142,300,505,2
4534.242,304,502,3
4534.343,291,501,2
4534.444,290,501,2
4534.543,293,496,5
4534.642,306,500,0
4534.743,297,501,3
4534.842,302,503,0
4534.942,281,501,4
4535.042,297,500,2
4535.143,293,499,2
4535.242,297,500,0
4535.343,298,500,2
4535.442,290,500,0
4535.541,297,500,1
4535.643,283,498,3
4535.743,294,501,0
4535.842,294,501,2
4535.942,298,501,1
4536.042,292,501,0
4536.143,298,498,4
4536.242,294,499,0
4536.342,290,498,1
4536.443,290,500,0
4536.543,307,499,3
4536.642,283,500,0
4536.743,286,496,4
4536.842,295,497,0
4536.942,289,496,1
4537.041,297,498,0
4537.143,302,496,4
4537.243,294,498,1
4537.342,292,500,0
4537.442,302,499,4
4537.542,293,501,1
4537.643,298,498,3
4537.743,292,500,0
4537.843,294,494,7
4537.942,296,495,0
4538.043,291,493,4
4538.142,300,497,0
4538.242,297,495,5
4538.343,292,496,1
4538.443,304,495,2
4538.542,295,495,1
4538.643,303,496,0
4538.743,301,496,1
4538.841,292,496,3
4538.943,299,495,4
4539.044,300,498,0
4539.143,300,501,0
4539.241,295,502,1
4539.342,302,502,1
4539.442,292,502,1
4539.542,299,502,1
4539.642,293,499,3
4539.742,295,499,1
4539.842,294,497,2
4539.942,292,499,1
4540.042,298,498,1
4540.142,295,500,0
4540.243,296,499,2
4540.342,289,501,0
4540.443,291,498,5
4540.543,293,496,3
4540.643,304,497,0
4540.743,293,497,0
4540.842,294,495,3
4540.941,290,493,3
4541.041,293,494,0
4541.143,297,495,4
4541.242,295,496,0
4541.342,308,495,2
4541.442,300,497,2
4541.542,283,497,0
4541.642,308,497,3
4541.742,292,495,2
4541.841,288,495,1
4541.941,291,491,4
4542.044,299,491,1
4542.143,295,489,4
4542.243,295,486,4
4542.343,295,487,1
4542.442,295,489,0
4542.543,302,487,4
4542.643,294,486,1
4542.743,292,487,0
4542.843,292,490,1
4542.943,291,490,4
4543.042,290,491,0
4543.142,297,494,0
4543.243,296,495,1
4543.343,285,491,4
4543.442,298,494,0
4543.542,293,493,2
4543.642,297,496,0
4543.742,299,496,2
4543.842,291,498,1
4543.943,292,496,2
4544.041,293,498,0
4544.142,293,499,1
4544.242,290,501,0
4544.342,297,505,0
4544.442,291,503,3
4544.542,305,501,3
4544.642,298,504,0
4544.743,289,499,5
4544.842,295,498,2
4544.942,283,498,0
4545.043,294,499,0
4545.143,293,501,0
4545.243,300,501,1
4545.343,283,501,0
4545.442,301,500,2
4545.542,305,501,0
4545.643,301,501,2
4545.742,296,503,1
4545.843,294,505,0
4545.942,302,502,4
4546.042,303,502,2
4546.142,304,501,2
4546.243,299,504,0
4546.342,297,502,2
4546.443,291,498,4
4546.542,296,498,0
4546.642,294,497,1
4546.742,290,493,4
4546.844,286,492,2
4546.942,298,494,0
4547.043,302,494,2
4547.143,299,495,1
4547.242,299,496,0
4547.343,300,493,4
4547.442,290,495,0
4547.543,295,494,1
4547.64,306,495,0
4547.743,302,490,7
4547.842,298,490,1
4547.942,292,490,0
4548.043,289,492,0
4548.142,300,494,2
4548.243,291,492,2
4548.342,291,493,1
4548.443,293,491,3
4548.542,294,493,0
4548.642,304,494,3
4548.742,294,494,1
4548.842,294,491,4
4548.942,293,491,2
4549.042,285,489,3
4549.142,301,488,2
4549.242,290,488,1
4549.343,297,488,3
4549.442,300,490,0
4549.542,299,495,0
4549.643,297,496,1
4549.743,297,496,0
4549.843,295,499,0
4549.943,285,501,0
4550.042,295,503,0
4550.143,305,503,1
4550.244,301,503,3
4550.343,293,504,0
4550.442,297,504,1
4550.542,298,502,3
4550.642,290,501,1
4550.742,297,503,0
4550.844,294,502,2
4550.942,302,502,0
4551.043,289,504,0
4551.141,298,503,3
4551.242,294,503,2
4551.342,296,504,0
4551.442,295,504,2
4551.543,286,501,3
4551.643,289,501,2
4551.742,295,501,0
4551.842,290,503,1
4551.942,299,500,4
4552.042,289,496,4
4552.142,291,496,1
4552.243,304,497,1
4552.342,294,499,0
4552.443,289,496,4
4552.542,298,496,0
4552.643,303,497,3
4552.741,293,497,3
4552.842,300,498,2
4552.942,297,500,0
4553.043,289,501,3
4553.142,297,502,0
4553.242,303,501,1
4553.342,298,499,5
4553.444,290,495,5
4553.542,297,496,0
4553.644,306,498,2
4553.742,296,498,0
4553.844,300,499,1
4553.942,304,498,2
4554.043,290,499,0
4554.142,294,496,4
4554.243,282,498,1
4554.342,294,499,0
4554.442,288,498,1
4554.543,288,499,1
4554.643,295,497,2
4554.744,300,494,3
4554.843,298,493,2
4554.942,296,495,0
4555.042,299,493,4
4555.142,298,494,0
4555.245,295,492,4
4555.343,289,493,1
4555.443,296,495,0
4555.543,293,494,2
4555.644,290,490,5
4555.743,294,488,2
4555.843,306,490,1
4555.943,299,493,2
4556.043,295,495,0
4556.144,305,495,3
4556.243,293,494,1
4556.343,309,493,3
4556.444,284,497,0
4556.544,304,499,3
4556.643,305,500,0
4556.743,290,494,6
4556.845,286,494,1
4556.943,301,497,0
4557.044,308,496,2
4557.143,295,493,3
4557.243,292,495,0
4557.343,292,493,4
4557.444,295,496,0
4557.543,307,498,0
4557.644,300,496,4
4557.743,284,496,0
4557.845,296,496,2
4557.943,295,497,1
4558.043,304,496,1
4558.143,297,495,2
4558.243,296,497,0
4558.344,301,495,2
4558.444,302,496,2
4558.543,288,497,0
4558.643,297,499,0
4558.744,301,500,2
4558.844,294,503,2
4558.942,288,504,0
4559.043,291,502,2
4559.144,293,502,2
4559.242,298,504,0
4559.344,297,503,2
4559.444,298,503,0
4559.545,308,498,7
4559.643,293,498,0
4559.744,295,497,2
4559.843,297,502,0
4559.943,308,502,2
4560.043,300,503,2
4560.143,309,504,1
4560.244,294,503,1
4560.343,293,504,0
4560.443,290,502,5
4560.544,302,498,5
4560.643,297,501,0
4560.743,294,501,1
4560.844,301,501,2
4560.944,284,502,2
4561.044,290,505,0
4561.144,298,508,1
4561.245,290,507,1
4561.342,296,508,0
4561.443,296,511,0
4561.543,295,508,5
4561.643,302,508,1
4561.743,299,508,0
4561.842,302,508,3
4561.943,286,507,2
4562.043,305,510,0
4562.143,289,513,0
4562.243,298,509,5
4562.344,297,514,0
4562.444,303,513,1
4562.544,304,510,3
4562.643,292,510,1
4562.743,297,508,2
4562.843,299,507,1
4562.943,291,505,3
4563.044,290,507,3
4563.143,299,509,0
4563.243,302,510,1
4563.343,293,510,1
4563.442,290,508,2
4563.543,290,504,5
4563.642,308,504,2
4563.743,292,504,3
4563.843,297,504,2
4563.943,290,502,2
4564.043,303,503,3
4564.144,305,505,1
4564.243,291,504,2
4564.342,290,504,1
4564.443,298,502,4
4564.544,292,501,4
4564.643,303,501,0
4564.744,292,500,3
4564.842,303,501,0
4564.943,294,500,2
4565.043,306,502,2
4565.144,304,497,8
4565.243,295,500,0
4565.343,299,500,1
4565.444,301,498,3
4565.545,291,497,3
4565.645,290,496,1
4565.744,296,496,1
4565.843,302,498,0
4565.944,306,496,3
4566.044,301,497,0
4566.144,298,492,6
4566.244,285,493,1
4566.344,298,494,1
4566.442,289,496,0
4566.544,297,494,3
4566.643,303,493,1
4566.744,299,494,2
4566.844,292,495,0
4566.943,299,496,0
4567.045,296,495,2
4567.143,298,496,0
4567.243,302,499,2
4567.343,295,498,4
4567.443,291,498,0
4567.543,298,497,2
4567.645,304,495,2
4567.741,297,497,0
4567.841,301,496,3
4567.943,295,496,1
4568.044,302,494,2
4568.144,303,498,0
4568.244,291,494,6
4568.343,298,496,0
4568.443,290,497,1
4568.543,295,496,1
4568.643,297,495,2
4568.743,295,496,0
4568.844,298,494,3
4568.943,295,497,0
4569.043,307,501,1
4569.144,297,500,2
4569.245,304,497,4
4569.343,295,498,0
4569.444,291,496,4
4569.543,295,497,0
4569.643,292,498,2
4569.743,294,499,1
4569.844,288,498,1
4569.943,300,500,1
4570.043,295,501,1
4570.144,295,497,4
4570.243,297,499,0
4570.344,292,493,7
4570.445,290,492,1
4570.544,295,492,1
4570.644,297,494,0
4570.743,290,493,2
4570.844,298,493,1
4570.944,287,494,1
4571.044,304,496,0
4571.143,288,497,2
4571.243,295,494,5
4571.343,288,496,2
4571.444,298,493,6
4571.544,291,495,2
4571.643,307,498,0
4571.744,301,499,2
4571.842,290,499,0
4571.943,301,497,2
4572.043,290,496,1
4572.143,289,495,2
4572.242,298,496,2
4572.344,293,495,4
4572.443,285,496,0
4572.544,295,497,3
4572.643,302,498,0
4572.743,295,496,3
4572.843,296,497,0
4572.944,301,496,2
4573.043,305,499,0
4573.143,290,500,1
4573.243,296,501,1
4573.343,289,503,3
4573.444,306,503,1
4573.544,290,504,0
4573.643,295,504,1
4573.744,297,500,5
4573.844,281,501,0
4573.943,294,500,1
4574.043,305,499,1
4574.144,302,499,3
4574.243,294,499,0
4574.344,295,501,1
4574.445,299,499,3
4574.544,301,500,0
4574.643,293,500,1
4574.743,291,500,2
4574.843,287,499,1
4574.944,300,501,0
4575.043,294,501,0
4575.144,301,502,2
4575.244,297,500,3
4575.342,299,500,0
4575.443,302,498,3
4575.543,296,498,1
4575.643,295,493,6
4575.743,299,493,2
4575.845,294,488,5
4575.945,288,488,3
4576.043,294,490,0
4576.143,300,490,2
4576.243,291,489,1
4576.343,296,488,2
4576.444,304,486,2
4576.543,295,487,2
4576.644,303,488,2
4576.742,280,489,0
4576.843,313,491,1
4576.943,297,490,2
4577.044,299,490,2
4577.143,291,492,0
4577.242,303,493,0
4577.344,290,491,2
4577.444,302,490,2
4577.543,293,490,2
4577.644,291,489,2
4577.743,291,493,0
4577.844,307,492,2
4577.943,306,498,0
4578.044,296,495,4
4578.144,294,496,0
4578.243,304,495,2
4578.343,301,499,1
4578.443,305,499,0
4578.543,301,500,0
4578.643,297,502,0
4578.744,296,500,4
4578.843,289,500,0
4578.943,296,501,0
4579.044,288,500,2
4579.144,297,502,0
4579.243,295,502,0
4579.343,300,503,0
4579.444,297,502,1
4579.544,288,500,4
4579.643,290,500,0
4579.743,292,498,4
4579.844,296,498,1
4579.943,300,499,0
4580.043,287,496,3
4580.143,305,497,0
4580.243,300,494,3
4580.343,291,497,0
4580.443,290,497,1
4580.543,302,497,2
4580.643,304,497,3
4580.743,291,497,0
4580.843,303,495,2
4580.943,293,495,0
4581.043,299,496,2
4581.143,297,494,3
4581.242,294,496,1
4581.343,297,495,2
4581.444,289,497,2
4581.543,307,498,0
4581.643,304,496,2
4581.743,296,499,0
4581.844,284,500,2
4581.943,291,500,0
4582.043,293,501,2
4582.143,295,504,0
4582.242,296,503,2
4582.343,299,505,0
4582.444,298,504,2
4582.543,291,504,0
4582.642,299,503,2
4582.743,308,501,2
4582.843,292,499,2
4582.942,296,501,1
4583.043,284,500,2
4583.144,299,499,4
4583.243,299,500,0
4583.343,295,502,1
4583.444,291,505,1
4583.544,299,505,1
4583.643,293,506,0
4583.744,295,500,7
4583.844,294,500,1
4583.943,300,500,0
4584.044,290,498,3
4584.143,299,500,0
4584.244,306,505,1
4584.343,297,507,0
4584.443,298,508,1
4584.543,288,508,3
4584.643,298,505,3
4584.743,304,508,0
4584.842,305,507,2
4584.943,301,505,3
4585.044,285,504,2
4585.143,298,505,0
4585.244,289,500,5
4585.344,301,500,1
4585.444,295,502,0
4585.544,296,500,4
4585.644,296,501,1
4585.742,297,502,0
4585.844,300,504,3
4585.943,295,502,4
4586.044,293,500,3
4586.142,296,503,0
4586.244,290,502,4
4586.343,306,504,0
4586.444,293,501,3
4586.544,290,505,0
4586.644,293,502,3
4586.743,299,503,0
4586.844,290,504,1
4586.944,298,504,1
4587.044,307,506,0
4587.145,296,503,4
4587.244,293,503,0
4587.343,295,505,2
4587.443,300,504,3
4587.541,304,507,1
4587.644,288,504,3
4587.743,298,504,0
4587.845,291,502,2
4587.943,297,503,0
4588.044,295,503,2
4588.143,288,501,2
4588.243,288,503,0
4588.344,295,502,1
4588.444,304,503,1
4588.545,287,502,3
4588.645,298,502,2
4588.744,292,500,2
4588.845,310,497,4
4588.944,296,499,2
4589.045,292,499,1
4589.145,283,497,3
4589.247,303,499,0
4589.347,299,498,2
4589.447,300,499,1
4589.546,285,499,2
4589.649,300,500,0
4589.747,292,502,2
4589.847,294,501,2
4589.947,293,501,1
4590.047,284,498,4
4590.147,297,499,1
4590.248,294,502,0
4590.347,292,497,6
4590.448,299,496,1
4590.547,302,493,4
4590.647,294,495,1
4590.747,289,495,2
4590.848,298,496,1
4590.947,294,495,1
4591.048,291,492,4
4591.148,295,497,0
4591.248,296,497,2
4591.347,294,497,1
4591.448,297,495,3
4591.547,306,492,3
4591.647,292,492,2
4591.747,297,492,2
4591.846,295,493,1
4591.948,294,493,1
4592.047,289,493,2
4592.148,292,497,1
4592.248,297,494,3
4592.349,298,494,1
4592.447,291,494,0
4592.547,299,488,6
4592.647,302,489,0
4592.748,300,487,5
4592.847,302,490,0
4592.947,295,490,1
4593.048,292,491,2
4593.147,296,494,0
4593.248,295,495,0
4593.347,294,495,2
4593.448,290,498,1
4593.548,297,496,3
4593.648,298,495,3
4593.747,298,495,0
4593.847,301,497,0
4593.947,304,496,2
4594.047,302,497,0
4594.147,302,496,1
4594.248,298,497,0
4594.347,296,495,2
4594.447,307,495,1
4594.548,287,493,3
4594.647,295,495,0
4594.747,296,497,0
4594.847,298,495,2
4594.949,308,498,0
4595.048,309,497,2
4595.149,294,493,4
4595.247,307,498,0
4595.348,303,500,0
4595.448,295,498,3
4595.548,293,496,2
4595.649,291,496,0
4595.747,298,498,0
4595.849,293,495,4
4595.948,296,498,0
4596.048,294,499,0
4596.148,287,497,4
4596.248,296,500,0
4596.348,288,499,3
4596.446,288,500,0
4596.547,295,499,1
4596.649,299,496,4
4596.747,298,498,0
4596.848,291,502,1
4596.947,293,502,0
4597.048,288,503,2
4597.147,297,503,0
4597.247,294,502,1
4597.347,293,502,1
4597.449,292,498,6
4597.547,300,498,0
4597.647,293,498,2
4597.748,287,498,2
4597.848,296,498,2
4597.947,301,502,0
4598.047,300,502,2
4598.147,303,501,2
4598.248,299,494,9
4598.347,305,497,0
4598.448,291,494,3
4598.548,295,495,2
4598.647,296,500,0
4598.747,294,501,0
4598.847,290,499,2
4598.947,292,500,0
4599.048,284,498,2
4599.146,293,498,2
4599.247,298,499,0
4599.347,293,496,4
4599.448,292,493,4
4599.548,294,494,1
4599.648,291,496,0
4599.749,306,493,5
4599.848,297,495,0
4599.947,297,496,3
4600.048,300,496,1
4600.147,292,494,2
4600.248,294,495,0
4600.347,301,496,0
4600.448,291,497,1
4600.547,302,497,1
4600.647,297,499,0
4600.748,292,497,2
4600.849,289,498,3
4600.947,299,502,0
4601.048,297,497,5
4601.147,298,498,0
4601.247,288,497,2
4601.347,298,497,1
4601.448,297,496,2
4601.547,301,497,0
4601.647,303,496,1
4601.748,298,494,3
4601.847,291,497,0
4601.947,299,500,0
4602.048,289,498,2
4602.147,297,498,2
4602.248,297,498,2
4602.347,284,499,0
4602.447,299,501,1
4602.548,300,501,1
4602.646,289,500,2
4602.747,295,501,3
4602.847,282,502,0
4602.947,293,501,1
4603.047,301,504,1
4603.148,308,500,4
4603.249,291,499,1
4603.349,296,498,3
4603.449,298,498,2
4603.549,298,496,3
4603.649,289,498,2
4603.749,296,497,1
4603.849,303,499,0
4603.949,300,497,3
4604.049,288,497,1
4604.148,296,499,1
4604.252,290,500,2
4604.35,298,499,3
4604.449,301,500,1
4604.551,294,501,1
4604.652,300,500,2
4604.751,291,500,1
4604.852,295,497,3
4604.951,304,499,3
4605.053,298,500,1
4605.152,297,499,1
4605.251,295,498,2
4605.35,310,501,1
4605.451,305,501,3
4605.551,296,502,2
4605.65,290,503,1
4605.75,296,502,2
4605.851,307,505,0
4605.951,302,506,1
4606.053,293,508,0
4606.152,302,508,2
4606.251,292,509,0
4606.351,292,508,2
4606.451,292,508,0
4606.552,287,506,2
4606.651,301,508,2
4606.751,303,513,0
4606.852,291,512,1
4606.951,289,512,1
4607.051,289,512,1
4607.152,304,513,2
4607.251,296,514,0
4607.35,300,517,1
4607.452,298,511,7
4607.552,292,508,5
4607.651,293,510,0
4607.751,292,509,2
4607.851,298,508,1
4607.951,290,508,0
4608.052,291,508,3
4608.152,298,507,3
4608.252,287,505,2
4608.35,299,508,0
4608.451,301,508,1
4608.551,304,504,4
4608.652,301,499,6
4608.752,292,500,1
4608.851,309,504,0
4608.95,289,500,4
4609.052,302,497,3
4609.151,294,497,2
4609.252,296,493,4
4609.351,295,496,0
4609.45,297,494,2
4609.551,286,495,1
4609.651,302,499,2
4609.751,299,497,2
4609.85,287,496,3
4609.95,285,496,0
4610.052,293,497,1
4610.151,294,497,0
4610.252,296,497,2
4610.351,288,493,5
4610.451,291,496,0
4610.551,292,497,0
4610.653,295,494,5
4610.754,291,493,2
4610.853,300,495,0
4610.953,291,493,3
4611.053,299,491,3
4611.152,303,492,0
4611.253,294,494,2
4611.352,286,493,2
4611.453,290,496,0
4611.553,287,497,0
4611.654,289,497,1
4611.752,306,497,0
4611.852,291,492,5
4611.953,298,493,0
4612.052,298,494,0
4612.153,293,490,4
4612.253,302,490,0
4612.353,295,489,2
4612.453,297,489,1
4612.552,302,490,0
4612.652,308,491,3
4612.753,296,490,3
4612.852,291,491,1
4612.952,285,492,0
4613.052,299,495,0
4613.153,296,497,2
4613.252,297,498,0
4613.353,283,499,2
4613.452,311,501,2
4613.552,296,503,1
4613.652,308,505,0
4613.753,296,503,4
4613.853,300,502,1
4613.952,308,502,2
4614.052,285,502,2
4614.152,286,504,0
4614.253,289,504,0
4614.352,300,502,3
4614.452,295,503,1
4614.553,290,504,0
4614.652,303,506,0
4614.752,299,507,1
4614.852,295,508,0
4614.952,298,506,2
4615.053,297,503,4
4615.152,295,503,0
4615.253,295,503,1
4615.351,295,504,2
4615.454,292,501,3
4615.552,287,505,0
4615.653,302,502,5
4615.751,296,502,0
4615.853,296,500,3
4615.952,299,501,0
4616.053,295,500,2
4616.152,299,500,0
4616.252,296,497,3
4616.352,298,497,2
4616.454,293,494,5
4616.55,290,497,0
4616.651,292,496,1
4616.752,299,493,4
4616.852,303,495,0
4616.953,296,494,2
4617.051,299,495,0
4617.152,292,494,2
4617.252,301,494,1
4617.351,291,490,4
4617.453,304,489,2
4617.552,303,490,0
4617.653,298,490,2
4617.752,289,494,0
4617.852,298,492,3
4617.953,298,493,0
4618.054,293,494,1
4618.152,294,495,0
4618.253,296,495,0
4618.353,295,496,4
4618.453,291,498,0
4618.553,288,498,2
4618.652,298,500,0
4618.753,298,497,5
4618.853,295,498,0
4618.952,296,497,1
4619.052,285,496,1
4619.152,299,498,1
4619.254,305,496,4
4619.352,294,498,0
4619.453,284,497,1
4619.553,300,497,2
4619.654,293,503,0
4619.753,300,500,3
4619.852,298,500,0
4619.953,294,500,2
4620.053,298,498,2
4620.151,296,499,0
4620.253,302,501,2
4620.352,293,502,1
4620.453,302,503,0
4620.553,283,498,6
4620.653,301,499,0
4620.752,291,497,2
4620.853,298,499,2
4620.952,292,501,0
4621.052,293,501,1
4621.153,285,497,7
4621.253,290,498,0
4621.353,296,501,1
4621.453,307,499,3
4621.553,293,499,2
4621.654,298,497,4
4621.752,298,499,0
4621.853,293,497,2
4621.952,296,499,1
4622.053,294,496,3
4622.152,296,498,0
4622.252,302,501,2
4622.353,294,498,5
4622.451,292,499,0
4622.553,294,501,1
4622.652,298,504,0
4622.753,295,503,3
4622.852,295,506,0
4622.952,290,505,1
4623.052,299,503,2
4623.153,303,502,2
4623.253,303,505,0
4623.351,294,501,4
4623.453,298,502,1
4623.553,287,501,1
4623.654,302,503,1
4623.752,300,503,0
4623.854,287,501,2
4623.953,302,497,4
4624.053,300,496,2
4624.153,296,499,0
4624.253,299,498,2
4624.351,296,498,1
4624.453,303,499,3
4624.553,293,500,2
4624.653,290,500,0
4624.754,287,500,3
4624.853,304,502,0
4624.952,298,501,3
4625.051,298,501,1
4625.153,289,501,3
4625.253,303,500,2
4625.351,293,501,0
4625.453,290,500,2
4625.553,295,503,0
4625.652,294,503,3
4625.753,298,501,3
4625.852,293,500,2
4625.953,296,500,0
4626.053,297,500,1
4626.152,293,501,0
4626.254,289,496,5
4626.351,298,497,0
4626.452,295,498,0
4626.553,294,497,1
4626.653,299,501,0
4626.753,299,498,3
4626.852,298,500,0
4626.952,310,499,1
4627.052,292,493,7
4627.154,299,490,4
4627.252,301,492,0
4627.352,290,493,1
4627.453,290,495,0
4627.552,287,494,3
4627.653,295,495,2
4627.752,289,496,1
4627.852,293,497,1
4627.952,296,497,2
4628.051,305,501,2
4628.152,302,503,2
4628.253,295,501,3
4628.353,294,495,7
4628.452,297,498,0
4628.552,294,498,2
4628.653,298,496,6
4628.753,296,499,0
4628.853,300,499,1
4628.953,295,500,0
4629.051,293,502,1
4629.153,306,499,4
4629.252,287,499,0
4629.354,289,501,1
4629.454,289,502,0
4629.553,291,504,0
4629.653,283,505,1
4629.753,296,506,1
4629.853,282,503,3
4629.953,295,501,3
4630.051,281,503,0
4630.154,299,507,1
4630.252,299,508,1
4630.351,303,508,2
4630.452,294,506,4
4630.552,308,508,0
4630.653,295,510,0
4630.752,297,509,3
4630.853,289,507,3
4630.953,296,505,3
4631.054,298,499,6
4631.153,307,498,5
4631.253,291,501,0
4631.353,296,503,1
4631.453,285,502,3
4631.551,301,503,0
4631.652,296,502,1
4631.754,302,501,4
4631.852,305,503,0
4631.952,303,506,1
4632.052,291,505,2
4632.153,301,506,0
4632.252,294,506,0
4632.354,300,510,1
4632.453,289,506,4
4632.552,301,506,1
4632.653,303,506,3
4632.752,306,508,1
4632.856,291,508,1
4632.953,301,510,0
4633.054,294,508,4
4633.154,295,512,0
4633.254,305,511,4
4633.352,294,510,2
4633.453,305,509,1
4633.554,287,507,2
4633.654,303,506,4
4633.753,301,507,3
4633.854,290,507,1
4633.953,292,509,0
4634.054,289,505,5
4634.153,300,509,0
4634.253,296,507,3
4634.353,301,508,0
4634.453,295,506,2
4634.553,300,503,3
4634.652,294,505,0
4634.753,296,505,1
4634.854,293,500,6
4634.954,292,501,1
4635.054,295,501,1
4635.153,301,502,0
4635.253,296,501,3
4635.353,296,505,0
4635.453,302,503,4
4635.553,290,501,3
4635.654,297,499,3
4635.753,295,496,3
4635.853,303,498,0
4635.953,291,499,1
4636.053,292,498,2
4636.154,302,499,1
4636.253,302,499,3
4636.353,292,495,7
4636.453,299,496,0
4636.553,295,496,1
4636.655,310,497,1
4636.753,295,499,0
4636.853,301,496,4
4636.954,304,492,5
4637.055,292,491,1
4637.153,299,493,0
4637.254,298,492,4
4637.353,289,494,0
4637.454,295,493,2
4637.554,291,492,1
4637.653,293,492,3
4637.753,304,493,0
4637.853,296,495,0
4637.954,299,498,0
4638.054,293,499,1
4638.154,304,498,2
4638.253,302,499,0
4638.353,295,498,3
4638.453,288,496,2
4638.553,306,495,2
4638.655,294,490,6
4638.753,295,494,0
4638.853,302,495,2
4638.954,294,493,4
4639.053,296,493,0
4639.153,292,497,1
4639.254,307,496,3
4639.353,307,498,0
4639.454,298,500,2
4639.553,301,501,0
4639.653,292,501,1
4639.754,286,498,4
4639.855,288,497,2
4639.953,289,498,0
4640.053,293,497,1
4640.153,300,497,0
4640.254,291,497,2
4640.354,297,493,4
4640.454,295,493,0
4640.552,294,496,0
4640.653,294,496,1
4640.753,312,495,2
4640.853,299,494,2
4640.954,294,492,3
4641.053,287,493,1
4641.154,297,492,1
4641.253,288,491,2
4641.354,292,490,3
4641.454,292,492,1
4641.552,291,492,0
4641.653,298,495,0
4641.754,288,494,4
4641.853,303,496,0
4641.952,291,499,0
4642.054,307,496,4
4642.154,296,496,1
4642.254,299,497,0
4642.353,297,496,2
4642.455,301,496,3
4642.553,297,498,0
4642.654,304,500,2
4642.754,297,503,0
4642.853,300,504,1
4642.953,296,502,2
4643.054,289,502,2
4643.152,293,504,0
4643.252,308,503,1
4643.353,291,504,3
4643.454,304,504,2
4643.553,291,501,3
4643.654,304,504,0
4643.754,293,504,1
4643.854,303,503,1
4643.953,304,503,0
4644.054,296,500,5
4644.153,300,501,0
4644.253,286,500,1
4644.353,291,499,1
4644.454,292,499,2
4644.553,284,498,2
4644.653,294,501,0
4644.753,298,497,4
4644.854,296,497,2
4644.953,291,498,1
4645.054,292,499,0
4645.153,291,500,0
4645.254,303,500,1
4645.354,293,500,1
4645.454,293,501,0
4645.553,301,498,4
4645.653,296,496,2
4645.753,294,493,3
4645.854,304,489,5
4645.953,297,489,0
4646.053,295,493,0
4646.155,294,489,5
4646.254,305,488,2
4646.354,294,489,2
4646.454,302,492,0
4646.553,305,491,4
4646.653,288,491,0
4646.753,294,490,3
4646.853,303,490,2
4646.953,294,491,1
4647.053,295,492,0
4647.154,299,492,1
4647.254,291,492,0
4647.354,296,492,0
4647.453,298,494,0
4647.555,295,495,1
4647.654,289,493,2
4647.753,298,495,0
4647.853,296,498,0
4647.954,283,498,2
4648.053,300,500,0
4648.154,291,498,2
4648.253,297,500,0
4648.353,290,500,1
4648.454,300,499,2
4648.552,294,497,3
4648.653,293,500,0
4648.754,296,498,2
4648.854,289,501,0
4648.953,285,501,1
4649.053,295,504,1
4649.153,293,502,3
4649.253,296,502,1
4649.353,293,501,1
4649.454,293,502,0
4649.553,297,501,2
4649.654,283,496,5
4649.754,293,494,4
4649.854,293,496,1
4649.953,287,498,0
4650.053,288,498,3
4650.154,301,498,2
4650.253,300,498,1
4650.353,296,499,0
4650.454,296,499,1
4650.553,302,502,0
4650.653,289,501,3
4650.753,305,502,1
4650.851,295,502,2
4650.953,294,499,3
4651.053,289,499,2
4651.153,295,498,2
4651.253,306,497,3
4651.353,290,496,1
4651.454,294,496,2
4651.553,303,498,1
4651.653,290,499,0
4651.753,295,498,2
4651.854,294,500,0
4651.953,291,501,1
4652.054,292,497,4
4652.154,289,497,1
4652.254,294,497,1
4652.356,295,500,0
4652.455,301,500,1
4652.553,300,503,0
4652.654,298,505,0
4652.753,297,507,0
4652.855,296,505,3
4652.953,297,509,0
4653.053,292,507,2
4653.153,294,505,3
4653.252,292,504,2
4653.353,290,504,2
4653.453,302,502,2
4653.553,303,505,1
4653.653,304,507,2
4653.754,300,507,2
4653.854,297,508,1
4653.954,294,509,1
4654.053,289,513,0
4654.154,291,512,2
4654.254,299,513,2
4654.353,298,514,0
4654.454,304,516,0
4654.554,298,508,9
4654.654,288,508,1
4654.753,302,511,0
4654.854,297,510,2
4654.952,289,510,3
4655.053,298,508,3
4655.153,292,510,1
4655.254,295,506,5
4655.353,297,508,1
4655.454,293,505,3
4655.553,291,505,2
4655.654,299,504,4
4655.753,295,504,1
4655.854,301,505,0
4655.953,290,507,2
4656.053,297,507,1
4656.153,290,505,4
4656.254,293,505,0
4656.353,297,508,0
4656.452,296,507,4
4656.553,290,508,0
4656.653,296,506,4
4656.753,305,504,4
4656.854,290,504,1
4656.953,298,503,3
4657.054,295,502,2
4657.153,298,502,0
4657.254,299,502,3
4657.353,295,502,2
4657.453,291,501,2
4657.553,307,504,2
4657.653,292,507,0
4657.753,301,506,2
4657.853,295,508,1
4657.952,285,507,1
4658.053,293,508,0
4658.152,303,510,2
4658.254,295,507,3
4658.353,293,507,1
4658.453,294,509,1
4658.553,293,507,2
4658.655,294,502,6
4658.754,288,500,3
4658.854,295,500,0
4658.954,292,496,4
4659.055,296,498,3
4659.154,294,498,2
4659.255,303,499,1
4659.354,301,498,1
4659.455,302,498,1
4659.555,293,499,0
4659.654,279,499,1
4659.754,293,497,2
4659.854,307,499,0
4659.954,294,496,4
4660.054,293,498,0
4660.154,287,495,4
4660.254,300,498,0
4660.354,299,495,7
4660.455,287,494,1
4660.554,292,494,1
4660.655,296,494,0
4660.755,292,494,1
4660.855,290,493,1
4660.955,291,494,0
4661.054,300,493,3
4661.154,284,491,3
4661.253,295,493,0
4661.354,297,490,4
4661.455,293,491,2
4661.554,297,491,1
4661.655,292,495,0
4661.754,292,498,1
4661.855,295,492,6
4661.955,287,493,0
4662.054,296,495,0
4662.155,303,488,9
4662.254,296,492,0
4662.355,305,489,5
4662.455,297,494,0
4662.553,304,496,1
4662.656,295,496,1
4662.755,285,496,0
4662.854,291,496,0
4662.955,297,497,2
4663.055,292,495,3
4663.155,292,493,2
4663.254,290,493,0
4663.355,300,487,6
4663.453,292,491,0
4663.555,291,493,1
4663.653,299,493,0
4663.754,286,493,1
4663.854,291,491,3
4663.954,299,491,1
4664.054,300,492,0
4664.154,292,490,2
4664.254,293,489,1
4664.355,292,487,2
4664.454,288,490,0
4664.553,296,491,1
4664.655,300,488,3
4664.754,297,486,3
4664.854,290,483,3
4664.955,298,482,1
4665.054,286,483,0
4665.155,291,483,0
4665.254,293,485,1
4665.354,295,482,3
4665.455,302,485,1
4665.553,292,483,2
4665.653,295,483,1
4665.754,293,485,0
4665.854,294,486,0
4665.955,295,487,0
4666.055,296,485,2
4666.155,300,485,1
4666.254,297,486,0
4666.354,293,486,0
4666.454,291,485,1
4666.555,295,488,0
4666.655,295,486,4
4666.754,285,488,0
4666.854,297,489,0
4666.955,292,487,2
4667.055,287,486,1
4667.154,298,489,0
4667.254,304,490,0
4667.354,301,494,1
4667.454,293,493,1
4667.555,297,488,7
4667.654,295,490,0
4667.754,295,491,1
4667.854,297,491,1
4667.954,296,492,0
4668.054,302,493,0
4668.155,290,497,1
4668.254,298,498,0
4668.352,296,498,2
4668.454,287,497,1
4668.555,297,494,4
4668.654,299,495,1
4668.754,297,496,0
4668.854,287,495,2
4668.955,293,496,0
4669.054,296,498,1
4669.154,294,496,3
4669.255,296,495,4
4669.355,295,494,2
4669.456,304,496,1
4669.554,300,498,0
4669.655,296,500,1
4669.754,304,500,2
4669.854,305,503,2
4669.954,287,501,2
4670.054,301,500,1
4670.155,293,499,4
4670.255,308,502,0
4670.355,295,504,2
4670.454,303,505,0
4670.555,302,505,1
4670.654,310,505,2
4670.755,295,504,2
4670.854,294,505,0
4670.954,284,504,1
4671.054,297,506,1
4671.154,305,507,0
4671.253,297,507,4
4671.353,300,507,2
4671.455,287,508,1
4671.554,304,509,0
4671.655,294,509,2
4671.754,291,509,0
4671.854,290,509,2
4671.954,296,508,2
4672.055,302,508,4
4672.154,293,508,0
4672.255,288,508,2
4672.354,299,507,2
4672.453,296,508,2
4672.555,284,506,2
4672.653,295,508,0
4672.754,288,511,2
4672.854,301,511,2
4672.953,293,510,3
4673.053,302,510,2
4673.153,300,511,0
4673.255,291,510,2
4673.354,298,509,2
4673.455,295,504,5
4673.555,293,505,0
4673.654,300,506,1
4673.755,297,503,3
4673.854,294,502,2
4673.954,300,499,3
4674.054,301,499,0
4674.155,300,494,5
4674.255,293,493,4
4674.354,297,490,3
4674.454,290,491,0
4674.554,296,492,0
4674.655,299,493,1
4674.754,288,496,0
4674.855,295,496,1
4674.953,290,499,0
4675.054,284,498,2
4675.154,297,500,2
4675.254,304,501,2
4675.354,295,501,2
4675.454,296,499,3
4675.554,306,502,0
4675.654,290,500,4
4675.754,294,501,0
4675.855,288,495,6
4675.954,294,493,2
4676.055,286,491,2
4676.155,297,490,1
4676.256,288,489,2
4676.355,296,490,2
4676.455,291,492,0
4676.554,300,490,3
4676.656,289,489,3
4676.754,297,490,0
4676.854,298,491,0
4676.954,304,492,2
4677.054,295,493,1
4677.154,303,492,1
4677.254,294,493,1
4677.354,297,492,3
4677.456,296,493,1
4677.554,290,494,0
4677.655,291,494,3
4677.754,305,493,3
4677.854,302,494,1
4677.955,313,494,3
4678.054,295,494,0
4678.155,303,491,5
4678.254,296,491,0
4678.354,279,490,3
4678.454,299,492,1
4678.555,288,492,3
4678.655,292,493,0
4678.754,300,493,0
4678.855,294,494,2
4678.954,292,496,1
4679.054,297,497,0
4679.155,287,498,0
4679.255,300,497,1
4679.354,303,498,0
4679.455,290,498,1
4679.554,295,496,2
4679.654,293,496,2
4679.754,287,495,1
4679.855,290,492,4
4679.954,295,492,0
4680.054,301,492,3
4680.155,306,493,1
4680.255,293,495,1
4680.354,293,496,0
4680.454,285,499,1
4680.554,305,500,2
4680.654,291,500,1
4680.754,302,500,3
4680.852,291,498,3
4680.953,292,501,1
4681.055,307,502,1
4681.153,292,502,0
4681.255,289,498,5
4681.354,293,499,0
4681.455,290,495,4
4681.554,303,498,0
4681.655,303,494,4
4681.754,289,494,1
4681.854,292,491,3
4681.954,295,487,4
4682.055,294,488,4
4682.155,303,493,0
4682.254,299,494,2
4682.355,296,491,3
4682.453,298,492,0
4682.555,287,492,1
4682.655,294,495,1
4682.753,300,496,0
4682.853,292,496,2
4682.954,295,494,2
4683.053,302,495,1
4683.154,290,495,2
4683.254,295,494,2
4683.352,295,494,2
4683.454,300,493,1
4683.555,298,489,4
4683.655,304,489,2
4683.756,297,489,2
4683.855,280,489,0
4683.955,293,490,1
4684.055,291,491,0
4684.155,291,491,2
4684.254,298,492,0
4684.355,292,490,2
4684.453,292,490,0
4684.554,299,489,1
4684.654,295,490,2
4684.755,292,493,1
4684.855,302,495,0
4684.955,291,495,1
4685.055,300,499,0
4685.154,287,497,2
4685.254,289,496,3
4685.355,292,500,0
4685.454,289,496,5
4685.555,294,497,0
4685.654,296,500,0
4685.755,307,497,5
4685.854,296,495,2
4685.954,296,498,0
4686.055,296,496,2
4686.154,293,497,0
4686.254,296,499,1
4686.354,283,499,0
4686.455,294,501,0
4686.553,290,504,0
4686.653,301,501,4
4686.754,299,505,1
4686.854,294,505,1
4686.955,287,505,0
4687.056,309,506,1
4687.155,301,509,0
4687.253,289,508,2
4687.354,300,507,4
4687.455,305,505,3
4687.555,283,507,0
4687.653,300,513,0
4687.755,298,513,2
4687.853,290,513,3
4687.954,294,512,2
4688.055,299,515,0
4688.155,305,510,6
4688.254,298,511,0
4688.354,288,510,2
4688.454,287,509,1
4688.554,299,510,2
4688.655,292,509,2
4688.754,303,510,0
4688.855,287,509,3
4688.954,292,509,0
4689.054,301,509,2
4689.154,299,508,2
4689.254,298,510,0
4689.355,292,510,1
4689.454,300,512,0
4689.553,299,512,1
4689.654,308,509,4
4689.754,299,511,0
4689.854,284,507,5
4689.953,303,507,0
4690.055,282,508,0
4690.154,284,507,1
4690.254,299,503,4
4690.354,295,506,0
4690.454,291,506,2
4690.554,299,506,0
4690.655,298,501,6
4690.755,302,501,0
4690.854,293,493,8
4690.954,290,493,0
4691.054,283,490,3
4691.154,295,488,3
4691.254,298,488,1
4691.354,288,488,3
4691.455,293,488,1
4691.555,297,489,1
4691.652,296,490,0
4691.754,294,490,2
4691.853,304,490,1
4691.955,304,490,2
4692.055,312,491,2
4692.154,287,492,0
4692.255,296,489,6
4692.355,292,490,0
4692.455,302,489,3
4692.554,305,491,1
4692.654,301,495,0
4692.755,308,490,6
4692.854,297,491,0
4692.955,292,490,2
4693.055,296,493,0
4693.153,303,494,0
4693.254,295,496,0
4693.354,305,496,1
4693.458,297,494,4
4693.558,293,495,0
4693.658,291,496,1
4693.758,290,497,0
4693.857,296,499,1
4693.956,291,499,2
4694.057,299,500,1
4694.156,295,500,0
4694.258,299,499,1
4694.356,300,499,2
4694.457,290,501,1
4694.556,287,500,3
4694.657,302,500,1
4694.757,302,498,3
4694.857,300,501,1
4694.956,299,501,2
4695.057,294,499,2
4695.157,289,500,1
4695.256,285,500,1
4695.357,293,500,2
4695.457,285,501,1
4695.557,291,499,2
4695.657,303,499,1
4695.757,305,500,1
4695.857,297,500,1
4695.958,287,500,1
4696.059,296,497,3
4696.157,291,498,0
4696.257,301,495,3
4696.358,299,495,1
4696.458,296,496,0
4696.555,286,497,1
4696.656,295,497,0
4696.756,293,496,2
4696.856,298,497,2
4696.956,298,499,1
4697.058,300,497,4
4697.156,294,499,0
4697.257,290,499,2
4697.356,301,498,1
4697.455,300,499,1
4697.556,296,498,1
4697.657,294,497,1
4697.756,290,497,1
4697.855,294,500,0
4697.957,293,496,4
4698.057,300,498,0
4698.156,286,496,2
4698.257,299,496,3
4698.356,298,498,0
4698.456,295,499,2
4698.556,292,502,0
4698.658,294,501,4
4698.757,294,501,0
4698.856,302,500,2
4698.957,293,501,1
4699.055,294,504,0
4699.156,303,503,1
4699.256,297,501,2
4699.356,292,504,2
4699.457,292,504,4
4699.556,305,503,4
4699.657,293,503,1
4699.757,283,501,3
4699.857,301,502,1
4699.956,291,504,0
4700.056,296,503,1
4700.157,284,496,8
4700.256,297,498,0
4700.356,296,497,2
4700.455,291,498,0
4700.556,299,497,3
4700.657,304,498,2
4700.756,297,498,1
4700.857,285,495,4
4700.956,295,496,0
4701.056,296,497,0
4701.156,284,501,1
4701.257,298,500,1
4701.356,302,500,1
4701.457,303,500,1
4701.557,295,500,1
4701.657,296,502,0
4701.756,303,501,2
4701.857,296,501,1
4701.957,301,502,0
4702.059,286,499,4
4702.157,294,498,1
4702.258,300,499,0
4702.357,293,496,5
4702.457,301,501,0
4702.557,304,495,7
4702.657,293,498,0
4702.758,299,498,2
4702.857,292,499,0
4702.957,305,497,4
4703.057,305,497,2
4703.157,293,497,0
4703.257,301,496,3
4703.358,295,498,0
4703.457,302,495,3
4703.556,300,496,0
4703.658,296,493,5
4703.758,299,496,0
4703.858,294,494,2
4703.958,291,492,3
4704.057,297,490,2
4704.157,295,488,3
4704.257,298,489,0
4704.357,291,490,3
4704.458,294,491,1
4704.558,293,493,0
4704.659,291,496,2
4704.759,294,497,2
4704.858,285,499,0
4704.959,298,498,1
4705.057,302,498,0
4705.158,298,498,1
4705.258,289,498,0
4705.358,290,496,3
4705.456,304,497,0
4705.557,304,497,5
4705.658,292,496,3
4705.756,285,499,0
4705.857,298,501,1
4705.956,301,504,0
4706.058,295,501,4
4706.158,299,501,1
4706.259,298,504,3
4706.358,288,505,0
4706.459,305,504,3
4706.56,293,504,3
4706.659,299,504,2
4706.759,297,505,1
4706.858,304,508,0
4706.958,302,509,0
4707.058,290,509,1
4707.159,299,511,2
4707.258,284,510,1
4707.358,298,513,1
4707.458,304,514,0
4707.559,295,513,4
4707.658,287,513,0
4707.758,294,512,2
4707.861,312,510,6
4707.959,298,512,0
4708.059,301,510,3
4708.158,281,511,0
4708.26,302,514,1
4708.359,289,513,3
4708.46,302,515,1
4708.559,298,514,3
4708.659,286,515,1
4708.759,293,518,2
4708.859,302,518,2
4708.959,293,519,2
4709.059,296,519,1
4709.159,295,518,1
4709.259,295,519,0
4709.36,293,518,3
4709.46,301,516,3
4709.56,290,516,0
4709.66,296,513,4
4709.759,306,517,0
4709.86,293,512,5
4709.959,296,512,1
4710.059,288,512,1
4710.159,304,512,0
4710.261,290,507,5
4710.359,300,507,4
4710.459,295,507,0
4710.559,301,508,0
4710.66,295,503,5
4710.759,307,505,1
4710.86,298,505,0
4710.959,284,502,6
4711.06,290,501,3
4711.159,280,503,0
4711.259,296,505,0
4711.359,289,504,3
4711.46,294,506,1
4711.559,298,505,1
4711.659,290,506,1
4711.761,304,506,3
4711.861,298,506,2
4711.961,284,505,3
4712.062,299,506,2
4712.161,296,507,1
4712.261,304,505,3
4712.361,291,505,2
4712.462,294,505,2
4712.561,297,505,0
4712.668,296,507,2
4712.763,301,505,3
4712.864,296,507,1
4712.963,303,505,2
4713.063,300,504,2
4713.163,291,503,3
4713.263,293,503,1
4713.364,307,500,5
4713.465,293,500,0
4713.564,290,497,3
4713.664,290,495,2
4713.764,295,495,3
4713.863,296,496,1
4713.964,304,495,2
4714.063,290,495,1
4714.163,301,496,2
4714.265,296,496,1
4714.363,301,496,2
4714.463,294,496,2
4714.563,288,496,0
4714.663,296,497,1
4714.763,297,496,3
4714.863,300,495,4
4714.964,283,495,2
4715.064,303,500,1
4715.163,289,499,1
4715.263,301,502,1
4715.363,292,504,1
4715.463,287,505,0
4715.561,297,506,0
4715.664,301,505,1
4715.764,305,499,7
4715.865,292,497,4
4715.964,293,499,0
4716.065,304,496,6
4716.164,293,497,1
4716.264,306,498,0
4716.364,292,500,0
4716.464,295,499,2
4716.564,293,500,2
4716.664,295,501,0
4716.765,291,497,4
4716.864,302,495,3
4716.964,295,498,0
4717.065,286,499,0
4717.167,293,496,5
4717.268,290,494,2
4717.369,299,492,3
4717.468,304,491,3
4717.568,289,493,0
4717.667,302,491,3
4717.768,298,493,1
4717.868,300,494,3
4717.968,306,494,2
4718.069,288,492,5
4718.167,291,493,1
4718.268,297,494,2
4718.368,289,490,4
4718.469,285,493,1
4718.569,297,495,2
4718.669,298,497,1
4718.769,303,496,1
4718.869,293,497,0
4718.967,294,495,2
4719.07,300,495,1
4719.169,295,495,0
4719.268,297,495,2
4719.369,304,497,3
4719.468,304,497,1
4719.568,304,500,1
4719.669,293,501,1
4719.768,292,501,0
4719.868,303,505,1
4719.968,299,506,0
4720.069,288,506,1
4720.168,295,504,2
4720.269,300,507,1
4720.369,296,508,0
4720.469,299,506,4
4720.569,287,506,2
4720.67,302,511,1
4720.769,290,509,3
4720.87,293,507,3
4720.969,287,506,2
4721.069,297,509,0
4721.168,289,504,6
4721.268,292,505,0
4721.369,298,502,4
4721.468,286,503,0
4721.568,283,502,2
4721.668,294,501,3
4721.768,296,499,3
4721.868,299,500,0
4721.968,294,500,2
4722.069,302,503,0
4722.169,288,502,3
4722.269,287,503,2
4722.369,291,504,0
4722.469,295,498,8
4722.569,291,497,3
4722.669,294,499,0
4722.768,298,499,2
4722.868,293,501,0
4722.968,295,502,2
4723.069,294,499,5
4723.168,294,499,1
4723.269,292,499,1
4723.368,300,499,1
4723.469,291,497,2
4723.569,283,495,2
4723.668,291,494,2
4723.768,299,493,2
4723.869,292,493,2
4723.968,301,491,2
4724.068,297,493,1
4724.168,291,492,2
4724.268,297,492,1
4724.368,296,492,3
4724.467,289,493,2
4724.569,304,492,3
4724.67,298,492,2
4724.769,294,492,1
4724.87,284,493,1
4724.967,291,495,0
4725.068,294,496,0
4725.169,296,499,1
4725.269,290,499,0
4725.368,291,499,2
4725.468,303,500,1
4725.568,300,501,1
4725.668,293,501,3
4725.769,303,496,6
4725.868,293,497,0
4725.968,292,498,1
4726.069,296,496,3
4726.169,288,494,4
4726.268,292,495,0
4726.368,293,493,2
4726.468,306,492,2
4726.568,292,492,0
4726.667,292,491,2
4726.768,303,491,1
4726.868,298,490,2
4726.969,293,490,2
4727.067,299,491,0
4727.168,294,491,1
4727.268,308,492,2
4727.371,301,491,1
4727.468,294,489,4
4727.569,293,490,0
4727.668,294,490,1
4727.768,302,490,2
4727.868,299,490,1
4727.969,296,491,0
4728.069,292,493,0
4728.17,294,491,4
4728.27,297,496,0
4728.369,290,496,1
4728.47,301,497,1
4728.57,291,499,0
4728.672,296,498,2
4728.771,302,498,3
4728.869,296,498,1
4728.968,290,498,0
4729.07,290,496,4
4729.17,298,494,2
4729.269,294,494,0
4729.369,300,493,1
4729.468,295,494,0
4729.569,294,491,4
4729.668,303,491,1
4729.769,306,489,2
4729.869,300,487,2
4729.968,292,487,0
4730.07,300,483,7
4730.169,297,485,1
4730.269,293,485,1
4730.369,297,486,0
4730.468,297,486,2
4730.568,293,487,1
4730.669,293,488,1
4730.767,299,490,0
4730.868,295,493,2
4730.97,289,492,3
4731.07,287,493,1
4731.17,293,494,0
4731.27,294,492,2
4731.369,299,490,3
4731.47,294,490,1
4731.57,284,489,1
4731.67,306,490,2
4731.77,296,491,1
4731.869,296,493,2
4731.97,299,491,5
4732.068,290,493,0
4732.171,303,493,2
4732.269,290,496,0
4732.37,294,494,4
4732.47,292,494,1
4732.57,295,493,2
4732.671,291,493,1
4732.771,295,493,1
4732.869,309,495,0
4732.97,305,495,0
4733.072,299,494,2
4733.171,299,493,2
4733.271,291,491,3
4733.371,301,493,1
4733.472,300,496,0
4733.571,295,502,0
4733.671,298,502,1
4733.77,299,497,5
4733.87,289,495,4
4733.971,294,493,2
4734.07,303,495,0
4734.171,301,495,1
4734.272,298,493,2
4734.37,292,497,1
4734.47,300,499,0
4734.57,298,501,2
4734.671,300,502,2
4734.771,295,501,1
4734.871,299,497,5
4734.969,295,498,0
4735.071,292,494,5
4735.171,301,498,0
4735.271,292,500,1
4735.371,299,499,2
4735.471,297,500,1
4735.571,291,504,0
4735.669,302,506,0
4735.77,309,506,1
4735.871,309,505,6
4735.97,292,507,0
4736.071,289,505,2
4736.17,300,507,1
4736.271,308,508,0
4736.37,306,506,3
4736.47,292,505,2
4736.57,296,504,1
4736.671,298,499,5
4736.77,300,500,1
4736.871,302,498,3
4736.97,307,501,0
4737.069,291,503,0
4737.17,299,504,2
4737.27,299,507,0
4737.37,293,507,0
4737.471,298,503,6
4737.57,305,503,0
4737.671,307,505,2
4737.769,285,503,3
4737.872,298,503,2
4737.971,296,502,2
4738.072,287,501,1
4738.17,300,502,0
4738.27,300,500,4
4738.37,292,500,2
4738.471,297,501,1
4738.571,307,500,2
4738.671,302,495,5
4738.771,310,495,1
4738.871,289,496,0
4738.97,297,493,4
4739.071,300,494,1
4739.17,292,494,2
4739.271,305,495,2
4739.369,294,495,1
4739.47,296,497,0
4739.571,306,498,0
4739.671,292,502,0
4739.77,300,502,1
4739.872,298,499,3
4739.97,293,502,0
4740.07,289,503,1
4740.17,290,505,0
4740.27,297,505,1
4740.371,292,502,3
4740.471,291,502,0
4740.573,305,503,2
4740.672,285,502,3
4740.772,303,501,3
4740.872,299,502,0
4740.974,293,499,4
4741.073,289,500,0
4741.172,294,500,1
4741.273,298,499,2
4741.373,279,499,2
4741.472,293,498,2
4741.574,298,499,1
4741.674,307,499,1
4741.775,284,498,2
4741.872,292,497,1
4741.973,306,498,1
4742.073,287,497,2
4742.174,298,495,2
4742.274,297,499,0
4742.374,298,501,1
4742.474,286,498,3
4742.575,293,497,2
4742.676,288,497,3
4742.774,294,499,1
4742.875,301,499,1
4742.974,300,499,1
4743.075,296,499,1
4743.173,292,496,4
4743.275,297,497,0
4743.372,299,499,0
4743.473,293,501,0
4743.574,291,498,3
4743.674,297,494,4
4743.774,283,492,2
4743.874,305,492,1
4743.973,303,494,0
4744.073,308,496,0
4744.173,303,496,2
4744.274,305,496,2
4744.374,308,498,1
4744.473,300,498,1
4744.573,292,498,0
4744.674,302,496,3
4744.773,294,497,1
4744.872,286,496,1
4744.973,306,498,2
4745.073,308,498,3
4745.173,302,503,1
4745.274,294,505,0
4745.374,288,507,0
4745.474,302,507,1
4745.573,296,509,0
4745.673,296,507,3
4745.773,295,505,3
4745.875,311,504,3
4745.973,295,505,1
4746.073,286,504,1
4746.173,296,504,1
4746.275,297,506,0
4746.373,291,501,5
4746.473,299,502,0
4746.573,287,501,2
4746.673,298,501,1
4746.773,281,502,1
4746.874,290,501,1
4746.973,298,500,2
4747.075,288,500,1
4747.173,299,502,0
4747.273,280,500,2
4747.374,302,501,1
4747.475,301,497,5
4747.574,291,499,0
4747.673,292,501,0
4747.774,289,502,2
4747.875,294,502,2
4747.973,289,502,0
4748.072,303,497,5
4748.173,301,492,6
4748.273,291,486,6
4748.373,293,483,3
4748.474,300,481,3
4748.573,284,480,1
4748.673,298,480,1
4748.774,299,481,2
4748.873,293,482,0
4748.974,298,482,2
4749.074,300,482,3
4749.174,287,480,6
4749.274,301,480,0
4749.374,300,483,0
4749.473,307,489,0
4749.574,295,488,2
4749.673,291,489,0
4749.773,294,488,2
4749.873,302,490,0
4749.974,293,491,1
4750.074,296,492,0
4750.174,286,489,3
4750.274,303,489,1
4750.373,300,492,0
4750.473,300,492,2
4750.574,299,494,1
4750.673,298,495,1
4750.773,300,498,0
4750.874,309,499,1
4750.973,294,501,0
4751.073,291,500,3
4751.174,294,499,1
4751.273,303,502,0
4751.374,293,502,0
4751.474,294,504,0
4751.574,292,504,1
4751.674,292,506,0
4751.774,296,508,0
4751.874,287,506,3
4751.974,302,506,0
4752.074,297,504,2
4752.174,297,503,2
4752.275,293,500,4
4752.373,302,501,0
4752.473,291,500,2
4752.574,300,497,4
4752.674,296,497,1
4752.773,296,500,0
4752.873,301,501,1
4752.972,296,501,4
4753.073,302,505,0
4753.173,298,506,1
4753.275,298,505,2
4753.374,302,506,2
4753.473,289,508,0
4753.572,306,507,2
4753.672,298,506,2
4753.773,285,506,1
4753.874,291,504,4
4753.974,288,505,4
4754.073,301,507,0
4754.173,293,507,1
4754.273,296,507,1
4754.373,294,504,3
4754.474,291,505,0
4754.573,294,506,2
4754.674,300,505,3
4754.773,298,503,2
4754.873,303,502,2
4754.974,295,503,1
4755.074,293,504,0
4755.173,300,508,1
4755.274,303,509,0
4755.373,293,508,3
4755.474,299,506,3
4755.574,295,507,0
4755.674,299,507,1
4755.773,304,510,1
4755.873,292,508,3
4755.974,296,506,4
4756.074,289,505,2
4756.173,293,505,0
4756.273,293,505,2
4756.371,298,505,2
4756.473,292,504,3
4756.573,293,503,3
4756.673,309,503,2
4756.773,292,504,0
4756.874,296,506,0
4756.973,303,503,3
4757.074,299,504,1
4757.174,294,505,0
4757.274,290,503,3
4757.373,293,503,0
4757.474,293,505,0
4757.573,290,504,2
4757.673,295,503,3
4757.773,304,502,1
4757.873,288,504,0
4757.973,299,503,2
4758.075,282,500,3
4758.174,300,497,4
4758.274,300,499,0
4758.373,290,499,1
4758.473,301,500,1
4758.573,290,500,0
4758.673,302,501,1
4758.774,290,498,5
4758.875,298,499,1
4758.973,295,501,0
4759.073,292,505,0
4759.174,297,504,1
4759.274,302,508,1
4759.374,296,507,1
4759.474,291,501,7
4759.573,294,503,0
4759.673,292,501,2
4759.773,290,499,2
4759.873,291,497,3
4759.973,296,497,2
4760.074,283,497,0
4760.174,295,497,1
4760.271,293,496,1
4760.373,296,496,3
4760.473,293,496,1
4760.573,294,495,1
4760.673,296,494,3
4760.773,293,493,1
4760.874,304,491,2
4760.976,296,490,1
4761.074,302,493,0
4761.174,304,493,1
4761.274,301,493,3
4761.374,289,492,3
4761.474,293,492,2
4761.573,301,496,0
4761.673,293,497,0
4761.774,294,497,1
4761.875,299,495,2
4761.974,291,493,4
4762.074,293,488,5
4762.175,298,488,1
4762.276,304,484,6
4762.373,294,485,0
4762.476,284,486,2
4762.576,293,486,1
4762.675,299,487,0
4762.774,290,488,0
4762.875,307,489,2
4762.974,298,490,1
4763.074,292,493,0
4763.174,299,494,0
4763.274,292,493,1
4763.374,302,492,2
4763.474,299,495,1
4763.574,291,496,0
4763.675,297,496,3
4763.775,301,496,2
4763.874,290,496,0
4763.975,289,497,0
4764.075,297,493,6
4764.175,296,494,2
4764.274,296,498,0
4764.375,302,494,6
4764.474,290,495,0
4764.574,292,492,6
4764.675,298,494,0
4764.775,301,496,0
4764.876,297,500,0
4764.976,300,500,1
4765.077,286,501,0
4765.174,293,507,0
4765.274,294,507,2
4765.375,293,505,3
4765.474,299,508,0
4765.574,290,505,3
4765.675,291,504,1
4765.776,295,503,1
4765.875,292,506,0
4765.974,300,506,1
4766.075,288,503,3
4766.175,298,505,0
4766.275,296,505,1
4766.376,299,504,2
4766.474,294,508,0
4766.574,293,504,4
4766.675,292,504,1
4766.776,301,504,3
4766.875,298,503,1
4766.975,294,504,0
4767.075,290,505,0
4767.176,298,501,6
4767.274,292,501,0
4767.375,302,499,2
4767.476,295,496,3
4767.574,294,497,0
4767.676,298,492,6
4767.775,296,496,0
4767.876,300,497,1
4767.978,309,495,3
4768.076,301,500,0
4768.176,283,494,6
4768.277,299,493,2
4768.376,297,494,1
4768.476,293,493,2
4768.575,297,497,0
4768.677,302,497,0
4768.776,296,500,0
4768.877,295,499,2
4768.978,298,498,1
4769.077,297,498,1
4769.177,306,500,1
4769.278,281,500,1
4769.377,297,499,2
4769.477,297,498,1
4769.577,301,499,0
4769.677,292,498,1
4769.777,290,497,2
4769.877,300,499,0
4769.978,295,498,2
4770.077,293,498,2
4770.178,289,499,1
4770.279,290,503,0
4770.378,295,504,2
4770.478,298,507,0
4770.579,299,507,2
4770.678,292,507,0
4770.778,293,503,5
4770.878,294,502,2
4770.978,286,502,0
4771.078,303,500,3
4771.178,303,504,0
4771.278,287,503,4
4771.377,299,503,1
4771.477,290,502,2
4771.578,295,502,4
4771.677,291,504,0
4771.778,296,501,5
4771.877,304,502,0
4771.977,299,504,1
4772.078,297,505,1
4772.178,289,504,2
4772.278,300,504,0
4772.378,304,502,2
4772.478,301,503,2
4772.577,287,504,0
4772.678,296,505,1
4772.777,302,507,0
4772.878,295,506,1
4772.977,304,509,0
4773.078,294,506,3
4773.176,298,508,0
4773.278,290,510,0
4773.376,294,513,0
4773.477,289,510,4
4773.577,304,507,4
4773.678,301,506,4
4773.777,291,507,2
4773.877,293,502,5
4773.977,301,502,1
4774.078,299,500,2
4774.18,305,498,4
4774.278,294,500,0
4774.377,307,502,3
4774.478,293,503,0
4774.577,289,505,0
4774.678,296,501,6
4774.778,287,504,0
4774.878,295,503,3
4774.976,300,504,0
4775.078,294,500,4
4775.177,296,504,1
4775.278,297,505,2
4775.377,292,506,1
4775.477,298,504,3
4775.578,299,501,5
4775.677,300,503,0
4775.777,289,502,2
4775.877,304,501,2
4775.977,294,505,0
4776.079,297,505,4
4776.178,288,505,0
4776.278,299,506,0
4776.379,286,500,6
4776.479,297,501,1
4776.579,307,499,4
4776.679,290,497,3
4776.779,294,495,3
4776.879,295,496,0
4776.978,299,498,0
4777.078,301,499,0
4777.179,308,502,1
4777.279,291,499,3
4777.381,300,496,3
4777.482,298,495,1
4777.58,293,495,2
4777.681,301,495,2
4777.781,290,494,3
4777.88,291,496,1
4777.981,298,494,3
4778.081,299,494,1
4778.18,303,496,2
4778.281,291,496,2
4778.381,292,496,1
4778.481,295,498,0
4778.581,290,497,3
4778.681,288,497,1
4778.78,298,497,1
4778.881,288,496,1
4778.98,303,494,3
4779.081,295,492,2
4779.181,302,490,2
4779.28,294,491,1
4779.382,299,494,0
4779.481,313,495,1
4779.58,298,494,3
4779.681,297,494,1
4779.78,298,497,0
4779.881,294,497,1
4779.981,293,496,3
4780.08,298,497,0
4780.18,287,494,5
4780.282,305,496,2
4780.379,299,499,0
4780.481,304,498,2
4780.582,294,499,1
4780.681,295,502,0
4780.782,296,499,4
4780.882,290,497,3
4780.985,288,497,1
4781.081,290,498,0
4781.181,307,495,4
4781.282,304,497,2
4781.382,297,495,3
4781.481,293,497,0
4781.581,306,496,1
4781.682,289,494,3
4781.781,298,492,3
4781.882,286,491,1
4781.982,295,491,1
4782.083,302,490,2
4782.181,290,493,0
4782.282,291,492,2
4782.383,292,494,1
4782.481,284,494,0
4782.581,298,489,8
4782.682,305,489,2
4782.781,297,488,2
4782.882,299,490,0
4782.979,295,493,0
4783.081,295,488,5
4783.182,305,488,2
4783.282,289,489,0
4783.381,293,486,5
4783.481,303,488,0
4783.584,299,488,2
4783.683,287,489,1
4783.782,296,491,0
4783.883,300,494,1
4783.983,298,494,0
4784.084,293,494,2
4784.182,294,496,0
4784.282,294,497,0
4784.383,295,498,2
4784.482,293,497,2
4784.582,306,500,1
4784.682,294,500,0
4784.782,278,500,0
4784.882,290,502,0
4784.983,300,502,1
4785.083,299,505,0
4785.181,307,506,3
4785.282,296,506,1
4785.384,299,504,3
4785.483,298,504,1
4785.582,288,503,3
4785.683,292,502,2
4785.782,299,501,1
4785.882,297,502,0
4785.982,299,500,3
4786.082,302,501,0
4786.182,296,502,0
4786.282,290,503,0
4786.383,286,501,3
4786.482,294,503,2
4786.581,305,504,0
4786.681,299,504,1
4786.781,287,502,4
4786.883,292,501,1
4786.982,294,503,0
4787.082,294,503,0
4787.181,298,505,2
4787.283,288,508,0
4787.382,298,510,0
4787.482,298,510,1
4787.581,295,510,1
4787.684,295,505,5
4787.782,292,509,0
4787.883,291,509,2
4787.984,287,508,1
4788.083,295,511,0
4788.183,293,504,7
4788.283,304,501,4
4788.385,287,498,4
4788.484,308,499,1
4788.583,295,498,3
4788.683,299,499,0
4788.783,293,500,1
4788.883,285,497,3
4788.983,293,499,2
4789.081,291,499,0
4789.184,291,498,2
4789.285,295,498,2
4789.383,302,499,0
4789.483,299,497,4
4789.582,293,497,1
4789.684,294,496,3
4789.783,296,497,2
4789.883,292,499,0
4789.982,297,500,0
4790.083,294,498,4
4790.184,297,497,2
4790.284,292,500,1
4790.382,297,503,0
4790.484,292,503,4
4790.583,294,504,0
4790.683,300,506,0
4790.782,292,508,0
4790.884,295,503,7
4790.982,299,507,0
4791.083,296,507,2
4791.182,282,505,4
4791.285,304,504,3
4791.383,296,504,0
4791.483,299,505,0
4791.582,293,505,2
4791.683,290,505,1
4791.783,301,504,1
4791.883,286,504,1
4791.982,292,502,2
4792.084,288,499,4
4792.184,294,502,0
4792.283,294,501,2
4792.386,288,500,3
4792.484,296,499,1
4792.583,290,500,0
4792.682,293,502,0
4792.782,302,503,1
4792.884,300,498,5
4792.982,292,499,0
4793.083,295,498,1
4793.182,290,497,2
4793.282,294,497,1
4793.384,301,495,3
4793.486,294,492,3
4793.582,300,495,0
4793.682,303,499,1
4793.785,287,497,4
4793.884,290,498,0
4793.985,294,499,2
4794.086,283,500,1
4794.184,293,502,1
4794.284,299,505,0
4794.384,299,500,5
4794.485,296,500,1
4794.584,293,501,0
4794.684,293,500,1
4794.785,299,500,1
4794.885,297,499,3
4794.984,291,499,0
4795.085,301,498,2
4795.184,295,500,0
4795.284,297,498,2
4795.386,287,499,0
4795.485,286,496,5
4795.585,309,497,0
4795.685,295,498,1
4795.785,294,497,2
4795.886,293,494,3
4795.986,299,493,1
4796.086,301,496,0
4796.187,299,495,2
4796.286,291,498,0
4796.385,307,499,2
4796.485,298,503,0
4796.585,294,501,4
4796.686,302,502,2
4796.786,297,502,3
4796.886,291,503,1
4796.985,304,503,0
4797.086,289,500,3
4797.186,301,497,4
4797.286,293,493,5
4797.387,294,492,2
4797.486,297,495,0
4797.585,292,495,1
4797.686,296,496,0
4797.785,291,498,0
4797.886,297,503,2
4797.985,298,503,1
4798.084,291,504,0
4798.186,295,506,1
4798.286,301,507,0
4798.385,296,512,0
4798.488,297,508,6
4798.585,311,508,0
4798.686,297,507,2
4798.785,300,507,0
4798.886,298,505,2
4798.988,299,505,2
4799.088,295,504,3
4799.187,301,505,0
4799.287,290,507,2
4799.387,294,505,3
4799.487,294,504,1
4799.587,287,503,2
4799.686,299,504,0
4799.786,301,504,1
4799.885,293,500,4
4799.986,296,499,1
4800.088,286,500,1
4800.185,301,500,0
4800.285,297,501,1
4800.388,287,503,1
4800.486,289,508,0
4800.588,284,507,3
4800.687,297,507,1
4800.787,302,505,3
4800.887,300,499,6
4800.987,295,499,1
4801.088,295,499,2
4801.187,301,499,4
4801.288,294,499,1
4801.388,308,497,4
4801.487,290,498,0
4801.588,290,499,5
4801.688,309,498,2
4801.787,299,501,0
4801.887,302,502,1
4801.987,306,504,0
4802.088,310,505,2
4802.186,302,507,1
4802.288,304,501,7
4802.388,296,502,1
4802.489,297,503,1
4802.588,288,502,3
4802.687,300,505,1
4802.787,295,505,2
4802.888,294,504,1
4802.988,290,504,0
4803.087,310,506,0
4803.187,302,502,4
4803.288,293,503,1
4803.387,292,504,0
4803.488,291,504,3
4803.587,297,507,0
4803.687,299,508,1
4803.787,305,510,2
4803.889,293,508,2
4803.988,291,510,0
4804.089,294,509,2
4804.187,292,509,0
4804.289,293,506,3
4804.388,289,506,0
4804.488,293,505,3
4804.588,295,506,0
4804.688,294,504,3
4804.786,304,503,1
4804.888,303,503,2
4804.987,305,505,0
4805.087,309,507,0
4805.188,288,502,7
4805.286,291,503,0
4805.388,294,501,4
4805.489,295,501,1
4805.588,291,504,1
4805.688,296,503,3
4805.787,294,505,0
4805.888,301,504,1
4805.988,298,503,2
4806.086,295,505,0
4806.188,303,501,6
4806.289,294,499,2
4806.387,291,500,0
4806.488,293,503,0
4806.588,286,502,3
4806.689,276,499,3
4806.787,287,499,0
4806.888,295,497,4
4806.987,294,498,1
4807.087,288,500,2
4807.188,291,498,2
4807.288,298,498,0
4807.388,293,500,0
4807.488,290,501,1
4807.587,287,498,3
4807.688,299,501,1
4807.788,304,499,3
4807.887,297,500,0
4807.987,304,502,3
4808.088,306,498,5
4808.188,306,500,0
4808.288,292,500,3
4808.387,301,501,0
4808.489,292,501,3
4808.588,295,503,1
4808.688,293,504,3
4808.787,291,505,1
4808.888,302,501,5
4808.987,295,501,1
4809.087,289,499,7
4809.188,292,501,0
4809.288,298,501,1
4809.389,290,500,2
4809.489,298,501,2
4809.589,283,503,2
4809.689,288,504,0
4809.789,285,505,2
4809.889,296,504,3
4809.989,300,505,3
4810.088,294,506,0
4810.189,298,507,0
4810.287,296,511,0
4810.389,296,512,2
4810.489,301,510,3
4810.588,302,512,0
4810.689,290,512,2
4810.788,296,512,0
4810.889,304,511,3
4810.988,296,511,3
4811.089,306,511,2
4811.188,297,512,0
4811.29,299,510,4
4811.39,295,513,2
4811.49,296,512,2
4811.591,293,510,4
4811.691,292,510,2
4811.79,291,510,2
4811.89,296,509,1
4811.99,295,508,2
4812.091,292,507,3
4812.19,298,507,3
4812.291,303,508,1
4812.391,291,507,2
4812.491,311,506,3
4812.591,289,504,3
4812.69,297,505,1
4812.791,300,508,1
4812.89,300,508,2
4812.991,284,508,2
4813.09,284,507,1
4813.191,299,505,2
4813.29,299,503,3
4813.39,298,501,2
4813.491,300,502,0
4813.592,296,504,1
4813.691,295,507,0
4813.791,297,510,1
4813.89,293,510,4
4813.992,297,507,3
4814.091,291,506,1
4814.191,294,505,2
4814.289,301,505,0
4814.391,293,501,6
4814.491,288,500,2
4814.591,292,501,0
4814.692,297,500,3
4814.791,290,501,2
4814.891,299,501,2
4814.992,301,501,2
4815.092,290,500,3
4815.191,294,499,4
4815.292,296,499,3
4815.392,296,499,0
4815.491,298,501,0
4815.593,311,500,2
4815.692,310,499,2
4815.792,292,498,3
4815.891,297,498,1
4815.993,283,498,0
4816.094,299,500,0
4816.193,296,500,0
4816.293,299,501,0
4816.394,304,502,1
4816.493,292,504,1
4816.593,299,502,2
4816.693,298,499,3
4816.793,297,497,3
4816.892,291,494,3
4816.993,290,496,0
4817.092,303,495,2
4817.193,306,491,5
4817.294,297,493,1
4817.393,302,492,2
4817.492,296,498,1
4817.592,296,500,1
4817.692,296,503,0
4817.793,298,503,2
4817.891,296,506,0
4817.993,290,503,4
4818.091,287,504,0
4818.192,309,501,3
4818.293,299,498,3
4818.392,291,499,0
4818.493,295,499,0
4818.591,310,501,0
4818.691,296,502,0
4818.793,293,500,3
4818.892,297,503,0
4818.993,300,505,0
4819.094,298,506,0
4819.193,291,507,0
4819.292,288,507,1
4819.393,290,508,1
4819.491,298,505,3
4819.593,304,505,1
4819.692,299,505,1
4819.793,295,504,1
4819.892,297,501,4
4819.993,296,502,1
4820.093,291,499,4
4820.193,298,500,0
4820.293,291,501,3
4820.393,311,500,3
4820.492,293,502,1
4820.593,298,499,4
4820.691,303,500,0
4820.793,302,499,2
4820.892,290,496,5
4820.993,295,501,0
4821.092,294,500,2
4821.193,311,501,0
4821.292,294,503,0
4821.392,303,505,1
4821.492,298,504,1
4821.592,294,501,4
4821.693,289,503,0
4821.794,299,504,1
4821.891,300,506,0
4821.993,304,505,3
4822.092,291,504,2
4822.193,290,503,2
4822.293,299,503,1
4822.394,296,502,3
4822.492,287,502,0
4822.592,292,502,0
4822.692,304,500,3
4822.791,284,497,3
4822.893,294,497,3
4822.992,299,498,0
4823.093,298,497,1
4823.192,295,497,2
4823.293,300,498,2
4823.393,302,498,1
4823.492,308,498,3
4823.592,299,496,2
4823.692,289,492,4
4823.792,290,492,0
4823.893,307,492,2
4823.991,296,495,0
4824.093,294,492,4
4824.191,291,493,0
4824.293,294,491,2
4824.392,294,494,0
4824.494,298,492,4
4824.59,295,494,0
4824.691,293,492,3
4824.793,290,494,3
4824.893,293,494,2
4824.992,287,497,0
4825.093,304,497,2
4825.193,299,498,0
4825.293,297,496,2
4825.392,304,498,0
4825.493,309,499,3
4825.592,293,499,0
4825.692,292,498,1
4825.791,289,499,2
4825.893,302,500,1
4825.993,290,497,3
4826.092,305,500,0
4826.192,289,501,0
4826.293,304,502,2
4826.394,306,504,1
4826.493,305,504,3
4826.593,290,506,1
4826.694,300,505,3
4826.793,296,507,0
4826.893,297,508,0
4826.994,303,506,3
4827.093,298,509,0
4827.194,293,508,2
4827.293,303,509,0
4827.393,298,507,3
4827.493,291,508,0
4827.595,298,509,0
4827.693,296,506,3
4827.794,299,505,2
4827.894,293,503,3
4827.994,306,506,3
4828.093,295,510,0
4828.193,302,512,2
4828.293,292,513,2
4828.394,294,512,3
4828.493,299,512,0
4828.594,302,508,5
4828.693,298,508,1
4828.794,301,508,1
4828.892,293,509,0
4828.992,287,507,2
4829.094,291,506,1
4829.193,293,505,1
4829.293,296,507,0
4829.393,281,506,1
4829.493,297,503,3
4829.593,297,505,2
4829.693,290,502,3
4829.795,298,502,2
4829.894,293,500,3
4829.994,294,500,0
4830.093,299,497,3
4830.194,299,496,3
4830.293,298,496,1
4830.394,300,495,2
4830.494,298,496,0
4830.592,300,496,0
4830.694,304,497,0
4830.794,294,499,0
4830.894,297,498,1
4830.994,295,497,1
4831.094,298,489,9
4831.195,297,486,4
4831.293,294,487,0
4831.394,281,487,1
4831.492,297,488,1
4831.594,300,490,0
4831.694,294,487,6
4831.794,302,491,0
4831.893,293,490,2
4831.995,296,489,1
4832.094,297,490,0
4832.193,297,489,3
4832.292,297,490,0
4832.394,299,491,3
4832.493,299,495,0
4832.592,292,496,0
4832.694,300,496,2
4832.794,309,498,0
4832.894,295,500,0
4832.994,299,500,1
4833.093,295,503,0
4833.192,302,501,2
4833.293,301,502,1
4833.393,290,501,2
4833.493,289,502,1
4833.594,293,504,2
4833.693,288,506,0
4833.793,294,504,2
4833.893,292,503,2
4833.995,302,503,2
4834.093,305,504,0
4834.193,303,502,2
4834.293,293,503,0
4834.393,297,504,1
4834.493,288,502,4
4834.592,313,503,0
4834.693,295,500,3
4834.794,293,499,2
4834.893,291,496,4
4834.994,299,497,1
4835.094,294,499,1
4835.194,295,500,1
4835.292,298,503,0
4835.393,281,504,0
4835.491,283,501,3
4835.593,299,502,1
4835.694,304,503,0
4835.794,299,505,1
4835.893,305,503,2
4835.993,300,502,1
4836.092,297,502,1
4836.192,295,502,1
4836.292,282,503,1
4836.395,293,501,5
4836.493,294,502,0
4836.595,290,494,10
4836.694,289,493,2
4836.793,293,494,0
4836.893,303,493,2
4836.993,300,493,1
4837.093,297,493,2
4837.193,283,494,1
4837.293,303,493,2
4837.393,296,493,2
4837.494,289,490,4
4837.594,292,492,1
4837.693,302,492,0
4837.793,302,493,0
4837.892,296,492,1
4837.994,291,495,0
4838.094,299,495,1
4838.194,300,492,3
4838.293,302,492,3
4838.394,289,493,2
4838.493,301,493,2
4838.592,291,494,0
4838.693,290,497,0
4838.795,298,493,4
4838.894,289,494,1
4838.995,291,494,0
4839.094,294,495,1
4839.194,295,495,2
4839.294,293,496,1
4839.394,298,496,0
4839.494,300,490,6
4839.594,311,493,0
4839.693,300,493,1
4839.794,292,494,3
4839.894,292,495,2
4839.994,302,495,2
4840.094,307,496,1
4840.194,295,497,2
4840.294,294,497,1
4840.394,304,496,2
4840.494,292,499,0
4840.596,294,499,3
4840.695,297,499,0
4840.796,297,498,2
4840.995,296,496,3
4841.094,309,499,0
4841.194,292,501,1
4841.294,296,498,3
4841.393,298,500,0
4841.494,299,497,5
4841.593,297,497,2
4841.693,297,499,0
4841.795,290,498,2
4841.894,297,499,1
4841.993,304,499,2
4842.093,292,500,1
4842.195,303,501,1
4842.293,296,502,0
4842.396,287,499,4
4842.493,287,500,0
4842.595,295,499,2
4842.694,296,497,3
4842.794,308,498,0
4842.894,293,498,3
4842.994,288,498,2
4843.095,298,498,4
4843.195,299,495,4
4843.295,294,495,1
4843.395,293,496,0
4843.494,298,499,0
4843.594,308,497,3
4843.695,293,498,3
4843.795,290,500,0
4843.895,299,501,1
4843.994,294,502,0
4844.094,303,502,2
4844.194,308,502,2
4844.294,298,501,2
4844.394,281,497,4
4844.495,298,497,2
4844.593,301,499,0
4844.695,292,500,1
4844.794,291,502,0
4844.895,297,501,2
4844.994,296,502,0
4845.094,300,500,3
4845.194,298,504,0
4845.296,300,499,6
4845.395,300,502,0
4845.494,293,501,2
4845.594,296,501,0
4845.694,302,500,2
4845.794,295,498,2
4845.894,304,497,2
4845.995,292,496,2
4846.094,309,497,0
4846.194,295,496,1
4846.294,298,497,0
4846.394,295,495,2
4846.494,299,495,1
4846.595,296,495,2
4846.694,306,495,0
4846.794,292,495,2
4846.895,287,498,0
4846.994,293,498,1
4847.094,295,499,1
4847.196,305,493,7
4847.294,301,495,0
4847.394,304,499,0
4847.493,303,499,0
4847.595,284,497,5
4847.694,300,499,0
4847.794,302,500,0
4847.895,296,499,2
4847.994,304,500,0
4848.095,298,498,3
4848.196,302,498,1
4848.295,297,498,0
4848.395,293,496,4
4848.494,292,495,2
4848.594,301,495,2
4848.694,292,494,2
4848.795,301,493,3
4848.894,292,494,0
4848.996,297,496,0
4849.095,297,498,1
4849.195,288,496,2
4849.294,295,498,0
4849.393,297,502,0
4849.495,289,505,0
4849.595,288,505,0
4849.696,301,503,2
4849.794,301,507,0
4849.894,295,506,2
4849.995,300,506,1
4850.095,291,507,0
4850.195,292,507,0
4850.295,297,503,5
4850.395,296,502,3
4850.494,293,503,1
4850.596,294,503,1
4850.694,297,504,0
4850.795,308,503,4
4850.894,294,506,0
4850.993,300,507,0
4851.093,297,505,2
4851.195,298,504,3
4851.294,303,504,1
4851.394,306,504,0
4851.494,293,505,0
4851.595,296,503,3
4851.695,289,502,1
4851.796,292,504,0
4851.894,296,504,0
4851.995,286,500,5
4852.093,299,500,1
4852.195,301,498,3
4852.295,297,499,0
4852.395,291,496,5
4852.494,298,496,0
4852.594,289,493,3
4852.694,301,498,1
4852.796,299,497,4
4852.894,306,500,0
4852.994,296,501,1
4853.094,297,496,5
4853.194,296,497,2
4853.294,303,498,0
4853.393,306,501,1
4853.494,299,501,1
4853.595,299,500,2
4853.694,293,501,2
4853.793,302,502,1
4853.896,308,501,3
4853.996,298,500,2
4854.094,291,503,1
4854.195,288,504,0
4854.295,293,500,4
4854.394,300,500,0
4854.494,295,500,1
4854.595,301,500,1
4854.694,291,501,1
4854.795,283,502,0
4854.894,285,503,1
4854.994,289,504,0
4855.094,294,506,2
4855.193,297,507,0
4855.294,296,511,1
4855.394,291,511,1
4855.494,294,508,3
4855.593,294,509,1
4855.694,297,510,0
4855.795,290,508,4
4855.894,304,508,1
4855.996,297,504,4
4856.095,290,504,2
4856.195,292,503,3
4856.294,294,506,0
4856.395,294,504,3
4856.494,299,506,0
4856.594,295,504,3
4856.695,291,500,6
4856.794,284,497,3
4856.895,288,499,0
4856.994,287,498,2
4857.095,300,498,3
4857.193,289,500,0
4857.295,295,503,2
4857.394,302,505,1
4857.495,298,505,2
4857.595,297,507,0
4857.693,292,507,3
4857.793,293,507,2
4857.894,300,508,1
4857.994,294,505,4
4858.094,297,505,1
4858.195,289,499,6
4858.294,292,500,0
4858.394,300,498,3
4858.493,313,499,0
4858.594,305,499,2
4858.695,296,497,3
4858.795,300,498,0
4858.895,307,496,4
4858.995,296,497,0
4859.094,298,497,0
4859.195,304,497,2
4859.294,309,496,2
4859.394,294,494,2
4859.494,295,492,2
4859.594,294,490,2
4859.696,303,489,3
4859.793,300,493,0
4859.894,285,494,1
4859.995,287,491,4
4860.095,287,493,0
4860.196,295,491,2
4860.295,301,495,0
4860.395,288,493,3
4860.495,296,494,0
4860.596,298,493,2
4860.694,287,492,2
4860.794,302,495,0
4860.895,288,492,3
4860.995,294,489,3
4861.095,294,487,2
4861.195,303,491,0
4861.294,301,493,0
4861.394,288,495,0
4861.495,293,491,6
4861.595,294,488,4
4861.694,297,490,0
4861.794,288,491,2
4861.894,295,493,1
4861.995,299,493,1
4862.093,289,495,0
4862.193,297,495,0
4862.295,291,493,4
4862.394,297,496,0
4862.495,301,493,3
4862.592,294,494,0
4862.695,303,493,1
4862.793,292,491,2
4862.894,294,490,4
4862.994,291,491,0
4863.094,290,493,0
4863.194,299,495,1
4863.295,295,493,2
4863.394,291,490,4
4863.493,291,490,1
4863.594,291,489,1
4863.693,300,489,1
4863.793,280,489,2
4863.894,291,492,0
4863.995,298,494,0
4864.095,294,493,2
4864.193,292,493,2
4864.295,297,496,3
4864.394,297,500,0
4864.495,303,500,1
4864.593,293,498,3
4864.694,292,499,0
4864.794,300,501,0
4864.894,284,502,2
4864.995,287,501,2
4865.095,295,499,4
4865.195,296,498,1
4865.294,301,499,0
4865.395,297,495,5
4865.494,299,495,0
4865.595,296,493,2
4865.695,300,494,0
4865.795,307,495,1
4865.895,288,494,2
4865.995,303,496,0
4866.095,290,497,2
4866.195,303,495,5
4866.295,295,496,0
4866.394,295,497,1
4866.493,291,496,1
4866.594,300,497,1
4866.694,305,496,3
4866.793,294,499,0
4866.895,293,497,3
4866.993,297,498,0
4867.095,295,497,3
4867.194,306,499,3
4867.294,300,500,0
4867.394,298,495,6
4867.493,295,495,2
4867.595,295,496,2
4867.694,290,497,0
4867.794,293,499,0
4867.894,297,500,2
4867.995,296,498,3
4868.094,295,498,2
4868.194,293,497,2
4868.295,298,499,0
4868.395,300,499,0
4868.492,305,500,0
4868.594,291,502,0
4868.694,300,502,0
4868.795,286,501,1
4868.894,300,501,2
4868.995,299,501,1
4869.095,294,501,2
4869.193,293,500,1
4869.293,300,504,0
4869.395,291,502,2
4869.495,297,502,1
4869.594,302,506,0
4869.694,300,506,3
4869.795,299,500,7
4869.895,299,502,0
4869.994,287,500,3
4870.095,293,501,0
4870.194,289,501,1
4870.294,306,497,4
4870.395,297,497,1
4870.494,294,496,3
4870.595,294,497,0
4870.695,291,491,6
4870.795,302,488,3
4870.894,291,489,0
4870.995,310,491,1
4871.094,301,491,2
4871.194,292,490,2
4871.294,299,490,2
4871.395,294,491,0
4871.494,295,488,4
4871.595,293,489,2
4871.695,290,490,1
4871.794,292,491,0
4871.894,294,492,0
4871.995,288,493,2
4872.096,291,492,1
4872.195,298,491,2
4872.294,307,490,4
4872.394,305,492,0
4872.494,288,492,1
4872.594,296,494,1
4872.695,292,487,9
4872.795,301,489,0
4872.895,303,490,0
4872.995,301,488,2
4873.096,284,492,1
4873.196,301,492,1
4873.295,292,492,2
4873.395,308,494,0
4873.496,297,492,3
4873.595,300,493,0
4873.696,291,496,1
4873.795,283,497,0
4873.896,293,494,3
4873.997,304,496,0
4874.096,297,494,4
4874.196,302,497,0
4874.297,295,496,2
4874.396,307,494,2
4874.496,300,493,1
4874.595,291,496,0
4874.696,301,496,5
4874.797,290,497,0
4874.896,299,497,1
4874.996,292,495,2
4875.096,286,496,0
4875.196,292,496,2
4875.296,291,495,2
4875.397,289,494,2
4875.496,288,495,0
4875.597,301,495,2
4875.696,286,495,3
4875.796,294,494,1
4875.894,299,496,0
4875.995,299,495,3
4876.096,292,496,0
4876.196,291,494,3
4876.295,296,496,1
4876.396,300,492,4
4876.495,293,493,0
4876.595,286,494,1
4876.695,296,496,1
4876.796,296,494,4
4876.896,297,498,0
4876.997,294,500,0
4877.095,304,502,0
4877.195,291,498,4
4877.295,297,499,2
4877.395,290,496,4
4877.495,299,499,0
4877.595,286,498,2
4877.695,297,500,1
4877.795,290,495,5
4877.896,297,497,1
4877.996,294,495,2
4878.095,305,494,1
4878.195,288,495,1
4878.295,298,494,2
4878.396,305,493,1
4878.495,298,495,0
4878.595,300,495,2
4878.695,293,499,1
4878.796,310,501,1
4878.896,291,500,2
4878.996,299,498,2
4879.095,292,503,0
4879.195,303,504,1
4879.295,297,505,1
4879.395,290,503,2
4879.496,293,504,2
4879.598,302,504,0
4879.697,300,506,2
4879.798,291,507,2
4879.897,293,507,2
4879.998,287,506,1
4880.098,306,507,1
4880.197,294,509,0
4880.297,294,508,2
4880.397,301,507,1
4880.497,298,507,2
4880.597,301,506,1
4880.698,303,507,2
4880.798,296,507,1
4880.897,291,507,1
4880.998,303,508,1
4881.098,292,508,0
4881.198,305,507,1
4881.297,304,508,1
4881.397,284,506,2
4881.497,293,503,3
4881.598,286,504,1
4881.697,302,500,4
4881.798,291,498,3
4881.896,291,500,0
4881.998,309,499,2
4882.096,294,495,4
4882.197,295,496,1
4882.298,288,497,1
4882.397,296,500,1
4882.497,305,498,2
4882.598,292,500,0
4882.698,289,499,5
4882.796,296,502,0
4882.897,307,503,1
4882.997,293,502,2
4883.097,301,502,1
4883.198,291,498,5
4883.297,302,501,0
4883.397,296,504,0
4883.498,286,499,5
4883.597,289,500,0
4883.697,292,502,0
4883.798,287,502,2
4883.897,294,502,1
4883.998,302,503,2
4884.098,294,504,2
4884.198,292,503,2
4884.298,300,501,5
4884.398,293,501,1
4884.497,289,501,0
4884.598,290,504,1
4884.696,298,502,3
4884.798,297,503,2
4884.898,297,502,2
4884.998,294,504,0
4885.097,301,502,2
4885.197,293,503,0
4885.299,299,503,1
4885.399,296,500,4
4885.498,308,499,2
4885.598,290,501,0
4885.697,291,500,2
4885.798,304,496,5
4885.898,296,497,1
4885.997,299,497,0
4886.098,299,495,3
4886.197,296,498,0
4886.296,298,496,3
4886.398,306,494,5
4886.5,296,497,0
4886.598,300,498,1
4886.698,288,498,1
4886.798,301,503,0
4886.898,286,502,3
4886.997,300,505,0
4887.097,296,504,2
4887.197,288,502,3
4887.296,299,501,2
4887.398,296,500,1
4887.497,295,502,1
4887.598,287,501,1
4887.697,292,500,2
4887.798,296,504,0
4887.898,294,503,1
4887.996,287,502,2
4888.096,292,503,0
4888.196,292,502,3
4888.298,299,502,2
4888.398,286,503,1
4888.498,286,505,0
4888.598,300,508,0
4888.698,297,507,1
4888.798,299,508,0
4888.899,298,506,5
4888.998,291,506,2
4889.098,304,507,0
4889.197,290,507,1
4889.297,296,504,4
4889.398,295,504,0
4889.499,293,503,2
4889.598,301,504,2
4889.698,298,502,2
4889.798,296,500,3
4889.897,296,499,1
4889.998,294,497,4
4890.097,297,499,0
4890.198,297,498,1
4890.298,308,499,0
4890.397,287,499,0
4890.497,297,499,1
4890.597,306,503,0
4890.697,295,503,2
4890.798,294,502,1
4890.897,295,502,1
4890.998,296,499,3
4891.098,298,498,2
4891.198,308,499,3
4891.298,301,501,0
4891.399,305,500,4
4891.5,295,498,2
4891.599,293,497,2
4891.699,285,498,1
4891.799,294,501,2
4891.899,296,503,0
4891.999,292,501,4
4892.1,300,502,1
4892.199,298,503,1
4892.297,299,503,0
4892.399,286,501,2
4892.5,292,499,2
4892.6,304,497,4
4892.7,307,497,0
4892.802,302,500,0
4892.899,302,501,0
4892.999,292,501,3
4893.099,300,504,0
4893.198,307,508,0
4893.299,303,507,3
4893.399,295,511,0
4893.498,310,510,2
4893.6,304,507,5
4893.7,300,507,1
4893.799,292,507,0
4893.899,290,506,1
4893.999,304,506,0
4894.1,308,506,2
4894.201,293,505,2
4894.3,299,506,2
4894.4,307,509,1
4894.5,296,509,0
4894.599,299,510,0
4894.7,289,508,3
4894.8,290,505,3
4894.901,301,505,2
4895.0,293,504,1
4895.099,290,507,0
4895.198,310,507,1
4895.299,301,504,3
4895.4,297,505,0
4895.498,288,506,0
4895.6,290,504,4
4895.701,295,501,4
4895.801,297,501,0
4895.901,299,500,1
4896.002,305,501,1
4896.102,284,503,0
4896.202,296,502,3
4896.301,300,505,1
4896.401,294,504,3
4896.502,294,502,2
4896.604,296,500,2
4896.703,287,502,0
4896.804,304,505,0
4896.901,304,506,2
4897.003,312,505,2
4897.103,291,506,1
4897.203,293,505,2
4897.302,291,503,2
4897.403,295,501,4
4897.503,301,501,1
4897.603,296,502,1
4897.703,295,501,2
4897.803,292,501,0
4897.903,302,500,4
4898.002,294,501,0
4898.103,293,497,6
4898.204,295,497,1
4898.303,290,500,1
4898.403,299,499,2
4898.503,301,498,1
4898.605,291,495,3
4898.704,300,498,0
4898.803,298,499,0
4898.903,303,499,1
4899.003,300,500,1
4899.103,290,502,0
4899.204,289,500,3
4899.304,296,500,2
4899.404,289,499,2
4899.503,287,500,1
4899.603,307,504,0
4899.704,295,502,3
4899.804,305,503,0
4899.903,304,498,6
4900.004,296,499,1
4900.103,293,499,0
4900.204,304,498,3
4900.303,298,499,0
4900.404,290,498,2
4900.503,292,498,0
4900.603,299,498,0
4900.703,299,498,1
4900.805,291,500,0
4900.904,302,500,2
4901.004,302,499,2
4901.104,283,495,5
4901.203,297,498,0
4901.303,291,496,2
4901.404,298,491,6
4901.504,303,493,1
4901.604,291,494,0
4901.704,301,495,2
4901.803,292,494,1
4901.904,296,492,3
4902.004,314,492,2
4902.104,295,490,2
4902.204,294,496,0
4902.304,295,499,0
4902.403,297,500,1
4902.503,289,501,1
4902.605,299,501,4
4902.704,302,502,0
4902.805,293,500,4
4902.903,306,502,0
4903.004,292,504,0
4903.103,299,503,2
4903.204,293,502,1
4903.304,291,502,1
4903.404,292,502,0
4903.504,293,500,2
4903.603,293,502,0
4903.703,295,501,2
4903.804,303,500,1
4903.903,293,502,0
4904.004,298,500,3
4904.103,291,500,1
4904.203,292,501,1
4904.303,296,499,2
4904.404,290,500,0
4904.504,300,503,1
4904.603,297,503,3
4904.703,288,504,0
4904.803,296,504,1
4904.901,297,505,1
4905.004,295,504,1
4905.103,296,505,1
4905.204,298,505,1
4905.303,294,503,2
4905.403,298,503,2
4905.503,294,503,2
4905.604,289,504,0
4905.704,302,501,3
4905.804,294,500,3
4905.903,298,496,4
4906.004,291,496,1
4906.103,283,494,3
4906.203,295,494,2
4906.303,302,496,1
4906.404,299,497,1
4906.503,301,500,1
4906.604,298,500,4
4906.703,302,504,0
4906.804,308,504,1
4906.904,295,501,4
4907.004,298,501,0
4907.104,296,500,3
4907.205,296,497,5
4907.304,295,499,2
4907.403,290,500,0
4907.504,304,498,2
4907.604,303,498,5
4907.704,288,497,2
4907.804,294,493,4
4907.904,294,494,2
4908.005,307,495,0
4908.104,290,497,1
4908.203,300,498,0
4908.303,300,498,0
4908.404,284,497,2
4908.504,296,497,1
4908.603,295,500,0
4908.705,293,498,2
4908.804,299,498,0
4908.903,290,497,2
4909.004,298,497,1
4909.103,302,498,2
4909.204,302,497,1
4909.304,298,496,3
4909.404,297,496,0
4909.503,293,499,1
4909.604,291,498,3
4909.703,292,496,4
4909.804,294,497,1
4909.904,304,498,1
4910.004,296,496,2
4910.103,297,496,0
4910.203,293,497,2
4910.304,291,499,0
4910.403,288,497,3
4910.503,311,496,4
4910.604,300,497,1
4910.704,308,498,2
4910.804,295,500,1
4910.903,304,501,1
4911.004,300,500,3
4911.103,292,501,0
4911.204,298,499,3
4911.304,292,498,2
4911.406,292,501,0
4911.504,294,503,0
4911.603,298,504,1
4911.703,297,505,1
4911.804,289,508,1
4911.904,299,507,4
4912.005,298,508,2
4912.104,284,505,4
4912.204,296,505,0
4912.304,287,507,0
4912.402,298,505,2
4912.504,298,505,3
4912.604,292,506,0
4912.702,299,507,3
4912.804,296,506,2
4912.903,303,504,3
4913.003,290,507,1
4913.102,301,509,1
4913.202,298,512,0
4913.303,299,512,2
4913.403,294,511,1
4913.503,299,510,1
4913.602,300,509,3
4913.703,296,511,1
4913.804,296,513,2
4913.903,294,511,3
4914.004,299,509,2
4914.103,296,511,0
4914.203,291,511,1
4914.305,287,510,1
4914.403,296,511,0
4914.503,303,510,2
4914.604,295,506,4
4914.705,298,505,1
4914.804,295,507,0
4914.904,297,504,4
4915.003,291,501,3
4915.104,291,500,3
4915.203,281,500,0
4915.302,302,503,0
4915.403,296,504,3
4915.503,296,505,0
4915.603,299,503,2
4915.703,300,500,5
4915.804,292,502,0
4915.903,295,500,2
4916.005,292,498,5
4916.103,301,497,4
4916.203,288,498,1
4916.303,286,501,0
4916.402,289,501,2
4916.503,293,503,0
4916.604,300,502,3
4916.704,300,496,6
4916.803,301,499,0
4916.903,300,494,6
4917.004,300,498,0
4917.102,294,500,0
4917.205,287,499,3
4917.305,301,499,0
4917.404,282,501,1
4917.504,298,499,4
4917.604,294,502,0
4917.705,299,505,0
4917.807,295,503,2
4917.905,293,501,2
4918.005,278,502,0
4918.105,300,504,2
4918.206,297,502,2
4918.304,292,502,2
4918.405,295,498,5
4918.504,293,499,1
4918.603,293,499,0
4918.704,294,498,3
4918.805,295,499,2
4918.904,300,501,1
4919.003,301,501,0
4919.103,306,499,3
4919.204,295,496,5
4919.304,291,496,2
4919.404,293,495,2
4919.504,291,494,2
4919.605,295,497,0
4919.705,287,499,0
4919.805,305,501,0
4919.904,290,500,2
4920.004,297,503,0
4920.104,288,498,5
4920.204,297,498,0
4920.305,297,500,2
4920.406,292,494,6
4920.504,308,496,0
4920.605,297,491,5
4920.705,292,493,0
4920.805,291,492,2
4920.906,306,494,0
4921.006,305,497,0
4921.105,299,497,0
4921.206,299,498,1
4921.304,290,497,2
4921.404,283,497,1
4921.504,288,499,0
4921.605,298,498,2
4921.704,295,501,0
4921.804,294,502,1
4921.904,299,501,2
4922.004,307,500,2
4922.104,294,498,3
4922.204,291,499,0
4922.304,297,498,2
4922.404,283,497,1
4922.504,301,499,0
4922.605,301,497,5
4922.704,302,498,1
4922.805,293,496,3
4922.905,308,492,6
4923.005,294,492,1
4923.105,287,493,1
4923.204,289,493,0
4923.304,292,493,2
4923.407,295,489,6
4923.504,289,491,0
4923.604,304,491,4
4923.703,301,490,3
4923.804,299,488,3
4923.904,293,494,0
4924.005,292,492,3
4924.104,291,490,3
4924.206,296,490,1
4924.304,288,489,2
4924.404,305,490,1
4924.505,288,492,1
4924.605,297,495,0
4924.705,297,494,3
4924.804,289,495,0
4924.905,298,492,3
4925.003,295,496,0
4925.104,298,497,1
4925.204,299,495,3
4925.304,290,495,0
4925.404,297,497,2
4925.503,302,499,0
4925.605,291,497,3
4925.704,298,499,1
4925.805,301,499,1
4925.904,295,504,0
4926.004,296,502,3
4926.103,290,503,0
4926.204,303,503,1
4926.304,300,503,0
4926.404,297,505,0
4926.504,294,508,0
4926.605,307,503,6
4926.704,305,503,0
4926.804,298,505,0
4926.903,289,505,2
4927.005,293,504,3
4927.104,282,505,2
4927.205,293,505,1
4927.304,303,505,1
4927.404,304,507,1
4927.505,291,506,1
4927.605,297,507,1
4927.704,290,507,2
4927.803,309,504,3
4927.904,294,505,0
4928.004,296,500,5
4928.104,294,502,0
4928.204,288,502,0
4928.304,296,504,1
4928.404,294,504,2
4928.503,298,504,2
4928.604,292,501,4
4928.704,294,501,2
4928.804,287,499,2
4928.904,304,500,1
4929.004,298,497,3
4929.104,293,497,2
4929.204,288,499,0
4929.303,299,499,2
4929.404,291,501,0
4929.504,292,501,2
4929.604,302,499,3
4929.704,297,497,2
4929.803,293,496,2
4929.905,296,495,3
4930.003,299,495,0
4930.104,296,494,3
4930.204,288,493,4
4930.304,288,494,1
4930.403,303,494,1
4930.504,293,495,1
4930.605,296,496,0
4930.705,289,492,5
4930.804,295,493,0
4930.903,289,496,0
4931.004,296,495,2
4931.104,295,495,1
4931.206,296,495,1
4931.304,300,496,0
4931.404,289,491,5
4931.505,305,489,4
4931.603,298,489,0
4931.704,292,489,2
4931.804,301,489,0
4931.904,293,490,0
4932.005,288,488,3
4932.102,294,490,0
4932.203,290,490,3
4932.305,286,489,4
4932.405,295,486,3
4932.504,294,488,0
4932.604,287,487,2
4932.704,290,485,2
4932.803,294,483,3
4932.903,291,480,3
4933.004,289,480,2
4933.104,292,482,0
4933.205,297,479,3
4933.304,294,481,0
4933.405,292,477,4
4933.505,302,476,2
4933.604,302,478,0
4933.704,291,480,1
4933.805,292,480,1
4933.903,300,483,0
4934.004,290,483,2
4934.104,304,483,1
4934.205,302,490,0
4934.304,296,491,1
4934.404,309,490,1
4934.503,297,492,0
4934.605,293,493,3
4934.704,296,495,0
4934.804,288,497,2
4934.904,292,498,1
4935.004,287,500,0
4935.103,297,499,3
4935.204,289,496,4
4935.304,292,496,0
4935.406,290,496,0
4935.506,297,495,3
4935.604,294,497,0
4935.705,286,497,1
4935.805,286,496,2
4935.904,290,496,2
4936.005,296,495,2
4936.105,298,498,0
4936.205,297,499,0
4936.306,294,498,3
4936.405,292,498,0
4936.505,292,500,0
4936.605,296,497,3
4936.705,305,497,3
4936.807,292,497,2
4936.908,294,499,1
4937.006,305,501,1
4937.105,292,500,2
4937.205,290,500,0
4937.305,300,497,5
4937.406,292,497,1
4937.505,296,496,2
4937.605,297,497,0
4937.705,290,496,4
4937.804,299,497,0
4937.905,294,492,5
4938.006,296,492,1
4938.105,289,489,4
4938.205,289,488,1
4938.305,296,490,1
4938.405,296,492,0
4938.504,295,493,0
4938.606,300,492,4
4938.704,297,494,0
4938.806,302,493,3
4938.905,303,492,1
4939.005,298,494,0
4939.104,302,494,1
4939.204,290,493,2
4939.305,290,495,0
4939.406,293,496,1
4939.505,298,498,0
4939.606,297,497,4
4939.706,289,495,4
4939.805,289,495,0
4939.905,301,496,2
4940.005,305,495,2
4940.105,303,497,0
4940.205,288,498,1
4940.305,292,499,0
4940.405,291,500,0
4940.505,292,501,4
4940.605,301,504,1
4940.705,290,504,2
4940.806,285,503,2
4940.904,301,506,0
4941.006,293,506,0
4941.105,295,505,2
4941.205,295,503,2
4941.305,300,504,0
4941.406,296,501,3
4941.505,291,501,1
4941.606,289,502,0
4941.705,296,498,5
4941.806,296,501,0
4941.905,299,500,3
4942.006,296,495,5
4942.106,302,492,3
4942.206,308,495,1
4942.305,289,495,0
4942.405,296,493,3
4942.505,287,493,0
4942.605,310,494,1
4942.705,289,495,1
4942.806,292,494,2
4942.905,288,495,0
4943.005,280,492,4
4943.106,283,490,2
4943.205,301,492,0
4943.305,294,489,4
4943.404,297,493,1
4943.505,296,494,0
4943.606,301,488,7
4943.706,295,490,0
4943.806,301,495,0
4943.905,292,494,2
4944.005,307,496,0
4944.104,307,495,1
4944.206,301,492,3
4944.305,298,493,0
4944.406,296,491,2
4944.504,288,493,0
4944.606,300,493,0
4944.706,294,492,1
4944.806,298,493,0
4944.906,296,489,4
4945.006,303,491,0
4945.107,296,491,1
4945.206,293,492,0
4945.306,294,490,4
4945.406,289,490,2
4945.509,295,489,1
4945.608,293,489,2
4945.709,298,487,3
4945.808,295,487,2
4945.907,298,488,2
4946.009,301,489,1
4946.108,296,490,1
4946.205,300,491,0
4946.307,297,489,3
4946.406,299,490,3
4946.506,299,490,1
4946.606,288,490,0
4946.706,297,492,1
4946.808,292,487,7
4946.907,297,485,2
4947.007,307,487,2
4947.106,309,489,0
4947.205,296,490,0
4947.306,299,493,0
4947.406,288,496,0
4947.506,298,494,2
4947.607,295,494,1
4947.707,297,495,1
4947.807,295,496,1
4947.906,297,497,0
4948.007,304,497,4
4948.107,288,498,0
4948.206,291,498,2
4948.307,297,495,4
4948.406,289,495,0
4948.506,283,499,1
4948.606,295,499,0
4948.707,294,499,2
4948.812,298,498,3
4948.908,286,497,1
4949.009,298,497,0
4949.108,304,499,0
4949.209,295,497,3
4949.308,294,498,0
4949.407,296,495,4
4949.508,285,496,0
4949.609,296,497,0
4949.708,306,500,2
4949.809,304,502,1
4949.908,293,504,0
4950.008,294,504,0
4950.108,289,501,4
4950.208,295,501,1
4950.307,294,500,3
4950.409,301,501,2
4950.508,295,500,1
4950.608,293,498,2
4950.708,297,499,2
4950.808,294,497,3
4950.908,292,497,2
4951.009,287,490,8
4951.108,292,489,1
4951.208,289,490,0
4951.309,297,492,0
4951.409,292,494,0
4951.508,309,495,2
4951.608,297,496,1
4951.708,304,501,0
4951.809,291,504,0
4951.908,293,504,2
4952.008,287,501,3
4952.108,297,500,1
4952.208,287,499,2
4952.308,295,499,3
4952.408,300,496,6
4952.508,291,496,0
4952.608,301,496,1
4952.708,300,495,2
4952.808,298,492,3
4952.908,295,491,1
4953.008,286,493,0
4953.108,292,492,1
4953.21,290,492,2
4953.308,287,493,2
4953.409,293,496,0
4953.509,290,495,3
4953.608,294,495,0
4953.708,307,497,1
4953.807,295,496,1
4953.908,301,496,1
4954.009,293,495,4
4954.109,299,499,1
4954.209,299,498,3
4954.309,289,500,0
4954.409,294,500,2
4954.509,302,498,4
4954.609,293,500,2
4954.707,301,504,0
4954.808,292,502,4
4954.907,293,503,2
4955.009,296,503,2
4955.109,310,504,0
4955.209,301,502,2
4955.308,288,504,0
4955.409,298,501,3
4955.509,302,501,0
4955.61,310,501,1
4955.71,302,503,0
4955.81,286,503,2
4955.909,306,504,0
4956.009,289,506,0
4956.109,302,507,2
4956.211,290,504,3
4956.309,298,502,4
4956.409,299,504,0
4956.509,292,504,1
4956.61,288,502,2
4956.709,298,500,2
4956.809,292,501,1
4956.908,293,503,0
4957.008,304,505,2
4957.108,306,503,4
4957.209,287,499,4
4957.308,286,500,1
4957.409,285,501,1
4957.509,289,499,2
4957.612,298,498,2
4957.711,296,498,0
4957.81,290,493,5
4957.91,297,493,1
4958.013,292,492,3
4958.111,303,490,3
4958.21,294,493,0
4958.311,298,493,2
4958.412,289,493,0
4958.51,294,495,1
4958.611,279,494,4
4958.712,289,494,2
4958.81,287,496,0
4958.911,300,491,7
4959.01,299,492,1
4959.11,303,485,7
4959.21,293,486,0
4959.31,283,486,1
4959.41,286,486,1
4959.51,295,484,3
4959.611,290,486,1
4959.71,298,488,1
4959.81,303,490,1
4959.91,296,492,1
4960.009,292,493,2
4960.11,297,493,2
4960.209,297,497,0
4960.31,295,499,1
4960.411,292,500,2
4960.511,297,500,1
4960.61,290,503,0
4960.71,288,503,1
4960.811,284,501,3
4960.91,299,503,0
4961.01,290,506,0
4961.109,293,505,1
4961.21,303,505,0
4961.311,302,505,2
4961.41,283,503,3
4961.509,293,502,2
4961.611,294,500,3
4961.71,294,496,4
4961.81,299,495,2
4961.91,302,496,1
4962.01,293,498,2
4962.109,297,498,1
4962.21,290,498,1
4962.31,294,499,0
4962.411,291,502,0
4962.51,296,503,0
4962.61,294,503,0
4962.71,292,501,4
4962.81,298,498,6
4962.91,301,496,3
4963.01,286,494,5
4963.109,295,495,0
4963.211,289,494,2
4963.31,307,495,0
4963.411,293,497,0
4963.509,297,496,3
4963.61,291,495,2
4963.711,298,497,1
4963.81,293,498,0
4963.91,297,498,1
4964.009,297,498,1
4964.11,299,496,4
4964.21,306,500,0
4964.31,291,499,1
4964.41,285,497,4
4964.51,297,496,3
4964.61,300,497,0
4964.71,302,496,2
4964.811,296,494,4
4964.91,296,497,0
4965.009,298,496,3
4965.109,298,492,5
4965.21,295,495,0
4965.311,299,493,2
4965.411,302,495,0
4965.509,295,495,2
4965.61,307,494,1
4965.71,292,495,0
4965.811,296,491,5
4965.91,292,491,0
4966.01,299,492,2
4966.11,297,490,4
4966.209,288,491,0
4966.31,295,492,0
4966.41,301,493,2
4966.51,292,493,2
4966.611,298,492,1
4966.711,291,493,0
4966.812,296,492,5
4966.911,291,493,1
4967.012,294,495,0
4967.112,293,497,0
4967.211,301,499,1
4967.31,299,499,0
4967.411,298,500,1
4967.512,298,498,2
4967.611,296,498,1
4967.71,304,499,0
4967.81,290,495,4
4967.912,301,487,10
4968.011,298,486,1
4968.113,299,484,2
4968.211,292,483,5
4968.311,286,484,0
4968.412,286,484,2
4968.513,299,486,1
4968.612,294,487,0
4968.711,288,488,0
4968.811,297,491,0
4968.911,305,493,2
4969.012,304,491,2
4969.111,299,489,3
4969.212,292,491,1
4969.311,296,494,1
4969.413,302,495,1
4969.512,301,494,2
4969.612,297,495,1
4969.711,288,498,0
4969.813,288,495,3
4969.915,300,497,0
4970.013,301,496,2
4970.111,284,496,0
4970.211,294,499,0
4970.311,297,495,4
4970.412,298,497,1
4970.511,288,498,0
4970.612,289,497,2
4970.711,300,498,2
4970.811,295,499,0
4970.911,299,501,0
4971.012,301,499,4
4971.111,295,501,0
4971.212,303,499,3
4971.311,300,499,0
4971.41,294,499,1
4971.51,289,497,2
4971.612,304,497,0
4971.711,299,496,2
4971.811,298,497,1
4971.911,294,496,1
4972.011,296,496,3
4972.111,286,498,0
4972.211,300,497,1
4972.311,299,499,0
4972.411,304,501,2
4972.512,301,503,0
4972.611,293,503,1
4972.712,298,501,3
4972.811,301,502,0
4972.911,298,502,0
4973.011,299,501,2
4973.111,294,501,0
4973.212,299,500,2
4973.311,290,500,0
4973.411,293,501,2
4973.511,291,501,2
4973.611,290,500,2
4973.711,301,499,3
4973.812,292,497,3
4973.911,298,498,0
4974.012,293,497,2
4974.111,301,498,3
4974.211,299,501,2
4974.311,299,501,2
4974.413,297,499,3
4974.511,301,500,1
4974.611,308,500,0
4974.711,296,499,2
4974.811,294,499,1
4974.911,301,496,5
4975.012,291,497,1
4975.111,291,498,0
4975.212,293,497,2
4975.31,302,498,0
4975.412,279,495,5
4975.51,296,496,0
4975.611,304,497,0
4975.711,296,492,5
4975.81,292,495,0
4975.911,286,494,1
4976.012,292,494,2
4976.111,298,497,0
4976.212,305,500,0
4976.311,289,498,3
4976.411,296,500,0
4976.511,296,497,3
4976.611,298,497,1
4976.711,292,497,2
4976.811,296,496,2
4976.91,288,498,2
4977.01,289,496,4
4977.111,290,495,1
4977.211,296,493,3
4977.311,302,493,2
4977.411,310,497,1
4977.511,292,498,3
4977.61,292,498,1
4977.711,302,499,1
4977.811,297,499,1
4977.911,298,502,0
4978.011,290,503,2
4978.111,288,502,4
4978.21,299,499,4
4978.311,304,502,1
4978.412,292,505,0
4978.512,290,503,3
4978.61,292,506,0
4978.711,286,507,1
4978.811,298,503,4
4978.911,287,504,0
4979.011,295,503,1
4979.111,297,503,3
4979.212,287,502,2
4979.311,300,507,1
4979.41,304,508,0
4979.511,294,508,2
4979.611,285,506,2
4979.711,294,508,2
4979.811,305,511,2
4979.91,293,511,1
4980.011,295,512,2
4980.112,295,511,1
4980.211,295,513,0
4980.311,296,510,3
4980.411,292,510,2
4980.511,304,511,1
4980.611,298,509,3
4980.711,296,511,0
4980.811,302,510,3
4980.911,297,511,1
4981.01,301,511,2
4981.111,294,508,3
4981.211,288,506,3
4981.312,292,504,4
4981.411,292,506,0
4981.511,296,508,0
4981.611,288,506,3
4981.712,298,504,3
4981.811,296,504,0
4981.911,294,505,0
4982.01,300,504,4
4982.111,295,504,1
4982.211,301,503,1
4982.311,300,503,1
4982.411,300,498,5
4982.511,290,503,0
4982.61,295,505,0
4982.712,299,501,6
4982.812,293,497,6
4982.911,296,499,0
4983.011,293,501,0
4983.112,303,499,2
4983.212,297,499,2
4983.311,291,501,0
4983.411,293,500,1
4983.511,302,499,3
4983.611,299,498,1
4983.711,309,499,1
4983.811,296,499,3
4983.911,306,497,2
4984.011,293,494,4
4984.111,295,497,0
4984.211,298,498,1
4984.311,298,500,1
4984.411,305,501,2
4984.511,299,503,1
4984.611,295,503,0
4984.711,295,501,2
4984.811,297,501,1
4984.911,296,502,0
4985.011,291,503,0
4985.111,316,506,0
4985.211,302,506,0
4985.311,302,507,0
4985.41,294,507,1
4985.511,291,507,2
4985.611,292,504,4
4985.711,293,506,0
4985.812,300,508,2
4985.911,288,505,3
4986.012,301,510,1
4986.111,297,511,0
4986.212,288,511,2
4986.311,295,508,3
4986.41,290,507,2
4986.51,299,508,0
4986.61,311,508,2
4986.711,299,508,1
4986.811,298,510,1
4986.912,292,505,5
4987.011,290,507,0
4987.111,291,507,1
4987.211,296,505,3
4987.311,297,504,2
4987.411,295,502,2
4987.512,295,496,8
4987.61,291,496,0
4987.711,288,497,1
4987.811,297,499,0
4987.911,301,499,1
4988.012,303,496,4
4988.109,294,499,0
4988.21,301,496,5
4988.314,293,494,3
4988.412,297,492,3
4988.513,292,490,2
4988.613,297,493,0
4988.713,292,496,1
4988.815,287,495,2
4988.913,300,497,1
4989.014,299,497,2
4989.111,306,497,0
4989.214,299,494,4
4989.312,303,496,0
4989.413,300,495,2
4989.513,298,492,3
4989.613,298,490,3
4989.713,295,490,2
4989.814,286,490,2
4989.913,293,494,0
4990.014,301,493,2
4990.113,295,498,0
4990.214,289,500,1
4990.313,294,502,1
4990.413,288,503,0
4990.514,302,502,1
4990.613,295,504,1
4990.713,300,503,1
4990.817,309,504,2
4990.915,301,503,1
4991.016,296,506,0
4991.115,299,506,0
4991.216,288,508,1
4991.315,292,509,1
4991.415,298,507,2
4991.515,302,508,1
4991.615,285,504,4
4991.715,289,500,5
4991.815,299,502,0
4991.915,302,499,4
4992.016,301,495,5
4992.115,285,499,0
4992.215,302,501,0
4992.315,300,501,1
4992.416,298,500,2
4992.515,293,503,1
4992.615,298,502,2
4992.715,308,502,1
4992.816,300,504,0
4992.915,296,502,3
4993.015,306,503,1
4993.115,295,500,3
4993.215,293,500,0
4993.315,290,501,2
4993.416,303,501,2
4993.515,289,503,0
4993.615,289,501,2
4993.715,307,500,1
4993.816,295,501,0
4993.915,291,499,4
4994.015,287,498,1
4994.115,298,497,3
4994.215,294,498,1
4994.315,295,501,1
4994.416,293,498,3
4994.515,293,500,0
4994.615,307,503,1
4994.715,291,505,0
4994.816,298,505,1
4994.915,302,506,0
4995.016,295,504,2
4995.115,289,504,1
4995.215,292,504,2
4995.315,291,504,2
4995.415,303,503,2
4995.515,304,505,1
4995.615,301,502,4
4995.715,292,502,0
4995.815,284,500,2
4995.914,302,501,1
4996.015,297,499,2
4996.115,302,499,3
4996.216,305,499,1
4996.316,296,498,2
4996.415,292,499,0
4996.515,290,500,1
4996.616,308,495,5
4996.716,291,495,2
4996.816,295,497,0
4996.916,292,497,1
4997.016,293,499,1
4997.116,298,502,0
4997.216,297,502,2
4997.316,299,501,1
4997.417,297,504,2
4997.515,293,506,0
4997.617,302,501,5
4997.716,308,501,2
4997.816,296,505,0
4997.916,295,507,1
4998.016,296,508,0
4998.116,284,508,2
4998.217,288,509,1
4998.316,288,506,3
4998.416,301,502,4
4998.515,296,504,0
4998.615,304,502,4
4998.715,296,506,0
4998.816,295,508,1
4998.917,285,506,2
4999.016,292,504,2
4999.116,296,503,2
4999.217,295,501,2
4999.316,286,502,0
4999.416,302,507,0
4999.516,301,506,2
4999.616,293,506,0
4999.716,294,507,0
4999.816,298,511,1
4999.916,280,507,4
5000.017,287,505,3
5000.116,297,505,0
5000.215,294,505,0
5000.317,299,502,4
5000.416,293,502,0
5000.515,301,501,2
5000.616,298,501,1
5000.716,297,501,1
5000.816,293,501,1
5000.916,307,500,3
5001.016,303,499,2
5001.116,296,498,1
5001.215,298,498,0
5001.315,303,499,2
5001.417,295,497,2
5001.516,292,495,2
5001.616,294,497,1
5001.716,291,495,3
5001.816,293,495,0
5001.916,291,495,2
5002.015,308,497,1
5002.116,296,500,1
5002.215,295,499,1
5002.316,298,499,0
5002.416,291,498,1
5002.516,296,499,3
5002.616,284,500,1
5002.716,299,499,3
5002.817,299,497,6
5002.917,296,499,3
5003.017,296,502,0
5003.116,300,505,0
5003.217,301,504,2
5003.316,292,505,0
5003.417,295,507,1
5003.516,301,506,1
5003.618,300,506,2
5003.717,301,506,1
5003.818,301,505,1
5003.917,304,504,2
5004.017,295,504,1
5004.118,311,505,0
5004.217,304,504,2
5004.317,290,503,2
5004.418,297,504,0
5004.518,303,504,1
5004.617,288,503,3
5004.717,298,503,1
5004.817,286,501,2
5004.917,297,500,3
5005.018,293,497,4
5005.118,290,497,2
5005.218,299,497,1
5005.318,294,498,0
5005.418,287,500,1
5005.518,290,500,4
5005.617,289,498,2
5005.718,299,497,3
5005.816,296,499,0
5005.916,303,504,2
5006.017,291,501,3
5006.117,295,500,5
5006.217,299,502,0
5006.317,289,500,2
5006.418,293,498,3
5006.516,288,499,0
5006.617,295,499,1
5006.717,298,497,3
5006.817,290,497,2
5006.917,292,496,1
5007.017,294,499,1
5007.117,301,501,0
5007.218,291,498,4
5007.316,293,499,0
5007.417,290,499,1
5007.516,301,501,1
5007.617,300,501,1
5007.717,287,501,1
5007.818,297,499,3
5007.918,291,497,2
5008.018,301,500,0
5008.117,303,500,1
5008.217,293,500,0
5008.316,298,501,1
5008.417,292,500,2
5008.517,291,499,2
5008.618,296,498,1
5008.718,299,498,0
5008.818,286,497,3
5008.918,297,492,6
5009.018,299,494,0
5009.117,306,494,0
5009.216,298,493,2
5009.317,305,498,1
5009.417,300,499,0
5009.516,294,500,1
5009.617,300,498,3
5009.716,298,499,1
5009.817,296,499,1
5009.917,303,497,3
5010.016,294,498,1
5010.117,304,498,2
5010.217,303,497,2
5010.317,299,496,3
5010.418,294,499,0
5010.518,303,493,7
5010.617,295,493,0
5010.717,299,493,1
5010.817,294,494,0
5010.917,291,495,0
5011.017,287,497,0
5011.117,295,497,0
5011.217,304,494,3
5011.317,285,493,3
5011.417,305,496,0
5011.517,287,498,1
5011.618,291,501,1
5011.717,293,501,1
5011.816,295,502,0
5011.916,294,502,0
5012.017,295,503,1
5012.117,296,501,2
5012.217,296,499,2
5012.317,296,499,0
5012.416,302,498,2
5012.517,293,494,4
5012.618,297,495,0
5012.716,297,496,0
5012.818,298,496,1
5012.917,288,497,0
5013.017,291,494,4
5013.117,295,496,0
5013.217,299,495,1
5013.316,301,495,0
5013.417,290,493,3
5013.517,299,493,1
5013.617,294,490,5
5013.716,295,488,3
5013.817,295,490,0
5013.917,293,490,1
5014.017,298,490,2
5014.117,296,493,1
5014.217,289,492,2
5014.317,292,494,0
5014.417,294,496,1
5014.517,300,492,5
5014.618,293,494,1
5014.717,282,493,1
5014.817,297,492,3
5014.917,294,492,0
5015.017,292,493,0
5015.117,298,496,1
5015.217,299,498,2
5015.317,293,500,0
5015.416,292,501,1
5015.517,303,500,2
5015.618,293,500,1
5015.717,302,496,4
5015.818,305,498,0
5015.917,293,500,2
5016.018,294,499,4
5016.117,296,499,0
5016.217,290,500,1
5016.317,295,501,1
5016.417,307,503,0
5016.516,292,505,0
5016.618,296,504,3
5016.717,293,505,1
5016.817,290,506,0
5016.917,294,506,2
5017.017,291,508,1
5017.117,304,509,0
5017.216,293,509,2
5017.317,294,509,2
5017.417,297,509,2
5017.517,290,507,2
5017.616,298,509,0
5017.717,297,506,5
5017.817,290,505,3
5017.917,293,503,3
5018.017,299,504,0
5018.117,288,503,2
5018.217,291,503,2
5018.316,294,504,2
5018.418,301,503,1
5018.517,294,504,0
5018.617,301,502,3
5018.717,303,505,0
5018.818,287,503,3
5018.917,296,504,1
5019.017,290,504,1
5019.117,299,502,3
5019.218,295,501,2
5019.318,294,501,0
5019.418,287,500,2
5019.517,292,498,2
5019.618,298,499,0
5019.717,300,498,1
5019.817,293,498,2
5019.917,301,502,2
5020.017,297,504,1
5020.118,291,503,3
5020.218,299,501,2
5020.317,288,501,0
5020.417,290,499,2
5020.517,291,498,4
5020.617,295,496,3
5020.717,294,498,0
5020.819,302,499,1
5020.917,299,501,0
5021.017,307,503,2
5021.117,302,503,2
5021.218,295,502,3
5021.317,290,502,1
5021.417,297,505,0
5021.517,302,507,1
5021.617,292,506,2
5021.717,303,503,3
5021.817,294,504,0
5021.917,299,502,2
5022.017,296,504,2
5022.117,297,502,2
5022.217,291,507,0
5022.317,299,509,0
5022.418,298,510,0
5022.517,293,511,1
5022.617,303,510,2
5022.717,310,512,1
5022.817,289,515,1
5022.917,303,516,0
5023.017,295,513,3
5023.117,299,512,4
5023.217,300,511,2
5023.317,296,513,0
5023.417,293,515,0
5023.521,298,514,3
5023.623,304,516,0
5023.719,287,513,3
5023.82,302,512,2
5023.92,297,511,2
5024.02,289,508,4
5024.121,300,508,2
5024.22,291,508,0
5024.32,300,511,0
5024.421,294,510,2
5024.519,300,512,4
5024.62,301,511,3
5024.721,285,510,1
5024.82,295,511,1
5024.92,296,514,0
5025.02,303,513,1
5025.12,298,511,2
5025.219,288,507,6
5025.32,305,508,3
5025.42,286,509,1
5025.52,301,510,3
5025.619,298,509,2
5025.72,291,507,2
5025.82,295,504,4
5025.922,296,505,1
5026.022,300,505,2
5026.122,297,505,2
5026.221,300,505,2
5026.321,297,503,2
5026.422,301,507,2
5026.521,291,507,0
5026.621,305,508,2
5026.722,293,507,3
5026.822,298,506,2
5026.922,291,505,2
5027.022,302,502,5
5027.122,301,501,2
5027.222,299,501,1
5027.322,292,501,0
5027.422,295,503,1
5027.522,301,502,3
5027.622,299,505,0
5027.721,292,508,0
5027.823,293,506,3
5027.92,293,509,0
5028.022,296,504,6
5028.122,293,506,0
5028.221,298,505,4
5028.322,300,505,2
5028.422,299,504,3
5028.521,303,506,0
5028.62,298,510,1
5028.721,301,513,0
5028.822,293,514,0
5028.92,302,516,0
5029.021,297,514,3
5029.121,302,513,2
5029.221,286,512,3
5029.322,302,508,5
5029.421,305,509,0
5029.521,291,506,4
5029.621,296,508,2
5029.721,286,505,4
5029.821,290,506,1
5029.921,292,507,1
5030.022,293,509,1
5030.122,288,508,3
5030.219,291,509,0
5030.321,287,508,1
5030.421,293,508,2
5030.522,293,502,7
5030.621,299,503,1
5030.722,303,501,4
5030.822,298,501,0
5030.921,297,498,4
5031.022,298,498,0
5031.121,289,501,0
5031.222,297,497,5
5031.322,297,499,0
5031.422,285,497,3
5031.521,287,497,1
5031.622,301,494,6
5031.721,288,495,0
5031.821,300,493,4
5031.921,301,493,3
5032.022,293,492,2
5032.122,296,491,1
5032.222,295,492,0
5032.322,286,497,0
5032.421,297,494,3
5032.521,293,495,0
5032.622,297,495,2
5032.722,300,495,1
5032.822,299,495,2
5032.922,301,494,3
5033.021,292,495,0
5033.122,292,493,3
5033.222,282,491,3
5033.321,298,491,0
5033.422,295,493,1
5033.521,297,495,0
5033.62,297,494,4
5033.722,303,496,1
5033.821,294,497,2
5033.921,288,498,2
5034.021,296,498,2
5034.121,300,501,0
5034.221,300,501,1
5034.321,299,499,2
5034.421,306,502,0
5034.521,292,502,1
5034.621,300,503,0
5034.721,297,500,3
5034.821,294,504,0
5034.922,294,500,5
5035.022,303,500,0
5035.121,298,496,4
5035.222,295,495,2
5035.321,289,495,1
5035.421,296,494,3
5035.521,295,496,0
5035.622,302,497,0
5035.723,293,495,2
5035.822,297,496,0
5035.922,290,498,2
5036.022,296,498,1
5036.12,292,501,0
5036.221,302,503,1
5036.322,297,501,2
5036.422,292,501,0
5036.522,293,500,2
5036.621,294,498,2
5036.721,281,499,0
5036.822,294,494,5
5036.922,295,493,2
5037.021,288,494,0
5037.122,298,491,4
5037.221,295,495,0
5037.321,298,494,2
5037.424,303,489,5
5037.52,306,489,0
5037.62,298,491,2
5037.722,288,491,2
5037.821,299,492,0
5037.922,299,488,5
5038.021,300,486,2
5038.12,296,485,2
5038.221,294,486,1
5038.32,290,485,2
5038.421,302,487,2
5038.521,299,489,0
5038.621,302,489,1
5038.721,293,489,1
5038.821,303,490,0
5038.921,299,490,1
5039.022,303,486,4
5039.121,302,487,2
5039.221,293,489,0
5039.321,285,489,2
5039.422,304,488,2
5039.521,304,489,0
5039.621,297,489,2
5039.721,290,489,1
5039.821,295,490,1
5039.922,295,490,1
5040.022,295,489,3
5040.122,286,492,0
5040.221,282,492,1
5040.321,294,495,0
5040.421,295,497,2
5040.521,295,497,1
5040.62,291,499,0
5040.721,299,500,1
5040.822,288,500,1
5040.922,290,501,0
5041.02,295,501,1
5041.122,301,500,4
5041.222,302,501,1
5041.321,285,502,1
5041.421,307,507,0
5041.522,303,506,2
5041.623,295,504,2
5041.723,295,503,1
5041.822,302,505,2
5041.922,302,505,1
5042.022,297,505,0
5042.122,291,504,1
5042.223,294,506,1
5042.323,292,506,2
5042.423,287,506,2
5042.522,296,506,1
5042.622,289,503,4
5042.722,303,502,1
5042.823,296,501,1
5042.921,291,502,0
5043.023,301,503,0
5043.123,290,506,2
5043.223,298,506,1
5043.323,292,507,2
5043.423,298,508,2
5043.523,295,505,3
5043.623,284,507,0
5043.722,301,506,3
5043.823,303,508,1
5043.922,294,508,0
5044.023,288,506,2
5044.122,300,509,0
5044.223,299,507,4
5044.323,294,505,3
5044.423,288,500,6
5044.523,298,503,0
5044.623,298,503,0
5044.722,290,502,2
5044.823,291,498,4
5044.923,297,498,1
5045.023,299,500,2
5045.122,300,503,0
5045.222,293,504,0
5045.323,299,502,3
5045.425,296,500,4
5045.522,302,501,0
5045.622,301,502,1
5045.722,299,505,0
5045.824,297,506,1
5045.922,299,507,1
5046.024,300,506,1
5046.122,285,508,0
5046.223,300,505,3
5046.323,296,502,3
5046.423,293,499,3
5046.522,300,500,1
5046.623,298,500,0
5046.721,301,500,1
5046.821,299,500,3
5046.923,300,500,2
5047.023,297,502,0
5047.123,293,502,1
5047.222,296,503,0
5047.323,289,501,2
5047.423,304,504,2
5047.522,290,503,1
5047.623,298,502,2
5047.722,296,503,1
5047.823,298,503,2
5047.922,292,502,2
5048.023,283,502,2
5048.123,304,504,3
5048.223,298,506,0
5048.323,290,507,0
5048.423,300,505,3
5048.521,292,505,2
5048.625,291,498,8
5048.722,295,500,0
5048.822,288,498,3
5048.922,295,494,4
5049.022,295,493,1
5049.122,288,495,0
5049.223,301,492,3
5049.323,285,495,0
5049.423,301,498,0
5049.525,293,496,3
5049.623,290,500,0
5049.723,295,500,1
5049.821,298,504,0
5049.923,298,506,0
5050.024,287,500,6
5050.122,287,502,0
5050.223,291,504,2
5050.322,294,506,0
5050.424,294,499,10
5050.523,297,500,0
5050.623,290,502,0
5050.724,296,502,3
5050.823,301,505,0
5050.926,295,505,1
5051.023,298,507,0
5051.122,288,507,1
5051.224,299,505,5
5051.324,301,505,3
5051.424,289,503,2
5051.523,301,499,5
5051.624,300,501,0
5051.724,296,500,2
5051.825,298,500,1
5051.925,293,500,1
5052.025,291,500,1
5052.123,295,500,1
5052.224,302,501,1
5052.322,290,504,0
5052.425,300,502,4
5052.524,295,504,0
5052.625,301,505,3
5052.725,301,505,2
5052.824,298,502,4
5052.925,298,506,1
5053.024,309,506,0
5053.125,296,503,4
5053.225,285,502,2
5053.325,295,501,2
5053.424,283,501,0
5053.524,294,496,6
5053.624,299,496,3
5053.725,299,495,2
5053.825,291,496,1
5053.925,301,498,0
5054.026,292,499,2
5054.125,298,497,3
5054.225,283,496,2
5054.324,299,499,0
5054.424,297,495,4
5054.525,309,494,2
5054.624,286,496,0
5054.724,296,499,0
5054.824,295,498,2
5054.925,297,500,1
5055.025,301,502,0
5055.124,296,501,2
5055.223,294,503,0
5055.329,299,503,3
5055.426,300,501,2
5055.523,295,501,0
5055.624,284,501,1
5055.724,302,500,3
5055.824,292,500,0
5055.926,309,496,5
5056.025,301,498,3
5056.125,294,499,0
5056.224,301,499,2
5056.325,292,501,1
5056.424,295,502,0
5056.524,300,505,0
5056.625,294,502,5
5056.724,298,502,0
5056.824,309,502,1
5056.923,289,503,1
5057.024,301,504,2
5057.124,298,503,1
5057.225,284,502,1
5057.325,307,500,3
5057.426,294,498,3
5057.525,299,501,0
5057.625,306,499,3
5057.725,297,499,1
5057.825,299,500,1
5057.925,297,501,0
5058.025,310,501,2
5058.124,299,498,3
5058.224,292,495,3
5058.325,291,499,0
5058.426,289,497,3
5058.526,292,495,4
5058.625,297,498,0
5058.725,305,498,3
5058.823,294,499,0
5058.924,293,499,1
5059.025,301,499,0
5059.125,299,499,3
5059.223,296,499,1
5059.325,290,500,1
5059.427,292,496,4
5059.525,290,494,3
5059.625,291,496,0
5059.724,302,495,2
5059.825,293,495,0
5059.924,300,495,4
5060.024,293,495,0
5060.124,293,492,4
5060.225,292,494,1
5060.324,299,494,1
5060.424,304,494,2
5060.525,294,493,1
5060.625,289,491,5
5060.724,292,491,2
5060.823,301,491,1
5060.925,306,493,0
5061.025,293,497,0
5061.125,293,495,4
5061.227,291,499,1
5061.324,289,499,0
5061.425,300,497,3
5061.524,295,497,1
5061.625,301,498,3
5061.725,296,498,4
5061.825,301,494,6
5061.926,300,496,2
5062.025,302,497,0
5062.126,296,497,1
5062.226,291,497,0
5062.325,293,498,0
5062.425,297,498,0
5062.527,289,498,1
5062.624,288,500,0
5062.724,298,499,2
5062.825,298,500,0
5062.924,296,500,1
5063.025,297,500,3
5063.123,286,503,0
5063.226,284,502,4
5063.324,296,504,0
5063.424,299,504,0
5063.524,297,502,2
5063.626,293,503,1
5063.726,295,503,2
5063.826,297,504,1
5063.926,301,500,4
5064.027,288,498,2
5064.125,284,500,0
5064.225,286,501,1
5064.326,297,500,3
5064.427,300,499,1
5064.526,290,500,0
5064.627,298,498,2
5064.726,293,494,4
5064.826,302,494,2
5064.926,296,497,0
5065.026,301,496,2
5065.126,303,497,0
5065.227,304,498,2
5065.327,297,499,0
5065.426,292,499,0
5065.526,303,502,0
5065.626,293,501,3
5065.726,291,501,1
5065.826,291,500,4
5065.928,294,497,4
5066.027,293,491,7
5066.127,294,491,2
5066.229,297,490,2
5066.326,293,489,2
5066.428,302,490,0
5066.527,303,489,2
5066.627,295,491,0
5066.727,304,490,3
5066.828,290,491,0
5066.927,303,493,0
5067.028,299,495,1
5067.126,294,493,3
5067.227,304,493,0
5067.327,297,494,1
5067.427,297,496,0
5067.528,295,496,1
5067.627,301,496,0
5067.727,295,496,1
5067.828,299,495,2
5067.927,304,493,2
5068.027,297,495,1
5068.128,306,494,2
5068.228,296,495,1
5068.327,297,495,0
5068.427,290,497,1
5068.527,285,497,1
5068.629,289,497,0
5068.727,284,497,2
5068.828,295,499,1
5068.927,298,502,0
5069.027,294,505,1
5069.127,290,504,3
5069.228,290,504,1
5069.328,293,505,2
5069.426,294,506,0
5069.526,296,506,1
5069.628,293,505,3
5069.728,288,505,2
5069.827,293,506,0
5069.928,301,504,4
5070.027,309,504,0
5070.128,297,502,3
5070.227,300,504,0
5070.326,303,506,0
5070.427,293,504,2
5070.528,292,506,1
5070.628,294,503,4
5070.727,298,504,0
5070.828,292,505,2
5070.928,301,504,4
5071.027,290,505,0
5071.128,293,503,2
5071.227,290,501,2
5071.328,299,499,2
5071.428,292,498,3
5071.527,296,498,0
5071.627,294,499,0
5071.728,290,498,1
5071.827,290,499,0
5071.926,289,497,2
5072.028,297,498,3
5072.127,293,500,0
5072.228,298,500,1
5072.328,299,499,1
5072.428,302,495,4
5072.528,298,496,2
5072.628,295,497,0
5072.728,293,494,3
5072.827,294,495,1
5072.927,308,498,0
5073.027,295,496,2
5073.128,288,498,0
5073.227,294,498,2
5073.327,292,492,6
5073.427,296,492,0
5073.527,302,493,1
5073.627,294,491,2
5073.728,293,493,2
5073.827,302,494,0
5073.927,300,493,2
5074.028,292,486,7
5074.128,308,490,0
5074.229,293,490,1
5074.328,297,491,0
5074.427,299,492,2
5074.527,294,491,4
5074.627,294,491,1
5074.727,289,490,1
5074.827,286,490,1
5074.927,304,491,1
5075.028,303,494,0
5075.128,290,489,5
5075.227,297,489,0
5075.328,287,488,1
5075.428,293,488,3
5075.527,307,492,1
5075.627,292,490,2
5075.727,292,490,0
5075.828,297,490,2
5075.928,307,485,6
5076.028,295,485,1
5076.127,296,490,0
5076.231,293,488,4
5076.329,302,485,3
5076.43,293,484,2
5076.531,301,488,1
5076.63,297,488,1
5076.73,300,493,1
5076.831,303,492,1
5076.93,299,491,1
5077.03,301,490,1
5077.13,293,489,2
5077.23,295,489,2
5077.33,283,490,1
5077.431,299,490,3
5077.531,300,489,1
5077.631,305,492,0
5077.731,288,492,1
5077.832,291,492,1
5077.932,284,492,1
5078.032,303,494,1
5078.132,295,494,0
5078.232,288,493,2
5078.331,297,490,4
5078.432,294,494,1
5078.531,297,494,2
5078.632,293,496,0
5078.731,288,497,0
5078.831,293,497,1
5078.931,301,499,0
5079.031,300,501,3
5079.132,294,500,2
5079.231,292,501,0
5079.331,289,501,1
5079.431,284,501,1
5079.532,289,502,2
5079.631,294,502,1
5079.731,303,502,4
5079.831,298,502,0
5079.931,291,500,3
5080.032,301,501,1
5080.131,292,504,0
5080.232,293,502,4
5080.332,304,501,1
5080.431,291,501,0
5080.531,292,502,0
5080.632,300,500,5
5080.733,303,498,2
5080.831,291,499,0
5080.932,304,501,0
5081.031,297,502,0
5081.131,302,500,3
5081.232,286,501,0
5081.331,293,502,1
5081.431,301,502,3
5081.533,295,498,6
5081.631,288,503,0
5081.732,304,501,2
5081.832,294,501,1
5081.931,294,502,0
5082.031,299,500,3
5082.131,298,496,4
5082.232,293,493,4
5082.331,292,494,0
5082.431,304,493,1
5082.531,287,492,1
5082.632,296,489,5
5082.732,301,487,3
5082.832,294,487,1
5082.931,296,489,0
5083.032,290,488,1
5083.132,294,487,2
5083.232,300,489,0
5083.331,306,489,1
5083.431,296,488,2
5083.532,294,490,3
5083.632,298,496,0
5083.732,294,497,1
5083.832,292,496,1
5083.932,297,499,0
5084.031,290,497,2
5084.131,297,499,0
5084.231,296,499,2
5084.332,302,497,3
5084.431,286,499,0
5084.532,295,498,2
5084.632,291,491,9
5084.732,295,493,0
5084.832,291,497,0
5084.932,306,502,0
5085.031,295,505,0
5085.131,292,503,3
5085.231,297,504,1
5085.331,306,504,1
5085.432,289,503,2
5085.531,293,503,0
5085.63,288,502,1
5085.729,295,506,1
5085.832,297,506,1
5085.932,299,506,4
5086.031,294,509,0
5086.132,284,508,1
5086.232,306,513,0
5086.334,294,511,2
5086.434,288,510,1
5086.534,292,511,2
5086.633,294,510,3
5086.733,291,511,2
5086.833,299,513,0
5086.933,289,511,3
5087.032,297,510,2
5087.132,297,507,5
5087.233,290,507,2
5087.334,290,508,2
5087.433,303,510,1
5087.533,301,509,2
5087.635,294,511,2
5087.733,298,511,0
5087.833,293,509,3
5087.933,303,506,4
5088.033,292,505,2
5088.132,286,507,0
5088.232,291,504,3
5088.332,304,502,2
5088.433,298,503,0
5088.533,297,505,1
5088.633,289,505,0
5088.734,299,501,4
5088.832,291,503,0
5088.932,301,502,2
5089.032,302,501,2
5089.131,294,501,0
5089.232,298,503,1
5089.332,292,503,1
5089.433,293,506,1
5089.532,294,507,1
5089.633,302,508,2
5089.732,292,509,3
5089.833,302,506,3
5089.932,291,508,1
5090.032,300,509,3
5090.133,283,509,2
5090.232,304,514,0
5090.333,300,512,2
5090.433,295,512,2
5090.532,300,511,2
5090.633,316,510,2
5090.732,290,506,4
5090.832,303,507,1
5090.932,304,507,1
5091.033,297,511,1
5091.132,295,511,1
5091.232,301,510,2
5091.332,301,512,0
5091.432,295,513,0
5091.532,292,511,3
5091.633,297,511,1
5091.732,295,511,1
5091.833,289,505,6
5091.933,294,505,2
5092.032,291,505,0
5092.132,294,504,1
5092.232,288,505,0
5092.333,301,502,4
5092.432,298,502,0
5092.532,291,501,3
5092.633,299,496,5
5092.731,303,500,1
5092.833,295,499,4
5092.932,296,499,1
5093.033,303,499,4
5093.132,298,500,0
5093.232,306,500,1
5093.333,294,497,5
5093.433,300,496,2
5093.533,288,496,3
5093.633,305,500,0
5093.733,301,501,3
5093.833,292,501,1
5093.933,296,502,1
5094.033,294,502,0
5094.132,300,500,6
5094.232,289,499,1
5094.333,301,497,3
5094.432,298,500,0
5094.532,297,497,4
5094.633,302,498,2
5094.732,302,499,3
5094.834,292,503,1
5094.933,293,503,0
5095.033,286,501,2
5095.133,304,499,3
5095.233,300,497,2
5095.333,299,499,0
5095.433,300,499,1
5095.533,301,498,1
5095.634,294,499,1
5095.734,306,497,3
5095.834,303,498,1
5095.934,309,499,3
5096.034,301,500,1
5096.133,300,503,0
5096.234,297,505,1
5096.333,290,507,0
5096.434,303,507,3
5096.533,303,509,0
5096.633,293,508,1
5096.733,299,508,3
5096.834,297,506,4
5096.933,294,506,0
5097.034,287,506,1
5097.133,302,505,2
5097.234,295,507,0
5097.334,301,506,2
5097.434,296,502,5
5097.533,295,504,0
5097.633,296,505,0
5097.733,300,500,6
5097.833,287,501,0
5097.933,299,500,4
5098.033,299,503,0
5098.134,291,503,3
5098.233,299,503,0
5098.333,292,506,1
5098.433,303,506,3
5098.533,296,506,2
5098.632,300,505,1
5098.732,288,503,2
5098.834,300,506,0
5098.934,302,506,1
5099.033,307,507,1
5099.134,296,505,3
5099.234,298,507,0
5099.332,292,507,2
5099.434,290,506,1
5099.534,291,502,5
5099.633,294,503,0
5099.734,300,501,4
5099.833,299,501,0
5099.932,295,501,1
5100.033,303,503,1
5100.133,300,504,2
5100.234,293,503,2
5100.334,290,504,2
5100.434,300,503,3
5100.534,299,503,1
5100.634,295,506,0
5100.734,294,508,1
5100.832,293,510,0
5100.934,289,506,5
5101.033,301,507,0
5101.134,304,509,1
5101.234,306,507,2
5101.333,298,508,0
5101.433,288,507,1
5101.533,297,506,3
5101.633,295,505,2
5101.733,293,505,1
5101.832,300,506,0
5101.934,296,505,3
5102.034,281,501,5
5102.133,292,504,0
5102.233,293,506,0
5102.332,288,501,5
5102.435,291,503,0
5102.535,296,505,0
5102.636,288,503,2
5102.734,310,504,0
5102.835,289,500,5
5102.935,293,499,1
5103.035,293,499,3
5103.134,291,500,1
5103.235,289,499,1
5103.335,297,499,2
5103.435,295,497,3
5103.534,296,497,0
5103.634,293,494,3
5103.734,305,491,3
5103.834,296,488,4
5103.934,299,489,0
5104.034,292,489,3
5104.134,298,494,0
5104.234,286,491,3
5104.334,291,489,3
5104.434,294,489,2
5104.534,299,491,2
5104.635,298,495,0
5104.735,295,496,1
5104.836,295,494,2
5104.936,292,491,4
5105.035,309,490,1
5105.137,298,491,2
5105.236,299,491,2
5105.334,293,494,0
5105.435,296,496,0
5105.534,297,496,3
5105.635,292,494,2
5105.735,295,495,1
5105.836,295,495,0
5105.936,303,496,1
5106.036,300,498,2
5106.136,297,496,4
5106.235,306,497,0
5106.335,300,500,0
5106.436,285,499,1
5106.535,294,500,0
5106.635,276,501,0
5106.735,300,503,0
5106.835,291,507,1
5106.935,293,507,0
5107.035,295,506,3
5107.136,294,504,3
5107.236,294,502,2
5107.335,297,503,2
5107.436,308,501,3
5107.536,290,499,3
5107.635,290,499,0
5107.737,298,495,6
5107.837,291,492,3
5107.936,299,493,0
5108.036,293,491,4
5108.136,294,491,0
5108.235,304,490,2
5108.337,298,487,3
5108.436,299,485,3
5108.536,301,486,2
5108.637,294,487,0
5108.736,298,487,3
5108.837,290,487,1
5108.936,290,487,0
5109.038,296,486,5
5109.137,296,485,2
5109.236,296,485,1
5109.336,293,485,2
5109.437,301,485,0
5109.536,292,487,2
5109.636,283,487,1
5109.737,289,484,3
5109.835,303,485,0
5109.937,296,482,5
5110.036,284,482,0
5110.137,303,485,0
5110.237,301,486,0
5110.336,294,488,0
5110.437,300,485,3
5110.538,298,486,0
5110.636,295,486,0
5110.736,295,490,0
5110.836,293,490,0
5110.936,300,491,0
5111.036,294,490,2
5111.137,289,487,4
5111.237,296,488,0
5111.336,305,492,0
5111.437,299,491,3
5111.537,296,488,3
5111.636,295,490,0
5111.736,303,493,2
5111.835,292,491,3
5111.937,300,489,3
5112.036,295,491,0
5112.136,288,493,0
5112.237,284,490,4
5112.337,287,488,3
5112.437,297,491,0
5112.537,298,491,2
5112.638,298,489,4
5112.737,299,492,0
5112.836,300,494,1
5112.936,288,496,0
5113.037,302,497,1
5113.137,291,500,0
5113.237,296,502,2
5113.335,298,501,2
5113.437,295,498,3
5113.537,287,500,0
5113.636,299,500,3
5113.735,294,505,0
5113.837,293,502,4
5113.936,294,504,0
5114.035,289,508,0
5114.136,291,507,3
5114.237,296,508,1
5114.337,299,504,4
5114.438,295,505,1
5114.536,292,506,0
5114.637,295,503,4
5114.736,301,505,0
5114.837,292,502,4
5114.936,295,504,0
5115.037,283,505,2
5115.137,297,506,2
5115.237,299,509,0
5115.337,295,507,2
5115.437,292,508,2
5115.536,300,509,1
5115.637,294,512,0
5115.737,287,513,1
5115.837,296,511,5
5115.936,291,511,0
5116.037,308,510,3
5116.137,304,509,2
5116.238,296,508,3
5116.337,295,508,1
5116.436,295,510,0
5116.537,298,509,1
5116.636,297,506,3
5116.737,294,508,2
5116.837,285,508,0
5116.937,294,507,1
5117.038,295,506,2
5117.136,299,513,0
5117.236,295,510,3
5117.338,292,508,4
5117.437,292,511,0
5117.537,301,507,4
5117.636,288,508,0
5117.736,306,507,3
5117.837,306,508,1
5117.936,299,510,1
5118.036,304,511,2
5118.136,281,511,1
5118.236,293,509,4
5118.336,306,509,2
5118.437,297,508,1
5118.536,299,507,3
5118.637,291,507,2
5118.737,310,505,2
5118.836,304,506,1
5118.936,294,502,4
5119.036,294,502,1
5119.136,291,504,1
5119.237,292,505,1
5119.337,305,504,1
5119.436,293,503,2
5119.537,304,502,1
5119.635,293,506,0
5119.736,300,508,1
5119.837,294,507,3
5119.936,292,507,0
5120.036,299,506,2
5120.137,303,500,7
5120.236,290,503,0
5120.336,290,505,0
5120.437,304,502,3
5120.536,290,501,2
5120.637,289,501,1
5120.736,294,502,0
5120.837,283,501,2
5120.936,299,502,0
5121.037,296,498,5
5121.136,305,502,0
5121.236,304,504,0
5121.335,292,507,0
5121.437,299,505,4
5121.536,298,503,3
5121.636,295,501,2
5121.737,299,499,2
5121.836,300,502,0
5121.937,296,499,3
5122.036,300,502,0
5122.137,287,503,3
5122.237,304,505,0
5122.336,302,504,3
5122.436,293,506,0
5122.537,294,506,1
5122.636,299,503,5
5122.735,293,505,0
5122.834,292,504,3
5122.936,297,502,2
5123.038,288,499,3
5123.135,296,499,0
5123.235,298,500,2
5123.337,287,498,4
5123.436,303,500,0
5123.536,301,501,1
5123.636,305,501,0
5123.736,295,502,1
5123.836,288,503,1
5123.936,294,503,1
5124.036,290,503,1
5124.136,295,504,1
5124.237,291,498,7
5124.336,291,498,2
5124.436,293,498,0
5124.537,302,496,4
5124.636,296,497,0
5124.735,289,494,4
5124.837,303,495,3
5124.936,296,497,0
5125.036,295,501,0
5125.136,310,504,0
5125.237,301,504,1
5125.337,292,499,6
5125.438,295,502,1
5125.536,299,504,0
5125.636,288,503,3
5125.736,307,502,4
5125.837,296,504,1
5125.937,300,504,2
5126.037,300,504,0
5126.137,299,505,1
5126.236,295,504,3
5126.335,303,505,0
5126.437,294,504,3
5126.536,303,506,0
5126.637,303,504,4
5126.736,297,506,0
5126.837,289,505,4
5126.936,288,506,0
5127.036,295,504,2
5127.137,292,506,1
5127.237,301,508,0
5127.337,295,507,3
5127.437,293,510,0
5127.537,295,510,0
5127.636,295,509,1
5127.736,292,507,3
5127.837,305,507,0
5127.935,288,505,2
5128.036,290,505,1
5128.136,296,505,3
5128.238,284,505,3
5128.337,299,507,0
5128.437,299,505,2
5128.535,289,502,3
5128.637,299,498,4
5128.736,295,500,0
5128.837,304,500,2
5128.935,291,497,5
5129.037,293,500,0
5129.137,302,503,0
5129.237,296,502,2
5129.337,296,502,3
5129.437,286,504,0
5129.537,303,504,1
5129.637,282,505,0
5129.736,290,501,4
5129.836,291,500,3
5129.936,294,499,2
5130.036,296,500,1
5130.136,302,499,1
5130.236,293,499,1
5130.336,305,502,2
5130.437,295,502,1
5130.537,302,500,3
5130.637,292,497,4
5130.736,297,501,0
5130.837,306,503,1
5130.937,288,502,3
5131.037,300,505,0
5131.139,287,503,4
5131.238,293,504,0
5131.338,289,504,2
5131.439,290,506,0
5131.539,287,509,0
5131.639,289,509,0
5131.738,295,504,6
5131.84,296,504,2
5131.94,291,504,3
5132.04,308,501,4
5132.138,291,501,2
5132.239,300,503,1
5132.339,297,503,2
5132.439,299,503,2
5132.539,297,503,2
5132.64,293,504,1
5132.74,288,505,1
5132.839,304,507,1
5132.939,286,508,2
5133.039,285,508,1
5133.139,295,508,0
5133.239,302,509,2
5133.339,311,509,2
5133.44,291,509,0
5133.539,286,509,0
5133.639,297,507,2
5133.738,281,505,4
5133.838,290,506,1
5133.94,300,507,1
5134.039,289,507,1
5134.139,302,509,0
5134.24,293,509,0
5134.339,287,509,1
5134.44,296,510,1
5134.54,294,510,1
5134.64,286,511,0
5134.74,290,509,2
5134.84,293,509,0
5134.94,300,512,0
5135.039,301,510,2
5135.14,301,502,8
5135.24,298,502,2
5135.339,298,502,0
5135.439,290,500,2
5135.538,299,500,2
5135.639,292,501,0
5135.739,296,502,0
5135.84,296,495,9
5135.939,292,498,0
5136.039,296,500,1
5136.14,290,497,4
5136.241,303,497,2
5136.339,295,500,0
5136.439,293,499,2
5136.539,299,498,2
5136.639,302,500,0
5136.74,294,499,3
5136.84,300,501,2
5136.939,303,501,0
5137.039,288,501,0
5137.14,299,500,3
5137.239,294,500,0
5137.339,297,499,4
5137.439,296,496,3
5137.54,304,498,2
5137.64,293,498,0
5137.739,294,498,2
5137.84,295,498,1
5137.94,294,500,1
5138.04,286,500,3
5138.139,295,503,0
5138.24,302,502,1
5138.339,292,502,2
5138.441,297,503,2
5138.538,300,508,0
5138.639,299,507,2
5138.739,302,507,2
5138.839,298,507,0
5138.939,303,507,2
5139.039,295,508,1
5139.14,291,510,1
5139.24,292,510,3
5139.339,293,512,0
5139.439,292,512,3
5139.54,294,511,3
5139.639,302,512,0
5139.739,305,513,3
5139.84,285,513,2
5139.938,299,512,3
5140.04,297,510,2
5140.139,302,512,0
5140.24,289,509,4
5140.339,292,513,0
5140.44,299,516,1
5140.539,290,519,0
5140.64,298,518,2
5140.739,294,518,2
5140.839,289,519,1
5140.938,292,519,1
5141.04,296,518,1
5141.141,291,512,6
5141.24,293,513,0
5141.338,301,511,2
5141.439,296,508,4
5141.539,307,506,4
5141.637,300,507,0
5141.74,288,504,4
5141.84,290,506,0
5141.94,313,504,3
5142.04,294,503,2
5142.139,289,504,0
5142.24,289,502,2
5142.34,295,499,3
5142.438,295,503,0
5142.539,300,501,3
5142.639,294,499,3
5142.74,299,494,5
5142.84,301,495,0
5142.94,289,492,3
5143.04,297,493,0
5143.14,292,491,4
5143.239,298,492,0
5143.339,297,494,1
5143.44,283,492,4
5143.539,294,492,1
5143.639,302,490,3
5143.74,296,484,8
5143.839,295,485,0
5143.939,303,486,2
5144.039,291,487,0
5144.139,296,490,0
5144.239,292,491,0
5144.339,291,489,3
5144.44,283,490,0
5144.539,298,491,0
5144.639,295,491,1
5144.739,297,492,0
5144.84,292,493,0
5144.938,289,493,1
5145.04,292,495,2
5145.139,291,495,0
5145.24,292,495,3
5145.339,297,496,0
5145.44,295,493,4
5145.539,290,496,0
5145.64,298,494,3
5145.739,287,495,0
5145.84,301,495,3
5145.94,301,498,1
5146.038,297,497,2
5146.138,298,497,3
5146.24,294,497,1
5146.341,289,498,2
5146.44,289,498,0
5146.54,295,499,1
5146.641,286,498,3
5146.74,284,499,0
5146.841,301,498,2
5146.941,298,498,2
5147.041,297,499,0
5147.14,299,498,2
5147.24,283,499,2
5147.34,294,498,1
5147.441,294,498,1
5147.541,297,499,2
5147.64,285,498,2
5147.741,295,500,1
5147.841,289,498,2
5147.939,294,500,0
5148.041,293,498,3
5148.14,294,499,0
5148.241,292,500,3
5148.34,306,499,4
5148.441,288,499,1
5148.54,296,498,2
5148.64,301,501,0
5148.741,299,499,2
5148.841,292,497,3
5148.941,304,497,2
5149.041,295,495,3
5149.141,296,496,1
5149.242,295,495,4
5149.339,294,496,0
5149.442,301,497,2
5149.541,297,499,1
5149.641,294,501,0
5149.742,301,496,5
5149.842,295,494,2
5149.942,299,494,3
5150.041,295,497,0
5150.142,298,493,4
5150.243,293,495,1
5150.343,290,495,2
5150.443,293,495,1
5150.543,304,494,4
5150.643,292,493,2
5150.742,293,490,3
5150.843,293,494,0
5150.943,293,497,2
5151.043,305,496,1
5151.143,301,495,1
5151.242,287,496,1
5151.343,294,493,3
5151.442,291,494,0
5151.543,304,492,3
5151.642,294,491,1
5151.742,300,491,1
5151.843,288,493,1
5151.943,295,494,1
5152.042,288,494,1
5152.142,304,495,3
5152.243,286,493,2
5152.342,297,492,1
5152.444,290,491,2
5152.542,288,488,3
5152.642,297,490,1
5152.743,296,492,0
5152.842,297,493,0
5152.943,295,489,6
5153.042,286,489,1
5153.143,287,489,1
5153.242,302,490,0
5153.343,285,490,3
5153.442,294,490,3
5153.541,295,492,2
5153.643,297,491,2
5153.741,289,490,1
5153.842,293,492,0
5153.942,294,491,1
5154.041,295,492,1
5154.143,303,493,1
5154.243,290,493,2
5154.342,290,494,0
5154.441,297,497,0
5154.542,306,498,0
5154.642,299,500,0
5154.742,293,504,0
5154.842,294,507,1
5154.943,289,506,2
5155.046,297,507,3
5155.143,300,508,2
5155.242,289,510,0
5155.342,297,510,0
5155.442,299,513,0
5155.542,291,511,2
5155.642,305,511,1
5155.742,288,510,2
5155.842,289,511,3
5155.941,298,510,1
5156.043,279,506,5
5156.142,292,507,0
5156.243,305,505,3
5156.342,294,506,0
5156.443,295,499,8
5156.543,304,500,2
5156.643,297,501,0
5156.742,291,498,3
5156.843,291,499,1
5156.942,296,501,0
5157.042,295,500,1
5157.141,300,502,0
5157.243,304,501,2
5157.342,301,498,3
5157.442,296,494,6
5157.541,295,497,0
5157.643,297,496,2
5157.741,291,496,0
5157.842,295,496,0
5157.942,294,494,5
5158.043,289,495,0
5158.143,290,495,1
5158.243,304,492,6
5158.342,293,493,0
5158.442,296,494,0
5158.543,299,490,5
5158.642,307,490,0
5158.743,295,492,1
5158.843,285,492,2
5158.943,289,495,0
5159.042,302,495,0
5159.142,296,497,0
5159.242,296,497,1
5159.342,292,500,0
5159.446,288,504,0
5159.544,296,506,1
5159.645,292,506,1
5159.746,299,508,1
5159.846,293,510,0
5159.945,297,512,1
5160.047,297,513,1
5160.145,293,510,3
5160.246,290,511,2
5160.346,297,510,2
5160.445,290,508,2
5160.546,300,506,3
5160.644,299,504,2
5160.745,304,503,2
5160.845,295,503,1
5160.945,287,498,6
5161.045,296,500,0
5161.145,294,502,2
5161.246,287,502,1
5161.346,298,503,1
5161.445,292,504,1
5161.544,286,503,1
5161.646,296,503,1
5161.745,297,502,2
5161.846,307,498,4
5161.946,293,493,6
5162.046,297,491,3
5162.145,292,490,3
5162.245,291,492,2
5162.345,296,494,1
5162.445,299,496,0
5162.545,292,495,4
5162.645,303,498,0
5162.745,298,498,1
5162.846,302,501,3
5162.945,299,502,0
5163.046,300,499,5
5163.145,298,502,0
5163.245,295,503,1
5163.345,304,502,2
5163.446,295,502,1
5163.545,298,504,0
5163.646,299,501,4
5163.745,290,503,0
5163.845,301,505,0
5163.946,293,504,1
5164.046,296,505,1
5164.146,303,500,6
5164.246,297,501,0
5164.346,293,500,1
5164.446,292,499,3
5164.546,294,500,0
5164.645,295,500,0
5164.745,297,502,1
5164.844,291,504,1
5164.944,303,507,0
5165.044,299,507,1
5165.145,292,506,2
5165.245,286,509,0
5165.345,294,506,3
5165.445,302,504,2
5165.545,299,506,0
5165.645,294,507,0
5165.745,296,507,2
5165.845,290,506,2
5165.944,296,506,2
5166.045,296,506,0
5166.144,300,506,2
5166.246,300,504,4
5166.345,291,504,0
5166.447,305,503,3
5166.546,296,505,0
5166.645,300,506,0
5166.745,289,508,2
5166.846,289,505,4
5166.945,306,506,0
5167.046,301,505,1
5167.144,295,500,5
5167.245,292,498,3
5167.345,302,498,1
5167.446,293,502,0
5167.546,304,501,2
5167.646,294,502,1
5167.746,300,501,3
5167.846,308,499,4
5167.947,295,498,2
5168.046,304,497,1
5168.147,292,495,2
5168.246,292,496,1
5168.346,293,495,1
5168.447,302,497,1
5168.547,290,496,2
5168.646,293,491,5
5168.746,292,492,2
5168.845,291,493,0
5168.946,309,491,2
5169.047,291,492,1
5169.147,297,494,0
5169.246,291,495,0
5169.346,290,491,4
5169.447,302,494,0
5169.546,301,494,3
5169.646,293,491,4
5169.746,290,489,4
5169.845,301,490,0
5169.946,294,489,2
5170.046,303,490,0
5170.146,292,489,1
5170.247,298,490,0
5170.346,298,489,1
5170.447,295,487,5
5170.546,299,489,0
5170.645,297,489,1
5170.746,299,491,0
5170.846,294,493,2
5170.948,292,491,3
5171.047,301,495,0
5171.148,290,497,0
5171.248,305,495,3
5171.347,287,494,1
5171.447,293,495,0
5171.546,294,495,1
5171.647,295,494,1
5171.746,307,494,0
5171.846,288,492,2
5171.946,304,496,0
5172.047,295,496,3
5172.148,299,492,4
5172.246,297,493,0
5172.346,291,495,0
5172.447,294,498,0
5172.546,305,497,2
5172.646,297,499,3
5172.746,306,499,1
5172.847,293,499,2
5172.946,296,500,0
5173.047,282,499,2
5173.146,302,502,0
5173.247,305,503,0
5173.346,292,504,1
5173.447,295,504,2
5173.546,290,503,2
5173.647,301,502,2
5173.747,296,502,1
5173.847,297,501,2
5173.946,287,501,0
5174.046,296,501,2
5174.146,288,500,2
5174.247,297,502,3
5174.346,297,504,1
5174.446,298,504,1
5174.546,301,506,1
5174.646,300,508,0
5174.746,288,508,2
5174.847,285,508,1
5174.947,290,509,3
5175.047,313,510,0
5175.146,297,508,3
5175.247,295,508,3
5175.347,294,508,1
5175.447,284,509,0
5175.546,292,508,3
5175.647,292,503,5
5175.747,299,500,3
5175.847,286,502,0
5175.946,299,501,2
5176.046,284,501,2
5176.147,295,498,5
5176.246,296,499,0
5176.346,302,503,1
5176.446,299,502,1
5176.545,301,502,3
5176.645,288,501,3
5176.747,296,501,2
5176.847,296,501,2
5176.947,293,501,2
5177.047,297,502,2
5177.147,303,504,0
5177.247,302,506,0
5177.347,288,504,2
5177.447,289,506,1
5177.548,297,504,3
5177.647,301,507,1
5177.748,302,507,2
5177.847,293,507,0
5177.947,300,508,0
5178.046,294,505,3
5178.146,300,504,1
5178.246,298,502,3
5178.346,294,502,1
5178.446,292,502,4
5178.546,292,500,3
5178.645,286,499,1
5178.746,293,501,0
5178.846,297,504,1
5178.945,290,503,3
5179.047,290,503,1
5179.145,292,504,0
5179.247,300,504,2
5179.347,289,506,1
5179.447,305,506,0
5179.546,303,508,3
5179.647,293,508,2
5179.746,300,508,0
5179.847,293,508,2
5179.947,294,510,1
5180.046,297,511,1
5180.146,293,506,5
5180.246,303,507,1
5180.347,297,505,3
5180.447,295,505,1
5180.546,293,505,1
5180.647,295,503,2
5180.746,295,504,3
5180.847,302,503,2
5180.946,297,502,2
5181.046,305,500,3
5181.146,288,501,0
5181.246,297,502,1
5181.347,299,503,2
5181.447,303,501,3
5181.546,286,503,0
5181.646,295,503,3
5181.746,295,504,0
5181.845,296,505,1
5181.945,302,505,3
5182.045,302,505,2
5182.148,288,505,1
5182.247,287,505,0
5182.347,284,505,1
5182.447,295,504,3
5182.546,290,502,3
5182.646,297,499,3
5182.747,293,497,4
5182.846,288,498,0
5182.946,298,498,2
5183.046,289,497,4
5183.145,290,495,2
5183.247,294,490,5
5183.346,292,490,0
5183.447,295,488,5
5183.546,294,487,2
5183.647,301,489,2
5183.746,298,489,1
5183.847,298,489,1
5183.947,297,489,1
5184.047,300,492,2
5184.146,293,499,0
5184.246,297,501,1
5184.346,283,499,2
5184.447,305,499,3
5184.547,294,498,4
5184.647,289,497,3
5184.746,301,502,0
5184.846,300,499,4
5184.946,295,500,0
5185.046,292,497,5
5185.147,303,501,0
5185.246,289,503,1
5185.347,302,504,2
5185.447,297,505,1
5185.546,300,507,2
5185.647,285,502,5
5185.746,300,505,0
5185.847,296,503,5
5185.946,292,504,0
5186.046,286,503,1
5186.147,288,501,3
5186.248,292,503,0
5186.346,304,505,0
5186.447,295,504,1
5186.546,303,504,3
5186.647,296,504,1
5186.747,292,501,3
5186.847,300,503,0
5186.945,295,506,0
5187.046,280,503,3
5187.147,282,496,8
5187.245,302,498,0
5187.346,292,499,0
5187.447,297,501,1
5187.547,298,500,3
5187.646,299,503,1
5187.747,290,500,4
5187.847,295,500,1
5187.946,292,501,0
5188.047,289,497,4
5188.146,306,499,0
5188.246,290,501,0
5188.346,294,502,2
5188.447,303,505,0
5188.546,290,506,0
5188.647,296,503,3
5188.746,304,503,1
5188.846,294,505,1
5188.946,290,505,2
5189.047,293,501,4
5189.148,292,505,0
5189.246,288,507,0
5189.346,297,505,2
5189.447,284,504,1
5189.545,293,506,0
5189.647,300,507,1
5189.746,289,505,2
5189.847,296,506,2
5189.946,301,504,5
5190.048,301,505,2
5190.146,293,506,0
5190.246,298,504,5
5190.346,299,507,0
5190.446,295,511,0
5190.546,301,510,2
5190.646,290,511,0
5190.747,305,508,4
5190.846,286,510,1
5190.946,301,510,2
5191.047,296,510,1
5191.146,288,512,0
5191.246,284,509,4
5191.346,289,510,1
5191.447,288,508,2
5191.546,301,506,2
5191.646,300,506,0
5191.746,306,509,0
5191.845,303,509,1
5191.946,295,505,4
5192.046,297,507,1
5192.147,304,506,1
5192.247,303,502,5
5192.346,301,504,0
5192.444,287,503,1
5192.546,289,500,5
5192.646,295,501,0
5192.745,301,498,3
5192.847,300,499,1
5192.946,299,502,1
5193.046,294,502,1
5193.146,297,499,3
5193.247,299,498,2
5193.346,295,500,0
5193.446,305,497,5
5193.546,300,500,2
5193.646,293,500,1
5193.746,294,498,2
5193.846,297,497,1
5193.947,303,492,6
5194.046,300,494,0
5194.147,291,491,4
5194.246,298,492,0
5194.346,303,491,2
5194.447,301,491,1
5194.546,298,491,1
5194.647,289,490,2
5194.746,286,491,0
5194.846,292,488,5
5194.946,293,488,0
5195.047,294,488,2
5195.15,286,486,5
5195.249,298,484,2
5195.347,308,486,2
5195.447,301,488,1
5195.547,293,488,2
5195.647,292,490,0
5195.747,285,488,3
5195.846,299,489,0
5195.947,301,487,5
5196.049,294,490,1
5196.149,299,492,1
5196.249,298,493,2
5196.348,288,495,3
5196.447,297,494,1
5196.547,297,492,3
5196.647,288,491,3
5196.746,300,492,0
5196.846,297,494,1
5196.946,287,493,1
5197.045,288,493,0
5197.146,287,494,1
5197.246,301,494,1
5197.346,296,493,2
5197.446,296,494,1
5197.546,298,495,3
5197.647,306,496,0
5197.746,299,497,1
5197.845,295,496,1
5197.947,294,494,2
5198.047,298,497,0
5198.146,290,499,2
5198.246,301,503,0
5198.345,291,504,0
5198.447,294,501,4
5198.547,298,502,2
5198.646,300,504,0
5198.747,300,505,2
5198.846,301,504,2
5198.947,301,505,1
5199.046,299,506,1
5199.146,291,504,2
5199.246,296,506,1
5199.346,296,505,2
5199.446,301,502,3
5199.547,294,503,0
5199.646,302,503,1
5199.746,298,501,3
5199.846,288,500,1
5199.946,289,500,3
5200.047,287,505,0
5200.146,290,507,0
5200.246,299,508,1
5200.348,302,509,3
5200.447,291,505,5
5200.547,296,505,1
5200.648,291,504,2
5200.746,299,504,0
5200.846,293,504,2
5200.946,288,505,0
5201.047,289,506,0
5201.146,298,508,0
5201.247,292,504,5
5201.346,293,505,1
5201.446,289,507,0
5201.546,300,508,1
5201.647,293,504,4
5201.746,293,507,0
5201.846,297,505,3
5201.946,298,505,1
5202.047,300,501,5
5202.146,306,502,0
5202.246,291,504,0
5202.347,302,504,4
5202.446,300,506,0
5202.547,305,506,2
5202.646,291,506,1
5202.746,305,507,1
5202.846,284,505,2
5202.945,301,506,0
5203.047,308,508,1
5203.146,295,507,4
5203.247,297,505,4
5203.347,292,505,0
5203.446,300,504,4
5203.546,286,504,1
5203.646,296,505,0
5203.746,290,505,2
5203.846,294,504,1
5203.945,298,505,0
5204.047,297,506,1
5204.146,295,507,0
5204.247,296,509,1
5204.346,306,510,1
5204.446,297,509,3
5204.547,293,509,0
5204.648,295,507,2
5204.747,299,507,2
5204.847,298,506,2
5204.944,306,509,0
5205.047,293,514,0
5205.147,301,513,3
5205.246,289,515,0
5205.346,291,515,4
5205.447,279,513,4
5205.546,284,513,0
5205.646,297,514,1
5205.746,293,513,1
5205.848,297,513,2
5205.946,301,512,2
5206.046,307,514,0
5206.148,297,511,4
5206.248,298,510,2
5206.347,295,512,0
5206.447,289,509,4
5206.547,292,509,1
5206.648,291,507,2
5206.747,294,508,2
5206.849,299,507,2
5206.947,298,507,3
5207.047,286,507,0
5207.147,300,503,6
5207.248,280,502,1
5207.347,303,501,4
5207.449,298,501,2
5207.547,289,505,0
5207.647,295,505,0
5207.747,311,506,0
5207.847,296,502,4
5207.947,286,501,4
5208.047,297,503,0
5208.147,300,502,3
5208.247,297,501,3
5208.346,297,502,0
5208.447,306,500,3
5208.548,288,500,1
5208.648,298,500,1
5208.748,296,500,2
5208.849,299,501,2
5208.947,300,498,5
5209.048,298,498,2
5209.147,298,499,0
5209.247,293,498,1
5209.346,297,502,1
5209.447,296,501,2
5209.548,311,499,2
5209.648,287,503,0
5209.747,296,504,1
5209.847,291,503,1
5209.946,294,502,2
5210.048,297,501,2
5210.148,290,499,2
5210.249,299,500,0
5210.348,282,497,3
5210.449,297,500,0
5210.549,301,498,4
5210.648,305,499,1
5210.748,306,500,1
5210.848,290,501,1
5210.946,298,502,0
5211.047,294,504,2
5211.147,284,500,4
5211.248,295,499,5
5211.348,293,501,0
5211.448,305,499,5
5211.547,292,500,0
5211.647,302,501,1
5211.747,297,503,0
5211.847,306,505,0
5211.948,294,501,6
5212.048,296,501,0
5212.148,302,500,3
5212.248,300,504,0
5212.348,295,500,5
5212.447,293,501,0
5212.547,304,500,2
5212.648,296,499,2
5212.747,287,500,1
5212.847,303,502,1
5212.947,293,501,2
5213.047,304,503,0
5213.147,293,506,0
5213.248,296,508,0
5213.348,298,510,0
5213.448,284,510,1
5213.547,302,512,2
5213.648,306,511,3
5213.747,284,509,4
5213.848,283,511,1
5213.947,287,507,5
5214.048,297,504,3
5214.147,286,506,0
5214.247,299,506,1
5214.347,294,505,3
5214.447,303,505,1
5214.547,299,508,2
5214.647,298,507,2
5214.748,291,504,4
5214.847,290,504,0
5214.947,289,503,1
5215.048,301,501,2
5215.148,296,500,1
5215.248,296,501,2
5215.348,301,498,4
5215.448,296,499,2
5215.547,296,500,0
5215.648,293,500,0
5215.747,303,500,1
5215.847,296,499,3
5215.947,291,495,4
5216.046,300,495,1
5216.147,301,496,2
5216.249,291,491,5
5216.347,291,491,0
5216.447,292,492,1
5216.548,303,490,5
5216.648,291,492,0
5216.746,293,491,2
5216.847,296,492,2
5216.947,284,492,2
5217.047,300,492,1
5217.147,298,491,1
5217.247,300,492,2
5217.347,301,494,1
5217.448,294,493,1
5217.547,297,494,0
5217.648,301,489,6
5217.747,300,492,0
5217.849,297,494,2
5217.947,291,494,0
5218.046,291,494,0
5218.147,296,496,0
5218.247,305,496,2
5218.348,292,495,1
5218.449,300,494,3
5218.546,295,496,0
5218.648,299,492,4
5218.747,311,496,1
5218.847,293,493,4
5218.945,291,496,0
5219.047,299,494,4
5219.146,302,495,0
5219.247,299,495,2
5219.347,293,493,2
5219.448,288,493,2
5219.547,301,496,0
5219.647,300,498,3
5219.748,289,495,3
5219.848,291,495,2
5219.948,297,493,2
5220.048,286,493,1
5220.147,295,498,0
5220.247,285,499,0
5220.348,299,498,2
5220.448,290,500,0
5220.546,299,499,3
5220.648,298,499,1
5220.747,296,497,2
5220.849,293,495,5
5220.947,301,496,3
5221.047,295,496,2
5221.147,289,499,0
5221.248,294,497,3
5221.348,295,499,0
5221.448,293,499,1
5221.547,290,499,1
5221.647,299,501,0
5221.746,288,501,2
5221.848,297,500,4
5221.947,299,497,6
5222.047,299,497,0
5222.147,294,497,4
5222.249,290,497,0
5222.348,287,495,3
5222.448,299,499,0
5222.547,292,499,2
5222.647,293,499,2
5222.749,290,495,4
5222.848,287,497,0
5222.947,295,497,1
5223.047,296,496,1
5223.147,298,497,2
5223.247,287,494,3
5223.348,298,495,2
5223.447,294,494,1
5223.547,304,492,3
5223.649,290,491,3
5223.748,303,493,0
5223.847,292,493,0
5223.948,302,489,6
5224.048,287,489,1
5224.148,298,491,1
5224.247,294,493,0
5224.347,301,493,2
5224.447,293,491,2
5224.548,292,488,4
5224.648,283,485,4
5224.747,291,484,2
5224.848,303,485,0
5224.947,298,485,3
5225.048,286,481,5
5225.147,302,482,0
5225.248,293,485,0
5225.346,293,488,0
5225.448,287,491,1
5225.547,293,489,4
5225.648,298,482,7
5225.747,287,485,0
5225.847,287,487,1
5225.948,293,484,4
5226.047,301,484,0
5226.148,303,484,3
5226.248,296,486,0
5226.346,285,486,0
5226.447,285,486,0
5226.547,305,490,0
5226.647,291,488,4
5226.747,297,485,3
5226.848,300,486,1
5226.947,287,488,0
5227.047,295,489,2
5227.147,307,490,2
5227.248,289,488,3
5227.347,299,489,0
5227.448,298,493,0
5227.547,300,495,0
5227.646,303,498,1
5227.748,308,501,1
5227.847,299,501,0
5227.946,301,501,1
5228.047,288,501,3
5228.146,296,502,0
5228.248,299,503,0
5228.348,296,498,6
5228.447,298,500,0
5228.547,301,498,3
5228.647,292,501,0
5228.747,294,504,0
5228.847,294,505,0
5228.948,308,507,3
5229.047,290,505,2
5229.147,299,509,0
5229.248,291,510,1
5229.348,292,508,3
5229.447,294,508,0
5229.547,294,508,0
5229.648,291,507,1
5229.747,307,509,0
5229.848,289,508,1
5229.947,291,508,0
5230.048,293,506,3
5230.148,296,504,2
5230.248,302,505,0
5230.347,302,506,0
5230.447,301,505,2
5230.547,300,502,3
5230.648,290,498,6
5230.747,299,498,0
5230.847,307,496,5
5230.947,302,495,1
5231.048,312,494,2
5231.147,304,495,1
5231.248,296,498,0
5231.347,299,498,2
5231.448,292,495,3
5231.547,296,497,0
5231.648,305,495,2
5231.747,295,496,0
5231.847,298,497,2
5231.948,291,498,1
5232.051,296,494,4
5232.148,298,493,1
5232.249,286,492,2
5232.347,296,492,0
5232.447,294,492,1
5232.547,297,489,3
5232.647,298,490,1
5232.747,292,488,2
5232.849,291,485,4
5232.947,295,487,0
5233.048,303,488,0
5233.147,293,488,2
5233.247,300,486,3
5233.347,301,486,1
5233.448,307,488,2
5233.547,295,489,0
5233.648,302,492,0
5233.749,286,491,2
5233.851,296,490,3
5233.949,295,491,0
5234.05,295,489,2
5234.15,294,492,1
5234.25,297,489,3
5234.35,293,491,1
5234.453,292,493,1
5234.549,301,494,2
5234.65,302,494,2
5234.749,298,493,2
5234.849,296,490,3
5234.949,292,488,3
5235.049,301,490,0
5235.149,287,491,0
5235.249,298,495,0
5235.35,304,497,0
5235.449,296,498,2
5235.549,291,500,0
5235.65,285,498,5
5235.75,303,498,2
5235.85,288,501,1
5235.95,289,502,0
5236.05,299,501,2
5236.15,305,504,0
5236.249,294,505,2
5236.35,294,506,1
5236.45,288,510,0
5236.549,303,509,1
5236.65,287,506,3
5236.749,292,507,0
5236.85,296,507,3
5236.949,288,506,1
5237.051,305,508,1
5237.149,285,511,0
5237.25,286,507,4
5237.35,304,510,0
5237.45,297,508,2
5237.549,290,509,2
5237.649,293,507,3
5237.749,296,507,1
5237.849,288,506,2
5237.949,289,505,1
5238.05,303,505,3
5238.149,290,506,0
5238.249,309,509,2
5238.349,306,507,4
5238.45,303,506,4
5238.55,291,505,2
5238.65,291,507,0
5238.749,298,506,2
5238.849,299,506,2
5238.949,295,505,2
5239.049,299,506,0
5239.15,291,503,4
5239.249,296,505,0
5239.35,293,504,2
5239.449,297,504,1
5239.55,294,500,4
5239.65,295,500,0
5239.749,284,500,0
5239.849,292,501,0
5239.949,288,498,3
5240.049,310,499,0
5240.149,294,498,3
5240.249,300,495,3
5240.35,296,494,1
5240.45,293,495,1
5240.55,289,489,6
5240.649,301,491,0
5240.75,295,491,3
5240.849,290,493,0
5240.949,286,492,2
5241.05,300,493,1
5241.15,295,490,4
5241.25,284,483,7
5241.349,290,483,0
5241.449,290,482,1
5241.548,296,481,3
5241.65,294,480,1
5241.749,296,478,4
5241.85,293,479,1
5241.949,294,482,0
5242.051,287,476,6
5242.15,300,478,0
5242.249,296,477,1
5242.35,294,478,2
5242.45,292,479,1
5242.55,296,482,0
5242.65,301,486,1
5242.749,293,489,0
5242.85,290,487,4
5242.95,286,489,1
5243.051,300,492,1
5243.15,290,490,2
5243.249,303,490,0
5243.349,295,490,1
5243.449,289,488,2
5243.548,285,489,0
5243.649,300,491,1
5243.749,291,492,0
5243.849,293,489,3
5243.95,297,487,4
5244.05,303,487,0
5244.15,300,486,3
5244.251,299,487,1
5244.349,292,488,0
5244.45,302,491,3
5244.55,295,491,1
5244.65,298,493,0
5244.749,289,493,1
5244.85,290,493,1
5244.949,297,493,4
5245.05,292,493,3
5245.149,294,495,0
5245.25,291,494,3
5245.348,288,495,0
5245.451,292,493,5
5245.549,291,496,0
5245.651,302,491,6
5245.749,291,491,0
5245.849,304,495,2
5245.95,297,495,1
5246.049,298,496,2
5246.15,292,496,3
5246.249,299,497,0
5246.349,284,498,0
5246.449,294,500,0
5246.549,296,498,2
5246.65,297,498,1
5246.749,296,501,0
5246.849,299,502,1
5246.949,296,499,3
5247.049,299,499,2
5247.149,298,499,0
5247.249,295,500,0
5247.35,305,499,4
5247.449,297,502,0
5247.549,299,499,3
5247.648,292,501,1
5247.75,299,500,2
5247.848,300,502,0
5247.95,299,501,3
5248.049,297,503,0
5248.149,297,504,1
5248.249,294,503,2
5248.35,292,504,1
5248.45,294,504,0
5248.548,288,501,3
5248.65,286,498,4
5248.749,294,498,1
5248.849,294,498,1
5248.949,298,500,2
5249.05,297,502,0
5249.149,301,504,0
5249.249,296,504,2
5249.349,289,506,0
5249.449,289,507,1
5249.549,301,511,0
5249.65,290,511,0
5249.748,294,513,1
5249.849,295,512,4
5249.949,299,511,1
5250.05,295,509,4
5250.15,302,509,0
5250.25,297,509,2
5250.35,298,510,0
5250.449,295,509,3
5250.549,297,513,0
5250.65,306,512,3
5250.749,293,514,0
5250.849,295,511,3
5250.95,291,512,0
5251.051,301,508,5
5251.149,302,508,0
5251.249,292,507,2
5251.35,287,509,1
5251.449,295,508,3
5251.55,289,506,2
5251.647,292,507,0
5251.747,303,506,1
5251.85,297,502,4
5251.949,307,504,0
5252.049,299,502,4
5252.149,300,503,2
5252.248,301,503,2
5252.35,294,504,1
5252.45,303,503,2
5252.549,286,507,0
5252.649,296,504,4
5252.747,296,505,1
5252.849,291,505,2
5252.949,303,506,2
5253.05,300,504,3
5253.149,291,502,2
5253.251,294,499,4
5253.351,303,498,1
5253.451,290,497,1
5253.55,298,498,3
5253.651,299,498,2
5253.75,296,496,2
5253.85,303,499,0
5253.95,293,502,0
5254.05,295,501,1
5254.15,300,500,3
5254.25,290,501,3
5254.35,307,503,0
5254.45,293,499,5
5254.55,293,500,0
5254.65,309,505,0
5254.749,296,505,1
5254.85,280,506,0
5254.95,293,505,2
5255.05,298,505,1
5255.15,299,503,3
5255.251,294,502,2
5255.349,292,503,0
5255.45,292,503,1
5255.549,286,503,1
5255.65,297,500,5
5255.751,286,498,2
5255.851,299,499,2
5255.95,296,497,4
5256.051,295,497,1
5256.151,295,500,0
5256.251,297,502,0
5256.352,289,504,2
5256.451,298,506,0
5256.551,290,502,4
5256.651,300,504,0
5256.752,294,502,2
5256.852,296,504,1
5256.952,300,505,1
5257.051,304,505,0
5257.151,293,506,1
5257.251,290,506,1
5257.352,303,507,0
5257.453,294,505,2
5257.552,293,502,5
5257.651,301,500,3
5257.752,293,501,1
5257.851,302,502,1
5257.951,304,506,0
5258.051,296,506,1
5258.151,290,508,1
5258.251,294,508,0
5258.351,303,511,1
5258.452,300,509,3
5258.55,287,509,2
5258.653,290,511,1
5258.753,299,510,1
5258.852,298,509,2
5258.951,297,507,3
5259.053,295,504,3
5259.151,301,507,0
5259.252,297,500,10
5259.352,295,502,0
5259.454,292,503,1
5259.553,290,503,0
5259.653,296,503,1
5259.753,299,505,0
5259.852,301,507,0
5259.953,295,504,4
5260.054,289,502,2
5260.154,300,500,3
5260.254,296,500,1
5260.353,297,500,1
5260.453,304,502,0
5260.553,303,500,2
5260.654,302,500,3
5260.753,296,499,1
5260.853,297,504,1
5260.952,300,504,1
5261.053,303,504,0
5261.153,289,503,2
5261.253,293,505,0
5261.352,305,509,3
5261.453,291,510,0
5261.552,295,510,1
5261.653,289,511,0
5261.751,296,508,4
5261.852,290,507,2
5261.952,298,506,1
5262.054,291,506,3
5262.152,287,503,3
5262.253,303,502,1
5262.352,292,502,0
5262.452,289,502,2
5262.552,290,501,2
5262.652,303,501,0
5262.752,297,498,3
5262.853,305,494,5
5262.953,295,494,0
5263.051,296,496,2
5263.152,296,494,2
5263.253,284,495,1
5263.352,305,495,1
5263.453,291,495,2
5263.552,296,492,4
5263.653,288,492,2
5263.752,293,493,2
5263.853,304,495,0
5263.953,292,487,8
5264.054,293,488,1
5264.156,294,489,1
5264.254,290,491,0
5264.353,302,488,5
5264.454,294,488,2
5264.552,293,489,0
5264.654,288,485,6
5264.753,294,484,1
5264.853,299,486,0
5264.954,292,487,0
5265.052,289,488,0
5265.153,305,489,3
5265.253,291,492,0
5265.354,292,490,3
5265.454,301,492,4
5265.553,299,493,0
5265.653,294,492,2
5265.752,296,494,0
5265.854,312,494,2
5265.953,286,495,0
5266.053,296,497,2
5266.153,293,498,0
5266.252,297,500,0
5266.354,299,501,2
5266.454,292,501,1
5266.553,303,500,1
5266.653,281,501,0
5266.754,293,498,4
5266.854,301,495,5
5266.953,296,497,0
5267.055,300,497,3
5267.153,288,498,0
5267.254,295,498,1
5267.353,288,498,0
5267.453,300,500,1
5267.554,294,500,1
5267.654,296,503,0
5267.754,289,502,2
5267.853,291,504,0
5267.952,301,504,2
5268.053,292,505,1
5268.152,305,508,0
5268.255,290,506,3
5268.354,305,507,0
5268.454,287,509,0
5268.554,293,505,4
5268.654,292,506,1
5268.753,295,506,1
5268.854,298,507,0
5268.954,285,504,3
5269.053,296,504,0
5269.154,296,501,4
5269.254,291,501,2
5269.353,296,504,0
5269.453,299,500,4
5269.553,292,501,1
5269.653,286,500,1
5269.752,289,500,1
5269.856,294,496,5
5269.954,297,497,2
5270.054,288,497,0
5270.154,301,495,3
5270.254,301,496,0
5270.354,290,495,3
5270.454,298,492,4
5270.557,290,491,2
5270.654,297,492,0
5270.754,305,492,1
5270.854,297,490,3
5270.952,296,491,0
5271.053,289,489,3
5271.153,299,487,3
5271.254,294,488,0
5271.353,294,488,0
5271.453,290,487,3
5271.554,288,489,1
5271.655,281,490,0
5271.753,279,492,0
5271.853,284,493,1
5271.953,303,489,4
5272.053,294,491,1
5272.153,298,494,1
5272.254,301,497,0
5272.354,299,494,3
5272.453,295,498,0
5272.553,302,500,0
5272.654,292,500,2
5272.753,301,502,1
5272.854,295,504,0
5272.954,298,502,2
5273.053,290,501,3
5273.154,299,500,1
5273.254,296,499,2
5273.353,303,500,2
5273.453,301,498,2
5273.552,291,500,0
5273.654,296,502,2
5273.754,294,502,2
5273.854,300,503,0
5273.953,293,503,1
5274.053,297,505,0
5274.153,286,505,0
5274.253,302,505,1
5274.353,300,505,1
5274.454,292,503,2
5274.553,291,503,0
5274.653,295,502,3
5274.753,301,501,1
5274.853,292,500,2
5274.954,303,499,2
5275.055,291,502,2
5275.153,304,505,0
5275.254,298,504,2
5275.354,301,503,3
5275.454,295,498,5
5275.554,293,497,3
5275.654,307,500,0
5275.754,298,493,7
5275.854,299,496,0
5275.954,290,496,1
5276.054,286,492,4
5276.153,297,495,0
5276.253,300,495,1
5276.353,304,496,1
5276.454,291,495,2
5276.554,290,493,3
5276.654,291,494,0
5276.752,290,494,1
5276.853,298,493,3
5276.953,293,494,1
5277.054,295,492,5
5277.154,301,493,1
5277.253,295,494,0
5277.353,295,500,0
5277.454,291,501,1
5277.554,298,500,1
5277.654,292,499,1
5277.754,296,499,1
5277.855,299,501,0
5277.954,295,502,0
5278.054,296,500,2
5278.154,304,497,6
5278.253,300,497,0
5278.353,297,498,1
5278.452,299,497,2
5278.553,302,500,0
5278.653,292,498,2
5278.753,299,499,1
5278.853,302,500,0
5278.953,298,500,3
5279.054,294,500,1
5279.154,293,498,3
5279.254,291,500,0
5279.354,291,495,5
5279.455,295,493,3
5279.553,299,493,0
5279.653,299,494,1
5279.753,296,493,2
5279.853,295,497,0
5279.953,305,498,2
5280.054,290,496,2
5280.152,283,494,4
5280.254,296,490,9
5280.353,299,491,0
5280.454,289,491,2
5280.553,287,492,1
5280.654,294,494,0
5280.753,289,494,1
5280.853,301,497,0
5280.953,290,497,1
5281.054,306,496,1
5281.153,298,495,1
5281.253,301,497,1
5281.354,292,494,4
5281.453,292,494,1
5281.552,289,496,0
5281.654,291,494,3
5281.753,297,494,0
5281.854,291,493,1
5281.953,294,493,0
5282.053,299,493,3
5282.154,301,495,0
5282.253,295,495,2
5282.354,287,494,1
5282.454,300,495,0
5282.554,281,492,4
5282.654,285,492,2
5282.753,295,494,0
5282.854,294,494,2
5282.954,300,493,3
5283.052,293,494,0
5283.154,300,493,1
5283.253,293,495,0
5283.353,300,496,2
5283.454,289,497,1
5283.554,303,497,2
5283.653,297,499,0
5283.754,300,497,2
5283.854,301,496,3
5283.954,288,495,1
5284.055,295,495,0
5284.153,293,497,0
5284.253,290,496,1
5284.353,300,494,3
5284.453,299,493,1
5284.554,304,493,3
5284.654,295,495,0
5284.757,293,492,4
5284.855,295,493,1
5284.954,298,497,1
5285.055,301,495,3
5285.156,298,495,2
5285.254,303,494,1
5285.355,285,494,1
5285.454,297,494,0
5285.554,298,493,1
5285.656,285,490,4
5285.754,297,493,2
5285.854,303,495,0
5285.954,298,494,1
5286.054,295,494,3
5286.154,288,494,0
5286.253,307,497,0
5286.355,294,492,5
5286.455,287,492,2
5286.554,290,493,0
5286.657,300,489,5
5286.752,285,491,0
5286.855,294,487,6
5286.954,298,492,0
5287.058,290,493,1
5287.155,298,492,3
5287.256,302,496,0
5287.356,298,496,2
5287.456,280,497,0
5287.556,286,497,2
5287.654,291,499,0
5287.754,298,501,2
5287.854,304,503,0
5287.956,299,500,3
5288.055,289,500,0
5288.155,297,501,2
5288.256,281,500,4
5288.355,295,501,0
5288.456,296,500,2
5288.557,297,500,1
5288.655,292,502,0
5288.756,304,499,3
5288.856,287,500,0
5288.958,288,502,0
5289.056,292,503,1
5289.156,293,503,1
5289.257,293,502,3
5289.356,294,504,0
5289.456,297,505,2
5289.556,303,508,0
5289.656,304,512,0
5289.756,282,510,3
5289.856,296,510,1
5289.956,290,505,5
5290.056,300,506,0
5290.157,291,503,5
5290.257,292,503,2
5290.357,293,504,1
5290.458,295,505,0
5290.556,292,506,0
5290.656,290,508,0
5290.757,302,509,1
5290.856,286,508,4
5290.956,300,508,0
5291.055,287,508,1
5291.156,298,509,1
5291.256,294,511,0
5291.358,302,511,2
5291.457,305,510,2
5291.556,301,510,0
5291.655,292,511,3
5291.756,302,511,0
5291.858,288,507,6
5291.96,288,508,1
5292.057,310,506,2
5292.157,298,508,0
5292.258,299,508,1
5292.357,304,508,1
5292.458,294,507,4
5292.56,298,504,4
5292.661,293,505,3
5292.76,289,504,2
5292.861,295,505,2
5292.959,298,506,0
5293.061,292,506,0
5293.161,296,507,0
5293.262,310,506,2
5293.36,297,504,2
5293.458,311,507,0
5293.559,295,505,3
5293.658,289,503,2
5293.76,302,501,4
5293.86,299,499,3
5293.959,296,498,1
5294.059,303,498,0
5294.16,290,495,4
5294.261,291,494,2
5294.36,301,492,2
5294.461,302,491,1
5294.56,293,494,0
5294.66,290,493,2
5294.76,288,493,2
5294.862,299,494,2
5294.961,297,493,2
5295.06,292,492,2
5295.159,292,491,2
5295.261,295,496,2
5295.36,299,499,1
5295.46,299,498,3
5295.56,308,502,0
5295.662,301,499,5
5295.761,289,498,2
5295.861,301,499,0
5295.961,292,500,3
5296.06,297,502,0
5296.16,302,502,1
5296.261,309,501,1
5296.361,287,499,5
5296.462,299,498,5
5296.561,293,499,1
5296.661,296,501,2
5296.761,292,501,1
5296.861,294,501,1
5296.963,299,504,0
5297.062,288,502,3
5297.163,302,502,0
5297.26,290,504,0
5297.361,288,502,4
5297.46,281,505,0
5297.56,303,506,1
5297.661,290,504,2
5297.761,289,504,2
5297.861,303,507,0
5297.96,288,509,2
5298.061,294,507,4
5298.16,298,506,2
5298.261,285,506,0
5298.36,296,503,4
5298.461,301,503,3
5298.56,298,505,0
5298.661,309,506,0
5298.761,293,507,2
5298.861,287,508,0
5298.961,304,510,1
5299.061,303,507,5
5299.16,303,510,0
5299.262,299,510,2
5299.36,284,511,0
5299.46,294,509,3
5299.561,287,512,2
5299.662,282,508,5
5299.761,295,510,0
5299.86,295,511,1
5299.961,298,508,3
5300.061,294,505,3
5300.159,295,505,1
5300.26,297,506,1
5300.361,295,506,2
5300.461,289,506,3
5300.561,281,505,2
5300.66,303,508,0
5300.76,302,506,2
5300.86,301,506,1
5300.96,298,502,4
5301.06,294,505,1
5301.16,302,504,2
5301.26,293,502,3
5301.359,297,503,0
5301.46,294,504,0
5301.562,291,501,4
5301.66,300,504,0
5301.759,305,505,0
5301.859,292,504,2
5301.961,297,503,1
5302.06,294,502,3
5302.16,295,503,2
5302.26,296,501,2
5302.36,295,502,1
5302.461,306,500,2
5302.56,298,501,0
5302.66,290,496,6
5302.76,292,493,4
5302.86,297,494,1
5302.96,291,492,3
5303.062,290,493,1
5303.16,300,494,1
5303.261,284,495,0
5303.36,288,497,0
5303.46,291,495,2
5303.561,300,493,3
5303.659,290,494,1
5303.761,291,495,2
5303.861,301,494,2
5303.961,298,495,0
5304.06,295,496,0
5304.16,298,494,3
5304.26,288,493,2
5304.36,293,492,3
5304.46,298,496,0
5304.56,287,499,0
5304.661,294,497,3
5304.76,289,497,1
5304.86,298,497,4
5304.96,300,500,0
5305.061,285,499,4
5305.16,293,501,0
5305.26,287,500,2
5305.361,296,498,4
5305.461,300,498,0
5305.561,294,498,1
5305.66,297,500,0
5305.76,296,500,1
5305.86,298,499,2
5305.961,298,497,4
5306.061,299,500,0
5306.162,289,496,5
5306.26,289,498,0
5306.36,294,500,1
5306.46,284,502,2
5306.56,286,503,1
5306.662,296,505,0
5306.76,286,507,0
5306.861,295,505,3
5306.961,294,505,0
5307.062,295,504,3
5307.162,304,506,1
5307.262,289,505,1
5307.365,292,501,4
5307.464,293,500,2
5307.563,295,503,1
5307.665,290,503,1
5307.765,292,503,1
5307.865,291,502,2
5307.964,303,502,1
5308.064,297,504,0
5308.164,302,504,2
5308.266,301,504,0
5308.365,300,503,2
5308.465,295,503,1
5308.565,296,504,0
5308.664,295,504,0
5308.764,309,503,1
5308.865,292,502,2
5308.964,292,504,1
5309.064,289,502,3
5309.164,292,503,1
5309.265,292,500,3
5309.364,293,500,1
5309.463,282,497,4
5309.564,314,500,1
5309.663,288,502,1
5309.766,294,501,2
5309.865,298,498,4
5309.964,297,498,2
5310.065,298,496,3
5310.165,307,492,4
5310.267,296,492,1
5310.365,292,493,0
5310.465,291,493,3
5310.563,292,495,0
5310.662,291,498,1
5310.765,290,494,4
5310.865,294,494,2
5310.965,295,491,4
5311.065,296,491,0
5311.165,291,490,2
5311.266,303,491,0
5311.365,299,494,0
5311.466,306,494,2
5311.566,297,493,1
5311.665,299,496,0
5311.766,299,498,1
5311.866,293,497,3
5311.965,294,498,1
5312.064,299,500,0
5312.165,291,496,4
5312.265,294,499,0
5312.365,289,498,3
5312.465,299,496,2
5312.566,297,495,2
5312.665,294,494,2
5312.766,297,495,0
5312.865,286,494,2
5312.965,305,493,5
5313.065,292,496,0
5313.165,308,498,0
5313.266,296,497,2
5313.366,291,495,2
5313.466,300,495,1
5313.565,287,492,3
5313.666,290,487,5
5313.766,295,488,1
5313.865,303,491,0
5313.966,298,488,3
5314.066,295,488,0
5314.165,284,490,0
5314.265,302,490,1
5314.365,290,489,1
5314.466,301,488,3
5314.566,301,488,1
5314.666,297,487,3
5314.766,288,488,0
5314.865,281,489,0
5314.966,293,487,5
5315.065,298,487,3
5315.166,298,490,0
5315.264,290,492,0
5315.365,288,489,5
5315.466,302,486,4
5315.565,297,488,0
5315.664,293,488,0
5315.766,286,492,0
5315.865,296,495,0
5315.965,290,495,1
5316.066,301,490,6
5316.164,296,491,0
5316.265,296,493,0
5316.365,308,490,5
5316.466,296,490,2
5316.564,298,492,0
5316.666,302,493,1
5316.766,291,495,0
5316.866,293,493,3
5316.965,304,496,0
5317.066,300,498,0
5317.166,286,498,2
5317.267,290,497,2
5317.366,289,497,1
5317.466,298,498,0
5317.566,290,498,2
5317.666,303,498,1
5317.766,286,498,1
5317.866,301,497,2
5317.965,290,499,0
5318.065,300,498,2
5318.166,286,497,1
5318.266,298,495,3
5318.365,286,496,0
5318.466,294,495,1
5318.565,298,496,2
5318.666,300,496,2
5318.765,303,496,0
5318.866,295,491,6
5318.966,295,489,2
5319.066,296,490,0
5319.166,292,489,2
5319.266,298,487,4
5319.365,294,490,0
5319.465,289,489,2
5319.565,305,492,1
5319.666,285,496,0
5319.765,295,500,2
5319.866,298,499,1
5319.966,297,495,5
5320.068,294,494,2
5320.168,297,496,1
5320.267,297,496,0
5320.369,306,497,2
5320.468,304,497,2
5320.568,305,499,2
5320.669,296,502,0
5320.768,296,503,1
5320.867,295,504,1
5320.967,293,504,1
5321.067,290,504,1
5321.168,303,504,2
5321.267,295,503,2
5321.368,299,503,1
5321.467,298,504,1
5321.567,300,505,2
5321.668,294,505,1
5321.767,291,505,1
5321.867,307,505,2
5321.967,293,507,0
5322.067,290,509,2
5322.167,290,506,3
5322.267,300,508,1
5322.367,295,508,3
5322.468,299,508,0
5322.568,300,506,2
5322.667,306,506,3
5322.767,293,504,3
5322.868,298,504,0
5322.967,299,503,1
5323.067,289,505,0
5323.167,293,505,1
5323.268,289,501,5
5323.367,281,502,0
5323.468,289,501,2
5323.566,300,502,2
5323.667,296,499,5
5323.768,297,500,1
5323.867,291,499,1
5323.968,287,496,4
5324.068,295,499,0
5324.167,291,501,0
5324.268,298,499,4
5324.368,298,500,0
5324.468,297,501,1
5324.567,298,501,0
5324.668,293,501,1
5324.767,289,500,3
5324.867,293,499,3
5324.967,300,497,3
5325.066,284,496,2
5325.168,297,495,4
5325.268,295,494,3
5325.366,294,495,0
5325.467,288,496,0
5325.568,292,496,1
5325.668,295,493,4
5325.768,309,493,2
5325.868,293,496,0
5325.968,303,496,2
5326.067,293,498,0
5326.168,282,496,2
5326.267,287,498,0
5326.368,294,498,2
5326.467,292,498,0
5326.567,294,497,5
5326.667,295,499,0
5326.767,304,498,2
5326.869,295,497,2
5326.967,294,499,0
5327.067,293,497,2
5327.166,294,497,1
5327.267,298,500,2
5327.367,289,498,4
5327.467,294,501,1
5327.567,297,501,2
5327.669,295,498,4
5327.767,301,502,0
5327.868,287,503,1
5327.967,303,505,0
5328.068,294,504,2
5328.167,304,505,0
5328.268,290,504,2
5328.368,305,503,1
5328.468,293,504,1
5328.568,300,505,0
5328.667,297,505,1
5328.768,302,506,0
5328.869,300,508,0
5328.967,294,508,0
5329.068,297,505,3
5329.168,285,507,0
5329.268,299,505,3
5329.366,293,507,0
5329.467,295,506,2
5329.567,297,507,0
5329.667,297,509,2
5329.768,296,508,5
5329.867,288,510,0
5329.968,287,509,2
5330.066,298,512,0
5330.167,303,506,6
5330.268,296,501,6
5330.368,298,499,2
5330.467,298,501,0
5330.568,290,499,5
5330.667,291,500,0
5330.767,289,500,1
5330.866,301,501,3
5330.968,294,499,4
5331.068,293,502,0
5331.167,294,502,2
5331.268,287,504,0
5331.367,301,506,0
5331.468,298,506,1
5331.567,293,503,3
5331.667,307,500,3
5331.767,302,498,2
5331.868,292,499,1
5331.968,291,499,3
5332.068,299,501,0
5332.168,299,504,1
5332.266,299,507,1
5332.367,289,503,5
5332.468,294,504,1
5332.568,298,506,0
5332.667,294,507,0
5332.767,291,505,3
5332.868,299,505,3
5332.968,302,506,0
5333.067,290,499,7
5333.168,297,501,0
5333.268,299,502,0
5333.367,289,502,2
5333.468,291,501,3
5333.568,296,502,0
5333.668,293,500,4
5333.767,290,501,0
5333.868,297,498,6
5333.966,293,500,0
5334.067,288,499,1
5334.166,289,498,2
5334.267,293,499,1
5334.365,286,500,0
5334.468,301,500,2
5334.567,292,502,1
5334.667,296,504,0
5334.767,304,505,1
5334.869,313,504,3
5334.968,287,505,0
5335.068,298,503,3
5335.168,303,503,2
5335.267,306,499,6
5335.369,299,497,2
5335.47,295,499,2
5335.569,297,500,2
5335.668,304,498,4
5335.768,305,503,0
5335.869,294,501,5
5335.969,298,501,1
5336.067,300,502,0
5336.168,292,502,0
5336.268,299,503,1
5336.368,294,505,0
5336.468,294,507,0
5336.568,302,506,3
5336.669,302,504,3
5336.769,302,504,0
5336.869,297,502,2
5336.969,287,500,3
5337.069,298,499,1
5337.168,297,504,1
5337.269,291,502,3
5337.368,299,506,0
5337.468,286,507,0
5337.568,301,502,5
5337.667,303,504,0
5337.768,297,501,4
5337.868,293,501,0
5337.97,296,502,1
5338.069,287,500,3
5338.168,297,501,0
5338.269,295,497,5
5338.37,286,497,0
5338.468,289,497,0
5338.569,292,496,3
5338.668,287,496,2
5338.768,292,495,2
5338.869,303,494,2
5338.968,300,490,4
5339.069,300,488,3
5339.168,306,489,0
5339.269,295,489,1
5339.368,302,490,0
5339.469,295,488,4
5339.57,293,489,1
5339.669,305,492,0
5339.768,291,491,1
5339.871,287,490,3
5339.969,301,492,0
5340.069,297,495,0
5340.168,289,495,0
5340.267,302,494,4
5340.369,291,492,3
5340.469,290,493,1
5340.568,294,493,0
5340.669,293,492,1
5340.769,294,493,1
5340.866,302,494,0
5340.969,292,494,1
5341.07,293,498,1
5341.17,291,496,3
5341.269,282,498,0
5341.369,304,497,1
5341.469,302,499,1
5341.568,288,503,0
5341.669,297,502,2
5341.768,300,505,0
5341.869,294,506,1
5341.969,305,508,1
5342.068,297,508,0
5342.168,293,509,2
5342.269,290,509,0
5342.368,295,508,1
5342.469,293,507,3
5342.567,297,505,2
5342.668,300,505,0
5342.768,300,502,3
5342.868,292,502,0
5342.969,305,503,1
5343.068,295,502,1
5343.166,291,501,3
5343.267,304,501,1
5343.369,300,499,2
5343.469,303,497,3
5343.569,294,498,0
5343.67,306,497,1
5343.768,292,500,0
5343.868,293,495,5
5343.967,288,495,0
5344.068,294,496,2
5344.168,301,499,1
5344.268,303,497,2
5344.369,298,499,1
5344.469,291,500,0
5344.568,307,498,3
5344.67,297,497,3
5344.77,311,497,1
5344.867,299,499,0
5344.968,295,498,3
5345.069,303,499,1
5345.168,292,500,0
5345.268,294,499,2
5345.368,301,501,0
5345.469,298,499,3
5345.569,297,499,1
5345.668,301,501,0
5345.769,285,498,4
5345.871,287,498,2
5345.97,296,500,0
5346.07,286,504,0
5346.171,300,505,1
5346.271,296,503,3
5346.37,293,503,0
5346.47,301,502,1
5346.571,292,503,0
5346.671,298,501,3
5346.772,295,501,0
5346.873,304,500,2
5346.975,289,500,1
5347.074,297,502,0
5347.174,293,500,2
5347.274,297,501,1
5347.373,294,503,0
5347.473,296,505,1
5347.573,290,506,1
5347.674,307,503,4
5347.774,289,501,3
5347.875,291,502,2
5347.974,290,501,3
5348.073,294,499,2
5348.174,311,499,1
5348.274,297,500,0
5348.374,295,497,4
5348.474,289,497,1
5348.572,297,498,0
5348.673,288,497,1
5348.773,293,495,2
5348.873,294,493,2
5348.973,301,492,3
5349.074,301,493,2
5349.173,290,493,1
5349.273,291,494,1
5349.374,290,494,1
5349.473,310,494,1
5349.573,296,494,0
5349.674,303,494,1
5349.773,292,491,3
5349.873,296,492,0
5349.973,300,492,0
5350.074,290,492,2
5350.174,303,491,3
5350.274,293,491,1
5350.373,283,491,1
5350.474,287,490,3
5350.574,297,489,2
5350.674,297,491,0
5350.773,290,491,0
5350.874,284,491,1
5350.973,296,490,1
5351.075,298,487,5
5351.172,302,490,0
5351.275,298,491,0
5351.373,296,493,0
5351.476,300,493,2
5351.576,293,494,2
5351.675,297,493,2
5351.776,294,496,0
5351.875,295,499,0
5351.976,299,499,2
5352.075,289,495,4
5352.175,290,498,0
5352.276,291,500,1
5352.375,295,501,1
5352.475,295,503,0
5352.574,294,501,2
5352.677,298,501,0
5352.775,294,502,1
5352.875,300,501,1
5352.974,292,503,1
5353.074,297,506,0
5353.174,292,503,4
5353.274,294,501,4
5353.374,301,501,1
5353.475,295,500,2
5353.574,293,503,0
5353.674,290,505,1
5353.774,297,504,1
5353.874,296,505,0
5353.974,291,503,3
5354.075,296,503,0
5354.175,296,501,3
5354.276,288,500,2
5354.374,298,499,2
5354.473,292,500,0
5354.574,290,499,3
5354.674,293,499,1
5354.774,305,498,1
5354.874,293,498,1
5354.974,296,496,2
5355.074,302,493,3
5355.174,297,494,0
5355.275,288,497,0
5355.374,305,498,2
5355.474,290,494,4
5355.575,298,493,5
5355.675,296,494,0
5355.774,294,497,0
5355.875,301,497,2
5355.974,293,498,0
5356.074,295,497,3
5356.175,294,498,1
5356.276,301,500,1
5356.375,294,499,1
5356.476,295,500,0
5356.577,288,502,2
5356.676,292,504,0
5356.777,299,506,0
5356.877,297,507,0
5356.976,302,509,0
5357.077,306,508,2
5357.177,294,505,4
5357.277,300,506,1
5357.377,287,506,2
5357.477,293,506,1
5357.578,291,504,2
5357.676,292,505,0
5357.777,295,504,1
5357.877,293,506,3
5357.977,297,507,1
5358.077,291,507,2
5358.178,299,509,2
5358.278,300,507,2
5358.378,287,505,4
5358.477,291,504,3
5358.576,298,503,1
5358.677,298,504,0
5358.777,299,505,1
5358.878,289,506,1
5358.977,297,505,3
5359.078,290,504,2
5359.178,298,503,2
5359.278,293,505,1
5359.378,300,506,1
5359.478,288,504,2
5359.578,297,504,2
5359.679,296,504,1
5359.778,296,503,1
5359.878,300,501,2
5359.978,299,501,2
5360.078,304,502,0
5360.178,290,506,0
5360.278,300,504,2
5360.377,291,506,0
5360.477,288,506,0
5360.577,299,507,0
5360.677,296,505,5
5360.778,296,504,1
5360.878,301,501,3
5360.977,289,503,0
5361.076,283,502,1
5361.177,306,498,4
5361.277,284,497,2
5361.377,294,501,0
5361.477,299,499,3
5361.576,305,497,2
5361.677,292,496,1
5361.778,294,496,2
5361.878,291,498,0
5361.976,289,497,2
5362.077,294,496,2
5362.177,289,495,1
5362.277,295,499,0
5362.377,295,500,1
5362.477,296,498,4
5362.576,293,498,1
5362.678,295,497,2
5362.779,302,497,2
5362.878,291,498,0
5362.978,298,499,0
5363.078,285,497,3
5363.176,295,496,2
5363.278,296,492,4
5363.377,296,494,1
5363.477,294,492,4
5363.577,295,493,0
5363.678,295,488,6
5363.778,300,490,0
5363.876,301,495,1
5363.976,304,495,1
5364.078,293,494,2
5364.178,291,496,0
5364.277,291,496,0
5364.377,291,496,0
5364.477,289,496,4
5364.577,293,495,2
5364.677,303,497,0
5364.777,290,499,1
5364.878,289,498,3
5364.977,293,495,4
5365.078,302,496,1
5365.18,293,496,2
5365.277,300,497,0
5365.377,306,496,2
5365.479,283,492,4
5365.578,303,493,0
5365.678,294,495,0
5365.778,299,498,1
5365.879,302,496,4
5365.978,294,498,0
5366.078,302,496,2
5366.178,303,498,1
5366.278,296,500,0
5366.377,300,500,0
5366.477,300,499,4
5366.578,292,497,3
5366.679,306,502,1
5366.779,294,503,1
5366.88,291,500,4
5366.979,290,498,2
5367.078,308,501,0
5367.179,297,500,1
5367.279,290,500,0
5367.381,294,503,0
5367.479,298,500,4
5367.579,299,505,0
5367.681,296,504,2
5367.78,302,503,3
5367.881,293,504,1
5367.98,287,504,1
5368.08,303,503,1
5368.181,295,502,1
5368.281,289,503,0
5368.381,299,502,3
5368.48,292,502,1
5368.58,296,503,1
5368.68,294,504,2
5368.781,298,500,5
5368.881,296,499,1
5368.981,291,497,3
5369.08,297,495,3
5369.181,293,495,1
5369.28,290,495,1
5369.381,298,495,2
5369.48,287,493,2
5369.58,295,495,0
5369.68,295,491,5
5369.78,307,490,3
5369.88,294,494,0
5369.981,292,493,3
5370.081,299,493,2
5370.18,301,497,0
5370.279,291,499,0
5370.379,287,499,1
5370.48,293,498,2
5370.579,298,500,0
5370.68,297,497,4
5370.78,286,496,1
5370.881,298,492,4
5370.98,298,492,2
5371.081,292,492,2
5371.18,295,492,0
5371.28,294,493,2
5371.381,303,494,0
5371.481,285,493,2
5371.58,305,497,0
5371.681,293,491,6
5371.78,307,493,0
5371.88,305,494,2
5371.98,287,496,2
5372.08,300,498,1
5372.18,314,503,2
5372.281,294,505,0
5372.381,290,506,0
5372.481,290,504,3
5372.58,291,505,0
5372.681,297,505,3
5372.78,293,506,0
5372.88,295,504,2
5372.98,294,504,1
5373.08,300,504,2
5373.18,300,502,3
5373.28,288,500,4
5373.38,299,503,0
5373.481,303,502,1
5373.581,302,506,1
5373.68,305,507,0
5373.781,286,505,3
5373.881,303,508,0
5373.982,302,511,1
5374.081,293,512,0
5374.186,289,508,4
5374.285,298,510,1
5374.383,288,509,3
5374.484,289,508,1
5374.583,297,506,4
5374.684,299,510,0
5374.784,301,512,0
5374.884,287,511,1
5374.983,294,512,1
5375.084,294,509,5
5375.184,288,507,5
5375.282,293,505,3
5375.382,293,505,2
5375.483,298,506,1
5375.583,293,506,1
5375.683,291,505,3
5375.783,288,503,2
5375.883,284,504,1
5375.981,297,505,2
5376.083,305,503,2
5376.184,290,503,1
5376.284,299,504,0
5376.384,290,503,2
5376.484,290,503,0
5376.583,306,497,8
5376.684,303,498,1
5376.783,297,497,1
5376.883,302,497,3
5376.983,299,493,5
5377.082,298,493,0
5377.183,300,496,0
5377.282,291,497,1
5377.383,308,497,1
5377.482,300,497,3
5377.582,302,499,0
5377.682,290,498,2
5377.782,290,498,1
5377.882,299,501,1
5377.982,295,503,0
5378.083,288,503,0
5378.183,293,501,2
5378.283,294,496,7
5378.382,308,499,0
5378.483,297,500,0
5378.582,294,502,0
5378.683,299,500,2
5378.784,302,499,3
5378.882,296,501,0
5378.982,301,497,5
5379.083,294,500,0
5379.183,300,500,2
5379.281,298,502,0
5379.382,301,505,2
5379.483,293,503,2
5379.582,298,502,1
5379.684,296,501,2
5379.783,293,500,2
5379.882,292,502,1
5379.982,301,501,1
5380.082,293,500,3
5380.181,299,502,1
5380.282,296,501,1
5380.383,294,503,0
5380.483,294,500,3
5380.581,296,503,0
5380.684,294,504,3
5380.782,291,505,0
5380.883,286,503,2
5380.981,297,505,0
5381.084,303,501,5
5381.182,283,503,0
5381.282,303,501,3
5381.383,290,496,5
5381.482,291,498,0
5381.582,280,499,3
5381.681,291,498,1
5381.783,298,499,1
5381.884,298,495,5
5381.982,298,498,0
5382.082,295,500,1
5382.183,289,500,3
5382.282,297,496,5
5382.383,292,491,5
5382.484,298,489,2
5382.583,294,490,1
5382.685,291,488,2
5382.783,292,491,0
5382.884,288,491,3
5382.983,298,492,1
5383.083,295,494,1
5383.183,294,496,2
5383.282,300,497,0
5383.382,298,498,0
5383.483,297,502,1
5383.583,294,505,1
5383.682,294,505,0
5383.783,291,503,2
5383.882,298,504,0
5383.982,307,502,3
5384.084,298,504,0
5384.182,306,504,3
5384.283,290,502,2
5384.382,306,503,0
5384.483,295,500,4
5384.582,294,500,0
5384.684,290,502,0
5384.782,301,502,0
5384.882,296,501,2
5384.981,297,500,2
5385.083,295,499,2
5385.182,302,501,0
5385.283,299,502,3
5385.383,300,505,0
5385.484,297,504,2
5385.582,299,504,3
5385.681,297,505,0
5385.783,290,506,0
5385.883,289,504,3
5385.983,281,503,2
5386.083,291,504,0
5386.182,301,504,2
5386.283,290,498,7
5386.382,291,500,0
5386.483,290,501,2
5386.582,294,500,3
5386.682,296,497,4
5386.783,296,499,0
5386.882,291,499,1
5386.983,297,499,1
5387.083,307,500,0
5387.183,281,493,9
5387.284,299,493,1
5387.384,307,492,2
5387.484,289,493,2
5387.585,294,494,2
5387.684,301,497,0
5387.784,294,494,4
5387.884,296,494,1
5387.984,294,492,2
5388.083,295,495,0
5388.183,302,493,4
5388.283,294,496,0
5388.384,298,493,6
5388.483,287,493,0
5388.584,296,489,7
5388.683,298,491,1
5388.783,296,493,0
5388.883,295,495,2
5388.983,289,495,1
5389.082,300,496,1
5389.184,300,499,0
5389.283,298,500,0
5389.382,298,500,1
5389.484,301,500,2
5389.584,294,503,0
5389.684,294,503,1
5389.782,302,503,0
5389.882,291,501,2
5389.983,287,501,1
5390.083,297,503,2
5390.183,301,504,0
5390.283,291,504,3
5390.384,296,504,1
5390.484,291,508,1
5390.584,287,508,3
5390.684,302,504,4
5390.783,293,505,1
5390.885,300,506,2
5390.983,297,507,0
5391.083,299,509,1
5391.183,294,507,2
5391.283,293,508,1
5391.383,290,507,2
5391.483,296,507,0
5391.584,292,508,0
5391.683,288,509,1
5391.783,301,512,1
5391.884,295,505,7
5391.984,301,504,1
5392.085,293,505,2
5392.183,300,507,0
5392.284,299,502,6
5392.384,298,503,2
5392.484,293,503,0
5392.584,296,504,2
5392.684,290,504,1
5392.784,295,504,2
5392.884,288,503,2
5392.985,301,504,1
5393.084,287,502,4
5393.185,293,500,2
5393.284,289,499,4
5393.384,300,502,0
5393.484,296,504,1
5393.584,304,505,2
5393.685,293,506,4
5393.784,297,506,0
5393.884,294,508,0
5393.984,300,509,2
5394.085,297,510,2
5394.184,301,513,0
5394.284,309,514,3
5394.385,313,513,2
5394.485,299,513,1
5394.584,299,513,0
5394.685,297,512,2
5394.784,300,511,3
5394.885,298,511,3
5394.985,293,512,0
5395.086,292,511,1
5395.185,292,512,2
5395.286,302,513,1
5395.386,297,513,2
5395.487,302,513,1
5395.586,304,512,1
5395.685,298,511,1
5395.786,290,511,0
5395.886,294,510,1
5395.986,300,513,1
5396.085,290,512,4
5396.187,294,512,1
5396.286,288,513,0
5396.386,297,509,5
5396.486,308,507,2
5396.585,302,506,3
5396.686,308,505,4
5396.785,284,504,2
5396.886,296,502,3
5396.986,309,500,3
5397.086,289,498,3
5397.186,293,500,0
5397.285,292,500,2
5397.387,295,497,3
5397.486,292,497,2
5397.584,295,499,0
5397.687,292,498,3
5397.786,292,496,2
5397.886,294,498,1
5397.985,301,501,0
5398.088,298,502,3
5398.186,295,501,2
5398.286,283,502,0
5398.386,284,500,2
5398.487,295,500,2
5398.586,302,501,0
5398.686,297,501,2
5398.786,291,504,0
5398.888,298,502,4
5398.987,292,498,5
5399.087,299,498,0
5399.187,293,498,0
5399.286,303,502,0
5399.385,298,500,3
5399.486,297,501,2
5399.583,298,503,0
5399.687,303,504,2
5399.786,290,503,3
5399.886,291,506,0
5399.985,292,507,1
5400.085,291,505,3
5400.186,294,504,1
5400.286,303,504,4
5400.386,296,506,0
5400.486,297,507,1
5400.586,293,508,4
5400.685,295,511,0
5400.786,295,509,2
5400.886,302,508,1
5400.985,293,504,4
5401.087,302,503,1
5401.186,306,499,5
5401.286,297,499,1
5401.384,298,499,2
5401.486,301,502,0
5401.585,291,501,1
5401.688,291,499,3
5401.787,303,501,1
5401.887,290,503,0
5401.987,296,501,3
5402.087,296,505,0
5402.185,298,505,1
5402.287,288,502,5
5402.389,293,503,0
5402.489,300,503,1
5402.588,293,502,1
5402.689,301,499,4
5402.787,295,499,2
5402.888,298,499,3
5402.987,290,499,1
5403.088,294,498,2
5403.189,282,499,0
5403.286,293,500,0
5403.388,298,500,3
5403.487,291,499,3
5403.588,298,503,3
5403.688,292,500,3
5403.788,306,503,0
5403.888,281,503,0
5403.987,301,503,1
5404.087,299,506,0
5404.188,300,507,2
5404.288,298,508,3
5404.388,294,509,1
5404.488,295,510,1
5404.588,283,510,0
5404.685,297,511,0
5404.788,287,507,6
5404.887,289,508,0
5404.987,288,507,3
5405.088,294,503,4
5405.188,298,498,6
5405.288,307,497,4
5405.388,294,498,0
5405.486,298,501,0
5405.586,291,502,0
5405.688,303,504,1
5405.787,291,499,5
5405.887,289,499,0
5405.986,301,499,1
5406.088,292,501,1
5406.188,302,506,0
5406.287,295,505,2
5406.388,290,505,0
5406.488,294,504,4
5406.587,302,506,0
5406.687,308,502,4
5406.788,307,505,0
5406.887,297,506,3
5406.988,294,502,4
5407.088,303,501,3
5407.187,302,503,0
5407.286,297,500,4
5407.387,298,501,3
5407.487,292,502,0
5407.588,299,503,1
5407.688,304,502,4
5407.788,293,504,0
5407.887,290,502,3
5407.987,291,500,2
5408.088,292,501,1
5408.188,295,501,0
5408.288,291,500,2
5408.388,298,501,1
5408.488,302,500,3
5408.587,305,501,0
5408.688,302,504,0
5408.788,303,502,3
5408.888,299,503,0
5408.987,302,503,1
5409.088,293,503,0
5409.187,295,507,0
5409.287,307,503,4
5409.388,298,505,0
5409.489,297,501,5
5409.587,289,502,0
5409.687,303,500,2
5409.787,299,500,2
5409.888,288,498,5
5409.987,288,501,0
5410.089,292,503,3
5410.189,289,502,2
5410.288,299,502,0
5410.388,302,499,3
5410.488,296,500,2
5410.588,296,501,0
5410.688,292,500,1
5410.787,295,498,4
5410.888,301,497,3
5410.988,285,497,0
5411.088,298,498,0
5411.186,300,499,0
5411.289,302,499,1
5411.388,298,500,0
5411.488,286,501,1
5411.588,291,500,3
5411.687,289,500,0
5411.787,300,500,2
5411.888,293,499,1
5411.988,294,495,5
5412.089,295,498,1
5412.189,290,497,2
5412.288,295,499,2
5412.387,290,501,0
5412.488,295,505,2
5412.587,291,506,0
5412.688,290,505,2
5412.787,292,505,0
5412.888,298,507,0
5412.987,302,504,4
5413.087,293,505,1
5413.188,291,503,3
5413.288,285,503,1
5413.387,300,504,0
5413.487,291,502,3
5413.587,301,502,2
5413.688,306,501,1
5413.788,303,501,2
5413.888,302,502,0
5413.987,291,499,3
5414.088,292,497,2
5414.188,289,497,3
5414.288,298,499,0
5414.388,290,500,1
5414.488,297,499,3
5414.588,304,503,0
5414.688,299,502,2
5414.788,288,500,2
5414.888,298,502,0
5414.988,299,505,1
5415.087,300,504,3
5415.187,301,503,2
5415.288,304,506,2
5415.386,296,503,6
5415.488,296,504,1
5415.588,296,501,4
5415.687,297,503,0
5415.787,289,502,2
5415.887,303,504,0
5415.987,301,503,1
5416.088,301,499,6
5416.188,305,505,0
5416.288,297,505,1
5416.385,288,507,0
5416.487,299,507,0
5416.589,299,509,0
5416.687,287,511,0
5416.786,298,508,3
5416.886,300,506,3
5416.988,296,504,3
5417.087,305,508,0
5417.188,292,510,1
5417.286,297,507,3
5417.386,288,506,1
5417.488,296,503,3
5417.587,299,504,0
5417.688,293,505,2
5417.787,301,507,0
5417.887,289,508,0
5417.988,295,507,2
5418.088,296,503,5
5418.187,289,504,0
5418.288,306,504,2
5418.388,294,499,10
5418.487,291,501,0
5418.586,304,500,3
5418.688,299,497,3
5418.788,287,497,0
5418.888,287,495,2
5418.988,292,496,2
5419.087,294,496,0
5419.188,290,495,2
5419.288,305,495,3
5419.388,298,494,3
5419.488,297,495,0
5419.588,294,496,0
5419.688,307,492,4
5419.787,285,491,1
5419.887,297,493,1
5419.988,297,494,0
5420.086,291,495,1
5420.188,296,492,3
5420.288,290,491,2
5420.387,302,492,2
5420.488,286,495,0
5420.587,294,496,1
5420.689,301,493,4
5420.788,301,494,2
5420.888,290,495,1
5420.988,303,498,0
5421.087,287,500,1
5421.188,295,499,1
5421.287,290,500,0
5421.387,295,501,0
5421.486,295,502,4
5421.587,300,498,4
5421.687,291,499,0
5421.788,293,499,1
5421.886,292,499,2
5421.987,302,499,0
5422.088,295,499,2
5422.188,296,499,0
5422.287,288,500,1
5422.387,295,498,4
5422.488,289,495,3
5422.587,303,495,1
5422.687,297,495,1
5422.787,297,495,1
5422.888,294,494,3
5422.987,290,494,0
5423.088,306,491,5
5423.188,293,496,0
5423.287,295,496,3
5423.386,299,497,0
5423.486,294,495,2
5423.587,300,497,1
5423.687,294,497,1
5423.787,290,498,0
5423.887,300,498,2
5423.985,303,499,2
5424.087,303,497,4
5424.187,292,497,1
5424.289,301,496,1
5424.388,291,496,1
5424.488,301,493,3
5424.586,293,494,0
5424.686,296,496,0
5424.787,299,496,3
5424.888,300,493,3
5424.988,297,492,1
5425.087,295,494,0
5425.187,296,492,2
5425.288,297,490,3
5425.388,297,492,1
5425.488,292,495,0
5425.588,290,493,3
5425.688,295,494,0
5425.787,295,496,0
5425.885,285,496,0
5425.987,297,497,1
5426.087,304,496,3
5426.187,298,495,2
5426.287,295,495,2
5426.387,292,491,4
5426.488,287,491,1
5426.587,306,494,0
5426.687,291,493,3
5426.787,306,495,0
5426.888,298,491,6
5426.987,286,492,1
5427.088,303,493,3
5427.187,301,498,0
5427.286,294,501,0
5427.386,292,502,0
5427.488,291,505,0
5427.587,297,506,0
5427.688,305,505,4
5427.788,295,505,0
5427.887,292,506,0
5427.987,295,506,2
5428.088,300,503,4
5428.188,298,506,2
5428.287,300,507,0
5428.388,299,507,2
5428.488,287,506,1
5428.587,306,503,4
5428.687,301,502,2
5428.786,305,503,2
5428.888,296,503,3
5428.988,291,502,3
5429.088,302,502,1
5429.187,289,506,0
5429.288,298,504,2
5429.388,301,503,1
5429.486,300,507,0
5429.588,288,506,3
5429.688,297,508,1
5429.787,296,508,0
5429.887,288,507,2
5429.987,294,503,4
5430.087,288,502,3
5430.188,294,497,7
5430.287,298,498,1
5430.387,292,497,3
5430.488,289,498,0
5430.585,296,498,2
5430.688,290,497,2
5430.787,302,496,2
5430.887,299,496,0
5430.987,297,496,2
5431.087,291,495,2
5431.187,297,497,0
5431.288,281,498,0
5431.387,292,498,0
5431.487,297,499,3
5431.587,292,501,0
5431.687,297,498,4
5431.786,290,499,2
5431.887,292,498,2
5431.988,294,499,3
5432.088,287,498,3
5432.188,301,499,2
5432.288,295,502,0
5432.387,302,502,1
5432.488,285,499,3
5432.587,302,501,0
5432.687,298,499,2
5432.787,293,499,1
5432.888,295,498,3
5432.987,308,498,0
5433.088,290,495,4
5433.187,296,497,0
5433.289,303,499,3
5433.388,297,498,2
5433.488,286,498,0
5433.587,297,496,2
5433.688,295,497,0
5433.787,298,498,1
5433.887,292,496,3
5433.987,297,496,2
5434.088,307,495,3
5434.187,295,499,0
5434.288,306,497,2
5434.386,298,498,2
5434.487,293,497,4
5434.587,297,495,4
5434.687,294,497,0
5434.787,299,496,4
5434.887,300,496,0
5434.987,292,496,2
5435.088,293,493,3
5435.187,300,494,0
5435.288,293,495,1
5435.388,305,497,1
5435.487,294,500,0
5435.588,291,501,1
5435.688,296,504,0
5435.788,293,505,1
5435.887,304,506,0
5435.988,294,506,1
5436.087,292,506,0
5436.188,302,507,0
5436.287,296,509,0
5436.388,291,508,1
5436.489,291,505,5
5436.587,302,508,0
5436.687,295,508,0
5436.787,303,507,2
5436.889,297,504,3
5436.987,297,504,0
5437.087,300,504,2
5437.188,297,500,5
5437.285,292,501,0
5437.389,314,498,6
5437.488,297,497,3
5437.587,293,500,0
5437.687,297,501,1
5437.787,302,501,0
5437.887,303,501,1
5437.987,299,501,2
5438.088,300,504,2
5438.186,289,503,1
5438.286,290,507,0
5438.39,292,504,6
5438.488,299,503,3
5438.588,300,504,0
5438.687,293,502,2
5438.788,310,500,3
5438.888,293,500,2
5438.988,298,500,0
5439.087,298,500,1
5439.187,292,500,1
5439.288,286,500,2
5439.387,291,502,0
5439.488,301,503,0
5439.586,300,503,1
5439.687,291,501,3
5439.787,294,500,1
5439.887,295,502,1
5439.986,286,501,1
5440.087,294,501,1
5440.187,293,499,2
5440.287,300,497,2
5440.388,295,498,0
5440.487,299,499,0
5440.587,291,500,0
5440.687,287,497,3
5440.788,315,498,0
5440.887,296,498,0
5440.987,288,498,1
5441.088,295,496,3
5441.187,306,493,4
5441.287,307,494,2
5441.387,305,498,0
5441.487,287,498,2
5441.587,296,496,3
5441.688,302,496,2
5441.787,285,497,0
5441.888,293,497,0
5441.986,306,498,1
5442.087,296,499,0
5442.187,297,499,0
5442.287,297,498,2
5442.387,293,500,2
5442.487,280,496,5
5442.587,292,496,2
5442.688,299,497,1
5442.787,302,498,0
5442.887,302,500,0
5442.988,309,499,3
5443.088,291,498,2
5443.188,295,498,1
5443.287,306,498,0
5443.387,292,498,1
5443.489,296,498,1
5443.587,298,500,0
5443.687,301,503,0
5443.787,302,504,1
5443.888,292,502,3
5443.987,294,505,0
5444.088,301,505,1
5444.187,301,507,1
5444.287,293,508,0
5444.387,295,507,3
5444.487,287,503,4
5444.587,297,501,3
5444.687,302,501,1
5444.787,294,499,3
5444.886,298,501,0
5444.987,287,498,3
5445.088,297,498,3
5445.188,293,499,2
5445.287,293,499,0
5445.387,301,495,4
5445.488,301,490,5
5445.588,294,490,1
5445.687,297,493,0
5445.787,290,494,1
5445.886,296,497,0
5445.988,292,497,1
5446.086,301,495,3
5446.188,286,496,1
5446.287,294,495,2
5446.387,296,496,0
5446.488,303,496,2
5446.588,292,495,2
5446.687,301,496,0
5446.788,297,488,8
5446.888,293,489,0
5446.988,307,489,3
5447.088,299,490,0
5447.187,300,490,0
5447.288,290,486,4
5447.387,302,489,0
5447.487,291,491,1
5447.586,291,492,0
5447.688,301,490,4
5447.787,306,494,0
5447.888,295,493,3
5447.987,291,497,0
5448.087,286,499,0
5448.186,299,499,1
5448.287,300,498,2
5448.387,298,498,0
5448.487,298,497,2
5448.587,286,498,1
5448.688,297,499,2
5448.788,303,497,3
5448.889,288,496,1
5448.987,289,498,0
5449.088,297,499,1
5449.187,299,501,0
5449.287,298,501,0
5449.386,292,503,1
5449.487,291,503,0
5449.587,281,501,2
5449.688,296,498,4
5449.787,305,499,0
5449.887,294,498,1
5449.987,300,499,1
5450.088,295,500,1
5450.187,298,502,2
5450.287,293,500,2
5450.388,299,499,2
5450.488,294,497,5
5450.588,304,496,1
5450.687,298,499,0
5450.787,295,496,4
5450.887,297,497,1
5450.988,295,495,4
5451.087,301,496,0
5451.187,298,499,0
5451.287,293,499,0
5451.386,296,500,1
5451.486,285,501,0
5451.587,299,499,3
5451.687,294,500,0
5451.788,292,500,2
5451.887,299,500,1
5451.988,294,500,1
5452.088,285,501,0
5452.187,290,501,1
5452.287,296,500,3
5452.389,296,494,6
5452.489,295,495,1
5452.587,297,495,0
5452.687,303,498,0
5452.787,290,500,1
5452.887,298,501,0
5452.987,291,501,1
5453.087,284,501,1
5453.188,293,497,5
5453.288,288,497,0
5453.387,295,498,0
5453.487,298,496,2
5453.587,290,494,2
5453.687,298,496,1
5453.789,300,493,4
5453.885,305,494,0
5453.986,301,492,4
5454.088,299,494,1
5454.186,283,496,0
5454.287,299,495,1
5454.387,302,493,4
5454.488,296,493,2
5454.588,296,494,1
5454.688,293,496,0
5454.787,285,497,0
5454.887,298,495,3
5454.986,284,493,2
5455.089,285,491,3
5455.187,294,495,0
5455.288,295,495,1
5455.387,289,496,0
5455.487,287,496,2
5455.587,299,497,2
5455.687,300,496,3
5455.787,292,496,3
5455.886,305,497,1
5455.987,294,497,2
5456.087,301,497,2
5456.187,289,494,3
5456.288,293,496,1
5456.387,289,497,0
5456.487,293,500,2
5456.588,289,498,3
5456.688,302,500,1
5456.787,307,501,0
5456.888,289,493,8
5456.987,296,490,4
5457.088,292,492,0
5457.188,303,488,6
5457.288,287,491,0
5457.387,290,494,0
5457.487,294,496,0
5457.587,298,496,3
5457.687,287,497,2
5457.786,293,497,1
5457.888,297,495,2
5457.986,287,495,0
5458.086,302,497,0
5458.187,297,497,1
5458.288,307,495,4
5458.388,295,494,2
5458.488,296,497,1
5458.587,287,499,0
5458.687,287,497,3
5458.787,290,498,0
5458.888,290,496,4
5458.987,295,499,0
5459.089,294,496,3
5459.19,297,498,0
5459.291,291,498,4
5459.392,303,500,2
5459.489,300,500,3
5459.589,299,503,1
5459.692,296,502,4
5459.79,293,502,2
5459.891,295,504,0
5459.99,286,507,2
5460.09,300,504,4
5460.19,307,502,3
5460.289,294,503,2
5460.39,293,505,2
5460.49,290,505,3
5460.591,299,503,2
5460.691,295,504,0
5460.791,297,506,1
5460.891,302,506,0
5460.99,289,509,0
5461.09,290,509,2
5461.191,284,507,2
5461.291,302,505,2
5461.39,296,503,3
5461.491,302,499,5
5461.592,304,502,0
5461.692,305,501,2
5461.79,306,502,1
5461.89,301,504,0
5461.991,301,502,2
5462.09,297,502,0
5462.192,295,499,4
5462.29,286,502,0
5462.391,296,501,1
5462.491,289,499,4
5462.591,289,498,2
5462.691,294,500,0
5462.792,297,498,5
5462.891,291,499,0
5462.99,295,498,1
5463.091,295,494,4
5463.191,290,494,0
5463.291,292,493,2
5463.391,296,489,5
5463.49,293,490,0
5463.592,296,491,1
5463.692,295,493,0
5463.792,289,492,3
5463.892,295,496,0
5463.992,299,496,3
5464.092,297,493,3
5464.192,298,495,0
5464.291,290,495,0
5464.391,288,495,2
5464.492,297,494,2
5464.592,286,495,0
5464.691,300,494,2
5464.791,293,491,5
5464.891,291,494,0
5464.991,293,496,0
5465.091,295,495,2
5465.192,292,495,0
5465.291,304,495,3
5465.392,295,495,0
5465.492,292,494,2
5465.592,289,494,2
5465.691,297,494,0
5465.791,295,495,2
5465.891,296,494,2
5465.991,291,494,1
5466.092,295,495,1
5466.191,296,496,0
5466.292,293,495,4
5466.391,290,495,0
5466.492,282,494,3
5466.593,293,494,2
5466.692,294,496,0
5466.79,296,495,2
5466.892,286,495,2
5466.992,293,493,3
5467.091,293,495,2
5467.193,300,495,3
5467.291,297,497,0
5467.393,299,497,2
5467.491,300,500,0
5467.59,300,501,0
5467.691,286,500,1
5467.792,313,499,3
5467.891,295,499,0
5467.991,297,498,4
5468.091,293,497,3
5468.192,293,497,1
5468.291,285,497,0
5468.391,310,496,3
5468.49,290,496,1
5468.591,297,497,0
5468.692,287,496,2
5468.791,293,502,0
5468.891,302,500,3
5468.991,298,500,0
5469.091,308,498,3
5469.192,287,494,7
5469.292,306,497,0
5469.391,291,496,1
5469.491,301,497,1
5469.592,311,499,0
5469.691,303,498,2
5469.791,308,495,4
5469.891,293,495,0
5469.991,292,496,0
5470.092,291,493,4
5470.191,296,494,0
5470.291,291,493,1
5470.391,294,495,0
5470.491,300,497,2
5470.592,288,494,3
5470.69,297,496,0
5470.792,292,498,0
5470.892,303,498,3
5470.99,286,498,0
5471.092,309,496,3
5471.191,295,496,0
5471.292,296,496,1
5471.391,291,496,0
5471.492,296,498,0
5471.591,298,499,0
5471.691,297,501,1
5471.792,299,493,8
5471.891,291,494,0
5471.992,292,493,3
5472.091,296,493,0
5472.192,292,497,1
5472.292,297,495,3
5472.392,291,493,3
5472.491,294,493,0
5472.592,302,492,2
5472.691,290,492,1
5472.791,288,492,3
5472.892,290,494,0
5472.991,291,494,0
5473.092,298,493,2
5473.192,293,492,3
5473.291,303,494,0
5473.391,302,494,1
5473.492,298,492,3
5473.591,296,492,0
5473.692,298,491,2
5473.792,297,493,0
5473.891,295,490,3
5473.991,307,491,1
5474.091,289,492,0
5474.192,294,493,2
5474.291,301,497,0
5474.392,292,498,1
5474.491,297,501,0
5474.593,293,504,1
5474.689,298,505,0
5474.791,297,503,2
5474.892,292,499,4
5474.992,299,501,0
5475.091,303,500,1
5475.191,300,500,2
5475.29,287,497,4
5475.39,295,495,2
5475.49,301,495,0
5475.591,298,497,1
5475.691,294,496,3
5475.791,296,495,1
5475.891,292,496,3
5475.991,303,497,1
5476.091,281,498,1
5476.192,296,498,1
5476.292,283,497,1
5476.392,292,497,3
5476.491,296,498,0
5476.59,292,497,3
5476.69,301,498,1
5476.793,293,496,3
5476.89,314,498,0
5476.991,294,500,0
5477.091,287,498,4
5477.19,288,498,2
5477.291,289,498,1
5477.392,293,495,4
5477.491,298,495,1
5477.592,294,497,0
5477.691,299,498,2
5477.791,290,499,0
5477.891,287,503,0
5477.992,295,501,2
5478.091,296,501,1
5478.192,296,498,4
5478.291,296,497,2
5478.392,298,500,1
5478.491,294,503,0
5478.591,295,506,0
5478.692,292,503,5
5478.793,297,502,2
5478.892,296,499,3
5478.993,295,498,1
5479.092,309,500,1
5479.193,302,498,2
5479.292,295,498,0
5479.393,313,498,3
5479.493,293,500,0
5479.593,303,500,1
5479.692,302,502,1
5479.792,295,502,0
5479.892,303,502,4
5479.992,299,501,2
5480.093,296,501,2
5480.192,289,501,2
5480.293,297,503,2
5480.391,282,504,0
5480.491,304,503,2
5480.592,306,504,1
5480.692,289,501,4
5480.793,291,502,1
5480.892,304,502,4
5480.993,305,505,0
5481.092,304,508,1
5481.192,300,511,0
5481.291,296,511,2
5481.391,293,514,0
5481.491,288,510,4
5481.592,280,506,4
5481.69,298,508,0
5481.791,293,509,0
5481.892,289,511,1
5481.992,299,512,0
5482.092,303,513,0
5482.192,295,512,3
5482.292,301,512,1
5482.392,300,514,0
5482.492,300,511,3
5482.59,289,509,2
5482.691,295,511,1
5482.792,286,507,4
5482.892,294,508,1
5482.992,295,506,4
5483.092,289,504,3
5483.192,291,506,0
5483.292,283,504,2
5483.392,292,502,3
5483.492,292,504,0
5483.592,302,508,0
5483.691,299,505,5
5483.791,293,507,0
5483.892,302,506,3
5483.992,304,506,2
5484.091,296,504,4
5484.191,303,504,4
5484.291,296,503,2
5484.392,299,500,4
5484.491,292,501,0
5484.593,292,500,2
5484.691,307,503,1
5484.791,290,507,0
5484.891,295,509,0
5484.991,293,507,2
5485.091,309,508,0
5485.191,294,505,3
5485.29,293,503,3
5485.392,295,502,2
5485.49,292,500,3
5485.593,295,499,2
5485.692,293,500,2
5485.79,293,500,0
5485.892,299,502,0
5485.992,298,502,1
5486.091,287,503,1
5486.192,300,507,0
5486.291,296,508,0
5486.391,296,507,2
5486.491,296,508,1
5486.592,296,509,1
5486.692,290,507,4
5486.793,292,505,3
5486.891,304,508,0
5486.992,301,504,6
5487.089,289,503,2
5487.191,299,502,2
5487.291,298,500,4
5487.392,305,499,1
5487.495,300,501,2
5487.596,305,501,1
5487.695,295,501,3
5487.795,303,498,4
5487.895,294,498,1
5487.995,296,498,1
5488.094,302,498,2
5488.195,292,495,4
5488.294,295,494,2
5488.394,296,493,2
5488.493,292,494,0
5488.595,291,496,1
5488.695,296,499,0
5488.795,298,500,0
5488.894,304,503,1
5488.995,302,503,1
5489.095,293,499,4
5489.194,308,496,4
5489.295,293,495,2
5489.394,287,495,1
5489.494,298,494,2
5489.594,290,494,0
5489.694,294,493,2
5489.795,294,493,1
5489.894,301,493,1
5489.995,293,490,5
5490.095,287,491,1
5490.193,295,492,1
5490.296,294,493,2
5490.394,290,496,0
5490.496,294,497,1
5490.594,298,497,0
5490.694,297,498,2
5490.794,292,500,2
5490.894,289,496,4
5490.994,299,496,1
5491.095,292,494,3
5491.194,289,494,0
5491.295,294,492,2
5491.396,291,491,2
5491.497,293,491,1
5491.596,290,490,3
5491.696,298,489,2
5491.797,296,490,1
5491.896,290,485,5
5491.996,294,490,1
5492.096,290,491,0
5492.197,302,493,0
5492.297,296,492,2
5492.397,298,489,3
5492.496,287,493,1
5492.597,300,493,1
5492.696,298,493,0
5492.797,295,496,1
5492.896,302,494,3
5492.996,293,494,1
5493.094,294,496,0
5493.196,302,496,2
5493.296,303,498,0
5493.395,293,496,3
5493.496,285,497,0
5493.595,292,499,1
5493.695,296,497,3
5493.796,302,493,4
5493.895,286,494,0
5493.996,303,494,0
5494.095,297,497,0
5494.196,289,498,1
5494.295,300,498,0
5494.396,295,496,2
5494.495,297,498,0
5494.595,302,497,1
5494.695,300,495,2
5494.796,295,498,2
5494.896,299,496,2
5494.995,296,496,1
5495.095,299,496,4
5495.196,286,495,1
5495.295,297,493,3
5495.396,302,492,1
5495.496,292,491,1
5495.596,296,492,2
5495.696,299,494,0
5495.796,296,493,2
5495.899,302,489,5
5495.999,286,486,3
5496.098,296,487,1
5496.199,286,486,1
5496.298,296,486,1
5496.398,296,486,1
5496.497,304,487,1
5496.598,294,488,2
5496.698,285,488,1
5496.797,299,489,0
5496.897,290,488,1
5496.998,300,490,0
5497.098,292,489,3
5497.198,297,488,2
5497.297,295,490,0
5497.398,301,490,1
5497.497,302,493,0
5497.597,305,493,1
5497.698,286,493,0
5497.798,301,492,2
5497.897,298,495,1
5497.998,314,492,4
5498.098,294,489,3
5498.2,281,487,2
5498.298,294,489,5
5498.397,302,493,1
5498.497,291,494,3
5498.599,288,494,2
5498.699,297,495,1
5498.798,300,495,1
5498.9,302,496,1
5498.998,297,496,0
5499.1,288,494,4
5499.199,300,498,0
5499.297,292,498,1
5499.396,298,497,2
5499.498,286,497,1
5499.599,298,493,4
5499.698,300,494,0
5499.8,296,492,3
5499.898,299,494,1
5499.998,292,495,0
5500.098,300,495,1
5500.198,291,500,1
5500.298,300,498,3
5500.398,294,501,0
5500.499,288,502,2
5500.598,295,503,1
5500.697,300,505,0
5500.799,292,502,4
5500.899,295,501,4
5500.999,304,505,0
5501.097,297,507,0
5501.196,292,508,0
5501.299,290,507,3
5501.398,295,507,1
5501.498,292,505,4
5501.598,292,505,0
5501.698,296,508,0
5501.8,293,507,1
5501.899,300,510,0
5501.999,286,507,3
5502.098,299,508,0
5502.2,297,502,7
5502.298,296,501,1
5502.397,290,501,2
5502.499,288,499,4
5502.599,290,501,0
5502.699,296,501,1
5502.798,289,506,0
5502.899,292,506,2
5502.999,300,506,0
5503.098,308,506,0
5503.199,295,503,5
5503.3,295,503,2
5503.398,294,504,0
5503.498,299,501,4
5503.599,293,498,3
5503.697,293,501,0
5503.797,296,499,2
5503.899,303,498,2
5503.999,295,495,3
5504.099,299,491,7
5504.198,290,492,1
5504.298,289,494,0
5504.399,296,493,2
5504.499,299,493,2
5504.598,293,494,0
5504.699,296,495,2
5504.798,303,497,0
5504.898,286,497,1
5504.998,299,495,2
5505.099,294,493,4
5505.199,293,495,0
5505.298,292,496,1
5505.398,294,495,5
5505.498,296,496,0
5505.597,294,497,1
5505.698,295,497,2
5505.798,286,498,0
5505.898,301,498,2
5505.999,299,497,1
5506.098,300,496,2
5506.198,291,494,3
5506.298,286,491,3
5506.398,293,491,2
5506.498,291,494,0
5506.598,295,494,1
5506.7,299,495,2
5506.797,299,497,0
5506.898,291,498,1
5506.998,291,502,1
5507.098,304,506,1
5507.198,296,506,1
5507.298,291,505,1
5507.398,292,505,1
5507.499,297,506,1
5507.598,300,508,1
5507.697,287,510,0
5507.798,307,508,4
5507.9,294,505,4
5507.999,294,506,0
5508.098,293,506,0
5508.198,302,505,2
5508.299,297,505,1
5508.399,293,504,1
5508.498,298,505,0
5508.598,287,503,3
5508.7,297,506,0
5508.799,295,505,1
5508.899,295,504,1
5508.999,299,505,0
5509.098,299,505,2
5509.2,300,500,5
5509.3,298,498,3
5509.4,294,496,3
5509.498,299,497,0
5509.6,298,497,2
5509.7,299,502,0
5509.801,299,501,3
5509.9,289,499,2
5509.999,302,496,3
5510.1,297,495,3
5510.2,300,496,2
5510.3,297,496,1
5510.4,297,497,2
5510.498,294,497,0
5510.6,290,490,8
5510.7,299,490,1
5510.8,293,489,3
5510.899,297,491,0
5510.999,295,492,1
5511.099,294,490,3
5511.199,288,492,1
5511.3,294,494,2
5511.401,299,494,1
5511.5,306,495,0
5511.6,297,496,1
5511.699,285,497,0
5511.799,294,501,2
5511.899,292,500,1
5511.999,300,503,0
5512.099,299,503,2
5512.198,295,504,0
5512.298,304,504,0
5512.398,293,503,2
5512.499,302,503,3
5512.598,294,503,0
5512.699,283,501,2
5512.8,292,503,3
5512.899,304,503,2
5513.0,293,505,1
5513.1,293,506,0
5513.2,291,505,2
5513.298,291,506,0
5513.4,291,508,1
5513.5,295,506,4
5513.599,303,506,0
5513.699,305,508,2
5513.799,302,509,0
5513.9,292,508,2
5513.999,301,509,0
5514.099,297,510,1
5514.199,296,511,0
5514.299,290,510,2
5514.399,303,508,3
5514.499,292,507,1
5514.599,294,506,2
5514.7,298,505,2
5514.799,290,507,0
5514.899,306,506,4
5515.0,299,503,4
5515.099,286,503,0
5515.2,294,503,3
5515.299,303,502,1
5515.399,289,503,2
5515.499,294,505,0
5515.6,299,503,4
5515.699,298,506,0
5515.8,297,505,1
5515.897,298,503,4
5515.999,289,503,1
5516.1,292,500,4
5516.199,305,502,1
5516.299,294,497,5
5516.399,289,497,0
5516.5,296,498,2
5516.599,303,501,1
5516.699,301,499,3
5516.798,294,499,3
5516.899,292,500,2
5516.999,289,499,1
5517.099,287,500,0
5517.199,297,500,2
5517.3,296,497,4
5517.401,299,497,1
5517.499,291,500,0
5517.6,293,498,2
5517.698,298,500,0
5517.8,296,498,3
5517.899,294,500,0
5518.001,303,500,3
5518.098,292,500,0
5518.2,294,500,2
5518.299,299,499,5
5518.4,292,497,2
5518.5,293,499,1
5518.599,287,501,0
5518.7,292,499,4
5518.8,295,499,0
5518.898,302,494,6
5519.0,290,494,0
5519.099,301,496,0
5519.2,298,492,6
5519.3,300,492,1
5519.398,295,494,0
5519.5,292,495,1
5519.6,294,488,7
5519.7,299,490,0
5519.799,289,494,1
5519.9,300,493,1
5520.0,296,496,0
5520.099,292,497,0
5520.2,296,498,1
5520.299,310,498,0
5520.399,302,499,2
5520.5,291,494,5
5520.599,297,497,0
5520.699,295,496,2
5520.8,307,498,0
5520.899,290,501,0
5521.0,297,499,3
5521.098,292,498,2
5521.2,290,500,1
5521.299,292,500,1
5521.4,298,498,3
5521.498,307,500,0
5521.599,287,499,3
5521.7,295,498,2
5521.8,301,499,2
5521.899,302,499,1
5521.999,305,503,0
5522.1,299,500,4
5522.199,284,501,0
5522.299,298,503,1
5522.399,290,503,1
5522.499,303,503,0
5522.599,296,500,3
5522.699,302,499,2
5522.798,292,497,2
5522.899,297,497,4
5523.0,288,500,0
5523.099,290,502,1
5523.2,296,505,0
5523.3,295,506,1
5523.4,298,507,1
5523.498,293,509,0
5523.6,291,509,2
5523.699,299,510,0
5523.799,289,510,2
5523.899,300,508,3
5524.0,297,505,5
5524.101,292,500,5
5524.2,304,506,0
5524.301,298,504,5
5524.401,289,503,2
5524.501,293,498,5
5524.601,294,498,2
5524.702,296,499,2
5524.8,301,501,0
5524.901,291,494,7
5525.002,307,490,4
5525.102,299,492,1
5525.202,300,497,1
5525.302,294,498,2
5525.402,290,498,1
5525.501,303,501,0
5525.603,293,501,1
5525.702,287,501,0
5525.802,296,501,1
5525.902,293,500,3
5526.001,294,499,2
5526.102,301,502,0
5526.202,300,503,3
5526.3,295,503,0
5526.4,293,506,1
5526.502,299,503,4
5526.602,300,505,2
5526.702,291,505,2
5526.803,293,506,0
5526.9,295,507,0
5527.003,297,508,0
5527.101,296,509,0
5527.202,301,506,5
5527.302,302,507,1
5527.402,307,508,2
5527.5,285,509,0
5527.602,286,509,1
5527.7,292,512,0
5527.802,292,507,5
5527.9,295,507,0
5528.0,293,511,0
5528.101,294,512,0
5528.201,293,513,1
5528.301,296,512,3
5528.402,299,511,3
5528.502,287,507,4
5528.602,293,508,0
5528.701,282,508,1
5528.802,296,509,3
5528.902,301,512,1
5529.0,284,510,2
5529.102,306,508,2
5529.2,302,507,3
5529.3,288,508,2
5529.402,293,502,8
5529.502,295,504,0
5529.603,294,501,4
5529.701,296,501,0
5529.802,291,501,3
5529.901,305,503,2
5530.003,304,505,0
5530.101,305,500,5
5530.203,295,499,3
5530.302,293,500,0
5530.401,294,499,2
5530.5,290,498,3
5530.601,295,501,0
5530.701,300,498,3
5530.803,293,500,0
5530.902,302,502,1
5531.002,305,501,3
5531.101,296,502,0
5531.201,294,505,0
5531.302,306,504,2
5531.401,286,506,0
5531.501,298,509,0
5531.601,293,510,0
5531.701,294,509,1
5531.801,297,507,2
5531.901,304,506,2
5532.001,297,505,2
5532.102,298,508,0
5532.201,293,507,3
5532.301,300,508,1
5532.401,288,508,0
5532.501,302,508,0
5532.6,303,505,3
5532.7,286,502,3
5532.802,287,502,0
5532.899,303,502,2
5533.0,303,502,2
5533.1,289,500,2
5533.201,300,504,1
5533.302,297,506,0
5533.402,293,508,1
5533.501,296,510,0
5533.602,296,509,1
5533.701,289,512,0
5533.801,304,513,0
5533.902,297,511,2
5534.002,302,511,1
5534.102,292,507,5
5534.201,295,509,0
5534.302,303,509,1
5534.401,294,508,1
5534.501,300,510,0
5534.603,294,506,4
5534.702,295,507,1
5534.801,295,509,0
5534.901,299,510,1
5535.003,302,510,2
5535.102,291,511,0
5535.202,301,508,5
5535.302,296,506,2
5535.401,292,506,0
5535.502,307,506,2
5535.601,298,508,1
5535.702,293,509,0
5535.801,292,509,0
5535.901,284,508,2
5536.002,295,504,5
5536.1,295,505,0
5536.201,302,507,1
5536.301,293,506,2
5536.403,293,499,8
5536.502,303,497,2
5536.601,287,500,0
5536.7,285,498,2
5536.802,304,493,6
5536.902,301,497,0
5537.001,301,498,4
5537.102,295,501,1
5537.202,300,496,6
5537.301,296,497,0
5537.402,297,498,1
5537.501,307,502,0
5537.6,299,504,1
5537.701,291,505,0
5537.802,293,503,4
5537.901,293,503,0
5538.002,299,502,2
5538.101,300,501,2
5538.201,300,503,0
5538.3,294,506,1
5538.4,300,505,2
5538.501,289,505,1
5538.601,297,508,1
5538.702,294,507,2
5538.802,292,506,1
5538.901,298,507,0
5539.001,300,510,1
5539.101,295,507,4
5539.201,301,508,0
5539.301,289,508,3
5539.402,283,508,1
5539.502,301,511,1
5539.6,292,513,1
5539.702,288,512,2
5539.803,299,513,1
5539.902,291,514,0
5540.001,303,512,3
5540.101,306,509,5
5540.202,287,510,1
5540.301,295,509,1
5540.402,289,509,0
5540.502,303,505,6
5540.602,291,504,2
5540.701,287,504,0
5540.801,293,503,1
5540.901,306,502,1
5541.003,296,500,3
5541.102,299,499,2
5541.203,300,502,1
5541.302,293,499,3
5541.403,299,502,0
5541.501,294,506,0
5541.6,296,503,3
5541.701,291,504,2
5541.802,282,504,0
5541.901,294,502,2
5542.001,297,501,1
5542.1,292,497,5
5542.202,298,495,3
5542.3,293,498,0
5542.401,293,499,3
5542.501,299,500,1
5542.602,296,493,9
5542.701,294,495,0
5542.802,298,494,1
5542.901,296,494,2
5543.002,301,493,2
5543.101,296,496,0
5543.201,298,496,2
5543.3,298,495,2
5543.403,288,493,2
5543.501,298,496,0
5543.601,296,494,2
5543.701,287,496,0
5543.802,294,496,2
5543.902,293,498,1
5544.0,293,500,0
5544.101,304,500,2
5544.202,296,499,1
5544.301,291,496,3
5544.402,301,497,1
5544.501,299,496,2
5544.602,286,492,4
5544.701,291,492,0
5544.802,301,489,3
5544.902,303,488,3
5545.002,296,490,1
5545.101,303,491,1
5545.201,307,493,0
5545.301,290,492,2
5545.399,294,492,0
5545.5,293,490,3
5545.601,298,490,2
5545.702,299,489,2
5545.802,297,489,0
5545.901,295,488,2
5546.002,307,488,2
5546.1,299,487,2
5546.202,295,483,4
5546.301,299,486,0
5546.401,287,486,0
5546.501,293,487,1
5546.601,301,487,2
5546.701,289,489,0
5546.802,292,490,1
5546.901,297,490,1
5547.002,313,489,4
5547.101,296,493,0
5547.202,297,491,2
5547.3,302,492,0
5547.402,295,494,0
5547.5,304,492,3
5547.6,307,492,1
5547.702,295,493,3
5547.801,293,497,0
5547.901,295,497,0
5548.002,290,495,2
5548.102,292,495,1
5548.201,291,496,0
5548.302,301,495,2
5548.402,298,494,2
5548.501,301,495,1
5548.601,283,495,0
5548.701,292,496,1
5548.801,300,496,1
5548.901,291,497,0
5549.002,296,498,0
5549.099,295,497,4
5549.2,308,500,0
5549.301,290,499,1
5549.402,293,499,4
5549.501,293,501,0
5549.601,305,502,1
5549.701,294,502,1
5549.8,293,503,0
5549.899,295,504,1
5550.002,297,507,0
5550.102,282,506,4
5550.202,294,507,0
5550.302,292,506,1
5550.401,296,508,0
5550.501,290,505,4
5550.601,293,505,2
5550.701,302,507,0
5550.8,304,506,1
5550.901,290,507,1
5551.002,299,507,1
5551.102,312,509,1
5551.201,292,510,1
5551.302,297,509,1
5551.402,292,511,0
5551.502,305,507,4
5551.602,301,505,2
5551.7,296,506,0
5551.8,300,506,2
5551.901,298,506,0
5552.001,300,506,1
5552.101,306,501,7
5552.201,294,498,4
5552.301,286,500,0
5552.402,290,501,2
5552.502,293,497,4
5552.602,304,500,1
5552.701,293,502,0
5552.8,295,503,1
5552.901,298,501,3
5553.001,299,501,0
5553.102,298,496,6
5553.202,304,498,0
5553.302,295,500,1
5553.401,290,503,1
5553.502,296,502,3
5553.601,301,505,0
5553.701,291,504,1
5553.801,291,505,4
5553.902,289,503,3
5554.002,290,504,0
5554.101,292,503,2
5554.201,294,506,0
5554.3,301,504,3
5554.401,300,505,1
5554.501,300,505,3
5554.602,298,506,0
5554.701,304,505,1
5554.801,298,505,1
5554.901,294,505,0
5555.002,305,506,1
5555.101,297,507,0
5555.201,290,503,5
5555.301,296,502,3
5555.401,295,502,2
5555.5,296,500,3
5555.603,299,494,6
5555.702,295,492,3
5555.802,299,491,1
5555.901,292,494,0
5556.001,296,497,1
5556.101,287,496,1
5556.202,298,499,1
5556.302,297,502,1
5556.403,297,499,4
5556.5,288,501,0
5556.603,290,499,3
5556.701,299,501,0
5556.801,297,502,0
5556.901,296,497,5
5557.002,298,496,1
5557.102,299,497,1
5557.201,284,499,0
5557.302,307,497,3
5557.402,287,499,1
5557.502,296,497,2
5557.601,299,499,0
5557.702,297,499,1
5557.801,298,501,0
5557.902,299,501,2
5558.001,284,502,0
5558.101,293,499,3
5558.202,299,499,1
5558.302,289,498,2
5558.402,303,495,4
5558.501,302,499,0
5558.602,299,499,0
5558.701,300,500,1
5558.803,303,503,0
5558.901,300,503,0
5559.001,299,503,1
5559.1,303,501,3
5559.201,295,500,1
5559.302,292,497,5
5559.403,297,493,4
5559.502,300,490,5
5559.603,290,490,0
5559.701,291,492,1
5559.802,312,488,5
5559.901,296,489,0
5560.001,293,490,1
5560.102,289,494,0
5560.202,292,489,5
5560.301,297,490,0
5560.401,297,490,1
5560.501,292,491,1
5560.602,289,495,0
5560.701,297,497,0
5560.801,295,497,1
5560.901,295,496,2
5561.001,307,493,4
5561.102,295,494,2
5561.201,294,496,0
5561.301,302,499,0
5561.401,285,500,1
5561.5,291,502,0
5561.602,285,504,1
5561.702,296,502,3
5561.802,289,504,0
5561.902,308,505,1
5562.002,291,503,2
5562.101,298,504,1
5562.2,295,506,0
5562.301,299,507,0
5562.402,298,504,4
5562.501,300,501,4
5562.601,303,502,3
5562.702,302,502,2
5562.802,293,504,0
5562.902,299,505,3
5563.002,290,507,0
5563.101,297,508,0
5563.201,291,506,3
5563.301,292,508,1
5563.401,295,508,2
5563.502,298,507,2
5563.603,299,504,6
5563.701,307,505,0
5563.8,293,506,1
5563.902,303,506,2
5564.001,301,509,0
5564.102,300,508,1
5564.203,304,506,3
5564.302,294,503,3
5564.402,299,504,1
5564.502,285,503,1
5564.602,292,506,0
5564.701,297,506,1
5564.802,301,507,0
5564.9,296,509,1
5565.002,292,510,0
5565.101,294,510,0
5565.202,292,509,3
5565.302,300,509,1
5565.403,289,508,3
5565.501,300,509,0
5565.602,296,508,2
5565.701,297,511,0
5565.801,285,511,1
5565.901,294,511,3
5566.0,297,512,0
5566.102,295,513,2
5566.201,298,515,0
5566.301,293,516,1
5566.401,297,513,3
5566.502,292,512,1
5566.601,297,514,1
5566.702,302,509,5
5566.802,301,508,2
5566.901,308,510,0
5567.001,301,508,2
5567.101,293,505,3
5567.202,288,507,0
5567.302,296,506,2
5567.401,298,506,0
5567.501,295,504,3
5567.601,298,504,2
5567.7,291,502,2
5567.8,289,500,3
5567.902,296,498,4
5568.001,298,499,0
5568.102,298,499,1
5568.202,302,499,0
5568.301,300,499,2
5568.401,301,499,1
5568.501,294,498,4
5568.601,291,496,2
5568.701,295,497,1
5568.801,299,495,3
5568.901,299,493,2
5569.001,300,495,3
5569.101,299,497,0
5569.202,295,492,6
5569.302,287,490,3
5569.402,295,489,1
5569.501,300,489,0
5569.601,298,491,0
5569.702,307,492,2
5569.802,289,491,2
5569.903,296,492,1
5570.002,283,494,0
5570.101,285,496,0
5570.202,292,498,0
5570.301,303,499,0
5570.401,295,501,1
5570.501,291,497,4
5570.604,293,495,5
5570.702,291,495,1
5570.801,300,496,2
5570.899,295,498,0
5571.001,287,497,3
5571.101,293,497,1
5571.2,304,498,0
5571.301,300,498,0
5571.402,287,498,4
5571.502,298,495,3
5571.602,290,495,0
5571.701,300,498,0
5571.803,292,493,5
5571.902,293,492,2
5572.0,302,495,0
5572.102,302,492,5
5572.202,296,492,0
5572.301,295,490,2
5572.402,294,490,1
5572.502,287,490,1
5572.603,285,492,1
5572.701,290,494,0
5572.799,308,495,2
5572.901,293,493,2
5573.001,309,494,3
5573.101,296,495,1
5573.202,298,500,0
5573.301,290,500,1
5573.401,298,498,2
5573.501,291,496,2
5573.602,289,495,2
5573.702,294,498,2
5573.802,298,499,2
5573.902,285,500,2
5574.001,299,502,0
5574.1,296,502,2
5574.202,304,501,3
5574.301,286,501,0
5574.401,309,504,0
5574.502,288,503,2
5574.603,293,504,2
5574.702,287,503,2
5574.802,288,503,0
5574.902,294,501,2
5575.003,302,496,5
5575.102,300,496,0
5575.202,298,495,1
5575.302,295,496,2
5575.402,295,496,0
5575.503,297,496,1
5575.602,299,500,0
5575.701,290,502,1
5575.801,292,502,2
5575.901,304,503,0
5576.001,293,504,2
5576.102,292,499,6
5576.201,301,503,0
5576.303,290,502,4
5576.402,291,502,0
5576.501,298,505,0
5576.601,308,506,2
5576.701,292,505,2
5576.801,290,501,5
5576.902,296,502,1
5577.002,294,501,2
5577.101,303,505,2
5577.202,296,506,0
5577.301,292,506,1
5577.402,295,503,5
5577.503,302,502,1
5577.602,287,506,0
5577.701,292,508,2
5577.801,299,511,0
5577.901,296,512,0
5578.0,296,511,3
5578.102,307,510,1
5578.201,291,511,1
5578.301,282,512,0
5578.401,299,511,1
5578.503,298,510,1
5578.601,290,509,1
5578.701,300,508,1
5578.802,288,502,8
5578.902,296,501,4
5579.001,301,502,0
5579.101,292,501,4
5579.202,296,500,5
5579.302,285,500,0
5579.402,290,502,3
5579.501,296,501,1
5579.601,290,499,2
5579.7,297,497,2
5579.801,301,496,2
5579.902,304,496,1
5580.002,290,500,1
5580.102,305,495,7
5580.202,296,497,0
5580.303,299,496,1
5580.402,292,496,0
5580.503,295,495,2
5580.603,300,496,2
5580.703,294,494,3
5580.802,297,493,1
5580.902,295,494,1
5581.003,295,494,0
5581.103,288,495,0
5581.203,289,493,2
5581.301,303,496,0
5581.401,300,496,2
5581.502,302,499,1
5581.601,282,498,1
5581.701,309,500,0
5581.801,301,498,2
5581.903,302,496,5
5582.004,298,498,0
5582.103,287,496,3
5582.203,299,495,2
5582.302,288,495,0
5582.403,295,492,5
5582.502,290,494,1
5582.602,291,497,0
5582.703,307,497,1
5582.802,307,498,2
5582.903,299,501,0
5583.002,293,504,0
5583.102,293,504,3
5583.202,290,503,2
5583.303,288,502,1
5583.403,298,503,3
5583.502,303,505,0
5583.601,299,506,0
5583.703,296,502,4
5583.802,298,502,2
5583.902,300,504,0
5584.002,295,503,3
5584.102,292,503,1
5584.202,298,505,0
5584.302,293,501,4
5584.402,299,502,2
5584.502,303,502,0
5584.603,295,501,4
5584.703,293,501,2
5584.802,289,503,0
5584.902,287,505,0
5585.003,295,500,5
5585.102,296,500,1
5585.203,295,502,0
5585.302,294,500,3
5585.401,298,502,0
5585.502,304,502,1
5585.604,294,501,5
5585.702,296,501,0
5585.803,298,499,4
5585.902,300,501,0
5586.003,288,495,9
5586.103,301,494,2
5586.202,289,494,0
5586.302,299,494,1
5586.403,295,495,0
5586.502,289,493,4
5586.601,294,491,3
5586.701,288,491,0
5586.802,295,493,1
5586.901,293,496,0
5587.003,298,495,2
5587.102,293,495,0
5587.203,290,493,4
5587.301,297,496,0
5587.403,289,495,2
5587.503,287,494,1
5587.604,294,492,3
5587.703,298,495,0
5587.803,309,496,3
5587.903,291,493,3
5588.003,295,497,0
5588.102,286,497,2
5588.203,291,498,0
5588.303,288,497,1
5588.403,288,499,1
5588.503,293,501,0
5588.603,303,502,0
5588.703,294,498,6
5588.805,292,498,1
5588.904,299,496,2
5589.003,290,498,0
5589.102,298,494,5
5589.202,292,494,1
5589.302,299,494,1
5589.404,297,493,2
5589.502,299,496,0
5589.602,297,493,4
5589.702,289,495,0
5589.801,293,497,0
5589.903,293,497,1
5590.002,296,499,0
5590.102,301,494,5
5590.203,295,493,2
5590.302,290,494,2
5590.403,294,495,0
5590.502,293,495,0
5590.602,295,495,1
5590.702,294,497,0
5590.802,300,497,1
5590.902,298,495,4
5591.003,295,496,1
5591.103,290,492,4
5591.203,295,493,0
5591.301,296,495,2
5591.402,292,496,0
5591.502,296,494,3
5591.603,294,496,0
5591.703,294,498,1
5591.802,299,496,3
5591.902,288,497,0
5592.002,300,499,1
5592.102,303,500,0
5592.203,288,502,0
5592.303,288,503,2
5592.403,297,506,0
5592.503,295,505,2
5592.602,301,505,0
5592.702,299,505,1
5592.802,296,503,5
5592.903,298,505,0
5593.003,290,498,8
5593.103,294,498,2
5593.204,300,498,1
5593.302,301,499,0
5593.403,292,499,0
5593.502,308,501,1
5593.604,297,496,6
5593.702,299,499,0
5593.802,296,496,3
5593.907,287,496,2
5594.006,300,496,2
5594.105,306,495,3
5594.206,303,496,1
5594.305,296,494,4
5594.406,291,493,2
5594.504,293,494,0
5594.605,297,493,3
5594.706,289,491,3
5594.807,300,494,1
5594.907,298,493,1
5595.006,290,495,1
5595.106,297,495,1
5595.205,290,494,3
5595.306,296,492,2
5595.406,301,491,2
5595.506,291,494,1
5595.606,300,495,1
5595.704,294,496,1
5595.805,295,494,2
5595.905,297,493,3
5596.004,298,493,1
5596.105,299,495,1
5596.205,300,496,2
5596.305,303,497,1
5596.404,302,496,1
5596.505,294,494,2
5596.605,291,496,2
5596.705,304,498,1
5596.806,298,497,1
5596.905,294,498,0
5597.005,299,498,1
5597.105,301,496,2
5597.205,306,495,3
5597.305,307,499,0
5597.405,299,500,1
5597.504,291,501,0
5597.605,302,501,0
5597.705,296,502,0
5597.804,293,500,2
5597.905,300,499,2
5598.005,301,502,1
5598.105,290,503,2
5598.206,299,500,4
5598.306,297,503,0
5598.405,289,502,2
5598.505,303,502,0
5598.605,284,500,4
5598.705,298,498,5
5598.807,294,499,2
5598.907,299,498,3
5599.006,302,499,1
5599.106,286,497,2
5599.207,304,499,3
5599.306,295,500,0
5599.406,302,498,2
5599.506,298,497,1
5599.605,293,498,0
5599.706,291,494,5
5599.806,300,495,0
5599.905,302,498,0
5600.007,295,497,2
5600.106,298,496,3
5600.206,305,495,2
5600.306,292,494,2
5600.407,290,494,1
5600.506,291,493,2
5600.606,302,495,1
5600.705,289,497,0
5600.806,297,496,2
5600.906,298,495,2
5601.006,293,496,3
5601.106,298,495,2
5601.206,298,496,0
5601.306,296,494,3
5601.406,296,494,1
5601.506,288,496,1
5601.607,300,496,0
5601.705,301,500,0
5601.807,309,501,1
5601.906,284,499,3
5602.008,298,498,3
5602.106,297,499,0
5602.206,301,501,2
5602.307,294,499,2
5602.406,293,499,0
5602.507,295,499,3
5602.607,297,499,2
5602.706,304,500,0
5602.806,302,501,1
5602.906,297,497,5
5603.007,296,498,0
5603.106,293,499,0
5603.206,293,500,0
5603.306,288,502,1
5603.406,308,502,0
5603.505,287,505,2
5603.606,297,506,0
5603.705,303,505,2
5603.806,286,505,3
5603.906,307,506,0
5604.006,298,506,2
5604.106,299,503,3
5604.206,295,505,2
5604.307,295,503,3
5604.406,295,505,0
5604.506,296,505,3
5604.607,298,503,2
5604.706,304,500,4
5604.806,294,500,0
5604.906,293,499,3
5605.006,296,500,0
5605.106,295,501,3
5605.206,296,503,0
5605.306,297,500,5
5605.406,292,501,0
5605.506,301,504,0
5605.607,294,501,4
5605.706,297,502,1
5605.807,287,504,1
5605.906,302,507,0
5606.006,286,503,4
5606.106,297,506,0
5606.207,298,506,2
5606.307,304,506,1
5606.406,294,508,0
5606.506,285,507,4
5606.605,285,508,0
5606.706,291,506,2
5606.806,295,507,0
5606.907,301,504,5
5607.006,289,506,0
5607.107,301,507,0
5607.206,288,507,0
5607.306,291,505,4
5607.406,304,505,1
5607.506,300,504,2
5607.606,295,504,1
5607.706,304,505,1
5607.806,294,506,2
5607.906,296,506,1
5608.006,293,507,2
5608.106,301,506,2
5608.206,293,506,3
5608.305,286,506,2
5608.407,296,507,3
5608.506,297,508,0
5608.606,296,507,3
5608.706,291,509,1
5608.806,293,506,4
5608.906,299,508,0
5609.006,301,508,2
5609.106,297,510,0
5609.207,296,508,2
5609.306,301,506,2
5609.406,300,508,0
5609.506,298,508,2
5609.606,294,507,4
5609.706,301,510,0
5609.806,290,509,1
5609.907,296,512,0
5610.006,304,515,0
5610.105,295,513,2
5610.207,294,511,4
5610.307,300,510,2
5610.407,298,511,1
5610.506,298,511,0
5610.607,293,508,3
5610.705,300,509,0
5610.807,293,507,2
5610.905,296,508,0
5611.005,299,507,1
5611.106,295,506,1
5611.206,297,504,2
5611.306,288,498,6
5611.404,294,499,0
5611.506,297,498,3
5611.606,298,499,1
5611.706,295,499,0
5611.806,304,496,5
5611.906,301,496,1
5612.007,300,492,5
5612.106,294,493,0
5612.207,294,494,1
5612.306,297,497,1
5612.406,300,497,1
5612.506,287,496,2
5612.607,297,496,2
5612.706,296,499,0
5612.807,306,493,7
5612.905,296,496,0
5613.006,280,495,1
5613.105,293,494,3
5613.206,293,493,3
5613.305,282,494,2
5613.406,291,493,1
5613.506,295,494,2
5613.606,294,492,3
5613.706,289,496,0
5613.806,290,496,0
5613.906,287,495,1
5614.006,299,501,0
5614.106,302,502,0
5614.206,300,504,1
5614.306,298,505,0
5614.407,293,504,1
5614.506,294,506,0
5614.606,296,506,1
5614.706,296,504,4
5614.807,281,503,2
5614.907,291,502,1
5615.006,303,505,0
5615.106,294,504,3
5615.206,290,502,3
5615.306,289,503,1
5615.406,297,501,2
5615.506,296,500,2
5615.606,296,503,1
5615.706,297,501,2
5615.806,296,502,2
5615.906,284,499,3
5616.006,299,501,0
5616.107,300,502,2
5616.207,297,503,2
5616.307,285,502,1
5616.407,294,503,1
5616.507,300,500,3
5616.608,303,500,2
5616.707,302,502,1
5616.807,302,505,0
5616.908,295,505,1
5617.007,296,503,4
5617.107,285,509,1
5617.207,304,509,2
5617.307,287,508,3
5617.407,292,511,0
5617.507,294,506,6
5617.607,298,507,1
5617.706,285,507,0
5617.807,293,506,1
5617.906,288,507,1
5618.007,306,504,4
5618.107,292,501,3
5618.208,299,501,1
5618.307,295,499,3
5618.407,292,504,0
5618.507,280,505,1
5618.607,294,504,3
5618.707,295,506,0
5618.807,307,504,2
5618.908,292,507,0
5619.007,298,509,3
5619.107,298,510,0
5619.207,297,506,5
5619.307,292,505,2
5619.407,293,507,0
5619.507,292,506,2
5619.608,300,507,0
5619.707,300,508,0
5619.807,295,504,5
5619.907,295,503,3
5620.007,298,502,2
5620.108,301,495,10
5620.207,306,497,0
5620.307,290,495,2
5620.406,303,500,0
5620.507,303,502,1
5620.608,299,499,3
5620.707,295,503,0
5620.807,292,505,0
5620.908,294,504,1
5621.007,299,507,0
5621.107,300,507,1
5621.206,287,507,1
5621.307,291,508,1
5621.408,298,503,6
5621.507,292,503,0
5621.607,296,504,2
5621.707,296,504,3
5621.808,303,501,3
5621.908,306,501,0
5622.007,310,501,2
5622.108,298,497,5
5622.207,298,498,0
5622.307,294,498,0
5622.407,301,500,1
5622.507,307,499,1
5622.607,296,501,1
5622.707,293,501,1
5622.805,302,503,1
5622.907,298,502,2
5623.008,301,503,2
5623.107,301,503,0
5623.207,291,503,1
5623.306,301,504,1
5623.407,304,502,3
5623.507,292,503,0
5623.608,288,504,1
5623.707,302,502,2
5623.806,291,500,3
5623.907,291,500,2
5624.008,294,501,1
5624.107,287,503,0
5624.207,289,503,1
5624.307,291,504,0
5624.406,290,505,3
5624.507,296,504,2
5624.608,299,502,5
5624.707,288,504,0
5624.806,287,500,5
5624.907,289,500,3
5625.007,292,498,3
5625.107,298,496,2
5625.207,281,496,2
5625.307,292,496,1
5625.407,294,496,0
5625.507,300,493,4
5625.607,292,493,0
5625.707,302,496,2
5625.807,297,495,3
5625.908,291,491,5
5626.007,288,492,0
5626.107,284,492,2
5626.207,292,494,0
5626.306,290,493,2
5626.407,286,493,2
5626.508,290,492,1
5626.607,292,495,0
5626.707,295,494,2
5626.807,298,496,3
5626.907,295,497,0
5627.007,297,497,2
5627.107,288,498,0
5627.207,305,497,1
5627.307,295,498,1
5627.407,301,497,3
5627.506,290,500,0
5627.607,295,498,4
5627.707,298,499,3
5627.808,293,499,1
5627.907,294,501,0
5628.007,283,499,2
5628.108,294,497,2
5628.207,298,499,0
5628.307,300,500,1
5628.407,297,501,0
5628.507,291,501,0
5628.607,296,501,1
5628.707,302,498,3
5628.807,304,496,4
5628.907,303,495,1
5629.006,304,495,1
5629.107,295,497,0
5629.208,292,496,3
5629.306,294,501,0
5629.407,298,502,1
5629.507,305,501,2
5629.607,289,501,1
5629.707,301,501,1
5629.807,292,501,0
5629.907,299,498,5
5630.007,295,499,1
5630.107,297,498,2
5630.208,292,497,2
5630.308,285,496,3
5630.408,291,496,1
5630.508,292,494,4
5630.607,297,496,0
5630.707,295,492,5
5630.808,298,490,2
5630.907,288,491,2
5631.008,302,485,6
5631.107,305,488,0
5631.209,289,486,4
5631.307,291,489,0
5631.407,292,490,2
5631.507,293,492,0
5631.607,301,493,0
5631.706,289,492,3
5631.806,306,494,1
5631.907,298,492,2
5632.006,293,492,1
5632.108,296,495,1
5632.207,285,495,0
5632.307,296,493,4
5632.407,296,493,0
5632.507,304,495,1
5632.607,294,494,2
5632.707,303,497,1
5632.808,286,494,3
5632.906,292,495,0
5633.007,293,494,1
5633.107,301,495,1
5633.207,293,493,3
5633.307,287,494,2
5633.408,289,493,2
5633.507,291,494,2
5633.608,304,494,2
5633.707,294,495,0
5633.807,292,495,0
5633.907,299,494,2
5634.007,288,494,2
5634.106,295,498,1
5634.207,292,500,1
5634.307,302,501,1
5634.407,287,501,1
5634.507,296,499,3
5634.607,305,499,2
5634.707,289,496,4
5634.808,308,493,3
5634.907,301,493,0
5635.007,286,493,2
5635.107,298,497,0
5635.207,297,500,2
5635.307,296,500,0
5635.408,299,496,4
5635.507,297,499,0
5635.607,286,499,2
5635.707,287,497,3
5635.807,297,497,1
5635.908,298,495,2
5636.007,299,496,0
5636.108,293,495,3
5636.209,298,497,2
5636.307,297,499,0
5636.408,304,496,3
5636.509,300,494,4
5636.606,296,494,0
5636.706,292,495,2
5636.807,294,494,2
5636.907,303,496,0
5637.007,302,496,1
5637.107,296,494,4
5637.21,291,493,3
5637.308,284,493,1
5637.409,298,491,2
5637.508,297,491,1
5637.608,291,488,3
5637.708,296,490,1
5637.808,292,492,0
5637.908,295,492,0
5638.008,298,494,1
5638.108,296,493,2
5638.209,292,494,1
5638.306,295,495,0
5638.408,290,498,0
5638.508,298,497,4
5638.607,300,499,0
5638.708,295,498,2
5638.809,295,497,2
5638.91,297,498,2
5639.009,286,497,1
5639.11,299,499,1
5639.208,298,500,0
5639.309,286,497,3
5639.41,292,497,0
5639.509,298,500,0
5639.61,292,495,6
5639.709,292,494,2
5639.809,288,494,1
5639.909,294,494,2
5640.009,296,495,1
5640.109,289,494,3
5640.209,299,497,0
5640.309,288,498,2
5640.41,296,497,2
5640.509,303,497,3
5640.61,289,497,1
5640.709,297,494,5
5640.808,306,498,0
5640.909,293,501,1
5641.009,303,501,2
5641.109,304,502,0
5641.21,290,502,1
5641.31,294,501,1
5641.409,293,500,2
5641.509,308,500,2
5641.61,296,503,0
5641.709,291,503,0
5641.81,300,503,2
5641.909,299,505,0
5642.01,291,505,1
5642.109,297,506,0
5642.21,294,505,3
5642.309,293,506,0
5642.409,294,510,1
5642.509,308,510,1
5642.61,292,508,3
5642.708,288,507,1
5642.809,297,506,3
5642.908,292,506,1
5643.009,305,504,4
5643.11,295,501,3
5643.208,302,502,0
5643.307,302,502,3
5643.409,283,501,2
5643.509,289,503,1
5643.609,296,501,2
5643.709,292,503,0
5643.81,303,500,4
5643.909,291,501,0
5644.01,301,496,6
5644.11,300,497,1
5644.211,298,498,1
5644.309,294,501,0
5644.409,295,501,1
5644.509,291,500,1
5644.608,298,501,2
5644.708,295,498,5
5644.809,296,497,1
5644.907,303,497,4
5645.009,298,495,3
5645.109,296,494,2
5645.209,298,493,2
5645.309,293,494,1
5645.408,284,495,1
5645.509,300,495,2
5645.61,298,494,2
5645.709,300,496,3
5645.809,300,497,0
5645.909,294,492,7
5646.01,297,490,2
5646.11,286,492,0
5646.212,298,490,3
5646.309,294,495,0
5646.41,290,498,1
5646.51,299,496,4
5646.611,291,496,1
5646.71,292,495,2
5646.809,294,497,0
5646.91,300,497,1
5647.01,296,498,0
5647.111,300,496,3
5647.211,303,497,0
5647.309,299,496,2
5647.41,298,494,2
5647.509,293,495,0
5647.61,293,492,5
5647.709,294,494,0
5647.81,293,496,0
5647.91,299,493,4
5648.011,298,494,1
5648.11,311,496,1
5648.211,295,497,1
5648.309,294,502,0
5648.41,295,500,3
5648.51,302,501,1
5648.61,309,503,0
5648.711,303,503,3
5648.81,291,503,1
5648.911,288,503,1
5649.009,297,504,0
5649.11,291,507,0
5649.211,290,507,1
5649.31,289,504,3
5649.411,303,500,4
5649.509,300,503,0
5649.61,295,501,3
5649.71,296,501,1
5649.811,291,502,4
5649.91,296,502,0
5650.01,293,500,2
5650.11,308,499,2
5650.21,296,501,0
5650.31,301,499,2
5650.41,292,500,0
5650.51,305,500,2
5650.61,302,501,0
5650.71,301,500,2
5650.81,289,502,0
5650.909,289,501,1
5651.01,297,500,1
5651.11,284,498,3
5651.21,278,497,2
5651.31,294,495,5
5651.41,300,497,0
5651.51,307,498,2
5651.61,289,497,3
5651.711,305,500,1
5651.81,295,497,4
5651.912,284,494,4
5652.009,300,496,0
5652.11,295,497,1
5652.21,298,499,3
5652.309,302,499,1
5652.411,294,499,1
5652.51,294,497,3
5652.611,290,497,2
5652.709,288,499,0
5652.81,295,497,2
5652.911,296,496,3
5653.01,296,497,0
5653.11,301,498,0
5653.21,294,500,0
5653.31,299,501,0
5653.411,301,500,2
5653.51,288,500,0
5653.608,294,497,3
5653.71,286,498,1
5653.81,299,498,1
5653.911,303,498,4
5654.01,290,499,0
5654.111,293,499,0
5654.21,285,501,0
5654.309,300,500,1
5654.41,296,499,1
5654.51,300,500,2
5654.61,298,501,1
5654.71,299,500,1
5654.811,299,496,7
5654.91,299,497,0
5655.01,292,496,3
5655.109,297,497,0
5655.21,292,497,1
5655.31,301,498,4
5655.41,297,498,0
5655.51,293,498,2
5655.61,296,497,2
5655.71,291,498,2
5655.81,297,500,0
5655.91,300,502,0
5656.01,296,501,5
5656.11,303,499,3
5656.21,294,500,1
5656.31,298,500,1
5656.409,298,497,3
5656.51,294,499,0
5656.61,295,497,4
5656.711,305,497,2
5656.81,294,497,0
5656.91,296,499,1
5657.01,300,500,2
5657.11,298,502,1
5657.211,289,500,3
5657.311,305,500,0
5657.41,293,502,0
5657.509,284,505,0
5657.609,287,504,2
5657.709,282,503,2
5657.811,286,502,1
5657.91,292,502,4
5658.011,296,501,3
5658.11,302,503,1
5658.21,304,505,0
5658.309,293,505,1
5658.411,292,500,6
5658.51,289,504,0
5658.611,298,501,3
5658.71,295,502,0
5658.811,294,496,6
5658.91,288,497,0
5659.01,286,493,4
5659.11,298,493,3
5659.211,294,494,3
5659.31,289,496,0
5659.41,290,497,0
5659.51,303,497,0
5659.611,294,494,6
5659.71,288,494,0
5659.811,297,491,3
5659.91,299,494,0
5660.009,304,492,2
5660.11,292,491,2
5660.211,291,489,3
5660.313,302,488,3
5660.413,289,487,1
5660.514,299,486,4
5660.613,301,488,1
5660.713,300,490,1
5660.813,295,491,0
5660.913,291,492,2
5661.013,294,494,0
5661.114,298,494,2
5661.213,310,493,1
5661.313,291,493,2
5661.413,293,493,1
5661.511,300,492,3
5661.614,298,492,1
5661.713,307,495,1
5661.813,298,496,0
5661.913,303,497,2
5662.014,299,496,1
5662.113,304,498,0
5662.214,292,498,1
5662.313,298,499,1
5662.414,292,499,2
5662.512,303,503,0
5662.613,294,499,5
5662.711,302,499,0
5662.813,292,499,1
5662.912,295,496,3
5663.014,301,495,3
5663.113,304,498,0
5663.213,297,496,2
5663.313,296,499,0
5663.413,295,498,3
5663.513,304,500,0
5663.613,300,499,2
5663.713,300,501,2
5663.812,295,498,3
5663.913,303,502,0
5664.013,294,503,1
5664.113,293,505,0
5664.214,296,504,3
5664.313,294,506,0
5664.413,293,503,4
5664.513,284,500,3
5664.613,296,502,0
5664.713,308,504,0
5664.814,282,502,4
5664.913,293,502,0
5665.012,295,502,2
5665.113,294,503,0
5665.212,288,503,3
5665.314,289,501,3
5665.413,307,504,0
5665.513,298,499,6
5665.611,306,501,0
5665.713,296,502,0
5665.814,298,502,2
5665.913,293,502,0
5666.013,299,502,0
5666.113,290,503,0
5666.213,294,502,2
5666.312,292,502,2
5666.413,294,501,2
5666.513,290,502,0
5666.614,286,501,4
5666.713,301,503,0
5666.813,295,502,2
5666.913,306,503,0
5667.014,290,498,5
5667.113,300,500,0
5667.212,291,499,1
5667.311,299,495,5
5667.413,297,496,1
5667.513,287,495,1
5667.614,294,493,5
5667.712,297,493,0
5667.813,300,493,2
5667.913,293,493,2
5668.014,296,492,3
5668.112,296,492,0
5668.213,297,490,2
5668.313,302,493,0
5668.412,303,493,1
5668.513,299,493,1
5668.614,295,493,2
5668.714,288,490,3
5668.813,298,490,0
5668.912,296,488,3
5669.013,300,489,1
5669.113,298,489,0
5669.213,292,489,1
5669.314,304,489,2
5669.414,288,491,1
5669.513,301,491,0
5669.613,292,494,1
5669.713,297,493,3
5669.813,303,493,1
5669.914,303,492,2
5670.013,305,494,0
5670.113,298,495,0
5670.213,296,495,1
5670.313,293,495,0
5670.413,303,497,0
5670.513,298,496,2
5670.613,292,498,0
5670.713,293,496,3
5670.814,301,495,3
5670.913,290,496,0
5671.012,293,495,3
5671.113,291,493,3
5671.214,296,492,1
5671.313,295,494,0
5671.414,297,492,3
5671.513,297,496,0
5671.613,298,498,1
5671.713,300,498,1
5671.813,296,501,0
5671.915,302,502,1
5672.013,292,502,0
5672.113,299,505,1
5672.213,291,507,0
5672.313,294,507,0
5672.414,297,505,3
5672.512,299,503,2
5672.614,297,501,2
5672.713,288,502,0
5672.813,296,500,3
5672.913,294,501,3
5673.013,299,502,1
5673.113,289,500,2
5673.213,295,501,1
5673.312,299,500,2
5673.413,292,500,0
5673.513,299,500,2
5673.612,295,500,3
5673.713,297,498,3
5673.813,294,497,2
5673.912,304,499,1
5674.013,306,500,3
5674.113,300,501,0
5674.213,297,505,0
5674.313,288,504,3
5674.413,297,503,1
5674.513,285,502,2
5674.613,298,500,3
5674.714,295,497,4
5674.814,291,498,3
5674.913,303,500,0
5675.013,282,497,3
5675.113,301,496,1
5675.214,291,493,4
5675.313,295,493,0
5675.412,298,494,1
5675.513,302,494,1
5675.613,290,495,0
5675.713,296,495,2
5675.813,299,493,3
5675.915,293,490,3
5676.013,289,490,0
5676.113,299,488,3
5676.212,303,489,0
5676.313,293,486,4
5676.413,291,488,0
5676.513,307,491,1
5676.613,293,492,3
5676.713,302,495,0
5676.813,303,498,2
5676.913,297,497,2
5677.013,279,498,0
5677.113,293,496,3
5677.213,286,497,1
5677.313,295,494,4
5677.412,299,494,1
5677.513,299,495,1
5677.613,299,494,1
5677.713,294,493,2
5677.813,301,493,1
5677.913,301,488,5
5678.012,301,488,1
5678.113,295,490,0
5678.213,295,494,0
5678.314,292,493,3
5678.412,289,494,0
5678.513,294,496,0
5678.613,303,495,3
5678.713,291,495,2
5678.813,297,494,1
5678.913,303,496,0
5679.014,302,497,2
5679.113,298,499,0
5679.212,298,497,2
5679.313,297,499,3
5679.413,292,499,1
5679.514,281,495,4
5679.613,289,497,0
5679.713,299,495,3
5679.812,298,492,4
5679.912,290,490,3
5680.013,294,491,0
5680.114,297,491,2
5680.212,298,493,0
5680.313,290,494,1
5680.413,285,493,2
5680.513,286,497,0
5680.613,301,496,1
5680.713,289,495,2
5680.813,298,496,0
5680.913,288,495,2
5681.013,293,492,3
5681.114,297,493,2
5681.214,303,487,6
5681.313,287,494,0
5681.413,294,495,1
5681.513,288,496,0
5681.612,296,495,1
5681.712,302,494,2
5681.813,294,493,4
5681.913,294,492,1
5682.013,299,494,0
5682.112,296,492,4
5682.213,299,492,2
5682.313,294,495,0
5682.414,294,491,5
5682.513,303,493,0
5682.614,289,495,1
5682.713,292,499,0
5682.814,283,501,0
5682.913,299,501,1
5683.013,296,504,0
5683.113,299,506,1
5683.213,302,506,2
5683.313,293,508,0
5683.414,294,507,2
5683.514,287,504,3
5683.614,295,508,0
5683.713,292,508,0
5683.813,291,507,1
5683.913,299,506,3
5684.013,288,507,0
5684.113,289,509,0
5684.213,299,505,4
5684.313,295,505,0
5684.413,303,503,3
5684.513,302,506,2
5684.613,295,504,3
5684.712,291,505,0
5684.812,300,504,3
5684.912,300,502,3
5685.014,286,501,1
5685.113,304,499,3
5685.213,301,501,0
5685.314,299,497,7
5685.413,301,499,0
5685.513,297,499,1
5685.613,292,501,2
5685.713,294,498,3
5685.813,302,496,3
5685.914,294,496,1
5686.013,302,497,0
5686.113,286,497,2
5686.213,295,497,2
5686.313,303,497,1
5686.414,291,497,1
5686.513,302,497,2
5686.612,290,498,0
5686.714,286,495,4
5686.814,298,497,2
5686.913,296,498,0
5687.014,288,496,3
5687.114,295,496,1
5687.214,292,497,0
5687.313,297,497,0
5687.413,285,495,3
5687.514,292,491,5
5687.613,303,491,0
5687.713,306,489,5
5687.813,293,489,1
5687.912,296,491,0
5688.013,295,490,1
5688.111,292,488,2
5688.213,303,492,1
5688.312,298,495,1
5688.414,295,495,3
5688.513,293,496,0
5688.613,297,497,0
5688.714,289,489,8
5688.813,287,489,0
5688.913,292,489,1
5689.014,302,488,2
5689.113,292,490,0
5689.213,293,489,2
5689.313,297,488,2
5689.413,296,488,0
5689.513,290,486,3
5689.613,288,484,4
5689.713,301,487,0
5689.813,293,488,1
5689.913,281,487,2
5690.012,295,488,0
5690.114,297,489,0
5690.213,302,487,2
5690.313,298,489,1
5690.414,289,491,0
5690.513,296,493,0
5690.613,295,494,1
5690.713,293,493,1
5690.814,293,490,3
5690.913,303,493,1
5691.013,303,494,0
5691.113,292,493,1
5691.213,299,497,0
5691.313,293,490,7
5691.414,297,492,0
5691.513,294,490,2
5691.612,301,490,1
5691.714,295,489,1
5691.813,303,490,1
5691.913,301,492,0
5692.014,304,494,0
5692.114,305,491,4
5692.215,292,490,1
5692.314,290,492,0
5692.414,295,490,2
5692.514,299,492,0
5692.614,297,492,1
5692.714,295,491,3
5692.815,297,492,2
5692.914,307,496,0
5693.014,293,495,1
5693.114,293,495,0
5693.214,298,495,1
5693.314,295,493,3
5693.414,298,497,0
5693.514,303,497,2
5693.613,300,498,0
5693.715,293,494,5
5693.815,294,495,1
5693.914,302,496,2
5694.013,294,497,0
5694.114,294,498,0
5694.213,297,499,0
5694.312,285,498,2
5694.415,301,498,2
5694.514,297,501,0
5694.615,297,501,2
5694.712,298,503,0
5694.814,304,499,5
5694.914,296,499,1
5695.015,298,499,2
5695.114,304,501,0
5695.216,305,499,2
5695.313,295,500,0
5695.414,302,500,1
5695.514,299,503,0
5695.613,305,502,3
5695.714,296,504,0
5695.814,301,501,3
5695.914,293,501,1
5696.014,295,501,1
5696.114,302,501,0
5696.213,292,502,1
5696.313,297,501,1
5696.414,292,500,2
5696.514,296,497,3
5696.614,301,499,1
5696.715,293,500,0
5696.814,296,499,2
5696.914,285,497,3
5697.014,293,496,3
5697.114,282,498,0
5697.215,292,499,1
5697.314,287,499,2
5697.414,301,500,0
5697.515,295,498,4
5697.613,291,499,0
5697.712,296,499,2
5697.814,293,496,4
5697.913,298,495,2
5698.015,289,496,0
5698.114,300,492,4
5698.214,295,492,2
5698.315,303,490,4
5698.414,291,490,0
5698.514,295,490,2
5698.614,298,488,4
5698.714,291,489,0
5698.814,293,488,2
5698.913,291,488,1
5699.014,303,486,2
5699.114,284,486,2
5699.215,289,484,4
5699.314,298,486,1
5699.414,300,490,0
5699.513,295,490,1
5699.614,303,489,1
5699.713,306,489,2
5699.814,301,491,0
5699.914,290,491,2
5700.014,291,491,1
5700.114,289,491,1
5700.214,305,492,0
5700.313,293,495,0
5700.414,303,496,1
5700.515,295,501,1
5700.614,293,499,4
5700.714,301,499,1
5700.814,287,499,0
5700.914,290,500,1
5701.014,296,500,0
5701.113,282,500,2
5701.214,293,501,1
5701.314,299,502,2
5701.414,294,501,2
5701.515,306,498,5
5701.615,297,497,3
5701.715,290,499,0
5701.814,303,501,0
5701.914,305,501,2
5702.014,297,505,0
5702.114,292,505,1
5702.213,290,504,1
5702.314,298,505,1
5702.414,296,506,2
5702.514,300,507,4
5702.615,301,506,2
5702.714,287,505,2
5702.814,300,506,0
5702.914,302,507,0
5703.014,283,506,1
5703.114,290,506,0
5703.214,296,507,1
5703.315,305,507,2
5703.414,309,509,0
5703.514,297,505,4
5703.614,288,502,4
5703.714,294,502,1
5703.815,293,502,1
5703.913,295,502,0
5704.014,303,501,1
5704.115,280,499,2
5704.215,292,501,0
5704.314,297,503,0
5704.415,296,504,2
5704.514,301,504,0
5704.615,294,504,2
5704.713,298,505,2
5704.815,287,504,2
5704.913,303,505,0
5705.015,303,500,7
5705.115,297,502,1
5705.213,289,502,0
5705.314,294,503,1
5705.414,291,502,3
5705.514,288,499,5
5705.614,297,497,2
5705.714,302,496,3
5705.813,303,498,0
5705.914,303,496,3
5706.013,289,497,1
5706.114,305,497,1
5706.212,291,499,0
5706.314,296,499,1
5706.414,299,501,0
5706.514,295,500,2
5706.614,288,500,0
5706.714,293,500,1
5706.814,294,499,2
5706.914,304,499,2
5707.013,297,502,0
5707.115,295,504,1
5707.213,298,504,0
5707.314,301,501,4
5707.415,294,498,3
5707.513,296,496,3
5707.614,295,496,1
5707.714,305,497,1
5707.815,285,497,0
5707.914,294,496,1
5708.015,291,497,0
5708.114,297,496,1
5708.214,303,495,3
5708.314,304,496,0
5708.414,309,496,2
5708.514,302,499,2
5708.613,300,501,0
5708.715,296,497,4
5708.815,289,496,2
5708.915,302,497,2
5709.014,296,496,2
5709.114,300,496,0
5709.215,287,495,2
5709.315,299,500,1
5709.415,288,502,0
5709.513,296,505,0
5709.614,288,506,1
5709.714,296,510,0
5709.814,300,510,1
5709.914,294,510,0
5710.013,300,513,0
5710.114,285,513,0
5710.215,301,514,4
5710.314,289,515,0
5710.414,295,510,5
5710.514,292,509,2
5710.614,298,510,0
5710.714,288,510,2
5710.814,299,510,1
5710.913,296,508,2
5711.013,298,508,1
5711.114,293,508,1
5711.213,288,508,2
5711.313,303,509,3
5711.415,296,508,3
5711.514,302,511,0
5711.613,295,511,4
5711.715,299,511,1
5711.814,302,510,1
5711.914,295,511,2
5712.015,296,508,3
5712.114,293,510,0
5712.214,303,509,1
5712.313,288,508,1
5712.413,293,506,2
5712.514,302,499,8
5712.614,295,502,0
5712.714,298,501,2
5712.814,298,498,4
5712.914,296,498,2
5713.014,295,496,4
5713.113,293,498,0
5713.214,291,499,0
5713.314,305,497,3
5713.414,286,499,0
5713.514,299,502,0
5713.614,296,504,0
5713.714,304,504,1
5713.813,296,503,1
5713.914,300,501,2
5714.014,298,501,1
5714.114,308,502,0
5714.214,304,501,1
5714.314,291,498,5
5714.414,299,500,0
5714.514,289,499,1
5714.615,296,497,3
5714.714,297,503,0
5714.814,293,504,2
5714.914,301,504,2
5715.014,293,500,4
5715.114,303,502,0
5715.214,296,498,5
5715.313,300,498,1
5715.415,296,499,1
5715.513,297,501,0
5715.614,300,501,0
5715.714,288,501,2
5715.815,293,501,1
5715.915,302,503,0
5716.014,303,503,0
5716.114,295,499,5
5716.214,298,500,0
5716.314,293,499,1
5716.415,297,501,1
5716.513,292,502,0
5716.614,292,500,4
5716.715,302,503,0
5716.814,294,503,2
5716.914,301,505,0
5717.014,286,502,3
5717.114,294,503,0
5717.215,296,503,4
5717.313,302,505,0
5717.415,293,503,3
5717.514,301,504,0
5717.615,292,505,1
5717.714,304,505,3
5717.814,298,504,2
5717.915,308,499,5
5718.014,287,499,0
5718.114,293,501,0
5718.214,302,500,2
5718.315,293,499,1
5718.414,298,500,0
5718.514,301,498,4
5718.613,295,499,0
5718.714,305,498,1
5718.815,298,496,3
5718.914,301,497,1
5719.014,302,495,2
5719.114,296,495,0
5719.214,295,498,1
5719.314,294,498,0
5719.414,300,497,2
5719.514,297,491,6
5719.615,292,489,3
5719.714,295,491,0
5719.814,294,491,1
5719.916,295,491,2
5720.014,293,493,0
5720.114,295,494,1
5720.215,298,494,1
5720.314,296,490,7
5720.414,295,491,0
5720.514,296,491,1
5720.614,294,491,1
5720.714,297,494,1
5720.813,299,495,1
5720.912,302,495,1
5721.014,297,494,2
5721.115,299,495,1
5721.214,296,497,0
5721.313,292,498,0
5721.415,289,498,1
5721.514,305,498,0
5721.615,296,499,2
5721.712,305,500,0
5721.814,306,501,0
5721.915,278,500,3
5722.015,292,498,2
5722.114,290,498,0
5722.215,298,498,3
5722.314,304,499,0
5722.414,295,499,1
5722.516,290,499,1
5722.615,301,503,0
5722.716,299,504,2
5722.816,298,503,2
5722.916,297,503,0
5723.015,296,501,4
5723.116,300,497,5
5723.217,295,498,0
5723.316,296,501,2
5723.416,298,502,2
5723.516,299,498,5
5723.616,293,494,4
5723.716,301,496,2
5723.817,276,495,1
5723.916,294,496,1
5724.016,305,493,3
5724.116,305,495,1
5724.216,298,494,1
5724.316,300,498,1
5724.416,295,497,1
5724.516,292,496,2
5724.616,299,499,2
5724.716,300,498,3
5724.816,288,501,1
5724.916,288,502,1
5725.016,305,504,0
5725.116,297,505,1
5725.216,297,503,4
5725.316,293,503,2
5725.416,296,505,1
5725.516,303,506,0
5725.616,295,506,2
5725.716,293,509,0
5725.816,296,507,3
5725.916,298,506,3
5726.017,295,506,3
5726.116,297,508,0
5726.217,297,509,0
5726.317,291,510,3
5726.416,297,513,0
5726.516,292,513,2
5726.616,298,513,3
5726.716,301,512,2
5726.816,314,513,4
5726.916,292,515,0
5727.016,290,512,3
5727.116,299,514,0
5727.216,302,516,1
5727.317,297,516,3
5727.417,290,518,1
5727.517,293,517,1
5727.618,298,519,1
5727.717,303,522,1
5727.817,292,521,2
5727.915,293,522,0
5728.017,292,517,5
5728.116,288,517,0
5728.217,294,513,6
5728.316,302,518,0
5728.415,298,518,1
5728.516,297,517,2
5728.617,308,515,5
5728.716,292,516,0
5728.817,295,512,4
5728.917,298,510,2
5729.016,306,514,0
5729.116,297,514,2
5729.217,295,515,0
5729.316,294,516,0
5729.416,292,513,5
5729.516,295,510,3
5729.616,298,508,4
5729.716,294,507,1
5729.817,302,507,3
5729.916,294,507,0
5730.015,307,509,1
5730.116,299,509,1
5730.214,299,509,3
5730.316,302,509,2
5730.416,297,507,4
5730.516,292,506,2
5730.616,289,506,1
5730.716,302,505,2
5730.814,294,502,4
5730.916,304,501,1
5731.016,296,502,0
5731.115,307,502,1
5731.217,303,502,2
5731.316,297,502,2
5731.416,287,494,8
5731.516,295,494,0
5731.617,294,493,2
5731.716,302,496,2
5731.816,294,496,2
5731.916,299,501,0
5732.015,302,504,0
5732.116,303,502,4
5732.217,293,502,0
5732.315,299,507,0
5732.416,281,507,2
5732.516,310,509,2
5732.616,294,509,0
5732.716,291,510,0
5732.816,299,512,0
5732.916,306,508,5
5733.017,295,508,2
5733.116,293,510,0
5733.216,298,507,6
5733.315,297,507,0
5733.416,295,502,6
5733.516,303,503,1
5733.617,287,502,3
5733.716,299,503,0
5733.816,293,501,5
5733.917,287,502,0
5734.018,290,505,0
5734.116,299,505,1
5734.217,295,506,0
5734.316,294,504,3
5734.417,297,505,1
5734.516,303,506,0
5734.616,305,506,0
5734.716,297,509,0
5734.816,291,504,5
5734.915,302,502,2
5735.016,296,498,6
5735.116,304,499,0
5735.216,297,500,2
5735.316,298,499,3
5735.417,301,500,1
5735.516,283,500,0
5735.616,299,500,3
5735.716,290,501,0
5735.817,294,498,3
5735.916,297,499,0
5736.016,295,499,1
5736.116,299,504,0
5736.216,293,501,3
5736.314,300,502,1
5736.416,294,502,0
5736.516,303,503,0
5736.616,297,504,2
5736.716,292,503,2
5736.817,290,499,6
5736.916,297,500,0
5737.017,301,502,0
5737.117,299,499,6
5737.216,292,499,0
5737.316,290,498,2
5737.416,297,500,0
5737.517,291,498,2
5737.617,299,499,1
5737.716,295,500,0
5737.817,299,498,3
5737.916,295,498,0
5738.017,304,498,0
5738.116,298,499,0
5738.216,291,500,3
5738.316,285,503,0
5738.416,278,501,3
5738.516,299,501,1
5738.618,297,500,3
5738.715,299,501,0
5738.817,292,499,2
5738.916,296,499,1
5739.017,285,496,4
5739.116,291,499,0
5739.216,293,498,3
5739.316,296,498,2
5739.416,297,498,0
5739.516,299,499,0
5739.616,292,500,1
5739.717,295,503,2
5739.816,291,504,0
5739.917,309,505,2
5740.016,289,507,0
5740.116,294,506,1
5740.217,294,502,5
5740.316,297,503,0
5740.416,302,502,1
5740.516,289,500,2
5740.617,303,502,1
5740.716,301,503,2
5740.816,299,503,1
5740.916,297,504,0
5741.016,297,502,2
5741.116,290,502,2
5741.216,286,501,2
5741.316,294,500,2
5741.416,294,502,2
5741.516,291,502,1
5741.617,300,504,0
5741.716,296,502,4
5741.816,290,503,0
5741.916,292,506,0
5742.016,296,507,1
5742.116,300,506,2
5742.216,297,504,3
5742.317,286,502,5
5742.416,301,503,0
5742.517,291,502,1
5742.616,298,502,0
5742.718,290,501,2
5742.817,291,503,0
5742.916,294,505,0
5743.016,293,502,4
5743.116,301,504,2
5743.216,295,506,0
5743.316,296,506,1
5743.417,303,507,1
5743.515,296,508,0
5743.616,292,507,1
5743.716,300,504,4
5743.816,296,503,2
5743.918,293,504,2
5744.02,288,507,0
5744.118,305,509,1
5744.218,297,509,1
5744.317,298,510,0
5744.417,288,508,3
5744.517,290,506,3
5744.617,297,507,0
5744.717,300,503,6
5744.817,292,501,3
5744.917,294,504,3
5745.017,297,506,0
5745.118,299,508,2
5745.217,291,509,1
5745.317,295,509,0
5745.417,299,508,3
5745.517,292,509,0
5745.616,288,510,1
5745.717,290,513,0
5745.818,297,509,5
5745.917,294,508,1
5746.017,299,504,4
5746.117,296,502,3
5746.217,295,503,0
5746.317,300,503,1
5746.417,305,504,0
5746.517,295,499,6
5746.617,297,501,1
5746.717,299,498,3
5746.817,278,498,1
5746.918,298,499,0
5747.017,293,499,6
5747.116,288,496,3
5747.217,303,496,3
5747.316,297,496,0
5747.417,289,495,2
5747.517,293,496,1
5747.617,306,497,1
5747.718,291,496,2
5747.816,303,497,0
5747.917,302,498,1
5748.017,290,495,4
5748.118,300,495,2
5748.217,299,495,2
5748.317,293,493,2
5748.417,296,494,0
5748.517,292,495,2
5748.617,293,495,2
5748.717,294,500,0
5748.817,309,500,3
5748.918,290,498,2
5749.017,293,498,0
5749.117,295,498,0
5749.219,294,496,5
5749.317,296,497,0
5749.418,301,498,2
5749.518,302,497,1
5749.617,295,500,0
5749.717,291,498,2
5749.82,301,499,2
5749.919,295,497,2
5750.018,297,497,0
5750.118,296,499,0
5750.219,302,497,5
5750.318,298,499,0
5750.418,299,499,2
5750.519,298,501,0
5750.618,297,498,4
5750.718,301,498,0
5750.818,307,498,1
5750.918,297,497,1
5751.018,305,500,0
5751.118,303,503,0
5751.218,295,501,3
5751.319,292,500,1
5751.418,293,500,0
5751.519,296,500,3
5751.618,301,500,2
5751.718,287,497,5
5751.818,300,494,5
5751.916,301,497,0
5752.019,291,499,0
5752.118,299,501,0
5752.219,293,507,0
5752.318,296,505,3
5752.418,304,506,0
5752.518,299,503,3
5752.619,296,503,1
5752.718,293,502,1
5752.819,309,503,0
5752.918,297,504,1
5753.016,301,508,0
5753.118,299,507,1
5753.219,300,505,2
5753.319,293,507,1
5753.419,299,507,2
5753.518,296,508,0
5753.619,293,509,3
5753.718,292,509,0
5753.818,294,510,0
5753.918,302,512,1
5754.019,299,509,3
5754.118,305,510,0
5754.219,282,506,4
5754.318,295,507,0
5754.419,293,501,6
5754.518,300,505,0
5754.619,297,502,4
5754.719,299,501,2
5754.819,288,501,0
5754.918,295,499,2
5755.017,286,499,0
5755.117,288,499,1
5755.218,296,496,4
5755.318,307,492,4
5755.419,294,493,2
5755.518,304,496,0
5755.619,298,500,0
5755.718,298,498,2
5755.818,301,498,1
5755.919,290,497,1
5756.018,297,497,3
5756.118,287,499,0
5756.221,292,496,3
5756.317,296,497,0
5756.419,290,495,2
5756.518,304,494,2
5756.618,309,496,1
5756.718,305,496,4
5756.818,287,497,0
5756.918,297,501,1
5757.018,291,500,3
5757.118,294,502,1
5757.219,295,503,1
5757.318,296,504,1
5757.418,287,504,2
5757.518,301,506,1
5757.619,287,503,4
5757.718,290,503,2
5757.818,285,503,0
5757.918,296,504,2
5758.018,302,500,5
5758.119,294,503,1
5758.218,296,505,0
5758.319,297,507,1
5758.418,293,509,0
5758.518,300,507,2
5758.62,295,504,3
5758.718,298,506,0
5758.819,295,505,2
5758.918,291,507,0
5759.018,299,508,1
5759.118,297,506,3
5759.218,299,504,2
5759.318,294,505,1
5759.418,293,509,0
5759.518,293,509,0
5759.618,295,506,3
5759.719,304,502,6
5759.818,295,502,0
5759.919,295,498,4
5760.018,289,499,0
5760.118,302,504,0
5760.218,293,504,2
5760.318,291,501,4
5760.418,298,501,2
5760.519,297,502,3
5760.618,300,503,0
5760.718,290,503,0
5760.818,297,502,2
5760.918,297,501,1
5761.018,304,501,3
5761.118,295,501,1
5761.219,293,499,3
5761.319,295,499,0
5761.418,302,495,4
5761.518,294,494,1
5761.619,292,495,1
5761.719,299,496,4
5761.819,292,498,0
5761.918,296,498,1
5762.019,299,496,3
5762.118,283,498,0
5762.218,305,501,1
5762.318,293,499,2
5762.419,297,502,1
5762.518,298,504,0
5762.618,292,504,1
5762.718,294,505,0
5762.817,293,506,1
5762.918,295,506,0
5763.02,297,506,2
5763.116,298,507,0
5763.217,290,505,3
5763.318,298,503,2
5763.419,288,501,3
5763.517,289,503,0
5763.616,291,501,2
5763.718,293,504,0
5763.819,295,503,1
5763.918,298,505,0
5764.019,298,504,3
5764.118,294,505,0
5764.218,301,505,1
5764.318,289,503,2
5764.419,295,504,1
5764.519,294,502,2
5764.618,292,502,0
5764.718,295,498,4
5764.819,288,495,4
5764.918,285,493,2
5765.018,290,495,2
5765.118,297,496,0
5765.218,287,497,2
5765.318,304,494,6
5765.419,300,497,1
5765.518,290,496,3
5765.619,297,495,4
5765.718,291,497,0
5765.818,295,499,1
5765.917,287,499,0
5766.018,304,501,1
5766.117,295,495,6
5766.218,293,495,1
5766.318,299,501,0
5766.419,300,502,0
5766.518,307,499,3
5766.619,300,499,1
5766.717,300,502,0
5766.819,294,502,1
5766.918,301,503,2
5767.019,287,501,3
5767.119,298,502,3
5767.218,291,503,0
5767.318,306,502,2
5767.417,301,502,1
5767.518,289,501,3
5767.619,284,500,2
5767.718,298,501,0
5767.821,297,504,1
5767.919,286,507,0
5768.02,285,506,2
5768.121,287,508,1
5768.22,289,510,0
5768.321,306,507,3
5768.419,299,507,0
5768.52,295,500,8
5768.621,296,499,3
5768.721,303,501,1
5768.82,299,498,5
5768.921,293,497,2
5769.019,293,497,2
5769.12,297,499,0
5769.22,303,499,1
5769.321,301,497,4
5769.42,285,497,1
5769.52,292,496,1
5769.62,317,500,2
5769.721,308,498,3
5769.82,292,500,0
5769.92,293,501,1
5770.02,305,501,1
5770.12,285,500,2
5770.219,297,501,1
5770.32,292,501,1
5770.421,299,502,1
5770.521,294,502,2
5770.62,295,504,0
5770.72,306,503,3
5770.821,303,503,0
5770.921,290,500,3
5771.021,292,501,0
5771.12,299,504,0
5771.219,292,501,3
5771.321,294,501,1
5771.421,298,500,3
5771.52,300,501,0
5771.62,294,502,1
5771.721,305,504,1
5771.821,300,500,4
5771.921,300,502,0
5772.021,302,499,3
5772.12,294,502,0
5772.221,296,500,2
5772.321,300,501,0
5772.42,287,499,2
5772.52,291,499,1
5772.62,294,500,1
5772.72,301,502,2
5772.821,291,500,3
5772.921,297,503,2
5773.02,300,505,0
5773.12,284,504,1
5773.221,287,497,7
5773.321,291,500,2
5773.421,297,504,0
5773.52,294,506,0
5773.62,301,506,3
5773.719,292,506,1
5773.82,289,505,3
5773.921,298,509,0
5774.02,294,508,1
5774.118,296,507,2
5774.221,298,506,2
5774.321,295,506,0
5774.42,291,506,0
5774.521,304,505,2
5774.62,294,506,0
5774.72,292,505,3
5774.82,298,503,3
5774.921,292,506,0
5775.021,288,506,2
5775.12,294,509,0
5775.22,294,507,4
5775.321,300,508,0
5775.42,292,508,1
5775.521,294,507,1
5775.621,298,507,1
5775.72,303,508,0
5775.82,302,502,7
5775.921,286,500,3
5776.021,294,496,4
5776.121,289,494,2
5776.223,293,497,0
5776.321,288,498,0
5776.42,301,500,2
5776.521,288,498,4
5776.622,292,497,3
5776.721,306,499,1
5776.823,301,501,2
5776.921,297,502,0
5777.021,289,501,2
5777.12,298,497,4
5777.221,295,498,0
5777.321,294,499,1
5777.421,304,499,1
5777.521,295,500,0
5777.621,297,499,3
5777.722,288,498,1
5777.821,298,497,2
5777.92,279,497,0
5778.021,294,495,2
5778.121,295,492,6
5778.223,304,490,2
5778.321,297,492,0
5778.42,301,493,1
5778.521,298,492,2
5778.622,294,491,2
5778.722,295,489,2
5778.82,295,490,0
5778.92,295,489,1
5779.021,293,491,1
5779.121,299,493,0
5779.222,298,494,1
5779.321,301,495,1
5779.421,296,491,6
5779.521,294,491,0
5779.621,298,492,1
5779.721,286,494,1
5779.821,294,494,3
5779.921,303,491,3
5780.021,290,491,2
5780.121,304,490,4
5780.221,298,492,0
5780.322,294,489,5
5780.422,306,488,1
5780.522,288,488,1
5780.62,304,491,0
5780.72,289,490,1
5780.822,293,493,0
5780.921,291,494,0
5781.021,295,496,0
5781.122,295,500,1
5781.221,304,502,0
5781.321,301,503,0
5781.422,291,498,6
5781.521,303,499,0
5781.622,293,500,1
5781.722,301,502,1
5781.822,296,502,1
5781.922,300,501,1
5782.022,292,500,2
5782.122,300,498,3
5782.22,302,501,0
5782.322,288,499,4
5782.421,297,501,0
5782.522,287,497,4
5782.621,303,498,0
5782.721,294,499,2
5782.82,293,498,1
5782.919,310,498,1
5783.021,297,498,1
5783.121,303,499,1
5783.221,294,500,2
5783.321,292,504,0
5783.421,298,501,3
5783.521,297,503,1
5783.622,292,498,7
5783.721,290,498,0
5783.822,294,501,0
5783.921,300,500,2
5784.02,305,502,0
5784.121,294,503,0
5784.222,308,501,4
5784.321,304,501,0
5784.422,295,502,2
5784.521,303,502,2
5784.621,289,501,1
5784.721,300,500,1
5784.821,291,499,2
5784.921,292,498,1
5785.021,293,499,0
5785.126,295,498,3
5785.224,297,493,7
5785.323,300,492,3
5785.424,293,492,1
5785.524,297,492,2
5785.624,302,492,2
5785.724,288,492,2
5785.822,307,496,0
5785.924,292,497,0
5786.026,296,498,0
5786.126,295,496,2
5786.226,291,496,0
5786.327,296,494,4
5786.426,297,495,0
5786.531,297,495,1
5786.63,299,497,2
5786.728,309,499,0
5786.83,296,499,3
5786.929,298,499,1
5787.03,288,500,1
5787.13,300,498,2
5787.229,308,498,1
5787.329,293,497,2
5787.429,297,493,4
5787.528,296,492,2
5787.633,301,494,0
5787.73,302,496,0
5787.831,298,498,0
5787.931,295,500,1
5788.03,286,499,1
5788.129,295,501,3
5788.23,291,501,3
5788.329,295,498,3
5788.429,291,497,1
5788.528,289,496,1
5788.63,303,497,2
5788.728,293,499,1
5788.834,291,498,2
5788.933,295,496,2
5789.034,292,496,1
5789.133,302,498,0
5789.234,301,500,0
5789.334,286,499,2
5789.436,293,501,0
5789.533,293,502,1
5789.633,297,501,2
5789.734,302,503,1
5789.834,288,503,2
5789.935,305,503,2
5790.035,290,502,1
5790.137,305,503,0
5790.235,295,503,2
5790.334,301,503,2
5790.436,298,506,0
5790.536,295,508,0
5790.637,288,508,1
5790.736,286,509,1
5790.836,301,510,1
5790.938,288,510,2
5791.037,295,511,1
5791.136,289,507,5
5791.237,294,503,4
5791.336,298,504,0
5791.436,296,506,1
5791.536,292,506,1
5791.636,288,507,1
5791.735,303,506,5
5791.836,293,505,1
5791.935,302,506,1
5792.035,289,502,4
5792.135,291,502,3
5792.235,297,502,2
5792.335,293,500,2
5792.436,297,501,0
5792.535,299,499,4
5792.636,308,501,0
5792.735,291,499,3
5792.836,298,501,2
5792.935,297,506,0
5793.036,290,505,4
5793.138,296,510,0
5793.238,303,510,2
5793.338,305,510,2
5793.438,303,511,2
5793.537,291,510,2
5793.636,287,510,0
5793.737,295,511,3
5793.837,301,508,3
5793.936,296,511,0
5794.036,296,513,1
5794.137,301,511,3
5794.236,284,511,0
5794.336,303,511,1
5794.438,296,511,1
5794.537,297,511,2
5794.639,289,509,2
5794.738,293,506,4
5794.837,294,505,1
5794.936,298,504,2
5795.037,296,507,0
5795.135,292,510,0
5795.237,294,507,4
5795.338,297,508,1
5795.439,286,510,1
5795.538,294,508,3
5795.638,292,507,3
5795.738,300,507,1
5795.839,284,503,4
5795.937,290,501,3
5796.038,294,498,4
5796.137,292,499,0
5796.236,311,498,3
5796.338,297,495,3
5796.438,291,492,3
5796.538,293,491,1
5796.637,299,490,2
5796.737,291,491,0
5796.837,299,491,3
5796.938,305,487,5
5797.037,296,487,1
5797.137,294,488,0
5797.238,293,489,3
5797.338,296,489,1
5797.437,301,489,0
5797.538,305,488,4
5797.637,293,490,0
5797.738,296,490,1
5797.837,290,490,2
5797.937,301,489,2
5798.037,294,490,0
5798.137,294,488,7
5798.238,297,491,0
5798.337,299,493,0
5798.438,299,493,2
5798.538,294,496,0
5798.638,291,493,3
5798.737,290,491,3
5798.838,304,489,3
5798.938,307,489,1
5799.038,298,490,0
5799.137,293,493,1
5799.238,298,493,2
5799.337,298,494,0
5799.437,295,497,2
5799.537,304,497,0
5799.638,296,499,0
5799.738,290,500,0
5799.837,296,501,0
5799.938,283,501,1
5800.038,295,502,0
5800.137,299,503,0
5800.238,299,501,3
5800.337,300,498,4
5800.439,290,498,1
5800.538,289,498,0
5800.638,292,496,4
5800.737,293,497,0
5800.838,296,496,2
5800.937,291,498,0
5801.038,302,497,2
5801.136,291,497,0
5801.238,299,496,2
5801.337,296,495,3
5801.439,283,495,2
5801.536,296,498,0
5801.638,304,498,2
5801.738,290,498,1
5801.839,300,498,3
5801.937,301,500,0
5802.037,287,498,3
5802.136,296,497,2
5802.237,299,492,5
5802.338,294,492,2
5802.437,297,494,0
5802.537,293,494,3
5802.638,290,491,4
5802.737,290,490,1
5802.838,289,491,3
5802.937,299,493,0
5803.038,297,494,0
5803.139,297,494,2
5803.238,301,494,0
5803.337,301,496,0
5803.438,293,497,0
5803.537,288,497,2
5803.637,293,498,0
5803.738,307,495,4
5803.837,297,495,0
5803.938,293,497,2
5804.037,293,497,0
5804.137,292,495,3
5804.237,303,497,0
5804.339,294,499,3
5804.44,297,501,1
5804.538,296,500,3
5804.639,300,498,2
5804.739,296,497,2
5804.839,293,498,0
5804.938,298,496,3
5805.038,297,493,3
5805.139,294,495,2
5805.239,305,496,1
5805.339,302,496,2
5805.439,293,497,3
5805.539,302,496,2
5805.638,301,497,0
5805.738,289,494,4
5805.838,297,497,0
5805.938,296,496,2
5806.039,309,497,2
5806.138,295,498,0
5806.238,297,497,2
5806.339,292,498,2
5806.438,295,499,0
5806.538,297,498,1
5806.639,300,499,1
5806.738,292,502,0
5806.839,298,502,2
5806.94,297,499,3
5807.04,297,500,0
5807.14,292,500,1
5807.239,302,500,2
5807.338,295,501,0
5807.438,299,496,5
5807.538,295,497,1
5807.638,290,495,3
5807.737,298,493,3
5807.839,290,493,1
5807.938,301,495,1
5808.039,283,494,2
5808.139,301,495,0
5808.238,303,493,3
5808.338,296,493,0
5808.438,306,496,1
5808.538,302,495,2
5808.639,293,492,3
5808.738,305,493,0
5808.84,292,490,4
5808.938,292,494,0
5809.039,292,496,1
5809.138,289,496,2
5809.237,300,493,3
5809.337,291,493,1
5809.439,290,490,6
5809.538,303,493,0
5809.638,293,495,2
5809.738,290,495,2
5809.838,289,493,2
5809.938,309,493,2
5810.038,301,497,1
5810.138,298,497,1
5810.239,305,496,1
5810.339,297,495,2
5810.439,288,497,0
5810.538,295,497,0
5810.639,307,493,5
5810.738,292,496,1
5810.839,290,499,0
5810.939,302,494,5
5811.038,301,495,0
5811.138,298,496,0
5811.239,289,496,2
5811.339,300,497,0
5811.44,307,496,5
5811.539,295,497,2
5811.638,299,499,0
5811.738,295,500,1
5811.839,293,502,0
5811.939,289,500,4
5812.037,300,502,0
5812.139,288,502,4
5812.239,295,501,1
5812.338,300,500,3
5812.438,294,501,0
5812.538,301,501,1
5812.637,294,501,2
5812.739,295,500,3
5812.839,286,501,0
5812.937,293,501,0
5813.039,293,497,4
5813.138,295,499,0
5813.238,292,498,3
5813.338,293,499,1
5813.439,299,499,1
5813.539,291,499,3
5813.638,301,502,0
5813.738,296,502,1
5813.839,300,500,3
5813.938,295,498,3
5814.039,301,502,1
5814.138,303,503,0
5814.239,294,500,3
5814.338,296,499,2
5814.438,298,498,2
5814.538,307,499,2
5814.638,303,500,0
5814.738,289,502,2
5814.838,300,501,1
5814.939,298,500,1
5815.039,296,501,2
5815.139,294,501,0
5815.239,299,500,2
5815.339,300,494,6
5815.439,290,493,1
5815.539,287,492,1
5815.639,294,489,4
5815.74,295,490,1
5815.839,298,491,0
5815.938,293,490,3
5816.038,297,490,0
5816.138,298,496,1
5816.238,291,497,1
5816.338,299,497,3
5816.437,300,500,0
5816.538,305,500,1
5816.639,295,497,4
5816.738,290,500,0
5816.838,291,498,3
5816.937,298,500,1
5817.04,288,496,5
5817.139,300,496,1
5817.239,304,498,0
5817.339,296,499,0
5817.439,289,500,1
5817.538,294,501,0
5817.637,291,502,1
5817.737,300,503,1
5817.837,290,501,4
5817.939,297,499,2
5818.038,294,501,0
5818.139,298,502,1
5818.238,294,501,2
5818.338,301,499,3
5818.438,304,500,0
5818.539,289,501,0
5818.639,295,502,0
5818.737,299,501,2
5818.838,304,502,2
5818.938,300,502,1
5819.039,309,501,4
5819.139,297,498,5
5819.238,287,499,0
5819.338,288,502,2
5819.44,295,495,7
5819.538,299,497,0
5819.638,297,499,2
5819.739,299,496,5
5819.837,299,499,0
5819.938,301,494,6
5820.039,292,496,0
5820.138,307,496,1
5820.238,291,497,0
5820.338,295,495,3
5820.439,292,496,0
5820.539,291,492,4
5820.636,296,493,0
5820.739,301,494,2
5820.838,311,496,2
5820.938,289,499,0
5821.039,297,498,4
5821.139,296,498,0
5821.237,300,498,1
5821.339,312,499,3
5821.439,299,498,2
5821.539,297,500,0
5821.639,301,502,2
5821.739,297,500,3
5821.839,302,500,1
5821.94,295,503,1
5822.038,294,507,0
5822.14,295,505,3
5822.239,289,504,1
5822.337,303,508,0
5822.44,296,508,2
5822.538,297,509,2
5822.637,292,508,2
5822.739,305,505,4
5822.839,298,502,3
5822.939,300,502,0
5823.039,295,505,0
5823.139,297,503,4
5823.239,304,501,2
5823.338,290,502,0
5823.439,294,504,0
5823.538,304,506,1
5823.639,300,507,2
5823.738,291,510,0
5823.838,297,512,0
5823.939,301,508,5
5824.039,308,514,0
5824.139,299,514,1
5824.24,288,513,1
5824.338,296,514,0
5824.438,293,510,5
5824.538,296,509,1
5824.638,291,508,2
5824.738,292,505,3
5824.838,296,501,4
5824.938,286,502,2
5825.038,301,503,0
5825.138,299,501,2
5825.238,306,501,2
5825.338,294,499,6
5825.438,297,501,0
5825.538,288,500,3
5825.638,296,503,3
5825.738,288,506,0
5825.837,292,508,1
5825.938,295,508,1
5826.037,296,509,0
5826.138,303,507,3
5826.236,295,509,1
5826.338,291,510,0
5826.438,292,510,1
5826.539,295,506,6
5826.639,308,508,0
5826.74,299,506,5
5826.839,287,506,0
5826.939,288,508,0
5827.037,298,508,2
5827.138,291,504,5
5827.239,308,505,2
5827.339,301,504,1
5827.439,297,506,1
5827.54,288,507,1
5827.641,290,507,1
5827.739,296,506,2
5827.839,302,507,1
5827.939,297,508,2
5828.041,291,507,2
5828.14,297,507,0
5828.241,303,509,1
5828.338,284,509,0
5828.439,288,506,3
5828.539,297,507,1
5828.639,303,509,1
5828.739,291,507,3
5828.84,298,506,2
5828.939,296,505,3
5829.04,303,505,1
5829.139,286,505,1
5829.239,297,503,2
5829.341,309,503,4
5829.439,303,502,1
5829.539,290,502,0
5829.64,301,498,6
5829.74,295,499,0
5829.84,305,498,3
5829.941,290,498,2
5830.039,301,498,1
5830.139,293,499,2
5830.241,293,498,3
5830.34,301,498,2
5830.44,302,497,3
5830.54,294,502,0
5830.641,292,498,5
5830.74,298,498,2
5830.84,308,501,2
5830.939,292,505,0
5831.039,297,503,3
5831.139,295,503,1
5831.239,288,503,1
5831.339,299,502,2
5831.439,288,502,0
5831.54,298,504,2
5831.64,298,503,2
5831.739,296,505,0
5831.841,287,505,1
5831.939,295,507,0
5832.039,295,503,5
5832.14,293,503,2
5832.24,305,507,1
5832.339,292,509,0
5832.44,297,510,2
5832.539,303,512,0
5832.639,288,510,2
5832.74,296,510,3
5832.839,293,510,3
5832.94,295,509,2
5833.039,291,509,1
5833.139,300,510,1
5833.242,303,507,4
5833.339,288,509,0
5833.44,294,507,3
5833.539,288,506,2
5833.64,298,501,5
5833.739,293,500,1
5833.839,295,500,2
5833.94,295,495,6
5834.039,294,497,0
5834.14,291,495,5
5834.24,294,495,1
5834.34,299,494,2
5834.439,299,494,0
5834.539,294,495,0
5834.639,289,495,3
5834.739,296,495,1
5834.84,288,494,2
5834.94,297,493,2
5835.04,297,498,0
5835.139,293,501,0
5835.24,299,498,5
5835.34,303,493,5
5835.438,298,496,0
5835.54,291,492,4
5835.641,288,492,0
5835.739,298,496,0
5835.839,301,498,1
5835.939,301,498,2
5836.038,293,500,1
5836.139,292,500,1
5836.239,288,498,3
5836.339,300,499,1
5836.439,301,499,1
5836.539,300,500,2
5836.639,293,501,3
5836.739,291,501,0
5836.839,283,501,0
5836.94,297,498,3
5837.039,293,497,1
5837.139,286,497,2
5837.24,292,496,2
5837.339,291,496,1
5837.439,288,496,1
5837.54,292,495,2
5837.639,301,496,0
5837.74,306,498,2
5837.84,300,499,0
5837.94,293,499,1
5838.04,295,496,4
5838.139,295,495,2
5838.239,288,497,3
5838.339,303,501,1
5838.441,296,501,2
5838.539,301,503,0
5838.639,302,504,0
5838.74,296,501,5
5838.839,286,503,0
5838.94,302,501,4
5839.04,288,502,1
5839.14,291,503,0
5839.24,281,500,5
5839.338,293,500,0
5839.44,296,500,6
5839.54,285,496,4
5839.639,290,497,0
5839.739,291,498,1
5839.84,295,498,1
5839.939,288,501,0
5840.039,300,502,1
5840.14,289,499,4
5840.24,293,500,0
5840.339,303,501,2
5840.439,297,499,3
5840.54,289,499,0
5840.64,300,497,4
5840.74,304,500,0
5840.839,300,498,2
5840.938,285,500,0
5841.04,288,500,0
5841.139,305,500,1
5841.24,300,496,5
5841.34,294,496,2
5841.44,290,498,0
5841.539,293,500,1
5841.639,296,500,2
5841.739,298,498,2
5841.839,302,497,2
5841.939,283,495,2
5842.039,294,494,3
5842.139,299,495,2
5842.239,301,495,1
5842.339,298,497,2
5842.439,302,499,0
5842.539,286,498,1
5842.639,284,499,0
5842.739,303,502,0
5842.838,295,498,4
5842.938,304,500,1
5843.04,300,497,5
5843.138,295,498,0
5843.239,292,497,1
5843.34,289,493,4
5843.44,291,493,0
5843.54,297,495,0
5843.639,297,496,1
5843.739,302,493,4
5843.839,301,492,3
5843.939,294,490,3
5844.04,306,496,0
5844.139,293,497,0
5844.239,292,499,0
5844.34,298,501,0
5844.439,298,501,2
5844.539,300,500,2
5844.639,293,497,4
5844.74,307,498,1
5844.84,304,498,1
5844.94,298,498,1
5845.039,304,500,0
5845.139,293,499,1
5845.241,301,499,2
5845.34,301,498,1
5845.442,300,500,0
5845.539,284,501,0
5845.641,295,502,1
5845.739,302,504,0
5845.841,306,500,5
5845.94,294,499,4
5846.039,303,500,0
5846.14,307,496,5
5846.24,290,499,1
5846.34,300,500,0
5846.44,297,501,0
5846.54,298,505,0
5846.64,300,505,3
5846.74,303,505,1
5846.841,303,505,3
5846.941,299,504,2
5847.041,297,500,6
5847.14,293,501,1
5847.241,298,499,2
5847.339,288,501,0
5847.439,300,502,2
5847.54,301,498,5
5847.64,308,499,1
5847.741,289,501,2
5847.839,296,501,0
5847.94,291,503,0
5848.04,299,501,4
5848.143,301,502,1
5848.242,294,500,3
5848.341,295,500,1
5848.441,296,501,0
5848.542,306,501,1
5848.642,296,501,1
5848.74,301,502,3
5848.841,292,503,0
5848.941,291,503,1
5849.042,304,503,0
5849.141,295,502,1
5849.241,301,499,6
5849.342,297,500,1
5849.441,293,498,2
5849.541,301,495,5
5849.641,296,495,2
5849.741,297,494,3
5849.841,294,496,0
5849.941,293,495,2
5850.041,296,495,1
5850.141,298,491,6
5850.242,292,494,0
5850.342,293,493,1
5850.443,293,493,3
5850.54,295,495,0
5850.643,302,494,2
5850.741,291,497,0
5850.843,294,496,6
5850.941,290,499,0
5851.04,292,502,0
5851.141,292,499,4
5851.241,298,498,2
5851.341,297,500,1
5851.442,290,499,1
5851.542,291,501,0
5851.641,294,501,2
5851.741,296,503,1
5851.842,292,504,1
5851.941,292,505,0
5852.041,294,506,1
5852.141,310,507,0
5852.241,292,507,1
5852.341,294,507,3
5852.442,290,508,1
5852.541,298,508,0
5852.642,306,507,3
5852.741,301,511,0
5852.841,301,508,3
5852.942,295,504,5
5853.04,296,506,0
5853.141,292,507,0
5853.241,301,507,1
5853.342,293,508,1
5853.443,292,512,0
5853.54,294,508,4
5853.641,299,510,1
5853.741,301,510,2
5853.841,299,513,1
5853.942,299,511,3
5854.041,290,511,1
5854.143,293,511,1
5854.242,295,512,1
5854.34,294,512,0
5854.441,295,509,4
5854.541,300,509,2
5854.641,293,509,3
5854.742,289,511,1
5854.842,303,511,0
5854.942,304,507,4
5855.041,297,509,0
5855.143,292,505,4
5855.241,302,508,0
5855.341,302,507,2
5855.442,292,506,3
5855.541,291,508,1
5855.641,296,507,2
5855.741,293,505,4
5855.841,294,502,4
5855.942,306,505,1
5856.042,299,504,3
5856.142,305,504,3
5856.242,290,505,0
5856.342,289,505,0
5856.442,294,504,2
5856.541,301,506,1
5856.641,303,507,0
5856.741,292,506,3
5856.842,294,506,3
5856.941,303,507,0
5857.042,299,502,5
5857.142,297,506,0
5857.241,288,507,1
5857.342,300,505,4
5857.442,298,504,1
5857.541,291,505,0
5857.642,293,498,7
5857.741,300,502,0
5857.842,293,502,1
5857.942,298,506,0
5858.041,303,505,3
5858.141,308,509,0
5858.241,290,509,0
5858.341,298,507,2
5858.441,293,507,3
5858.541,298,508,1
5858.641,294,505,4
5858.742,294,502,6
5858.843,290,503,1
5858.942,302,507,0
5859.042,299,507,4
5859.141,294,508,2
5859.242,286,507,2
5859.342,301,508,0
5859.442,292,508,1
5859.542,299,505,5
5859.642,299,506,0
5859.741,287,506,0
5859.842,291,504,2
5859.941,301,506,1
5860.042,295,507,0
5860.142,297,506,3
5860.241,283,504,2
5860.342,299,505,1
5860.443,297,505,3
5860.541,294,505,0
5860.642,294,504,3
5860.742,301,501,3
5860.844,306,501,2
5860.942,293,501,0
5861.044,298,497,6
5861.143,291,494,3
5861.243,289,497,0
5861.342,296,498,1
5861.443,285,495,3
5861.542,298,495,1
5861.644,299,500,0
5861.744,290,496,6
5861.845,300,496,3
5861.944,303,498,2
5862.046,301,499,2
5862.144,304,495,5
5862.246,296,494,3
5862.345,298,496,1
5862.445,301,495,1
5862.545,300,497,2
5862.645,294,498,1
5862.745,293,501,0
5862.846,299,499,3
5862.946,296,500,2
5863.046,297,502,1
5863.145,293,499,3
5863.244,305,504,0
5863.347,292,505,1
5863.446,298,503,3
5863.546,296,507,0
5863.647,296,507,1
5863.746,288,508,1
5863.847,294,507,1
5863.946,291,506,2
5864.047,292,506,2
5864.147,296,506,0
5864.247,291,505,2
5864.346,306,505,1
5864.447,301,507,0
5864.545,295,507,2
5864.646,296,505,4
5864.745,296,509,0
5864.845,295,511,0
5864.946,305,504,8
5865.045,296,504,0
5865.144,301,501,4
5865.245,293,498,3
5865.344,296,496,2
5865.445,299,494,2
5865.545,303,498,0
5865.647,297,494,5
5865.744,303,494,0
5865.846,301,494,1
5865.945,299,493,3
5866.046,292,493,2
5866.145,289,493,1
5866.247,297,488,6
5866.346,294,490,0
5866.445,300,494,2
5866.547,293,491,5
5866.647,291,492,0
5866.746,287,494,2
5866.846,285,492,2
5866.946,293,491,1
5867.047,291,489,2
5867.146,302,490,4
5867.247,295,489,2
5867.345,295,491,2
5867.446,294,491,1
5867.546,294,492,2
5867.647,292,492,1
5867.746,303,493,2
5867.846,280,491,2
5867.947,295,495,0
5868.047,298,497,0
5868.146,300,496,2
5868.245,299,499,0
5868.347,297,500,1
5868.446,295,501,0
5868.547,296,502,3
5868.647,297,502,0
5868.746,294,503,2
5868.846,307,503,0
5868.946,289,501,4
5869.047,296,502,1
5869.146,292,504,1
5869.246,295,504,0
5869.347,313,501,5
5869.447,295,499,3
5869.547,303,501,0
5869.646,302,503,1
5869.746,288,505,0
5869.846,303,503,4
5869.946,295,504,1
5870.047,291,506,1
5870.147,300,506,1
5870.247,297,508,0
5870.347,300,505,3
5870.446,295,508,0
5870.546,296,506,2
5870.647,297,507,2
5870.747,300,503,4
5870.847,295,504,1
5870.946,297,504,0
5871.046,293,503,3
5871.147,293,503,2
5871.246,295,503,1
5871.347,295,506,0
5871.446,297,506,2
5871.547,294,504,3
5871.646,289,503,2
5871.747,299,499,5
5871.846,308,502,0
5871.946,290,501,2
5872.046,295,503,2
5872.146,293,505,1
5872.247,296,502,3
5872.346,299,505,0
5872.446,299,505,2
5872.546,306,505,0
5872.647,293,502,4
5872.747,290,499,4
5872.847,294,498,2
5872.946,293,498,0
5873.048,303,497,3
5873.147,299,499,0
5873.248,300,501,1
5873.345,299,505,0
5873.446,289,505,1
5873.546,301,506,1
5873.648,292,503,4
5873.747,288,503,0
5873.846,301,502,2
5873.948,290,502,1
5874.049,294,501,3
5874.147,306,502,0
5874.248,292,501,4
5874.347,293,502,0
5874.447,299,501,4
5874.547,290,501,0
5874.649,299,501,2
5874.747,294,503,0
5874.847,293,501,4
5874.947,308,503,1
5875.047,295,502,3
5875.148,282,499,3
5875.248,294,497,3
5875.348,296,497,2
5875.448,290,496,2
5875.548,297,498,2
5875.649,294,500,0
5875.746,286,502,0
5875.85,291,500,2
5875.947,292,500,0
5876.047,296,500,0
5876.146,301,500,1
5876.247,285,499,2
5876.347,305,500,2
5876.447,289,499,3
5876.546,298,499,0
5876.646,293,500,2
5876.746,295,504,1
5876.847,296,506,0
5876.945,292,506,0
5877.046,296,508,1
5877.146,295,508,1
5877.247,291,507,2
5877.347,302,506,4
5877.446,298,507,2
5877.546,289,506,1
5877.646,300,507,1
5877.748,295,503,5
5877.847,296,506,0
5877.946,298,504,2
5878.046,294,504,2
5878.145,306,503,2
5878.246,300,502,2
5878.347,289,502,1
5878.446,296,503,2
5878.547,299,498,5
5878.646,295,497,4
5878.747,294,495,3
5878.846,302,498,0
5878.947,298,498,2
5879.046,302,499,1
5879.147,298,498,3
5879.247,298,500,0
5879.346,306,500,1
5879.448,302,498,5
5879.546,309,500,0
5879.647,294,498,4
5879.746,300,501,0
5879.847,298,503,1
5879.947,291,501,3
5880.047,295,500,2
5880.146,293,501,0
5880.248,299,498,4
5880.346,286,498,0
5880.447,292,492,6
5880.547,288,493,0
5880.645,288,494,0
5880.744,300,494,4
5880.845,288,495,1
5880.945,286,494,2
5881.046,301,494,1
5881.146,297,493,2
5881.246,295,493,0
5881.346,291,493,0
5881.448,297,494,2
5881.546,295,495,0
5881.647,302,497,2
5881.748,283,496,2
5881.846,290,498,0
5881.947,286,497,2
5882.046,288,499,1
5882.147,296,499,1
5882.246,304,499,1
5882.346,293,500,1
5882.447,300,499,2
5882.546,290,496,3
5882.646,298,495,1
5882.747,307,496,2
5882.846,295,497,0
5882.946,292,497,1
5883.046,293,496,2
5883.146,287,497,1
5883.246,301,495,2
5883.347,299,495,2
5883.445,302,497,0
5883.547,298,495,3
5883.646,294,494,1
5883.746,294,493,2
5883.847,294,490,3
5883.947,294,489,2
5884.046,293,491,0
5884.146,286,491,1
5884.247,296,489,2
5884.347,296,490,0
5884.446,294,492,0
5884.546,298,491,3
5884.647,301,490,3
5884.746,285,488,4
5884.847,299,489,3
5884.946,303,489,0
5885.046,297,490,1
5885.147,286,491,0
5885.246,291,494,0
5885.346,294,493,2
5885.447,306,491,2
5885.545,287,490,3
5885.647,293,488,3
5885.747,296,489,0
5885.848,296,485,5
5885.946,301,489,0
5886.047,286,488,3
5886.146,296,490,0
5886.245,286,489,2
5886.346,299,492,2
5886.448,294,492,2
5886.547,297,496,0
5886.647,288,497,1
5886.747,295,497,1
5886.847,302,501,0
5886.946,292,502,0
5887.047,284,503,1
5887.147,296,502,1
5887.246,297,504,0
5887.346,301,503,1
5887.447,307,501,2
5887.545,292,501,0
5887.647,290,501,1
5887.747,305,498,5
5887.847,290,498,0
5887.948,296,494,4
5888.045,296,496,0
5888.147,299,496,0
5888.247,292,495,2
5888.346,284,496,0
5888.447,298,497,2
5888.546,296,495,3
5888.647,291,496,0
5888.746,296,496,1
5888.847,296,497,0
5888.945,294,497,2
5889.046,297,495,3
5889.146,300,495,1
5889.246,294,492,3
5889.347,291,493,0
5889.446,301,493,0
5889.547,301,496,0
5889.646,302,492,4
5889.747,283,491,1
5889.846,307,492,1
5889.947,295,488,4
5890.047,294,491,0
5890.147,290,490,2
5890.245,305,492,1
5890.347,287,495,1
5890.446,291,496,0
5890.547,308,498,2
5890.646,288,501,0
5890.747,289,499,3
5890.848,302,501,1
5890.947,300,503,0
5891.047,304,503,3
5891.147,305,505,0
5891.246,298,507,0
5891.346,304,510,0
5891.446,292,511,0
5891.546,293,508,3
5891.646,294,510,0
5891.747,291,510,2
5891.846,295,513,0
5891.946,289,512,5
5892.047,299,512,1
5892.147,303,511,2
5892.246,302,511,0
5892.346,299,512,0
5892.447,299,509,3
5892.547,296,510,0
5892.647,286,505,5
5892.746,296,506,0
5892.847,295,503,3
5892.946,292,506,0
5893.046,298,508,0
5893.147,297,508,0
5893.25,297,507,2
5893.346,295,508,0
5893.446,304,505,3
5893.546,290,507,0
5893.646,296,507,4
5893.747,298,507,1
5893.848,293,506,3
5893.948,292,505,5
5894.048,294,503,2
5894.148,299,500,4
5894.246,303,508,0
5894.346,296,505,3
5894.448,292,502,4
5894.548,295,501,1
5894.646,302,503,0
5894.746,296,501,4
5894.847,291,499,2
5894.947,294,494,5
5895.045,300,496,0
5895.147,295,498,1
5895.249,292,498,1
5895.348,296,497,1
5895.448,307,501,0
5895.547,296,502,0
5895.648,298,499,3
5895.748,286,499,0
5895.849,295,502,0
5895.948,289,500,3
5896.049,303,501,0
5896.148,299,503,0
5896.248,297,504,0
5896.348,296,502,4
5896.449,307,504,1
5896.547,300,503,3
5896.649,297,501,2
5896.749,296,500,1
5896.849,292,498,3
5896.949,304,500,4
5897.051,304,502,1
5897.148,303,504,0
5897.249,295,499,8
5897.349,290,500,0
5897.449,303,501,0
5897.549,302,502,1
5897.65,304,503,1
5897.749,282,500,3
5897.848,298,501,0
5897.948,296,502,2
5898.049,288,503,1
5898.149,305,502,3
5898.249,289,502,0
5898.347,299,500,3
5898.449,296,499,4
5898.548,295,500,1
5898.649,297,501,1
5898.748,301,501,0
5898.848,291,503,0
5898.948,289,502,1
5899.048,307,504,0
5899.147,295,508,1
5899.248,298,506,2
5899.348,299,507,2
5899.45,302,508,2
5899.548,305,507,2
5899.649,303,510,0
5899.748,290,509,1
5899.848,292,507,2
5899.948,300,509,0
5900.048,295,504,5
5900.147,297,503,2
5900.247,291,503,1
5900.348,287,505,2
5900.448,294,504,1
5900.547,302,504,1
5900.647,298,503,1
5900.747,300,502,2
5900.848,293,501,1
5900.947,289,500,1
5901.047,293,497,3
5901.148,297,497,2
5901.247,295,500,1
5901.347,299,499,3
5901.447,291,500,2
5901.547,300,500,2
5901.647,297,499,2
5901.748,298,499,2
5901.848,302,501,1
5901.948,306,498,4
5902.048,291,499,0
5902.147,298,501,1
5902.248,294,498,3
5902.348,303,499,0
5902.447,285,501,1
5902.548,306,499,2
5902.648,296,499,1
5902.747,299,499,2
5902.847,298,499,1
5902.948,290,499,0
5903.047,295,498,3
5903.147,301,498,1
5903.249,306,499,0
5903.348,303,500,0
5903.448,298,497,4
5903.547,297,499,0
5903.647,294,498,1
5903.748,299,498,0
5903.847,296,500,0
5903.947,299,500,3
5904.048,307,503,0
5904.147,293,505,0
5904.249,295,500,6
5904.348,304,502,1
5904.448,294,500,4
5904.547,290,502,0
5904.647,291,505,0
5904.747,293,504,2
5904.846,296,505,1
5904.947,293,503,3
5905.047,294,503,1
5905.147,297,502,1
5905.246,296,502,1
5905.347,293,503,0
5905.448,302,504,0
5905.547,301,506,0
5905.647,288,506,2
5905.746,296,507,0
5905.846,300,506,2
5905.947,302,509,0
5906.047,304,511,1
5906.148,300,512,1
5906.248,286,514,0
5906.347,295,510,4
5906.448,290,507,4
5906.547,293,509,1
5906.648,299,506,5
5906.748,285,507,0
5906.847,296,510,1
5906.948,297,506,5
5907.049,303,506,2
5907.147,290,507,0
5907.248,307,512,1
5907.348,296,510,3
5907.448,290,506,4
5907.548,288,502,4
5907.648,293,500,3
5907.747,289,502,0
5907.848,290,502,2
5907.948,306,502,1
5908.048,295,503,2
5908.146,286,504,0
5908.248,298,502,2
5908.347,292,502,0
5908.448,303,501,2
5908.548,299,494,7
5908.648,293,498,2
5908.747,292,499,1
5908.847,288,498,2
5908.947,302,500,0
5909.048,299,495,6
5909.148,290,497,0
5909.248,287,498,0
5909.347,297,497,2
5909.448,295,497,1
5909.547,293,499,2
5909.646,294,501,0
5909.746,303,500,2
5909.847,298,502,1
5909.947,293,500,2
5910.048,293,500,1
5910.147,300,500,1
5910.249,291,496,4
5910.348,298,498,0
5910.447,291,498,1
5910.548,296,498,1
5910.648,293,498,1
5910.747,298,500,0
5910.848,287,499,3
5910.948,297,500,1
5911.046,298,499,1
5911.146,294,497,3
5911.248,295,496,1
5911.347,296,500,0
5911.448,294,500,1
5911.546,292,499,3
5911.648,294,497,2
5911.748,296,491,6
5911.847,293,493,0
5911.947,309,493,1
5912.048,298,494,1
5912.148,297,495,2
5912.248,293,496,1
5912.347,295,497,1
5912.447,291,495,3
5912.548,294,494,2
5912.648,290,492,2
5912.747,298,494,0
5912.848,293,493,3
5912.947,306,493,0
5913.048,289,494,1
5913.147,291,497,0
5913.248,298,495,4
5913.347,290,496,0
5913.447,302,497,1
5913.547,296,498,0
5913.647,300,500,0
5913.747,296,501,1
5913.848,295,500,1
5913.947,297,500,1
5914.047,293,500,2
5914.147,309,496,4
5914.247,292,498,0
5914.347,290,499,0
5914.447,297,501,1
5914.547,290,500,3
5914.647,293,501,0
5914.748,294,502,0
5914.848,302,502,1
5914.949,292,503,0
5915.049,298,501,3
5915.149,297,500,3
5915.251,298,502,0
5915.349,293,503,2
5915.449,299,502,3
5915.547,294,505,0
5915.649,297,505,1
5915.749,298,506,1
5915.849,298,502,5
5915.947,302,507,0
5916.049,301,508,2
5916.148,296,509,3
5916.249,288,510,1
5916.348,301,510,0
5916.447,293,513,0
5916.549,299,513,2
5916.649,298,512,2
5916.749,302,512,1
5916.847,296,513,0
5916.947,293,512,1
5917.049,297,508,5
5917.149,293,508,1
5917.247,289,510,0
5917.349,303,509,2
5917.449,296,505,4
5917.548,296,505,2
5917.649,294,508,0
5917.748,291,509,0
5917.848,301,509,3
5917.948,288,508,1
5918.049,293,510,1
5918.15,291,511,0
5918.247,293,512,0
5918.349,284,512,2
5918.448,291,509,5
5918.549,295,505,4
5918.648,310,508,0
5918.747,290,506,2
5918.849,305,507,1
5918.947,297,510,0
5919.048,299,510,2
5919.15,297,504,7
5919.249,291,506,0
5919.349,289,505,1
5919.449,299,505,1
5919.548,295,506,0
5919.648,292,507,1
5919.749,295,506,1
5919.849,285,502,4
5919.948,294,503,1
5920.048,298,507,0
5920.147,294,509,0
5920.248,302,508,3
5920.348,288,509,0
5920.448,300,509,0
5920.548,300,507,3
5920.649,303,508,1
5920.748,293,507,1
5920.848,302,510,0
5920.949,302,507,3
5921.048,301,510,0
5921.148,295,508,4
5921.248,296,507,2
5921.35,296,509,1
5921.449,308,508,2
5921.548,294,508,0
5921.648,299,510,0
5921.748,290,504,7
5921.848,294,505,0
5921.947,304,502,6
5922.05,291,499,4
5922.149,282,500,0
5922.248,288,496,4
5922.348,282,498,0
5922.449,291,498,0
5922.549,301,498,2
5922.649,295,500,1
5922.748,291,501,0
5922.848,306,502,2
5922.948,307,502,1
5923.048,305,500,2
5923.148,297,495,5
5923.249,302,495,0
5923.348,289,496,0
5923.45,302,497,2
5923.549,306,497,1
5923.649,290,498,0
5923.749,315,496,3
5923.848,296,496,0
5923.948,291,494,4
5924.049,293,496,1
5924.148,295,497,0
5924.247,293,496,1
5924.348,297,502,1
5924.449,286,502,1
5924.548,301,503,0
5924.648,295,504,1
5924.748,302,504,1
5924.849,295,500,4
5924.948,290,498,4
5925.048,294,500,0
5925.148,292,501,2
5925.248,284,502,1
5925.348,299,503,0
5925.448,295,502,2
5925.549,289,502,1
5925.648,283,503,1
5925.748,299,502,3
5925.848,295,502,2
5925.948,305,502,2
5926.048,295,502,3
5926.149,293,503,2
5926.249,289,504,0
5926.348,291,503,1
5926.449,297,504,0
5926.548,290,505,2
5926.649,291,505,1
5926.749,295,507,0
5926.849,297,507,3
5926.948,303,510,0
5927.049,297,509,1
5927.148,298,506,4
5927.248,300,507,2
5927.348,295,507,0
5927.448,301,501,7
5927.55,295,500,1
5927.65,292,497,3
5927.748,291,500,0
5927.848,300,500,0
5927.949,295,499,2
5928.048,300,499,0
5928.148,305,499,3
5928.248,296,497,2
5928.349,296,495,5
5928.449,293,495,1
5928.549,297,498,0
5928.648,295,499,1
5928.748,308,499,1
5928.848,297,497,2
5928.948,294,497,1
5929.049,291,497,1
5929.148,298,499,0
5929.249,298,497,2
5929.349,295,500,0
5929.448,299,502,0
5929.548,304,503,1
5929.647,296,501,5
5929.749,296,500,2
5929.848,294,500,2
5929.949,297,496,5
5930.049,302,497,0
5930.148,303,497,2
5930.249,300,493,4
5930.348,298,495,0
5930.448,295,496,1
5930.547,290,497,0
5930.647,284,497,1
5930.748,296,496,1
5930.849,300,497,1
5930.948,300,498,0
5931.048,300,499,1
5931.148,297,501,1
5931.249,289,497,4
5931.349,290,498,0
5931.45,292,497,3
5931.549,295,497,0
5931.649,288,494,5
5931.748,302,495,0
5931.848,303,494,2
5931.948,296,495,0
5932.049,294,496,0
5932.149,298,497,1
5932.249,303,499,0
5932.348,301,500,0
5932.449,301,499,4
5932.549,292,500,1
5932.648,302,496,4
5932.749,297,496,0
5932.848,284,496,0
5932.947,306,498,1
5933.049,294,498,1
5933.149,301,498,4
5933.249,298,500,0
5933.349,296,498,2
5933.449,290,497,4
5933.548,297,499,1
5933.65,304,502,0
5933.748,288,502,0
5933.849,294,502,1
5933.948,301,504,0
5934.048,289,504,1
5934.149,306,501,7
5934.249,288,501,0
5934.348,300,506,0
5934.448,291,507,0
5934.548,299,506,3
5934.648,294,508,0
5934.748,285,509,1
5934.847,291,509,1
5934.948,297,508,3
5935.052,300,508,1
5935.152,298,508,2
5935.251,296,509,1
5935.352,295,512,0
5935.452,300,509,4
5935.551,290,509,1
5935.651,298,509,1
5935.752,289,509,1
5935.852,287,509,0
5935.951,299,506,4
5936.051,297,509,1
5936.152,299,506,4
5936.252,307,504,4
5936.351,281,503,2
5936.452,293,504,2
5936.551,294,504,2
5936.652,292,503,2
5936.752,298,504,1
5936.852,296,507,0
5936.951,289,506,3
5937.051,301,508,0
5937.151,294,508,2
5937.251,287,508,1
5937.351,297,507,2
5937.451,286,503,4
5937.551,291,503,1
5937.65,298,504,0
5937.75,301,501,3
5937.851,289,503,1
5937.95,296,500,3
5938.051,298,502,0
5938.151,300,503,1
5938.251,294,502,2
5938.351,293,502,2
5938.451,290,504,1
5938.551,287,504,1
5938.65,295,504,0
5938.751,292,508,0
5938.852,292,506,3
5938.952,305,507,2
5939.053,297,506,2
5939.151,298,507,0
5939.251,291,507,1
5939.351,299,506,3
5939.451,305,506,2
5939.551,296,505,2
5939.651,306,507,0
5939.752,293,506,2
5939.851,300,502,5
5939.952,299,500,3
5940.051,294,502,0
5940.151,292,500,3
5940.251,297,500,1
5940.35,295,499,4
5940.452,285,497,3
5940.551,302,500,0
5940.651,303,500,1
5940.751,306,501,1
5940.851,298,507,0
5940.951,304,506,3
5941.051,293,506,0
5941.152,312,501,5
5941.252,288,499,2
5941.351,295,500,0
5941.451,303,502,1
5941.55,297,502,1
5941.652,293,503,1
5941.751,302,504,0
5941.851,293,503,2
5941.952,293,505,0
5942.051,299,505,2
5942.151,290,506,1
5942.252,291,503,4
5942.351,291,504,0
5942.45,298,503,3
5942.55,303,502,2
5942.652,294,498,4
5942.752,300,501,0
5942.851,296,502,1
5942.952,290,503,1
5943.051,287,501,2
5943.151,300,502,1
5943.253,294,500,4
5943.351,302,499,2
5943.45,289,499,0
5943.55,292,499,1
5943.651,293,500,2
5943.751,307,500,0
5943.851,301,502,1
5943.951,290,500,3
5944.052,293,497,4
5944.151,287,497,0
5944.252,307,496,2
5944.352,296,495,2
5944.451,303,497,0
5944.55,294,495,2
5944.651,303,496,1
5944.75,285,495,2
5944.852,291,496,1
5944.951,293,496,0
5945.053,295,493,6
5945.152,305,494,1
5945.252,289,495,0
5945.353,281,494,3
5945.454,295,494,2
5945.551,293,493,1
5945.652,288,493,0
5945.752,304,494,1
5945.852,291,491,4
5945.953,293,494,0
5946.053,297,496,0
5946.151,304,497,0
5946.252,295,497,3
5946.353,294,494,6
5946.452,290,494,1
5946.552,295,494,1
5946.652,284,490,4
5946.752,296,490,0
5946.852,286,487,5
5946.953,292,486,1
5947.052,300,488,0
5947.152,292,487,4
5947.253,286,489,0
5947.353,298,489,2
5947.453,284,488,3
5947.552,292,489,0
5947.651,293,490,0
5947.752,298,488,2
5947.854,291,490,1
5947.95,301,492,0
5948.053,293,493,1
5948.153,295,493,3
5948.253,290,492,1
5948.352,296,496,0
5948.452,295,499,1
5948.553,297,499,1
5948.653,297,499,1
5948.752,299,499,0
5948.852,295,500,1
5948.953,305,502,0
5949.053,306,504,0
5949.152,293,501,3
5949.252,293,501,0
5949.352,302,499,3
5949.453,303,494,5
5949.551,305,496,0
5949.654,293,493,3
5949.753,298,493,0
5949.852,291,495,0
5949.954,295,494,3
5950.053,290,492,4
5950.154,305,492,1
5950.253,295,494,0
5950.353,300,493,3
5950.454,292,493,1
5950.555,307,491,3
5950.653,303,494,0
5950.752,285,497,0
5950.855,297,496,3
5950.955,293,498,1
5951.053,298,499,0
5951.154,297,501,2
5951.255,288,503,0
5951.354,297,504,3
5951.456,299,503,2
5951.554,295,503,1
5951.656,297,502,2
5951.754,302,504,1
5951.855,294,500,4
5951.955,291,501,2
5952.054,291,501,1
5952.154,303,501,0
5952.254,299,500,2
5952.355,310,503,1
5952.454,299,505,0
5952.554,298,505,1
5952.654,299,509,0
5952.754,292,510,1
5952.855,289,509,2
5952.954,299,512,0
5953.054,297,509,3
5953.155,294,509,0
5953.254,297,510,1
5953.355,302,508,3
5953.454,297,511,0
5953.555,288,511,1
5953.654,294,506,5
5953.754,300,507,2
5953.854,291,507,0
5953.954,289,508,0
5954.053,295,508,1
5954.156,298,506,3
5954.255,291,509,0
5954.357,301,502,8
5954.457,304,503,1
5954.555,294,504,3
5954.655,298,506,0
5954.753,289,506,1
5954.855,295,508,1
5954.954,298,510,0
5955.056,305,508,2
5955.155,300,505,4
5955.255,297,507,1
5955.355,290,507,0
5955.455,295,504,4
5955.555,296,504,2
5955.657,293,503,2
5955.755,296,501,2
5955.854,297,502,0
5955.953,290,502,2
5956.056,294,499,4
5956.156,298,500,2
5956.257,287,501,0
5956.355,290,503,0
5956.455,295,500,4
5956.554,298,502,0
5956.655,303,502,2
5956.754,294,505,0
5956.855,298,505,4
5956.954,297,505,0
5957.056,299,504,2
5957.154,303,507,0
5957.255,290,505,2
5957.355,302,505,2
5957.453,301,505,1
5957.554,290,503,2
5957.655,291,501,3
5957.754,298,501,3
5957.855,297,503,0
5957.954,306,501,2
5958.054,301,500,1
5958.154,294,500,2
5958.255,294,498,3
5958.355,295,498,1
5958.454,301,498,0
5958.555,282,497,1
5958.654,295,495,2
5958.754,296,495,1
5958.853,289,496,1
5958.955,290,496,3
5959.055,283,498,0
5959.154,303,498,1
5959.255,296,496,2
5959.355,300,496,1
5959.455,289,497,1
5959.554,301,496,2
5959.655,294,499,1
5959.754,290,499,1
5959.854,292,496,4
5959.954,290,494,3
5960.054,283,495,1
5960.154,302,496,0
5960.254,295,495,3
5960.354,287,494,1
5960.455,293,491,6
5960.554,293,492,0
5960.655,288,492,0
5960.754,303,494,0
5960.854,287,493,3
5960.954,303,491,3
5961.054,285,490,1
5961.161,290,490,2
5961.255,291,491,0
5961.354,292,489,3
5961.457,299,491,0
5961.556,297,493,0
5961.655,293,492,2
5961.754,291,495,0
5961.856,300,494,3
5961.955,288,495,0
5962.059,303,496,5
5962.158,286,498,1
5962.26,299,499,1
5962.359,291,502,1
5962.459,306,503,1
5962.559,307,501,3
5962.658,300,499,2
5962.76,289,501,2
5962.86,301,503,1
5962.958,301,506,2
5963.064,293,508,1
5963.159,293,511,1
5963.259,286,510,2
5963.356,295,510,1
5963.458,302,510,1
5963.559,289,512,0
5963.659,292,513,1
5963.759,291,512,3
5963.859,287,510,3
5963.96,295,510,1
5964.061,298,512,0
5964.16,292,515,0
5964.262,302,513,3
5964.36,289,512,2
5964.461,303,512,1
5964.561,294,512,2
5964.662,303,512,1
5964.761,297,512,3
5964.862,296,510,3
5964.961,302,511,2
5965.061,288,509,5
5965.16,297,508,1
5965.262,295,507,2
5965.361,299,507,1
5965.462,302,508,1
5965.562,299,508,0
5965.662,287,508,2
5965.761,297,506,3
5965.86,285,508,0
5965.962,307,501,7
5966.062,301,503,0
5966.162,292,500,5
5966.262,292,501,1
5966.362,302,502,0
5966.462,296,504,1
5966.561,295,501,3
5966.662,299,500,4
5966.762,297,500,1
5966.863,292,499,1
5966.962,295,500,0
5967.062,301,499,2
5967.162,299,497,3
5967.262,297,499,0
5967.362,298,495,4
5967.462,293,494,1
5967.561,293,494,0
5967.662,292,494,2
5967.762,294,494,2
5967.862,299,495,0
5967.961,285,494,2
5968.062,299,491,3
5968.161,300,492,1
5968.262,300,493,0
5968.361,292,495,1
5968.461,296,496,0
5968.561,297,495,1
5968.661,298,497,0
5968.762,289,495,5
5968.863,296,495,2
5968.962,292,497,0
5969.062,293,497,1
5969.161,290,494,4
5969.262,300,494,2
5969.362,295,497,1
5969.462,287,494,3
5969.562,295,494,3
5969.662,296,496,0
5969.761,298,494,3
5969.863,290,493,2
5969.962,301,493,1
5970.062,295,494,0
5970.162,296,494,3
5970.26,299,496,0
5970.361,293,497,1
5970.462,301,498,0
5970.561,289,502,0
5970.661,293,503,0
5970.761,299,504,1
5970.86,288,502,2
5970.961,293,505,0
5971.061,299,507,0
5971.16,298,510,0
5971.262,290,509,1
5971.362,289,504,5
5971.462,299,506,1
5971.563,295,507,1
5971.662,303,508,0
5971.762,289,510,0
5971.861,301,509,3
5971.961,303,507,3
5972.062,286,505,2
5972.161,298,506,1
5972.262,299,506,1
5972.36,293,504,2
5972.461,291,503,2
5972.561,297,503,1
5972.662,283,501,4
5972.76,306,501,3
5972.863,296,500,2
5972.962,298,501,1
5973.062,296,504,1
5973.16,306,502,3
5973.261,298,502,4
5973.361,299,502,0
5973.461,298,506,0
5973.561,292,506,1
5973.663,293,501,6
5973.764,295,498,5
5973.863,298,499,1
5973.963,299,498,3
5974.062,291,500,0
5974.163,288,497,3
5974.263,300,498,0
5974.363,302,498,0
5974.461,287,499,0
5974.561,291,497,3
5974.663,299,493,6
5974.763,295,492,1
5974.862,295,493,2
5974.961,293,494,0
5975.063,301,493,1
5975.162,287,494,0
5975.263,292,495,2
5975.363,297,493,3
5975.462,290,494,1
5975.563,291,495,1
5975.662,291,498,0
5975.762,297,493,5
5975.862,303,494,0
5975.962,301,497,2
5976.062,295,498,1
5976.163,306,496,4
5976.262,298,494,3
5976.363,282,493,1
5976.463,304,494,2
5976.562,298,492,4
5976.661,293,493,0
5976.762,296,497,0
5976.862,297,496,4
5976.963,291,500,0
5977.063,303,499,5
5977.162,300,501,0
5977.262,290,500,1
5977.362,300,499,2
5977.463,305,497,3
5977.562,305,497,2
5977.661,300,497,0
5977.762,301,498,1
5977.863,303,497,2
5977.963,296,498,1
5978.063,298,498,0
5978.162,296,499,1
5978.261,289,499,0
5978.363,288,498,1
5978.462,304,500,0
5978.563,298,500,1
5978.662,310,501,1
5978.761,294,499,2
5978.863,289,498,2
5978.962,289,501,0
5979.062,285,500,2
5979.162,296,500,2
5979.263,294,501,3
5979.363,302,502,0
5979.464,286,501,2
5979.563,293,500,2
5979.662,301,497,3
5979.762,301,500,0
5979.862,296,500,1
5979.963,291,498,2
5980.062,300,496,2
5980.162,297,496,2
5980.262,297,496,2
5980.361,302,495,1
5980.464,297,495,4
5980.562,294,497,0
5980.663,302,493,5
5980.762,306,495,0
5980.863,286,494,2
5980.963,307,497,1
5981.062,288,497,1
5981.162,303,498,2
5981.262,304,501,3
5981.361,302,502,0
5981.462,293,503,1
5981.562,296,505,0
5981.662,292,507,0
5981.761,297,508,1
5981.862,289,506,2
5981.964,294,504,4
5982.064,302,505,1
5982.163,295,506,0
5982.265,292,505,2
5982.364,300,504,2
5982.464,291,506,0
5982.564,292,502,4
5982.663,295,502,2
5982.763,297,500,2
5982.863,279,499,1
5982.964,287,498,1
5983.065,297,495,3
5983.163,294,494,2
5983.263,298,493,2
5983.364,296,495,0
5983.464,299,499,0
5983.562,289,494,6
5983.663,291,495,0
5983.762,287,493,2
5983.864,300,488,6
5983.963,318,491,0
5984.064,287,494,1
5984.163,300,495,3
5984.264,296,494,2
5984.363,291,495,0
5984.466,298,496,0
5984.565,300,498,1
5984.665,293,497,2
5984.763,295,496,3
5984.866,292,498,0
5984.966,297,499,1
5985.064,299,501,0
5985.164,297,502,3
5985.266,296,503,1
5985.365,296,504,2
5985.465,296,501,4
5985.565,285,501,0
5985.666,294,499,4
5985.765,290,503,1
5985.866,287,504,1
5985.965,298,504,1
5986.066,299,504,0
5986.165,301,508,0
5986.266,295,507,1
5986.365,305,505,2
5986.467,298,502,5
5986.565,289,502,1
5986.665,297,502,0
5986.764,288,502,0
5986.866,297,503,1
5986.965,293,502,2
5987.066,291,501,2
5987.165,291,500,2
5987.266,289,500,1
5987.366,287,501,0
5987.466,295,504,0
5987.565,294,504,3
5987.666,291,502,4
5987.765,293,500,4
5987.866,300,501,0
5987.966,289,501,1
5988.065,294,498,4
5988.165,281,497,2
5988.265,297,503,0
5988.366,306,499,5
5988.465,301,503,0
5988.565,300,501,3
5988.666,292,502,1
5988.765,301,504,1
5988.866,294,503,2
5988.965,293,504,2
5989.065,293,504,2
5989.164,296,504,1
5989.265,298,504,2
5989.365,297,502,3
5989.467,292,503,0
5989.566,291,502,3
5989.665,293,503,0
5989.766,297,501,3
5989.866,297,502,0
5989.965,290,502,1
5990.066,296,506,1
5990.165,294,505,2
5990.265,294,506,0
5990.365,292,507,0
5990.466,291,509,0
5990.565,305,508,2
5990.665,294,505,3
5990.766,294,505,1
5990.866,295,507,0
5990.966,293,507,0
5991.065,285,510,0
5991.165,299,508,2
5991.265,297,508,0
5991.366,293,508,4
5991.466,291,505,5
5991.565,300,505,0
5991.665,305,504,3
5991.765,285,504,2
5991.865,297,504,3
5991.966,302,502,4
5992.065,295,506,0
5992.166,294,506,3
5992.264,297,507,0
5992.365,299,510,3
5992.465,304,509,1
5992.566,298,508,2
5992.665,300,508,1
5992.766,302,510,1
5992.865,302,508,2
5992.966,294,505,4
5993.066,291,508,0
5993.165,286,506,2
5993.265,309,509,1
5993.366,296,504,6
5993.465,297,506,0
5993.565,298,506,2
5993.666,293,506,3
5993.765,293,507,0
5993.865,288,505,2
5993.965,285,504,2
5994.066,289,505,2
5994.165,298,505,0
5994.266,294,505,2
5994.366,291,507,0
5994.465,303,506,3
5994.565,297,504,3
5994.666,296,504,1
5994.766,299,507,1
5994.866,304,504,4
5994.965,285,507,0
5995.066,296,507,4
5995.165,296,507,0
5995.265,293,505,3
5995.366,293,503,3
5995.465,308,507,0
5995.566,286,507,1
5995.665,302,507,0
5995.765,302,505,2
5995.865,294,505,2
5995.965,296,506,1
5996.066,299,506,2
5996.165,298,504,2
5996.265,292,506,0
5996.365,299,507,1
5996.465,288,508,0
5996.565,289,507,3
5996.665,286,505,2
5996.765,295,503,4
5996.866,297,503,1
5996.964,290,504,0
5997.065,302,505,2
5997.164,304,501,5
5997.265,294,502,2
5997.365,298,502,3
5997.464,297,500,3
5997.565,295,499,3
5997.665,296,497,2
5997.766,293,499,1
5997.866,292,501,4
5997.965,304,503,0
5998.066,300,502,3
5998.164,300,500,3
5998.266,290,503,1
5998.365,292,505,0
5998.465,313,507,1
5998.566,296,504,4
5998.665,297,502,2
5998.765,305,504,1
5998.866,302,503,2
5998.966,294,503,3
5999.068,297,502,2
5999.164,293,502,0
5999.264,284,502,1
5999.365,299,502,1
5999.466,303,500,4
5999.566,299,499,2
5999.667,299,502,0
5999.765,297,503,0
5999.866,293,502,2
5999.966,293,499,6
6000.065,301,501,0
6000.165,290,496,6
6000.265,295,501,0
6000.366,300,496,6
6000.466,298,498,0
6000.566,287,500,0
6000.666,291,500,1
6000.764,294,503,0
6000.865,284,502,2
6000.965,297,502,2
6001.066,294,502,1
6001.166,294,505,0
6001.265,297,508,0
6001.365,294,506,3
6001.465,299,506,2
6001.566,283,505,2
6001.665,295,506,1
6001.765,284,506,1
6001.865,287,505,1
6001.966,301,507,1
6002.067,284,508,1
6002.167,290,511,1
6002.266,300,510,2
6002.365,299,510,0
6002.466,300,509,1
6002.566,284,507,2
6002.666,298,508,2
6002.765,291,507,4
6002.865,283,505,2
6002.966,301,506,3
6003.065,293,503,5
6003.165,286,503,1
6003.267,293,502,2
6003.366,300,505,0
6003.464,289,505,1
6003.566,286,505,1
6003.666,297,503,2
6003.765,306,504,3
6003.866,302,505,0
6003.965,294,511,0
6004.066,297,510,2
6004.165,285,510,1
6004.265,294,508,4
6004.365,299,507,3
6004.465,285,507,3
6004.565,296,510,0
6004.666,298,510,2
6004.765,301,513,0
6004.865,303,509,4
6004.965,294,510,0
6005.066,294,506,4
6005.165,300,509,0
6005.265,294,508,3
6005.366,298,505,4
6005.466,285,506,0
6005.565,296,504,2
6005.666,283,503,1
6005.766,299,498,6
6005.865,297,498,0
6005.966,290,496,2
6006.065,303,495,3
6006.166,305,500,1
6006.265,296,503,0
6006.365,293,506,0
6006.465,300,506,4
6006.565,298,508,0
6006.664,296,509,1
6006.766,292,506,3
6006.865,307,508,0
6006.966,306,502,6
6007.065,300,502,0
6007.165,298,502,2
6007.265,295,501,1
6007.365,297,502,1
6007.464,290,503,1
6007.566,290,501,3
6007.666,302,503,0
6007.765,303,503,1
6007.867,300,499,8
6007.966,288,498,1
6008.066,291,500,0
6008.165,289,496,5
6008.265,296,499,0
6008.365,300,498,2
6008.467,302,498,3
6008.565,296,498,0
6008.665,288,500,0
6008.765,307,500,0
6008.865,292,500,0
6008.965,292,502,0
6009.067,293,501,2
6009.166,294,505,0
6009.265,295,504,1
6009.366,303,498,7
6009.464,298,500,0
6009.566,290,497,4
6009.666,293,496,1
6009.766,296,498,0
6009.865,298,499,1
6009.965,301,503,0
6010.067,296,503,2
6010.165,297,505,0
6010.265,297,505,1
6010.366,288,505,0
6010.466,291,504,3
6010.566,287,505,0
6010.666,294,504,1
6010.765,307,502,3
6010.865,293,498,5
6010.965,305,497,3
6011.065,293,498,1
6011.165,291,497,1
6011.266,301,497,2
6011.366,288,498,1
6011.467,299,500,0
6011.564,292,500,1
6011.665,293,499,1
6011.765,300,498,1
6011.865,289,499,0
6011.966,307,499,2
6012.066,300,501,0
6012.166,295,500,1
6012.265,301,499,2
6012.365,295,499,1
6012.466,300,494,6
6012.566,307,496,0
6012.664,302,497,1
6012.765,298,495,2
6012.866,285,493,4
6012.965,300,495,0
6013.064,301,494,2
6013.163,311,495,1
6013.266,302,495,3
6013.367,291,494,2
6013.465,304,496,0
6013.566,291,497,1
6013.666,294,498,0
6013.766,300,497,3
6013.865,296,498,0
6013.966,297,498,1
6014.065,299,499,0
6014.167,288,497,3
6014.266,302,499,0
6014.366,286,496,4
6014.464,291,497,1
6014.565,293,494,3
6014.665,299,494,0
6014.766,286,492,4
6014.866,289,493,2
6014.966,293,493,0
6015.065,294,492,3
6015.166,294,492,2
6015.266,291,497,0
6015.366,304,498,1
6015.465,287,498,0
6015.565,305,498,2
6015.666,298,498,2
6015.766,297,499,0
6015.866,286,499,0
6015.965,293,502,0
6016.065,288,499,3
6016.166,293,497,2
6016.267,295,497,2
6016.365,289,497,0
6016.466,282,495,4
6016.565,297,496,0
6016.665,289,495,2
6016.765,286,494,3
6016.866,299,495,3
6016.964,299,497,0
6017.066,289,496,3
6017.164,289,496,0
6017.266,294,497,1
6017.364,296,499,1
6017.467,306,497,4
6017.566,297,496,1
6017.664,294,497,0
6017.764,304,498,0
6017.865,293,498,1
6017.965,301,499,0
6018.065,299,499,1
6018.165,292,499,1
6018.266,299,499,0
6018.366,294,499,1
6018.465,299,493,7
6018.566,292,488,5
6018.665,298,493,0
6018.764,297,492,1
6018.865,302,497,2
6018.965,298,500,0
6019.065,291,498,3
6019.165,289,499,1
6019.265,286,501,1
6019.367,297,500,3
6019.465,291,502,0
6019.566,292,497,6
6019.666,301,496,3
6019.766,290,497,2
6019.866,299,498,0
6019.965,292,496,5
6020.065,297,496,0
6020.165,295,495,2
6020.266,290,495,0
6020.365,305,492,3
6020.466,300,494,0
6020.566,302,493,2
6020.666,296,494,1
6020.765,304,493,1
6020.864,299,494,0
6020.965,293,494,1
6021.065,300,493,1
6021.165,293,494,0
6021.263,302,494,1
6021.366,294,494,0
6021.464,293,496,0
6021.565,292,495,2
6021.665,301,495,1
6021.766,307,494,3
6021.865,288,494,0
6021.965,299,489,7
6022.065,303,490,0
6022.164,297,491,1
6022.264,291,491,0
6022.364,288,491,2
6022.465,297,490,2
6022.565,294,490,2
6022.666,300,489,1
6022.765,294,491,1
6022.865,298,495,1
6022.966,299,493,4
6023.065,296,496,0
6023.165,296,497,1
6023.266,295,497,1
6023.365,294,498,1
6023.465,301,499,2
6023.566,292,499,1
6023.665,299,499,0
6023.765,298,499,3
6023.866,303,500,2
6023.964,293,500,0
6024.066,298,502,3
6024.164,300,503,0
6024.266,299,501,2
6024.365,293,502,0
6024.466,300,503,0
6024.565,304,505,0
6024.666,285,505,1
6024.765,297,506,0
6024.867,304,505,1
6024.965,292,505,0
6025.066,298,503,2
6025.166,296,504,1
6025.266,284,504,2
6025.365,311,504,1
6025.466,306,506,0
6025.566,292,506,1
6025.665,304,507,0
6025.765,295,506,1
6025.866,293,501,7
6025.966,298,505,0
6026.066,288,501,5
6026.165,301,502,0
6026.265,292,501,3
6026.366,289,501,3
6026.466,291,503,2
6026.565,296,503,0
6026.666,287,505,2
6026.764,290,507,0
6026.865,290,507,3
6026.966,303,500,8
6027.066,298,502,0
6027.166,299,502,2
6027.266,311,504,0
6027.364,297,504,1
6027.465,302,503,2
6027.566,295,498,5
6027.665,300,499,0
6027.765,306,500,1
6027.866,291,503,1
6027.965,289,504,1
6028.066,293,506,0
6028.165,300,506,1
6028.265,300,504,2
6028.366,300,502,4
6028.467,288,501,4
6028.565,295,504,0
6028.666,294,504,2
6028.765,293,505,0
6028.865,296,507,0
6028.966,301,505,2
6029.064,301,504,3
6029.164,293,506,1
6029.264,295,507,0
6029.366,287,505,2
6029.466,289,502,3
6029.565,292,502,2
6029.667,305,502,3
6029.765,305,501,2
6029.866,307,504,0
6029.964,292,504,0
6030.065,296,504,0
6030.164,302,503,1
6030.266,298,505,0
6030.365,297,500,6
6030.465,297,502,0
6030.566,286,502,1
6030.666,301,501,1
6030.765,304,502,0
6030.866,292,502,1
6030.965,293,501,3
6031.066,295,499,2
6031.165,296,498,3
6031.266,288,498,0
6031.365,299,499,0
6031.464,304,501,1
6031.566,297,501,2
6031.666,296,502,0
6031.765,300,499,3
6031.866,302,498,1
6031.966,306,500,0
6032.064,297,504,0
6032.165,294,502,5
6032.265,302,502,2
6032.365,298,503,0
6032.465,300,503,1
6032.567,295,505,0
6032.667,304,506,0
6032.766,304,503,4
6032.866,303,506,0
6032.965,302,504,3
6033.067,295,506,0
6033.166,291,508,0
6033.266,298,509,0
6033.365,295,504,6
6033.465,310,506,0
6033.565,296,505,2
6033.666,286,507,1
6033.765,284,506,1
6033.865,295,507,1
6033.964,296,507,2
6034.065,293,506,1
6034.166,280,505,2
6034.265,295,506,0
6034.365,294,507,0
6034.465,287,504,4
6034.565,298,505,0
6034.666,293,503,3
6034.766,301,506,0
6034.865,294,508,0
6034.965,293,508,0
6035.065,299,502,6
6035.166,287,502,1
6035.266,290,499,3
6035.366,289,499,1
6035.464,303,500,0
6035.565,292,497,4
6035.664,288,498,0
6035.765,299,496,3
6035.866,290,496,1
6035.965,286,492,4
6036.065,290,492,1
6036.166,302,492,1
6036.264,280,489,4
6036.366,291,487,4
6036.466,302,487,2
6036.565,302,489,0
6036.664,295,489,0
6036.765,281,487,2
6036.866,300,484,4
6036.965,293,485,1
6037.065,298,490,0
6037.165,284,490,3
6037.266,296,490,0
6037.366,292,488,2
6037.465,297,492,0
6037.566,300,492,1
6037.665,290,494,0
6037.763,301,492,3
6037.865,294,493,1
6037.965,290,492,2
6038.064,295,493,1
6038.165,297,492,1
6038.266,300,493,1
6038.366,298,501,0
6038.465,289,501,2
6038.566,295,500,3
6038.664,294,503,0
6038.765,296,503,1
6038.866,301,502,4
6038.965,291,504,0
6039.064,307,502,2
6039.165,297,502,1
6039.265,302,505,0
6039.365,286,505,0
6039.464,308,505,1
6039.566,297,504,3
6039.665,296,506,0
6039.766,306,508,0
6039.866,299,510,0
6039.966,297,510,3
6040.066,293,510,1
6040.165,287,510,0
6040.265,292,511,2
6040.366,297,510,1
6040.465,290,511,0
6040.565,294,509,2
6040.666,296,508,2
6040.765,292,504,5
6040.866,298,502,2
6040.965,298,504,0
6041.065,294,505,1
6041.165,294,506,0
6041.266,295,508,0
6041.365,299,506,2
6041.466,292,501,7
6041.565,300,502,0
6041.665,295,498,6
6041.766,295,498,1
6041.864,296,499,0
6041.965,297,500,2
6042.064,298,501,1
6042.164,292,502,0
6042.265,289,501,1
6042.365,300,501,2
6042.465,292,498,3
6042.565,300,502,0
6042.665,291,504,1
6042.765,292,502,4
6042.865,301,499,4
6042.965,293,499,1
6043.066,298,499,2
6043.166,288,498,2
6043.264,295,500,0
6043.364,296,499,2
6043.465,293,500,1
6043.565,293,502,0
6043.665,293,499,3
6043.766,293,498,2
6043.864,293,498,0
6043.964,291,500,0
6044.065,289,498,3
6044.164,293,497,2
6044.265,298,497,1
6044.365,300,498,1
6044.467,292,496,3
6044.565,291,497,0
6044.666,293,494,5
6044.765,290,494,0
6044.866,290,493,2
6044.965,294,496,0
6045.066,298,489,8
6045.164,294,490,0
6045.266,300,490,3
6045.366,295,492,2
6045.466,283,493,1
6045.565,304,494,0
6045.664,299,494,2
6045.766,291,487,7
6045.864,305,490,0
6045.966,304,488,3
6046.067,310,486,3
6046.165,299,487,0
6046.265,291,486,2
6046.366,285,487,1
6046.466,290,485,4
6046.565,292,487,0
6046.665,304,488,0
6046.765,296,489,1
6046.866,298,487,3
6046.966,291,487,0
6047.065,297,489,0
6047.166,294,490,1
6047.266,290,491,1
6047.365,299,491,0
6047.466,299,490,1
6047.565,293,492,0
6047.665,287,494,0
6047.766,293,495,1
6047.864,294,496,0
6047.965,294,495,1
6048.065,297,494,2
6048.164,289,495,0
6048.264,290,495,0
6048.365,295,495,1
6048.466,297,496,1
6048.564,301,495,1
6048.666,292,493,3
6048.765,302,497,0
6048.866,303,495,3
6048.965,296,496,0
6049.065,292,494,2
6049.164,295,499,1
6049.265,296,499,1
6049.366,296,499,0
6049.466,289,500,1
6049.566,291,499,3
6049.665,300,499,0
6049.766,299,498,2
6049.866,292,499,0
6049.965,296,499,1
6050.066,285,498,1
6050.165,292,499,0
6050.266,299,501,0
6050.366,294,496,5
6050.467,293,496,1
6050.566,296,495,2
6050.664,290,495,0
6050.765,299,494,2
6050.865,297,492,3
6050.966,294,493,1
6051.065,295,493,0
6051.165,296,493,1
6051.265,289,494,1
6051.365,285,496,0
6051.464,291,494,2
6051.565,302,492,4
6051.665,305,493,0
6051.765,293,493,2
6051.866,297,490,4
6051.965,301,490,3
6052.066,295,491,3
6052.165,298,485,6
6052.266,301,488,0
6052.365,299,490,0
6052.465,294,489,2
6052.566,292,490,2
6052.666,289,493,1
6052.765,286,493,0
6052.865,300,494,1
6052.965,285,494,2
6053.066,303,493,3
6053.166,300,495,1
6053.265,300,497,0
6053.366,301,497,1
6053.465,293,498,0
6053.565,295,499,1
6053.666,299,496,4
6053.765,297,499,0
6053.865,299,497,2
6053.966,293,498,1
6054.066,298,496,3
6054.165,294,498,0
6054.266,288,500,0
6054.366,304,500,2
6054.465,298,502,0
6054.565,292,503,0
6054.667,286,501,3
6054.766,285,501,1
6054.866,301,503,0
6054.965,302,501,3
6055.065,289,501,1
6055.166,298,504,1
6055.266,301,505,0
6055.365,301,502,4
6055.466,299,502,2
6055.565,292,502,0
6055.666,302,502,0
6055.766,298,499,3
6055.866,298,499,1
6055.966,296,500,3
6056.066,305,502,0
6056.165,289,502,0
6056.264,295,504,0
6056.366,295,507,1
6056.466,286,506,1
6056.566,287,508,1
6056.665,289,508,0
6056.766,295,502,8
6056.866,303,502,1
6056.966,290,504,0
6057.066,303,503,2
6057.165,291,500,4
6057.266,291,500,2
6057.365,289,500,1
6057.466,294,495,8
6057.566,292,496,1
6057.665,302,498,0
6057.765,287,499,1
6057.866,286,498,2
6057.965,297,499,1
6058.065,287,498,2
6058.165,292,499,1
6058.267,290,497,4
6058.365,296,499,0
6058.466,296,499,0
6058.566,301,496,5
6058.665,293,500,0
6058.766,296,501,0
6058.864,301,502,0
6058.964,297,504,1
6059.066,297,503,2
6059.166,287,500,3
6059.265,287,498,2
6059.365,290,498,0
6059.467,295,494,6
6059.566,304,496,0
6059.666,293,493,6
6059.765,296,495,0
6059.866,303,494,2
6059.965,296,494,2
6060.066,295,492,3
6060.166,300,493,2
6060.266,295,498,0
6060.366,296,495,4
6060.465,304,498,0
6060.566,293,496,3
6060.666,294,493,5
6060.765,293,495,0
6060.865,304,495,2
6060.966,293,498,2
6061.066,292,499,0
6061.164,289,501,0
6061.266,293,503,0
6061.365,292,503,1
6061.467,298,498,5
6061.565,303,499,0
6061.666,292,500,3
6061.765,299,503,0
6061.865,293,499,5
6061.965,300,498,1
6062.065,283,498,0
6062.165,301,498,1
6062.265,295,498,2
6062.365,297,499,0
6062.465,295,498,1
6062.566,286,496,2
6062.666,305,495,1
6062.765,303,498,1
6062.865,295,494,4
6062.965,296,492,4
6063.066,296,492,1
6063.164,289,495,1
6063.266,292,496,1
6063.365,296,498,0
6063.465,296,498,0
6063.566,291,497,1
6063.666,302,498,0
6063.765,291,496,2
6063.865,285,494,2
6063.965,291,494,1
6064.065,290,492,3
6064.165,299,491,3
6064.266,287,492,0
6064.365,298,492,1
6064.465,291,493,0
6064.565,291,492,1
6064.667,299,490,4
6064.766,295,488,3
6064.866,296,490,0
6064.965,300,493,0
6065.066,302,492,2
6065.165,297,496,0
6065.266,293,494,4
6065.365,303,496,0
6065.466,300,496,2
6065.565,302,498,0
6065.665,301,500,0
6065.766,294,497,3
6065.866,290,499,0
6065.965,308,504,0
6066.066,284,501,4
6066.166,298,497,6
6066.265,294,498,0
6066.364,295,497,3
6066.466,301,496,4
6066.565,292,496,0
6066.665,293,498,1
6066.764,295,496,2
6066.866,292,494,2
6066.964,292,496,0
6067.066,285,492,4
6067.165,300,493,0
6067.265,308,496,0
6067.366,303,495,3
6067.465,299,497,0
6067.566,299,496,1
6067.664,295,497,0
6067.766,285,498,0
6067.864,300,499,1
6067.965,294,499,2
6068.066,298,498,3
6068.165,313,498,2
6068.265,295,499,0
6068.365,295,498,2
6068.466,298,498,2
6068.566,296,492,7
6068.666,289,493,1
6068.764,294,494,0
6068.866,290,490,4
6068.966,294,489,3
6069.066,298,493,0
6069.165,296,492,3
6069.265,299,491,3
6069.365,288,491,1
6069.467,290,492,4
6069.564,295,496,0
6069.666,294,494,5
6069.765,296,494,1
6069.865,298,497,0
6069.966,295,498,1
6070.066,286,499,0
6070.166,289,501,0
6070.265,297,504,0
6070.366,303,506,2
6070.465,297,506,2
6070.566,299,507,3
6070.666,292,506,2
6070.765,294,507,0
6070.864,293,504,3
6070.967,300,501,3
6071.065,300,503,0
6071.166,289,501,3
6071.265,300,503,0
6071.365,299,503,2
6071.466,299,504,0
6071.564,299,505,0
6071.665,293,505,0
6071.765,297,504,3
6071.865,286,505,0
6071.965,295,505,1
6072.064,297,506,0
6072.166,300,502,8
6072.266,294,501,3
6072.365,283,502,0
6072.465,290,506,0
6072.566,291,497,9
6072.667,290,496,3
6072.767,298,496,1
6072.866,290,492,4
6072.967,291,492,2
6073.068,292,493,2
6073.167,295,493,2
6073.267,300,491,2
6073.367,303,490,3
6073.467,297,490,2
6073.568,296,487,4
6073.667,290,490,0
6073.767,291,490,0
6073.867,290,489,1
6073.968,293,493,0
6074.068,293,492,3
6074.167,296,493,1
6074.267,290,492,3
6074.367,302,490,5
6074.468,301,492,0
6074.567,290,492,1
6074.666,290,493,0
6074.767,296,491,2
6074.867,298,493,1
6074.968,289,491,2
6075.067,294,492,1
6075.167,306,494,5
6075.267,301,495,3
6075.367,295,495,1
6075.468,302,495,2
6075.568,286,496,0
6075.667,294,501,0
6075.766,295,502,2
6075.867,300,499,3
6075.966,294,500,0
6076.067,295,500,3
6076.167,295,501,1
6076.267,287,501,1
6076.367,294,502,1
6076.466,300,500,2
6076.568,290,498,4
6076.668,296,494,5
6076.767,304,496,0
6076.868,293,497,1
6076.967,293,497,0
6077.068,286,497,2
6077.167,302,497,1
6077.267,295,496,3
6077.368,307,496,3
6077.466,298,498,0
6077.567,288,500,0
6077.666,287,500,2
6077.768,289,500,1
6077.868,299,498,2
6077.968,290,501,0
6078.068,295,498,3
6078.168,286,494,5
6078.27,293,493,2
6078.367,299,494,0
6078.468,302,495,2
6078.568,293,496,0
6078.667,293,499,1
6078.768,292,492,8
6078.866,303,495,0
6078.967,298,494,2
6079.067,295,494,0
6079.167,300,497,1
6079.267,292,497,1
6079.367,303,499,1
6079.467,298,497,2
6079.567,291,498,0
6079.669,292,497,3
6079.767,299,500,0
6079.867,307,500,2
6079.968,300,501,1
6080.066,295,502,0
6080.167,293,502,3
6080.268,300,503,1
6080.368,297,505,0
6080.467,288,504,4
6080.567,289,506,0
6080.669,295,505,1
6080.767,304,508,0
6080.867,294,508,3
6080.967,296,507,2
6081.067,281,506,2
6081.168,296,508,1
6081.267,304,508,2
6081.368,301,507,3
6081.467,299,507,0
6081.567,298,505,3
6081.667,300,506,0
6081.768,305,501,5
6081.867,285,498,5
6081.967,297,501,0
6082.067,293,500,1
6082.168,294,497,5
6082.269,293,498,0
6082.37,300,495,4
6082.469,293,497,0
6082.57,296,498,2
6082.67,296,496,2
6082.77,300,496,1
6082.87,290,497,2
6082.97,303,498,2
6083.069,299,498,2
6083.169,299,499,2
6083.269,295,498,3
6083.369,295,498,1
6083.468,293,497,1
6083.57,298,500,0
6083.669,296,504,0
6083.77,296,500,6
6083.869,294,501,1
6083.97,300,501,0
6084.068,296,499,2
6084.168,296,499,0
6084.268,290,498,2
6084.368,297,502,0
6084.47,283,500,3
6084.568,291,503,0
6084.669,308,504,1
6084.769,296,503,3
6084.87,294,503,1
6084.97,302,503,1
6085.068,291,503,2
6085.169,302,502,2
6085.269,296,503,0
6085.37,300,502,1
6085.469,297,502,3
6085.57,287,501,2
6085.67,303,499,4
6085.769,296,503,0
6085.871,304,502,2
6085.968,291,504,0
6086.069,291,503,3
6086.169,291,502,2
6086.27,295,495,7
6086.37,289,494,2
6086.47,292,496,1
6086.568,300,500,0
6086.671,288,496,5
6086.769,289,497,0
6086.87,296,490,7
6086.97,297,492,0
6087.07,295,491,2
6087.169,291,490,1
6087.271,295,494,1
6087.37,289,494,1
6087.469,285,496,0
6087.569,300,496,4
6087.669,294,497,0
6087.768,289,497,1
6087.869,286,494,3
6087.97,288,494,1
6088.07,301,494,3
6088.17,297,495,2
6088.27,295,492,3
6088.369,291,494,0
6088.469,302,497,0
6088.57,289,494,3
6088.669,286,495,0
6088.769,298,495,0
6088.869,285,496,2
6088.969,303,495,2
6089.069,307,497,0
6089.17,300,494,4
6089.271,291,495,0
6089.369,306,498,0
6089.47,289,496,3
6089.569,309,494,3
6089.668,291,496,0
6089.768,298,496,1
6089.869,300,499,0
6089.969,298,498,2
6090.069,289,496,2
6090.169,290,497,1
6090.27,295,500,0
6090.369,302,499,2
6090.469,292,497,2
6090.57,294,495,4
6090.67,292,497,1
6090.77,286,498,1
6090.871,295,500,0
6090.969,306,504,0
6091.07,293,504,0
6091.169,297,503,3
6091.268,299,500,3
6091.369,300,501,0
6091.47,296,498,5
6091.57,290,500,0
6091.67,300,500,2
6091.768,301,503,0
6091.871,303,503,3
6091.971,292,506,0
6092.07,293,504,2
6092.168,292,504,0
6092.268,302,504,0
6092.367,296,505,0
6092.469,295,506,2
6092.568,306,507,1
6092.67,290,504,3
6092.769,297,506,1
6092.87,301,503,5
6092.969,303,506,0
6093.069,297,508,1
6093.168,296,510,0
6093.27,298,508,2
6093.369,285,509,2
6093.471,293,508,3
6093.568,289,509,0
6093.67,302,511,0
6093.769,302,509,3
6093.871,305,510,0
6093.97,297,506,5
6094.069,297,508,0
6094.168,305,507,2
6094.27,300,506,3
6094.369,301,508,0
6094.47,295,506,2
6094.569,293,505,1
6094.669,294,505,2
6094.77,290,501,5
6094.87,297,502,0
6094.97,295,499,3
6095.069,296,497,4
6095.169,293,499,0
6095.268,300,503,0
6095.369,292,500,4
6095.471,293,501,1
6095.569,299,500,4
6095.668,291,501,0
6095.768,299,503,0
6095.87,302,503,3
6095.97,301,501,4
6096.07,295,504,1
6096.169,297,503,3
6096.269,289,504,0
6096.369,298,504,1
6096.47,302,500,4
6096.57,291,498,3
6096.671,296,499,2
6096.77,287,501,1
6096.87,294,503,0
6096.97,296,500,3
6097.069,283,501,1
6097.168,293,501,1
6097.27,295,502,2
6097.371,294,499,4
6097.47,292,503,0
6097.569,291,503,0
6097.669,294,502,2
6097.769,298,501,1
6097.87,296,501,1
6097.97,293,499,2
6098.07,304,499,3
6098.169,287,501,0
6098.269,299,500,6
6098.37,306,504,1
6098.47,298,505,0
6098.571,300,503,4
6098.67,295,506,0
6098.77,292,506,1
6098.869,299,506,0
6098.97,293,504,3
6099.07,304,507,0
6099.169,302,506,1
6099.27,295,502,6
6099.369,296,504,0
6099.469,304,502,3
6099.567,293,508,0
6099.67,300,510,0
6099.77,296,509,3
6099.87,304,509,1
6099.969,279,508,2
6100.07,297,506,2
6100.17,295,506,1
6100.27,303,507,0
6100.37,300,508,0
6100.469,298,508,1
6100.569,291,506,3
6100.67,292,508,0
6100.769,304,508,0
6100.869,298,509,1
6100.97,299,506,3
6101.069,300,507,0
6101.169,301,508,0
6101.268,295,510,1
6101.369,289,503,7
6101.469,290,499,5
6101.568,288,498,1
6101.67,301,498,1
6101.769,295,494,4
6101.87,300,492,5
6101.97,306,495,0
6102.07,285,494,1
6102.169,295,493,2
6102.269,302,495,1
6102.369,285,494,1
6102.47,293,494,2
6102.57,297,494,3
6102.669,290,497,0
6102.769,293,494,5
6102.87,304,498,1
6102.97,294,496,2
6103.07,299,500,0
6103.169,285,503,0
6103.269,304,501,3
6103.37,306,503,1
6103.469,293,504,0
6103.569,299,505,0
6103.671,294,503,4
6103.77,299,503,0
6103.87,305,504,1
6103.971,307,503,1
6104.069,293,504,0
6104.169,286,502,3
6104.269,296,498,5
6104.37,296,495,4
6104.47,296,498,1
6104.569,296,500,0
6104.669,299,501,0
6104.769,299,501,2
6104.869,283,502,0
6104.97,296,502,3
6105.07,289,499,3
6105.17,295,499,0
6105.269,294,500,0
6105.369,290,499,3
6105.47,291,499,0
6105.569,298,498,4
6105.669,305,497,4
6105.77,297,494,5
6105.868,304,496,0
6105.969,289,492,4
6106.069,294,493,1
6106.169,300,491,2
6106.27,294,488,3
6106.37,295,490,0
6106.472,295,488,2
6106.569,297,491,0
6106.669,288,491,1
6106.77,292,492,1
6106.871,294,488,6
6106.969,301,490,0
6107.07,292,488,6
6107.17,297,489,0
6107.271,300,491,1
6107.369,299,493,0
6107.469,285,496,1
6107.568,296,496,2
6107.669,300,495,2
6107.77,292,496,1
6107.87,291,498,1
6107.969,294,498,0
6108.07,302,499,1
6108.17,295,499,1
6108.268,298,500,0
6108.369,300,506,0
6108.469,299,505,3
6108.569,300,507,0
6108.671,298,502,6
6108.769,285,505,0
6108.867,297,504,2
6108.97,303,506,2
6109.07,299,502,4
6109.169,298,504,0
6109.27,298,502,2
6109.369,305,503,1
6109.469,294,503,1
6109.569,296,505,1
6109.67,298,501,5
6109.77,304,502,0
6109.869,293,503,1
6109.97,295,501,3
6110.07,294,504,0
6110.17,296,501,3
6110.27,305,499,2
6110.369,295,499,1
6110.47,294,496,3
6110.57,295,497,2
6110.67,292,496,1
6110.77,303,500,0
6110.87,295,502,0
6110.969,289,505,1
6111.071,303,507,0
6111.169,294,508,0
6111.269,287,507,1
6111.37,288,503,4
6111.469,287,504,0
6111.57,290,502,3
6111.669,295,504,0
6111.769,296,503,2
6111.868,310,502,3
6111.967,299,504,0
6112.07,292,501,3
6112.171,295,499,2
6112.268,290,503,0
6112.37,292,500,4
6112.47,295,499,2
6112.568,294,501,0
6112.669,310,500,2
6112.769,300,495,5
6112.869,296,495,2
6112.97,295,493,4
6113.069,297,496,1
6113.17,289,499,2
6113.269,296,501,2
6113.37,295,501,1
6113.47,303,503,0
6113.57,297,503,1
6113.67,302,503,1
6113.769,290,504,0
6113.868,296,505,1
6113.969,291,505,1
6114.07,288,505,2
6114.17,296,505,3
6114.27,293,504,1
6114.369,300,504,0
6114.469,296,505,0
6114.57,294,504,2
6114.67,282,501,3
6114.769,299,503,0
6114.869,301,499,6
6114.969,303,499,1
6115.069,295,500,0
6115.169,290,502,0
6115.27,294,501,2
6115.369,294,502,0
6115.47,285,503,1
6115.569,298,500,3
6115.669,290,501,0
6115.77,301,500,2
6115.87,298,499,3
6115.97,293,501,0
6116.069,297,501,3
6116.169,297,501,2
6116.27,292,495,7
6116.368,291,498,0
6116.469,293,498,1
6116.569,286,495,3
6116.669,292,497,1
6116.77,282,496,2
6116.869,293,493,4
6116.97,299,493,2
6117.07,295,494,0
6117.169,295,495,2
6117.269,298,496,2
6117.37,298,495,1
6117.47,294,494,1
6117.569,299,497,0
6117.67,297,497,1
6117.77,297,494,3
6117.87,289,492,2
6117.969,299,494,0
6118.07,299,491,4
6118.169,305,492,0
6118.27,296,491,3
6118.37,288,491,0
6118.471,291,495,1
6118.57,297,495,1
6118.67,304,495,1
6118.77,300,497,0
6118.87,295,497,1
6118.97,295,499,1
6119.07,298,496,3
6119.169,291,497,0
6119.271,300,495,3
6119.37,296,492,4
6119.469,288,494,0
6119.569,299,495,2
6119.669,309,494,2
6119.77,294,496,1
6119.869,305,496,1
6119.969,298,496,0
6120.069,304,498,2
6120.169,296,501,2
6120.269,295,498,4
6120.369,296,496,2
6120.469,297,497,2
6120.568,299,499,0
6120.67,290,501,1
6120.768,292,504,1
6120.869,293,505,1
6120.97,292,505,2
6121.07,297,506,0
6121.169,296,506,1
6121.269,294,505,3
6121.369,294,506,0
6121.47,303,506,0
6121.57,297,504,3
6121.67,302,506,0
6121.769,293,505,1
6121.87,292,504,2
6121.969,294,503,1
6122.068,293,502,2
6122.169,296,502,2
6122.269,290,502,0
6122.369,302,503,0
6122.469,297,504,1
6122.569,292,503,2
6122.671,298,499,5
6122.769,295,501,0
6122.87,299,499,5
6122.97,306,498,1
6123.07,291,500,1
6123.169,301,501,0
6123.269,294,501,3
6123.369,289,497,4
6123.47,294,499,1
6123.57,303,500,2
6123.67,293,501,0
6123.77,293,500,2
6123.87,295,499,2
6123.97,287,500,0
6124.069,290,499,2
6124.17,294,495,5
6124.27,298,494,1
6124.369,284,494,0
6124.47,296,492,3
6124.57,298,492,1
6124.669,287,490,2
6124.769,303,488,3
6124.87,301,489,0
6124.969,293,490,0
6125.07,299,494,1
6125.169,300,501,0
6125.269,289,501,2
6125.369,293,502,0
6125.468,295,502,2
6125.57,295,499,4
6125.67,297,501,0
6125.768,300,499,3
6125.87,297,499,1
6125.969,294,500,1
6126.069,300,502,0
6126.17,293,497,5
6126.27,293,491,6
6126.37,298,494,0
6126.469,304,495,0
6126.569,294,494,1
6126.669,290,494,2
6126.77,291,495,1
6126.869,292,493,3
6126.97,301,494,2
6127.07,299,493,3
6127.169,293,495,0
6127.27,290,495,0
6127.369,295,498,0
6127.469,302,500,0
6127.569,294,500,1
6127.67,287,499,3
6127.77,300,500,5
6127.869,295,502,0
6127.969,299,505,0
6128.069,292,505,2
6128.17,297,495,11
6128.27,297,496,1
6128.368,301,497,0
6128.47,303,494,3
6128.569,292,495,0
6128.67,299,495,1
6128.77,305,492,3
6128.87,305,492,0
6128.97,292,490,2
6129.069,296,493,0
6129.169,301,492,3
6129.27,297,494,0
6129.369,297,496,1
6129.47,295,493,6
6129.569,299,497,0
6129.669,298,496,1
6129.768,296,496,1
6129.87,292,495,2
6129.968,303,498,0
6130.069,292,496,2
6130.169,301,498,0
6130.27,293,501,0
6130.369,292,501,1
6130.47,286,498,3
6130.569,286,499,0
6130.669,291,499,1
6130.768,297,499,1
6130.869,299,498,4
6130.968,294,496,3
6131.068,291,497,1
6131.169,293,497,0
6131.269,289,496,1
6131.369,290,494,2
6131.469,290,495,0
6131.57,295,494,1
6131.67,298,496,0
6131.77,291,494,2
6131.869,287,495,1
6131.969,292,497,0
6132.07,285,497,1
6132.169,303,500,0
6132.27,291,494,6
6132.369,293,495,3
6132.47,291,493,2
6132.57,286,489,6
6132.669,290,489,0
6132.769,298,490,2
6132.87,302,491,0
6132.969,305,493,2
6133.07,299,495,1
6133.17,285,494,3
6133.269,294,499,0
6133.369,295,497,3
6133.47,289,497,1
6133.569,298,499,0
6133.669,292,499,1
6133.77,300,500,3
6133.869,303,502,0
6133.969,297,502,3
6134.071,300,499,4
6134.169,297,501,0
6134.27,292,503,0
6134.37,290,504,0
6134.47,291,504,0
6134.569,294,506,0
6134.67,300,508,1
6134.769,290,508,1
6134.869,296,509,0
6134.969,304,510,2
6135.07,290,506,4
6135.169,299,505,3
6135.268,295,503,4
6135.369,293,504,2
6135.469,296,502,4
6135.569,299,502,2
6135.67,289,503,2
6135.769,299,505,0
6135.87,301,509,1
6135.969,289,509,1
6136.069,291,508,3
6136.169,296,507,1
6136.27,292,507,1
6136.37,295,508,2
6136.469,288,510,0
6136.569,294,509,1
6136.671,302,508,2
6136.769,294,508,0
6136.87,300,503,7
6136.969,297,504,0
6137.07,294,504,2
6137.169,301,504,1
6137.269,299,503,2
6137.37,294,504,1
6137.47,301,505,0
6137.569,298,505,1
6137.668,311,506,1
6137.769,292,506,1
6137.869,297,505,1
6137.969,291,504,1
6138.07,304,505,3
6138.169,303,504,2
6138.271,291,502,2
6138.368,286,502,0
6138.47,300,501,2
6138.569,299,504,0
6138.67,290,503,2
6138.769,303,502,3
6138.869,285,497,5
6138.97,297,492,5
6139.068,305,494,0
6139.17,295,491,4
6139.269,294,493,0
6139.369,304,496,1
6139.469,296,495,1
6139.569,298,493,3
6139.67,296,493,1
6139.77,296,492,3
6139.869,300,497,0
6139.97,290,498,0
6140.069,290,500,0
6140.17,295,498,5
6140.269,296,501,0
6140.369,286,501,2
6140.47,303,501,2
6140.568,295,498,4
6140.67,292,501,1
6140.769,298,502,0
6140.869,294,503,0
6140.97,298,504,2
6141.07,296,504,0
6141.169,289,498,8
6141.269,293,499,1
6141.37,291,501,0
6141.47,289,501,0
6141.57,302,500,3
6141.67,296,501,0
6141.769,289,503,0
6141.868,302,502,2
6141.97,284,501,1
6142.069,299,501,3
6142.169,297,504,0
6142.27,305,503,4
6142.369,302,507,0
6142.47,298,503,4
6142.57,292,503,1
6142.67,293,504,0
6142.769,296,502,2
6142.87,295,497,7
6142.969,302,498,0
6143.069,288,500,0
6143.168,306,499,2
6143.269,290,499,2
6143.369,298,499,2
6143.469,302,501,1
6143.571,298,500,2
6143.669,306,501,0
6143.77,293,500,2
6143.868,292,501,0
6143.969,299,501,3
6144.069,295,502,0
6144.169,293,504,1
6144.269,292,503,3
6144.369,303,508,0
6144.468,305,509,1
6144.569,285,510,0
6144.67,293,511,2
6144.77,296,508,4
6144.869,292,504,6
6144.969,306,505,0
6145.07,298,503,4
6145.169,296,506,0
6145.269,291,502,5
6145.37,290,496,7
6145.468,294,499,0
6145.569,286,501,1
6145.67,298,501,1
6145.77,298,501,3
6145.87,289,501,0
6145.969,297,496,6
6146.07,290,495,2
6146.171,300,494,3
6146.27,297,493,2
6146.369,300,495,0
6146.469,297,494,2
6146.569,294,493,2
6146.671,292,494,1
6146.769,292,497,0
6146.869,300,494,4
6146.967,306,497,0
6147.069,307,494,3
6147.169,299,495,2
6147.269,296,496,1
6147.37,295,491,6
6147.47,297,491,1
6147.569,306,492,0
6147.669,282,495,1
6147.77,303,493,3
6147.87,299,492,2
6147.968,293,493,0
6148.07,296,494,1
6148.169,299,494,1
6148.269,298,494,2
6148.37,293,493,1
6148.47,294,493,3
6148.57,296,496,1
6148.669,305,498,0
6148.769,304,501,0
6148.869,292,501,1
6148.97,302,498,3
6149.07,295,498,0
6149.17,294,497,1
6149.27,298,498,1
6149.37,288,495,4
6149.47,298,496,0
6149.569,290,502,0
6149.67,297,502,1
6149.769,294,505,0
6149.869,296,503,4
6149.968,296,501,2
6150.071,293,504,0
6150.17,296,502,3
6150.27,300,504,0
6150.369,291,505,0
6150.468,297,505,0
6150.57,296,502,4
6150.67,297,500,4
6150.769,301,503,0
6150.869,293,503,1
6150.97,290,501,2
6151.068,308,504,0
6151.17,301,503,3
6151.27,286,503,1
6151.369,302,504,0
6151.47,294,508,0
6151.57,293,504,4
6151.67,297,505,2
6151.768,290,508,0
6151.869,296,505,5
6151.968,295,507,2
6152.07,292,507,1
6152.17,296,510,0
6152.271,298,510,2
6152.369,306,511,0
6152.469,300,512,1
6152.57,303,511,4
6152.668,298,514,0
6152.77,297,513,3
6152.87,295,513,2
6152.969,296,514,0
6153.069,299,515,0
6153.17,295,512,3
6153.27,289,515,1
6153.369,289,512,3
6153.469,291,510,2
6153.569,295,511,0
6153.671,299,508,3
6153.77,308,506,3
6153.87,303,506,2
6153.969,301,506,0
6154.071,299,503,3
6154.169,301,503,0
6154.269,306,501,4
6154.37,297,504,1
6154.47,291,504,0
6154.569,285,503,3
6154.669,302,502,1
6154.77,287,494,9
6154.87,297,491,3
6154.969,294,492,2
6155.069,285,494,0
6155.169,295,493,1
6155.269,295,490,3
6155.37,295,491,2
6155.469,295,492,0
6155.569,298,490,3
6155.669,299,489,3
6155.77,292,491,0
6155.868,290,491,1
6155.969,290,490,1
6156.069,297,490,2
6156.17,305,492,2
6156.27,299,495,2
6156.369,297,493,3
6156.47,294,492,2
6156.57,299,494,0
6156.67,289,497,0
6156.77,294,494,4
6156.87,308,495,0
6156.97,298,493,2
6157.07,308,495,0
6157.171,304,494,3
6157.27,285,492,3
6157.37,290,495,0
6157.469,298,497,1
6157.57,290,495,3
6157.669,300,497,0
6157.77,303,498,0
6157.87,296,498,1
6157.97,294,494,5
6158.07,297,493,1
6158.169,296,499,0
6158.267,298,497,2
6158.369,296,497,1
6158.471,296,496,3
6158.57,295,497,1
6158.669,297,499,0
6158.77,300,502,0
6158.869,295,498,6
6158.97,301,498,0
6159.07,300,499,1
6159.168,303,500,0
6159.269,299,498,3
6159.369,291,497,2
6159.469,295,497,1
6159.57,298,497,3
6159.67,303,498,2
6159.77,291,498,1
6159.87,288,499,1
6159.97,302,496,3
6160.071,296,496,2
6160.172,295,497,2
6160.272,295,495,2
6160.372,295,496,2
6160.471,292,497,1
6160.571,296,499,1
6160.672,285,500,1
6160.771,288,498,2
6160.871,302,495,3
6160.971,291,495,1
6161.071,289,499,0
6161.17,300,498,3
6161.27,296,499,0
6161.37,293,499,1
6161.471,305,500,0
6161.57,298,503,1
6161.671,291,504,1
6161.77,299,505,0
6161.87,304,506,1
6161.97,294,507,0
6162.071,287,506,2
6162.171,303,509,0
6162.271,301,507,3
6162.371,304,507,1
6162.47,295,510,1
6162.57,300,512,0
6162.671,292,505,8
6162.77,297,506,0
6162.871,289,504,2
6162.97,293,506,0
6163.071,292,507,0
6163.171,299,508,1
6163.27,295,507,1
6163.369,297,507,2
6163.471,298,508,2
6163.57,295,508,2
6163.671,297,508,2
6163.771,299,506,3
6163.871,299,508,0
6163.971,306,509,1
6164.07,305,505,4
6164.171,291,502,6
6164.272,292,503,0
6164.371,287,502,1
6164.472,298,507,1
6164.57,291,507,0
6164.67,293,507,2
6164.771,298,508,3
6164.87,295,510,0
6164.97,302,512,2
6165.07,297,513,1
6165.17,290,513,1
6165.27,300,510,4
6165.37,303,511,1
6165.471,300,503,9
6165.57,287,505,0
6165.67,292,505,1
6165.771,294,504,1
6165.87,294,506,0
6165.97,300,507,0
6166.07,309,509,1
6166.17,294,511,0
6166.27,301,511,2
6166.371,292,509,4
6166.471,292,509,0
6166.57,295,506,3
6166.671,301,506,3
6166.771,300,507,1
6166.87,293,504,4
6166.97,291,504,0
6167.071,301,501,4
6167.169,286,502,0
6167.271,299,501,2
6167.37,295,503,1
6167.472,292,505,0
6167.568,300,502,4
6167.671,299,500,2
6167.77,291,501,0
6167.871,294,498,4
6167.97,292,499,0
6168.071,303,498,3
6168.169,302,500,0
6168.27,301,498,3
6168.371,290,497,2
6168.471,292,500,0
6168.57,292,501,1
6168.671,288,500,4
6168.771,288,500,0
6168.87,295,501,0
6168.971,289,497,4
6169.072,300,494,4
6169.171,291,499,0
6169.27,301,500,0
6169.37,296,500,2
6169.47,302,501,0
6169.572,300,502,2
6169.671,305,503,0
6169.77,296,503,1
6169.87,299,502,1
6169.97,288,504,0
6170.071,301,503,1
6170.17,296,505,0
6170.271,300,509,0
6170.369,306,509,0
6170.47,298,509,2
6170.57,293,504,6
6170.67,291,505,0
6170.77,294,507,1
6170.87,299,506,2
6170.972,296,504,4
6171.071,298,504,0
6171.17,295,499,5
6171.271,294,498,2
6171.37,286,498,0
6171.47,292,501,2
6171.57,291,499,3
6171.671,298,496,3
6171.77,297,496,1
6171.87,291,498,1
6171.97,299,500,0
6172.071,290,502,0
6172.171,298,500,2
6172.272,288,498,3
6172.37,295,501,0
6172.469,296,503,1
6172.571,292,503,1
6172.67,295,502,2
6172.77,298,502,0
6172.87,283,503,1
6172.969,286,503,0
6173.071,290,502,2
6173.172,293,506,1
6173.27,285,508,0
6173.371,304,505,6
6173.472,306,505,1
6173.571,295,504,2
6173.671,303,502,3
6173.771,305,500,2
6173.87,308,500,0
6173.97,286,498,2
6174.072,304,499,2
6174.171,298,503,1
6174.27,292,504,0
6174.371,290,504,0
6174.47,303,507,0
6174.57,299,508,1
6174.67,291,506,2
6174.769,294,506,2
6174.871,296,501,5
6174.97,296,505,0
6175.07,286,503,4
6175.17,297,505,0
6175.27,301,506,0
6175.371,292,502,4
6175.471,297,501,2
6175.57,291,502,0
6175.671,290,500,4
6175.77,286,501,0
6175.87,297,504,0
6175.971,299,503,3
6176.07,289,504,0
6176.17,298,503,1
6176.27,283,499,4
6176.37,295,502,1
6176.47,282,497,6
6176.572,293,496,3
6176.669,294,496,0
6176.771,295,495,1
6176.87,290,495,1
6176.97,297,495,2
6177.071,305,498,0
6177.17,286,495,3
6177.27,297,494,4
6177.37,297,499,1
6177.471,298,496,3
6177.57,297,496,0
6177.672,296,493,4
6177.77,299,494,1
6177.869,282,496,0
6177.971,294,497,2
6178.071,294,498,1
6178.17,292,498,0
6178.271,299,499,2
6178.371,292,500,0
6178.471,290,499,1
6178.571,288,498,2
6178.671,304,499,0
6178.771,303,494,5
6178.872,303,493,3
6178.97,294,495,0
6179.071,298,491,4
6179.171,296,489,2
6179.268,309,492,0
6179.37,294,493,0
6179.471,291,491,4
6179.57,301,493,0
6179.671,291,494,1
6179.77,307,497,0
6179.871,291,498,2
6179.97,299,500,0
6180.069,300,499,2
6180.17,297,499,1
6180.27,298,499,1
6180.369,298,496,3
6180.472,297,496,3
6180.571,288,495,1
6180.67,295,496,0
6180.771,291,494,3
6180.871,293,494,2
6180.97,299,495,0
6181.07,306,495,2
6181.17,303,494,1
6181.271,292,498,0
6181.37,295,499,1
6181.47,297,499,2
6181.571,295,500,0
6181.67,296,500,1
6181.77,296,501,0
6181.871,287,500,2
6181.97,293,498,2
6182.07,294,497,2
6182.171,297,498,1
6182.27,292,500,2
6182.37,294,500,0
6182.469,300,498,3
6182.57,277,498,2
6182.671,290,495,5
6182.771,307,494,3
6182.869,304,495,0
6182.968,296,494,2
6183.071,302,493,3
6183.171,297,490,4
6183.27,295,492,0
6183.37,300,494,2
6183.471,292,496,0
6183.57,293,493,4
6183.67,294,496,0
6183.77,294,496,2
6183.87,285,496,3
6183.97,300,497,1
6184.071,298,495,3
6184.17,303,497,0
6184.271,294,493,4
6184.371,290,491,4
6184.47,294,493,0
6184.57,294,494,2
6184.671,297,492,4
6184.77,291,493,0
6184.869,294,493,1
6184.97,292,492,1
6185.07,301,495,0
6185.17,298,496,1
6185.27,296,496,1
6185.371,307,493,3
6185.471,296,496,0
6185.569,298,497,0
6185.671,293,497,1
6185.77,298,495,4
6185.87,298,491,4
6185.97,299,494,1
6186.071,292,497,0
6186.17,297,498,1
6186.271,287,495,4
6186.37,296,498,0
6186.471,305,498,2
6186.57,304,501,2
6186.671,289,500,3
6186.771,295,499,1
6186.872,294,497,2
6186.971,289,498,1
6187.07,288,499,0
6187.171,287,498,2
6187.27,291,498,0
6187.371,302,499,0
6187.471,305,497,4
6187.57,298,497,0
6187.671,294,497,1
6187.769,300,498,1
6187.87,294,498,1
6187.971,291,499,1
6188.071,297,497,5
6188.17,304,502,0
6188.27,299,505,1
6188.37,295,507,1
6188.47,302,509,1
6188.57,299,507,4
6188.67,298,509,0
6188.771,285,506,3
6188.871,295,505,1
6188.97,298,507,0
6189.07,300,510,2
6189.169,298,510,2
6189.27,294,509,1
6189.372,303,506,4
6189.469,300,506,0
6189.57,297,506,0
6189.67,296,503,5
6189.77,293,501,2
6189.87,297,503,0
6189.97,298,505,0
6190.07,298,504,1
6190.17,299,504,1
6190.27,292,505,0
6190.369,286,505,0
6190.469,292,502,3
6190.57,292,500,2
6190.67,291,501,0
6190.77,303,497,5
6190.871,290,497,1
6190.97,302,498,0
6191.072,293,496,3
6191.169,294,498,0
6191.271,293,493,5
6191.37,296,494,0
6191.47,293,492,2
6191.571,297,488,5
6191.672,295,485,3
6191.771,302,486,0
6191.871,290,486,0
6191.971,293,489,0
6192.071,303,488,4
6192.17,302,485,3
6192.27,295,486,0
6192.371,294,485,2
6192.47,286,483,4
6192.57,292,483,0
6192.671,298,483,4
6192.769,292,485,0
6192.872,307,484,4
6192.97,291,486,0
6193.071,305,485,3
6193.171,303,486,0
6193.271,294,485,2
6193.371,290,487,0
6193.471,296,488,0
6193.573,288,487,1
6193.67,295,488,0
6193.77,302,490,0
6193.872,295,488,2
6193.971,301,489,0
6194.072,287,490,0
6194.172,292,487,5
6194.273,300,489,0
6194.371,293,489,1
6194.471,295,490,0
6194.571,298,493,0
6194.672,303,492,2
6194.771,297,491,1
6194.871,294,493,2
6194.971,299,494,0
6195.071,297,497,1
6195.171,290,499,1
6195.272,292,498,1
6195.372,300,497,1
6195.471,295,498,1
6195.57,286,501,0
6195.671,295,502,1
6195.772,293,496,7
6195.871,299,497,0
6195.971,297,498,4
6196.072,292,496,4
6196.171,298,497,0
6196.271,294,500,0
6196.37,298,500,0
6196.473,291,501,1
6196.572,293,501,0
6196.669,297,501,0
6196.771,297,498,3
6196.871,302,500,0
6196.972,291,503,1
6197.07,298,505,0
6197.171,291,506,0
6197.271,295,504,3
6197.373,307,504,2
6197.472,296,503,3
6197.57,297,503,0
6197.671,298,502,2
6197.771,294,504,2
6197.872,293,503,3
6197.971,298,506,0
6198.071,307,504,2
6198.171,306,504,1
6198.272,305,504,2
6198.371,304,504,1
6198.471,307,503,3
6198.571,290,502,3
6198.671,298,502,0
6198.771,280,502,1
6198.87,302,503,0
6198.971,297,503,1
6199.072,290,501,4
6199.17,299,500,2
6199.271,293,499,2
6199.373,306,498,1
6199.473,290,498,0
6199.571,301,500,1
6199.672,288,501,1
6199.771,303,502,0
6199.872,293,498,4
6199.971,288,499,0
6200.072,289,497,3
6200.171,308,498,0
6200.272,290,497,1
6200.371,296,500,0
6200.472,290,497,3
6200.57,295,499,3
6200.671,284,499,3
6200.771,288,500,0
6200.872,287,497,4
6200.971,299,503,0
6201.071,302,500,3
6201.171,293,500,1
6201.273,300,498,4
6201.372,294,498,1
6201.472,306,497,2
6201.572,294,495,2
6201.673,294,496,0
6201.773,289,494,2
6201.872,301,494,2
6201.973,299,496,0
6202.073,294,496,2
6202.172,291,496,1
6202.272,294,499,0
6202.373,293,500,0
6202.472,292,499,2
6202.572,291,496,3
6202.672,288,497,0
6202.772,302,499,2
6202.872,303,500,0
6202.972,295,499,1
6203.073,296,501,1
6203.174,299,498,5
6203.273,295,500,0
6203.374,296,497,4
6203.473,286,500,1
6203.573,298,496,4
6203.674,302,495,2
6203.773,297,497,2
6203.873,284,496,1
6203.974,300,493,3
6204.073,297,495,1
6204.174,280,495,2
6204.274,299,499,0
6204.373,309,497,2
6204.473,316,499,1
6204.573,297,502,0
6204.673,303,502,0
6204.773,294,502,1
6204.874,287,500,3
6204.973,288,504,0
6205.073,294,504,1
6205.172,293,503,3
6205.275,300,501,3
6205.373,292,502,0
6205.474,292,498,4
6205.574,292,500,0
6205.676,292,500,3
6205.774,304,502,3
6205.875,298,503,0
6205.974,302,503,1
6206.074,292,502,3
6206.174,302,505,0
6206.273,293,507,1
6206.374,294,506,3
6206.475,294,503,7
6206.574,293,502,2
6206.674,289,506,0
6206.774,291,501,6
6206.874,295,503,0
6206.975,304,502,2
6207.074,294,507,0
6207.175,306,509,1
6207.274,298,511,0
6207.374,293,507,4
6207.474,281,507,1
6207.574,284,506,3
6207.678,294,506,0
6207.776,291,504,2
6207.876,307,504,1
6207.976,300,502,3
6208.075,296,501,2
6208.175,290,503,1
6208.275,301,505,0
6208.375,294,503,2
6208.475,299,504,0
6208.575,302,506,3
6208.676,291,506,0
6208.775,305,502,4
6208.876,300,501,1
6208.975,284,502,1
6209.075,307,503,2
6209.175,299,500,6
6209.276,288,496,5
6209.375,294,495,2
6209.475,297,498,0
6209.575,299,497,3
6209.676,289,494,5
6209.776,299,495,1
6209.875,294,494,3
6209.975,293,495,0
6210.076,289,491,5
6210.175,292,493,0
6210.275,294,487,6
6210.375,292,487,1
6210.474,293,489,0
6210.576,299,489,2
6210.675,294,492,0
6210.775,300,492,1
6210.876,294,494,0
6210.975,309,497,2
6211.077,304,496,3
6211.175,307,498,0
6211.274,294,498,1
6211.375,301,498,1
6211.475,303,498,1
6211.574,299,499,0
6211.675,303,497,2
6211.776,296,500,1
6211.876,295,503,0
6211.973,289,503,1
6212.075,301,502,2
6212.177,300,496,6
6212.274,293,497,0
6212.376,297,494,4
6212.475,296,496,0
6212.574,290,494,2
6212.674,297,494,3
6212.774,305,496,0
6212.875,300,496,2
6212.973,298,497,1
6213.075,297,499,0
6213.177,298,497,3
6213.276,293,496,2
6213.375,304,498,0
6213.475,305,497,2
6213.576,300,498,0
6213.68,287,494,6
6213.777,293,493,2
6213.877,294,491,2
6213.978,289,490,1
6214.079,302,487,4
6214.178,294,490,0
6214.279,300,495,0
6214.378,290,494,2
6214.477,295,493,2
6214.577,293,493,2
6214.677,300,495,0
6214.778,297,493,3
6214.878,287,490,3
6214.977,292,490,2
6215.077,296,493,1
6215.178,298,494,1
6215.278,300,494,4
6215.377,296,495,1
6215.477,297,495,1
6215.578,302,495,2
6215.677,295,497,1
6215.777,297,497,2
6215.877,306,500,1
6215.977,294,500,2
6216.077,297,496,5
6216.177,301,496,0
6216.277,286,495,2
6216.377,298,496,0
6216.477,283,495,3
6216.578,298,494,3
6216.677,293,495,0
6216.777,298,495,1
6216.876,296,495,1
6216.977,296,499,0
6217.077,294,501,1
6217.177,299,502,0
6217.276,300,502,2
6217.377,291,501,3
6217.478,287,503,1
6217.579,293,502,1
6217.677,293,503,0
6217.777,296,501,2
6217.878,289,500,2
6217.977,307,502,0
6218.078,298,503,2
6218.177,292,504,0
6218.277,295,505,1
6218.376,300,504,2
6218.478,301,502,2
6218.577,294,502,0
6218.677,301,501,1
6218.776,294,502,0
6218.877,288,500,4
6218.977,293,496,5
6219.076,292,495,2
6219.177,288,493,2
6219.278,294,491,2
6219.377,291,491,0
6219.476,295,490,1
6219.577,299,491,1
6219.677,297,490,3
6219.777,302,491,0
6219.877,299,490,3
6219.977,296,492,0
6220.078,288,491,3
6220.179,296,491,0
6220.277,296,491,1
6220.377,296,491,0
6220.477,304,491,2
6220.577,303,492,2
6220.677,297,495,0
6220.777,295,494,2
6220.877,299,497,1
6220.977,292,495,2
6221.077,301,493,2
6221.177,286,489,4
6221.276,294,488,2
6221.376,295,487,2
6221.478,295,488,1
6221.577,297,490,0
6221.677,303,491,0
6221.777,286,492,1
6221.877,294,493,0
6221.978,288,492,3
6222.077,297,495,0
6222.177,299,496,0
6222.278,292,497,1
6222.379,295,495,2
6222.478,291,496,1
6222.577,283,496,0
6222.677,295,495,2
6222.778,290,494,1
6222.877,294,494,0
6222.977,297,495,2
6223.078,297,496,0
6223.177,296,494,2
6223.278,290,493,2
6223.378,291,494,0
6223.478,295,493,3
6223.577,294,496,0
6223.677,295,493,4
6223.777,283,490,3
6223.877,302,488,3
6223.977,295,486,4
6224.078,300,488,1
6224.177,296,490,0
6224.278,295,489,2
6224.378,286,487,2
6224.478,291,488,0
6224.577,296,488,2
6224.678,290,487,2
6224.777,297,487,0
6224.878,288,486,3
6224.977,305,489,0
6225.077,299,491,1
6225.177,291,489,2
6225.276,301,487,4
6225.378,291,484,3
6225.477,301,483,1
6225.578,302,483,3
6225.679,295,485,1
6225.777,286,487,0
6225.877,293,487,1
6225.979,289,486,3
6226.079,287,485,1
6226.177,302,486,0
6226.278,289,484,2
6226.378,299,486,0
6226.477,288,486,1
6226.578,283,483,5
6226.679,285,484,2
6226.777,294,486,0
6226.877,294,488,1
6226.977,300,490,1
6227.077,295,493,1
6227.177,307,493,3
6227.276,292,496,1
6227.377,292,497,0
6227.477,297,499,0
6227.576,293,498,1
6227.677,307,499,2
6227.777,291,502,0
6227.876,301,504,0
6227.977,308,506,0
6228.076,286,506,1
6228.176,292,507,2
6228.278,299,504,4
6228.378,291,506,0
6228.476,288,505,2
6228.578,291,508,0
6228.677,296,508,2
6228.778,294,506,4
6228.878,293,506,2
6228.978,299,506,0
6229.078,291,506,1
6229.177,298,507,0
6229.28,285,506,2
6229.377,295,508,0
6229.478,295,507,3
6229.576,292,508,0
6229.678,296,508,3
6229.777,304,511,0
6229.878,294,510,4
6229.979,296,510,1
6230.079,292,510,3
6230.179,292,508,3
6230.279,300,506,3
6230.379,305,506,3
6230.479,303,510,1
6230.578,293,511,0
6230.678,294,507,4
6230.779,292,504,4
6230.878,285,504,1
6230.978,291,502,3
6231.079,295,505,0
6231.178,310,506,3
6231.279,297,506,1
6231.379,303,505,1
6231.479,301,507,1
6231.578,291,509,0
6231.679,294,506,4
6231.778,298,507,0
6231.879,295,505,3
6231.978,285,506,0
6232.078,297,507,1
6232.179,298,500,8
6232.279,292,500,0
6232.378,288,495,7
6232.478,298,498,0
6232.579,300,498,2
6232.679,294,498,1
6232.778,298,497,1
6232.878,293,500,0
6232.978,292,496,4
6233.079,298,496,1
6233.178,296,495,2
6233.278,298,496,1
6233.378,290,499,1
6233.479,296,500,1
6233.578,300,497,3
6233.678,297,496,2
6233.779,286,497,0
6233.878,290,497,3
6233.978,288,498,1
6234.078,293,499,1
6234.178,309,500,3
6234.28,296,495,5
6234.379,305,496,0
6234.479,301,496,2
6234.577,299,494,3
6234.679,284,494,1
6234.777,302,497,2
6234.877,305,500,0
6234.978,301,501,2
6235.078,303,500,1
6235.178,293,497,5
6235.279,294,497,1
6235.378,292,497,1
6235.479,289,496,1
6235.578,284,499,0
6235.678,293,501,1
6235.778,300,501,1
6235.878,289,501,0
6235.979,299,496,7
6236.079,297,496,0
6236.178,286,497,1
6236.278,297,499,0
6236.378,300,499,2
6236.477,297,497,3
6236.578,292,495,2
6236.679,299,498,1
6236.777,298,499,0
6236.878,289,498,2
6236.978,281,500,1
6237.078,285,501,2
6237.177,293,501,3
6237.279,294,498,4
6237.377,299,500,0
6237.479,297,504,1
6237.578,301,505,1
6237.678,309,508,0
6237.779,307,504,4
6237.879,305,502,3
6237.979,300,499,3
6238.078,299,500,0
6238.179,287,504,3
6238.279,296,504,0
6238.378,285,504,2
6238.479,296,499,5
6238.58,307,498,5
6238.679,295,502,0
6238.778,300,504,0
6238.879,296,502,2
6238.978,304,505,0
6239.078,290,505,2
6239.178,302,506,1
6239.279,302,502,5
6239.378,301,505,0
6239.477,298,507,1
6239.578,293,507,0
6239.678,297,508,0
6239.778,302,506,4
6239.878,299,507,0
6239.979,294,505,3
6240.08,301,505,1
6240.178,293,502,3
6240.277,294,503,0
6240.378,295,503,1
6240.479,291,504,0
6240.578,302,503,2
6240.678,288,503,1
6240.778,294,502,4
6240.878,293,502,1
6240.979,292,503,0
6241.078,304,503,2
6241.178,295,504,0
6241.278,299,501,3
6241.379,300,501,1
6241.478,295,504,0
6241.578,302,505,1
6241.68,295,502,6
6241.778,292,503,0
6241.878,303,501,3
6241.978,293,502,0
6242.078,294,504,2
6242.178,302,503,1
6242.278,300,503,1
6242.378,299,504,2
6242.479,290,499,6
6242.578,286,500,0
6242.678,289,502,1
6242.779,303,502,4
6242.879,299,502,0
6242.978,294,504,0
6243.079,301,505,1
6243.178,295,505,0
6243.278,302,506,1
6243.377,295,506,0
6243.479,298,506,1
6243.578,294,506,2
6243.679,304,507,2
6243.779,292,507,2
6243.877,294,508,0
6243.979,296,510,0
6244.079,304,507,4
6244.177,300,508,0
6244.278,308,509,1
6244.379,296,507,2
6244.478,293,508,1
6244.579,303,508,1
6244.678,297,509,0
6244.778,286,508,2
6244.88,298,505,3
6244.978,296,507,0
6245.079,289,501,7
6245.178,306,501,0
6245.278,299,498,4
6245.378,298,500,1
6245.479,290,499,2
6245.579,300,495,4
6245.679,298,494,3
6245.778,293,494,0
6245.878,288,493,1
6245.978,288,492,2
6246.079,295,493,1
6246.178,294,494,2
6246.278,302,496,0
6246.378,295,495,2
6246.477,301,496,0
6246.578,291,497,1
6246.679,294,499,0
6246.778,288,498,2
6246.878,300,494,4
6246.978,301,494,0
6247.079,292,494,1
6247.18,293,492,3
6247.278,303,495,0
6247.378,301,496,2
6247.478,305,497,1
6247.578,302,496,1
6247.678,293,499,1
6247.777,296,499,0
6247.88,290,498,2
6247.979,295,497,2
6248.079,304,500,0
6248.179,297,501,3
6248.278,290,501,0
6248.378,286,502,1
6248.478,296,503,1
6248.577,296,504,0
6248.679,297,503,1
6248.778,294,501,3
6248.878,296,503,0
6248.978,295,503,0
6249.079,296,502,2
6249.178,293,501,2
6249.279,312,498,5
6249.379,306,500,1
6249.479,302,501,1
6249.578,296,502,0
6249.678,294,501,2
6249.778,294,501,0
6249.878,293,503,0
6249.978,288,505,2
6250.079,295,507,0
6250.178,293,506,1
6250.279,294,504,4
6250.378,293,504,0
6250.476,292,505,2
6250.578,301,505,3
6250.677,302,505,2
6250.778,289,502,3
6250.879,300,506,0
6250.977,291,503,3
6251.078,291,506,0
6251.178,289,505,2
6251.278,297,501,4
6251.378,293,504,0
6251.48,297,501,3
6251.579,298,501,2
6251.679,297,504,0
6251.779,282,503,2
6251.879,291,501,2
6251.978,290,502,0
6252.078,295,503,0
6252.176,300,503,1
6252.279,299,505,1
6252.379,299,502,4
6252.478,297,501,4
6252.578,300,499,2
6252.679,299,498,3
6252.778,296,498,0
6252.879,295,499,3
6252.978,302,499,0
6253.078,299,497,2
6253.178,298,497,2
6253.277,290,498,1
6253.378,290,494,4
6253.478,288,491,3
6253.58,302,488,4
6253.678,298,491,1
6253.778,298,492,0
6253.877,293,493,1
6253.978,291,492,3
6254.079,291,489,3
6254.178,311,491,0
6254.278,296,490,3
6254.379,305,486,6
6254.478,296,489,0
6254.577,300,490,2
6254.679,293,491,1
6254.778,302,489,4
6254.878,301,490,0
6254.978,285,493,1
6255.077,294,494,1
6255.177,294,491,4
6255.279,290,492,0
6255.378,299,493,2
6255.478,289,494,0
6255.578,288,492,4
6255.679,290,492,0
6255.778,296,494,2
6255.877,290,494,2
6255.979,289,494,1
6256.08,285,490,4
6256.179,279,488,2
6256.279,286,486,2
6256.379,304,489,0
6256.479,289,490,1
6256.577,293,493,0
6256.678,291,496,0
6256.778,297,497,2
6256.879,299,497,1
6256.979,299,499,1
6257.079,296,502,0
6257.178,295,501,1
6257.279,301,501,2
6257.379,295,504,0
6257.478,292,505,1
6257.578,306,500,7
6257.679,289,500,0
6257.778,291,500,3
6257.878,303,498,3
6257.978,293,497,1
6258.078,297,498,3
6258.178,303,498,1
6258.279,296,498,0
6258.379,293,496,3
6258.478,297,496,0
6258.578,298,497,1
6258.678,300,497,1
6258.779,282,492,6
6258.879,294,491,2
6258.977,309,494,0
6259.079,301,496,1
6259.179,299,498,0
6259.28,299,499,0
6259.377,291,500,0
6259.48,296,499,2
6259.578,301,500,1
6259.677,290,502,0
6259.778,282,502,3
6259.88,292,499,3
6259.979,297,500,0
6260.079,300,500,2
6260.179,294,502,0
6260.278,300,502,0
6260.379,300,501,2
6260.478,301,497,4
6260.578,294,497,1
6260.68,295,499,1
6260.779,293,498,2
6260.879,301,499,2
6260.979,292,500,0
6261.078,291,501,0
6261.179,297,500,2
6261.278,285,502,0
6261.378,296,502,0
6261.478,296,498,4
6261.578,299,498,2
6261.679,300,501,0
6261.778,288,502,0
6261.88,295,497,7
6261.978,304,494,3
6262.078,298,499,0
6262.177,291,496,3
6262.279,302,495,3
6262.378,304,493,3
6262.478,309,495,0
6262.579,297,499,3
6262.678,299,498,1
6262.778,291,499,0
6262.879,288,498,2
6262.978,291,498,1
6263.077,295,498,2
6263.179,297,497,2
6263.278,293,495,3
6263.378,301,496,0
6263.478,303,494,2
6263.578,287,499,0
6263.679,303,501,2
6263.78,292,499,3
6263.878,297,501,0
6263.979,286,503,1
6264.079,297,506,0
6264.178,299,508,0
6264.278,299,507,2
6264.379,291,504,3
6264.478,300,505,0
6264.578,291,507,1
6264.678,290,511,0
6264.777,306,507,5
6264.879,299,506,3
6264.979,301,505,2
6265.078,298,506,0
6265.179,290,506,2
6265.278,294,507,0
6265.38,294,504,3
6265.478,292,506,0
6265.578,294,507,1
6265.678,304,505,4
6265.778,299,505,1
6265.878,301,506,1
6265.977,302,507,1
6266.079,300,503,5
6266.178,299,505,0
6266.278,305,507,0
6266.377,300,505,2
6266.48,295,505,2
6266.579,293,506,4
6266.679,307,509,0
6266.778,298,510,2
6266.879,294,507,5
6266.978,296,507,0
6267.079,299,504,3
6267.179,298,505,4
6267.279,314,504,2
6267.377,282,505,0
6267.479,292,505,2
6267.578,301,506,0
6267.68,290,499,7
6267.779,294,499,1
6267.879,289,499,0
6267.978,302,495,4
6268.079,303,494,2
6268.178,300,497,0
6268.279,287,498,2
6268.379,303,500,0
6268.479,294,502,0
6268.578,295,505,0
6268.68,306,501,6
6268.779,301,501,2
6268.88,292,502,3
6268.978,300,502,1
6269.079,292,503,0
6269.178,287,504,1
6269.278,299,504,3
6269.378,293,504,2
6269.479,298,506,0
6269.578,295,509,1
6269.678,289,507,2
6269.778,295,509,1
6269.878,293,505,4
6269.978,288,501,4
6270.079,294,501,2
6270.178,290,498,3
6270.278,292,495,4
6270.378,297,495,1
6270.479,309,497,0
6270.578,292,497,2
6270.679,294,497,2
6270.779,300,498,3
6270.878,283,497,1
6270.979,300,499,1
6271.078,292,500,0
6271.178,303,502,0
6271.278,293,502,2
6271.379,288,501,2
6271.478,302,500,2
6271.579,298,500,3
6271.68,298,502,0
6271.779,293,503,1
6271.878,296,503,2
6271.979,292,499,4
6272.078,285,499,0
6272.179,291,498,1
6272.28,289,500,0
6272.379,286,499,2
6272.478,291,499,0
6272.579,298,495,5
6272.678,294,495,0
6272.778,293,498,1
6272.879,295,499,2
6272.978,294,501,0
6273.079,302,501,1
6273.178,288,500,2
6273.278,292,499,2
6273.378,293,497,2
6273.477,292,497,1
6273.578,285,496,2
6273.679,298,496,1
6273.778,295,495,2
6273.878,299,493,3
6273.979,296,495,0
6274.079,304,492,4
6274.179,294,495,1
6274.278,296,495,0
6274.379,303,498,1
6274.477,295,496,3
6274.579,291,496,1
6274.678,284,495,2
6274.778,296,491,4
6274.879,298,491,1
6274.978,292,491,0
6275.078,282,492,0
6275.177,291,491,1
6275.279,293,491,1
6275.377,299,489,2
6275.479,290,487,3
6275.578,294,490,0
6275.677,294,489,2
6275.779,291,488,4
6275.878,287,491,0
6275.978,291,491,2
6276.08,297,492,2
6276.18,300,493,1
6276.279,303,497,0
6276.38,300,495,4
6276.479,299,493,2
6276.579,295,493,1
6276.679,287,494,0
6276.779,292,490,5
6276.879,302,491,0
6276.979,296,493,0
6277.079,300,492,1
6277.179,297,492,2
6277.28,298,491,2
6277.38,299,490,4
6277.48,284,490,0
6277.58,298,492,2
6277.68,297,496,0
6277.78,297,496,2
6277.88,289,495,1
6277.977,297,496,0
6278.08,296,495,3
6278.179,299,497,1
6278.278,305,498,0
6278.38,292,497,2
6278.479,298,500,0
6278.579,301,498,2
6278.679,299,498,1
6278.779,293,499,0
6278.879,307,502,2
6278.979,305,502,1
6279.078,297,506,0
6279.179,298,507,1
6279.279,303,509,0
6279.379,293,506,4
6279.481,295,501,5
6279.579,305,502,0
6279.68,296,500,3
6279.779,299,503,0
6279.881,301,503,1
6279.979,292,503,0
6280.078,294,505,2
6280.18,305,506,2
6280.28,297,510,0
6280.38,290,508,2
6280.478,287,508,2
6280.578,302,510,0
6280.679,294,507,3
6280.779,301,507,4
6280.878,299,505,3
6280.979,303,503,3
6281.08,301,505,0
6281.177,295,505,1
6281.279,308,505,2
6281.378,288,506,0
6281.48,294,506,1
6281.579,295,507,0
6281.68,286,506,2
6281.779,300,506,0
6281.879,298,504,2
6281.979,297,503,3
6282.08,297,500,6
6282.179,292,504,0
6282.279,297,504,3
6282.379,302,500,4
6282.479,294,503,0
6282.579,287,505,0
6282.68,290,506,0
6282.781,294,502,4
6282.879,286,503,0
6282.979,301,503,0
6283.08,304,501,5
6283.18,298,504,0
6283.279,289,501,4
6283.38,306,500,5
6283.481,297,501,2
6283.58,301,498,3
6283.68,289,499,1
6283.78,291,498,2
6283.881,289,498,3
6283.98,293,498,0
6284.081,297,499,0
6284.18,304,498,1
6284.282,303,500,1
6284.381,296,498,2
6284.48,300,500,0
6284.58,304,499,4
6284.681,300,500,1
6284.78,312,505,0
6284.88,292,505,0
6284.98,296,504,1
6285.079,308,505,0
6285.18,303,502,4
6285.28,291,500,3
6285.381,291,498,2
6285.481,293,500,2
6285.58,300,499,2
6285.681,303,500,1
6285.78,300,501,0
6285.88,296,501,0
6285.981,302,504,1
6286.081,307,501,5
6286.182,289,502,3
6286.281,299,502,1
6286.38,292,503,0
6286.48,288,498,5
6286.58,290,498,2
6286.682,294,502,0
6286.781,298,501,3
6286.88,290,503,0
6286.98,292,501,2
6287.08,295,501,1
6287.18,290,500,2
6287.282,292,502,0
6287.381,299,499,3
6287.481,285,498,3
6287.58,297,499,0
6287.679,294,497,3
6287.781,298,495,3
6287.881,297,496,1
6287.98,297,497,0
6288.08,294,494,4
6288.181,301,498,0
6288.279,302,503,0
6288.38,297,503,1
6288.48,295,504,0
6288.581,292,505,2
6288.68,302,506,0
6288.78,300,504,3
6288.881,301,502,3
6288.981,300,503,0
6289.08,296,497,7
6289.179,292,498,1
6289.279,294,501,2
6289.379,291,502,1
6289.479,293,501,1
6289.58,296,503,0
6289.679,304,503,2
6289.78,300,503,2
6289.881,301,504,2
6289.98,294,505,0
6290.079,289,506,1
6290.18,287,504,2
6290.28,299,506,1
6290.381,299,508,1
6290.483,293,505,4
6290.583,296,503,2
6290.682,298,505,1
6290.782,296,506,2
6290.882,293,507,2
6290.982,293,509,0
6291.083,295,511,1
6291.182,296,510,2
6291.283,299,513,2
6291.383,303,511,4
6291.481,295,511,1
6291.582,289,507,4
6291.681,289,506,1
6291.782,289,504,2
6291.883,302,504,1
6291.981,295,505,0
6292.082,278,505,2
6292.182,296,501,4
6292.282,293,501,2
6292.383,299,503,1
6292.484,294,505,1
6292.582,298,504,2
6292.682,284,504,3
6292.782,300,503,2
6292.882,297,502,1
6292.982,297,503,1
6293.083,298,505,3
6293.183,290,505,0
6293.283,300,509,1
6293.383,301,510,1
6293.482,289,510,0
6293.582,301,510,3
6293.682,288,510,1
6293.781,310,509,1
6293.882,295,507,2
6293.982,296,505,3
6294.082,297,503,2
6294.183,303,502,3
6294.281,298,504,0
6294.382,291,505,3
6294.482,296,503,3
6294.583,290,503,0
6294.681,300,505,0
6294.781,299,506,1
6294.882,297,507,0
6294.982,297,509,1
6295.083,297,508,1
6295.181,292,508,0
6295.282,291,507,2
6295.383,290,506,2
6295.482,291,506,2
6295.582,294,504,5
6295.683,306,502,3
6295.783,285,500,2
6295.882,301,501,0
6295.983,299,500,2
6296.084,293,497,3
6296.183,301,500,0
6296.283,299,503,0
6296.383,301,498,5
6296.482,292,497,4
6296.583,298,494,3
6296.683,292,495,0
6296.782,306,496,0
6296.882,299,498,0
6296.981,295,497,1
6297.083,294,497,1
6297.182,308,497,0
6297.283,289,496,5
6297.382,293,497,0
6297.483,286,494,3
6297.583,289,496,0
6297.683,296,494,3
6297.782,297,493,3
6297.883,298,492,2
6297.982,299,493,0
6298.082,298,493,0
6298.182,295,494,0
6298.282,286,494,0
6298.383,293,496,2
6298.482,293,498,0
6298.582,293,499,0
6298.683,291,500,3
6298.782,288,499,2
6298.883,294,496,5
6298.982,293,498,0
6299.081,296,497,2
6299.183,295,497,1
6299.282,297,495,2
6299.382,293,497,1
6299.484,288,493,4
6299.582,294,495,0
6299.682,285,495,2
6299.783,294,495,1
6299.882,298,495,0
6299.982,297,495,3
6300.082,308,496,0
6300.183,295,493,6
6300.283,283,496,0
6300.383,299,491,5
6300.482,289,492,0
6300.582,305,496,0
6300.682,303,497,1
6300.783,295,495,2
6300.883,289,498,0
6300.982,292,501,0
6301.082,293,504,2
6301.181,297,506,0
6301.282,291,505,1
6301.383,295,505,1
6301.482,300,505,2
6301.582,293,504,1
6301.682,303,505,1
6301.782,296,503,3
6301.883,306,502,2
6301.983,299,504,0
6302.082,297,505,2
6302.182,295,507,0
6302.282,299,507,0
6302.382,286,507,1
6302.482,301,504,4
6302.584,299,504,3
6302.681,307,504,0
6302.782,298,504,2
6302.881,293,504,1
6302.982,306,502,2
6303.083,289,500,3
6303.182,294,500,0
6303.281,297,500,2
6303.382,295,496,4
6303.481,293,497,1
6303.583,297,496,2
6303.682,294,496,0
6303.782,290,497,1
6303.882,301,497,1
6303.982,292,494,3
6304.083,288,491,5
6304.182,299,491,1
6304.283,288,488,4
6304.383,289,489,0
6304.483,293,482,8
6304.583,302,481,1
6304.682,297,483,0
6304.782,296,484,1
6304.882,294,485,1
6304.983,286,483,2
6305.082,294,484,1
6305.182,299,488,2
6305.282,291,489,2
6305.383,292,489,2
6305.482,291,492,0
6305.583,304,494,1
6305.684,288,491,4
6305.783,296,492,1
6305.882,300,494,0
6305.981,296,497,0
6306.083,295,496,2
6306.182,292,498,1
6306.282,297,498,2
6306.381,301,501,0
6306.482,289,498,3
6306.583,297,499,0
6306.683,285,500,3
6306.782,292,500,0
6306.883,297,498,3
6306.982,293,500,0
6307.083,297,500,1
6307.183,301,498,4
6307.283,292,500,0
6307.381,300,499,1
6307.483,283,498,1
6307.582,297,499,1
6307.682,308,501,1
6307.782,295,501,3
6307.882,293,501,2
6307.982,293,496,5
6308.083,296,497,1
6308.183,301,497,2
6308.282,287,498,0
6308.382,291,497,2
6308.482,293,497,1
6308.581,297,500,1
6308.684,292,497,3
6308.782,295,499,0
6308.881,301,499,3
6308.983,293,496,6
6309.083,291,497,0
6309.181,298,497,0
6309.282,301,496,1
6309.381,307,496,2
6309.482,296,498,2
6309.582,296,498,0
6309.683,292,499,0
6309.782,286,498,2
6309.884,294,500,1
6309.983,298,501,1
6310.083,296,504,0
6310.182,304,507,0
6310.282,298,508,1
6310.381,295,505,4
6310.483,297,506,0
6310.582,306,507,0
6310.683,300,502,5
6310.782,288,503,0
6310.882,295,500,3
6310.983,300,499,2
6311.083,293,499,0
6311.182,296,500,1
6311.283,292,498,3
6311.383,303,498,1
6311.483,296,499,1
6311.582,294,495,4
6311.682,297,499,0
6311.783,295,495,4
6311.885,288,496,2
6311.981,299,497,0
6312.082,294,495,3
6312.182,293,494,2
6312.283,300,496,1
6312.383,291,496,2
6312.483,291,495,2
6312.582,300,496,0
6312.682,288,500,1
6312.783,295,503,1
6312.882,300,505,0
6312.982,302,504,4
6313.082,290,504,1
6313.182,295,502,3
6313.282,299,499,6
6313.382,291,497,4
6313.483,300,501,0
6313.582,295,502,0
6313.682,294,502,0
6313.783,299,501,3
6313.883,305,501,1
6313.982,291,504,0
6314.083,301,503,2
6314.18,293,506,0
6314.283,294,502,5
6314.382,292,503,0
6314.483,292,504,1
6314.582,294,502,3
6314.682,290,502,0
6314.782,294,500,3
6314.882,295,499,1
6314.983,304,499,2
6315.083,300,498,2
6315.183,293,498,1
6315.284,295,499,1
6315.382,285,501,0
6315.483,296,502,1
6315.582,297,503,0
6315.682,297,505,0
6315.782,299,504,4
6315.881,301,500,4
6315.98,296,497,4
6316.083,298,494,3
6316.183,291,498,1
6316.284,302,495,4
6316.382,301,497,0
6316.483,304,496,3
6316.582,298,496,3
6316.682,307,496,1
6316.782,296,495,1
6316.883,296,494,3
6316.982,299,493,1
6317.084,297,490,4
6317.184,303,490,2
6317.282,297,493,0
6317.382,295,493,2
6317.482,293,494,1
6317.583,292,495,3
6317.682,289,496,0
6317.782,297,495,2
6317.883,297,498,0
6317.982,293,499,0
6318.083,299,500,2
6318.182,292,500,1
6318.283,291,501,0
6318.382,296,498,3
6318.482,302,498,1
6318.581,296,499,0
6318.684,304,498,2
6318.782,289,502,0
6318.883,295,501,3
6318.983,297,502,2
6319.082,301,503,0
6319.183,295,507,0
6319.282,284,507,2
6319.383,289,502,5
6319.482,298,504,0
6319.581,292,502,2
6319.683,298,505,2
6319.783,298,505,1
6319.882,299,507,0
6319.982,287,506,1
6320.082,299,509,0
6320.183,299,507,2
6320.282,304,506,1
6320.382,298,507,1
6320.483,302,506,3
6320.582,283,507,0
6320.682,301,506,2
6320.781,307,508,0
6320.882,292,509,2
6320.982,290,507,3
6321.082,306,509,0
6321.182,300,509,2
6321.282,294,511,2
6321.383,297,511,2
6321.482,298,512,0
6321.583,288,514,1
6321.682,299,516,0
6321.782,298,516,1
6321.883,285,512,4
6321.982,302,509,4
6322.083,293,509,2
6322.182,310,511,0
6322.282,291,509,3
6322.383,302,507,4
6322.482,293,507,1
6322.582,286,510,1
6322.682,286,513,0
6322.782,296,514,1
6322.883,289,512,4
6322.983,291,511,1
6323.082,296,512,0
6323.181,305,515,0
6323.283,296,513,2
6323.381,295,514,0
6323.481,300,513,2
6323.583,290,508,5
6323.682,294,510,0
6323.783,305,506,5
6323.883,304,508,1
6323.982,292,510,0
6324.083,293,505,5
6324.182,297,505,0
6324.282,291,505,1
6324.382,290,503,2
6324.483,295,499,6
6324.582,284,499,0
6324.683,298,500,3
6324.782,297,502,0
6324.882,298,504,1
6324.983,300,504,1
6325.084,288,504,2
6325.182,294,506,0
6325.282,289,507,0
6325.382,291,508,1
6325.482,297,507,3
6325.582,292,507,1
6325.683,289,505,3
6325.781,299,508,0
6325.882,296,504,4
6325.983,300,506,1
6326.082,296,507,2
6326.183,288,507,1
6326.283,296,508,0
6326.381,290,509,2
6326.483,288,510,1
6326.58,291,511,0
6326.681,307,509,2
6326.783,305,510,0
6326.881,300,510,1
6326.983,291,506,6
6327.083,292,506,0
6327.183,296,505,3
6327.281,291,507,0
6327.383,298,503,5
6327.483,293,503,0
6327.582,285,503,1
6327.683,292,505,0
6327.783,300,499,9
6327.882,294,500,0
6327.982,299,500,3
6328.082,301,501,0
6328.181,285,500,2
6328.282,291,496,4
6328.383,286,493,4
6328.483,293,490,3
6328.582,310,492,0
6328.682,295,493,1
6328.782,307,491,4
6328.883,289,495,0
6328.982,297,496,0
6329.083,291,492,5
6329.183,301,497,0
6329.282,292,498,2
6329.382,291,499,2
6329.482,315,501,0
6329.582,302,502,2
6329.683,297,501,1
6329.782,291,507,0
6329.882,298,509,1
6329.982,295,511,0
6330.082,291,507,4
6330.182,302,509,0
6330.282,289,508,4
6330.382,297,510,0
6330.483,298,513,1
6330.581,300,513,1
6330.682,295,510,3
6330.783,299,513,1
6330.882,297,511,2
6330.983,299,510,2
6331.082,290,515,0
6331.18,304,516,0
6331.282,287,517,1
6331.382,299,516,3
6331.483,304,518,1
6331.583,286,517,2
6331.683,305,513,4
6331.782,301,517,0
6331.884,296,515,3
6331.982,300,516,0
6332.083,301,518,1
6332.181,290,519,1
6332.283,288,519,2
6332.382,288,519,0
6332.483,296,520,2
6332.582,290,523,0
6332.682,295,520,5
6332.782,297,520,1
6332.883,300,516,6
6332.983,290,514,3
6333.083,300,516,1
6333.182,295,517,0
6333.282,292,516,2
6333.383,289,513,4
6333.482,297,514,0
6333.582,287,509,6
6333.683,289,509,2
6333.782,290,513,0
6333.883,288,505,10
6333.982,293,505,0
6334.081,284,506,1
6334.182,293,499,8
6334.282,297,502,0
6334.382,290,502,1
6334.483,299,501,3
6334.583,302,499,4
6334.682,287,499,1
6334.781,299,501,0
6334.883,304,500,4
6334.982,292,501,0
6335.083,300,502,0
6335.182,305,497,8
6335.282,289,498,0
6335.382,308,497,2
6335.482,293,497,0
6335.581,307,497,2
6335.684,300,499,3
6335.782,296,501,0
6335.883,294,503,1
6335.982,293,504,0
6336.082,294,504,1
6336.181,301,506,2
6336.283,297,503,5
6336.382,303,504,0
6336.482,293,502,2
6336.58,295,503,1
6336.682,297,506,0
6336.782,295,507,1
6336.882,292,502,6
6336.982,294,504,1
6337.083,296,502,3
6337.183,296,503,0
6337.282,293,503,0
6337.383,298,505,1
6337.483,298,506,0
6337.583,291,508,1
6337.682,301,512,0
6337.783,294,510,3
6337.882,299,511,0
6337.982,296,510,2
6338.082,301,508,3
6338.183,285,507,3
6338.283,296,507,2
6338.383,290,507,0
6338.483,284,507,1
6338.582,295,506,1
6338.682,299,508,0
6338.782,293,507,3
6338.881,289,508,0
6338.982,300,509,2
6339.082,298,508,2
6339.183,295,503,6
6339.283,294,504,0
6339.383,291,500,6
6339.482,301,504,0
6339.583,296,501,3
6339.683,293,499,2
6339.783,303,495,5
6339.882,292,497,0
6339.982,289,495,2
6340.082,301,492,3
6340.183,293,496,0
6340.282,283,495,1
6340.383,297,495,0
6340.483,295,494,3
6340.583,295,496,0
6340.682,293,496,1
6340.782,303,496,1
6340.882,303,495,4
6340.981,297,497,2
6341.083,290,496,1
6341.182,299,500,0
6341.282,291,495,5
6341.382,300,495,1
6341.482,300,494,2
6341.583,301,495,3
6341.683,300,495,3
6341.783,296,494,2
6341.884,296,496,0
6341.983,296,497,1
6342.082,293,497,0
6342.183,294,495,2
6342.282,298,494,1
6342.383,293,497,0
6342.482,297,496,2
6342.581,298,502,1
6342.682,299,503,0
6342.782,287,506,1
6342.883,300,506,2
6342.982,305,507,0
6343.082,287,506,2
6343.182,293,507,1
6343.283,293,503,5
6343.382,304,504,0
6343.483,296,505,0
6343.582,302,505,1
6343.682,294,506,2
6343.783,302,501,5
6343.883,291,500,4
6343.982,299,500,2
6344.083,297,502,0
6344.182,301,502,1
6344.282,297,501,2
6344.382,302,502,2
6344.483,293,501,1
6344.582,288,502,0
6344.682,295,503,2
6344.782,301,503,1
6344.882,294,502,3
6344.983,293,502,0
6345.083,299,499,3
6345.183,294,499,0
6345.283,285,496,3
6345.382,299,498,0
6345.484,287,494,4
6345.582,286,492,5
6345.682,296,494,0
6345.782,298,496,0
6345.883,290,497,2
6345.982,289,495,2
6346.081,296,497,0
6346.183,297,498,1
6346.283,291,500,0
6346.383,295,496,4
6346.481,300,497,0
6346.582,284,497,1
6346.684,294,494,3
6346.781,296,496,0
6346.882,290,499,0
6346.981,300,498,1
6347.084,295,493,6
6347.183,291,491,2
6347.282,296,492,0
6347.382,291,492,1
6347.483,293,491,2
6347.582,291,489,2
6347.683,301,487,3
6347.783,298,485,2
6347.882,298,488,0
6347.982,304,490,2
6348.082,303,493,0
6348.182,294,497,0
6348.282,297,498,1
6348.383,303,497,2
6348.482,295,498,0
6348.582,295,501,0
6348.683,295,497,4
6348.782,298,501,0
6348.883,300,497,6
6348.983,304,499,1
6349.084,294,498,2
6349.182,301,499,0
6349.282,287,498,2
6349.382,293,497,3
6349.483,307,497,2
6349.582,284,499,0
6349.683,291,500,2
6349.782,310,498,3
6349.884,290,497,2
6349.982,298,498,1
6350.084,290,500,0
6350.182,302,500,2
6350.281,300,503,0
6350.382,296,503,0
6350.483,296,503,1
6350.582,294,503,1
6350.682,300,505,0
6350.782,288,504,1
6350.882,297,505,0
6350.982,297,505,2
6351.082,299,505,1
6351.183,297,505,2
6351.283,292,505,1
6351.383,291,505,0
6351.483,286,504,1
6351.582,302,504,0
6351.683,297,501,5
6351.783,290,498,5
6351.881,297,500,0
6351.982,289,498,4
6352.082,287,500,0
6352.182,288,501,0
6352.282,302,499,2
6352.381,295,498,2
6352.482,296,499,2
6352.582,287,499,2
6352.683,299,497,3
6352.784,290,495,4
6352.882,296,498,0
6352.983,292,496,4
6353.082,299,499,0
6353.183,297,495,5
6353.284,290,495,2
6353.382,294,497,0
6353.483,291,497,1
6353.582,292,500,1
6353.683,299,500,3
6353.783,291,501,0
6353.884,299,503,0
6353.982,297,503,0
6354.083,296,497,7
6354.182,292,499,0
6354.284,299,498,2
6354.383,301,498,0
6354.483,293,495,4
6354.582,306,494,1
6354.682,292,497,1
6354.783,286,494,4
6354.883,298,493,3
6354.983,298,494,1
6355.081,296,495,0
6355.183,292,493,4
6355.282,289,493,0
6355.382,297,494,1
6355.482,300,495,0
6355.582,301,497,0
6355.681,305,498,1
6355.783,292,498,0
6355.881,289,495,4
6355.982,293,493,2
6356.084,295,490,5
6356.181,290,490,0
6356.284,286,489,4
6356.381,293,492,1
6356.483,294,491,3
6356.583,297,489,5
6356.683,296,490,0
6356.782,301,489,1
6356.883,292,492,0
6356.982,297,491,2
6357.082,299,492,2
6357.181,302,491,1
6357.283,284,489,2
6357.383,305,489,2
6357.483,289,493,0
6357.582,296,491,2
6357.683,284,490,2
6357.782,294,491,0
6357.882,300,493,1
6357.984,294,492,2
6358.082,304,493,0
6358.182,303,495,0
6358.282,301,493,2
6358.383,292,491,3
6358.483,297,492,1
6358.582,297,493,0
6358.683,289,494,1
6358.782,289,494,0
6358.884,300,491,4
6358.983,296,491,1
6359.083,289,491,0
6359.183,293,490,2
6359.282,297,491,0
6359.382,301,488,5
6359.482,292,489,0
6359.583,293,488,2
6359.683,300,489,2
6359.783,300,488,2
6359.882,304,489,0
6359.982,298,492,0
6360.082,296,492,1
6360.182,300,489,3
6360.282,298,490,0
6360.381,301,489,2
6360.482,283,492,1
6360.582,296,496,1
6360.683,290,496,0
6360.782,305,498,1
6360.882,290,499,0
6360.981,302,499,2
6361.083,304,497,2
6361.183,295,500,1
6361.282,303,502,0
6361.384,293,501,1
6361.483,297,503,0
6361.582,291,501,3
6361.684,292,499,4
6361.783,300,498,2
6361.884,300,501,0
6361.982,306,501,1
6362.081,292,501,0
6362.182,292,502,0
6362.283,295,502,1
6362.382,289,505,0
6362.483,299,502,3
6362.581,300,503,0
6362.683,301,504,2
6362.782,299,503,1
6362.882,279,501,2
6362.982,297,499,2
6363.081,297,500,4
6363.183,299,505,1
6363.283,299,504,1
6363.382,293,504,1
6363.482,303,507,0
6363.582,297,503,5
6363.681,301,502,3
6363.782,300,503,0
6363.882,308,503,1
6363.982,284,501,3
6364.083,293,503,0
6364.182,300,503,1
6364.282,301,505,1
6364.382,291,502,3
6364.482,298,502,1
6364.582,285,503,2
6364.683,296,500,3
6364.782,286,504,1
6364.882,302,503,1
6364.982,293,503,1
6365.082,303,502,2
6365.182,301,505,0
6365.281,308,502,4
6365.383,287,500,3
6365.482,303,502,0
6365.582,294,502,1
6365.682,298,503,0
6365.782,290,501,3
6365.883,294,502,1
6365.982,283,502,0
6366.083,307,499,5
6366.182,289,500,0
6366.283,308,500,2
6366.382,296,501,2
6366.483,297,500,4
6366.582,288,500,0
6366.681,294,497,4
6366.782,291,498,0
6366.883,292,496,6
6366.982,299,498,0
6367.083,303,500,0
6367.182,295,497,3
6367.282,290,498,0
6367.382,300,497,1
6367.483,296,500,0
6367.584,303,501,2
6367.683,299,502,0
6367.781,310,504,1
6367.882,300,503,2
6367.982,300,505,0
6368.083,286,504,1
6368.182,291,505,0
6368.283,308,503,4
6368.382,298,505,0
6368.483,301,503,4
6368.582,291,505,0
6368.682,298,506,1
6368.782,291,506,2
6368.882,307,508,2
6368.983,291,508,2
6369.082,306,510,0
6369.183,299,505,5
6369.284,282,506,1
6369.383,292,504,3
6369.482,288,506,0
6369.582,300,505,3
6369.683,299,508,0
6369.783,307,507,2
6369.882,298,510,0
6369.983,293,507,3
6370.083,286,507,0
6370.181,295,509,1
6370.283,288,506,4
6370.383,298,504,2
6370.482,286,504,0
6370.583,300,504,2
6370.683,293,502,3
6370.783,301,496,6
6370.882,296,499,0
6370.983,300,497,5
6371.083,299,499,0
6371.182,290,500,0
6371.281,296,501,2
6371.381,299,504,1
6371.482,286,501,4
6371.582,295,500,2
6371.682,295,500,1
6371.783,295,495,5
6371.882,304,497,0
6371.983,286,495,4
6372.082,286,494,2
6372.182,300,493,2
6372.282,289,494,0
6372.382,300,494,1
6372.482,289,494,1
6372.583,296,495,2
6372.683,305,499,0
6372.782,296,499,0
6372.883,289,497,3
6372.982,296,499,0
6373.083,295,500,1
6373.182,290,498,2
6373.283,291,499,0
6373.382,300,500,0
6373.482,290,502,0
6373.581,302,504,0
6373.683,305,504,1
6373.783,291,503,1
6373.882,298,503,2
6373.982,296,504,3
6374.082,291,499,5
6374.181,299,498,2
6374.282,283,499,0
6374.383,300,495,4
6374.484,284,493,2
6374.583,294,493,1
6374.682,288,494,0
6374.782,295,495,1
6374.883,296,496,2
6374.982,292,496,0
6375.084,291,499,1
6375.182,305,500,0
6375.283,306,501,2
6375.383,291,503,0
6375.483,301,501,3
6375.581,294,505,0
6375.682,297,502,4
6375.783,290,499,4
6375.881,297,500,0
6375.981,307,502,2
6376.082,298,501,2
6376.182,293,501,1
6376.283,294,501,1
6376.382,310,501,0
6376.482,298,500,2
6376.582,296,498,3
6376.682,291,502,0
6376.782,290,504,1
6376.883,301,503,3
6376.982,295,505,0
6377.082,297,502,3
6377.182,291,501,1
6377.282,299,504,0
6377.382,302,503,1
6377.483,294,504,1
6377.583,303,506,0
6377.682,294,505,2
6377.781,298,506,2
6377.882,292,502,4
6377.982,297,499,5
6378.082,284,500,0
6378.183,300,494,6
6378.284,293,495,2
6378.382,286,496,0
6378.482,290,500,0
6378.583,298,494,7
6378.683,299,493,1
6378.781,299,493,0
6378.882,290,494,3
6378.982,309,497,0
6379.081,304,500,0
6379.183,293,495,5
6379.282,297,498,0
6379.382,303,498,2
6379.482,295,499,0
6379.581,294,499,0
6379.683,292,498,4
6379.782,288,502,0
6379.883,294,502,2
6379.982,289,506,1
6380.084,290,507,1
6380.181,307,511,0
6380.281,292,513,0
6380.383,297,513,1
6380.483,297,515,0
6380.582,293,513,4
6380.682,297,511,4
6380.781,294,512,0
6380.883,301,511,4
6380.982,286,512,0
6381.083,296,510,3
6381.182,294,511,0
6381.283,291,509,2
6381.383,304,507,4
6381.481,293,509,0
6381.582,293,507,3
6381.684,299,510,1
6381.782,297,509,3
6381.883,291,508,2
6381.981,293,509,0
6382.082,295,506,5
6382.181,304,508,0
6382.28,293,510,0
6382.382,291,509,4
6382.483,294,504,5
6382.581,297,508,0
6382.682,295,507,1
6382.782,302,507,1
6382.882,299,511,0
6382.982,296,511,2
6383.083,295,506,5
6383.183,297,502,5
6383.284,294,499,3
6383.382,297,500,0
6383.482,302,501,0
6383.582,298,499,4
6383.683,301,493,7
6383.783,295,495,0
6383.883,294,496,0
6383.983,292,492,4
6384.082,304,494,0
6384.182,291,492,2
6384.282,292,493,1
6384.381,298,494,1
6384.483,302,490,4
6384.583,298,491,0
6384.681,290,495,0
6384.782,298,495,1
6384.881,292,495,3
6384.982,294,496,2
6385.082,291,499,0
6385.182,307,498,3
6385.282,294,498,0
6385.382,298,500,0
6385.483,288,499,2
6385.582,294,500,2
6385.683,294,499,1
6385.783,308,499,0
6385.883,295,495,5
6385.982,289,496,0
6386.083,292,499,0
6386.183,293,500,0
6386.283,289,498,2
6386.382,295,498,1
6386.482,291,500,1
6386.583,294,499,3
6386.682,303,502,0
6386.782,293,501,2
6386.883,301,499,3
6386.982,294,498,1
6387.083,293,496,3
6387.182,296,497,0
6387.282,310,498,1
6387.383,296,499,1
6387.483,291,501,0
6387.582,291,502,0
6387.682,283,498,6
6387.783,302,500,0
6387.882,303,498,4
6387.981,295,502,0
6388.082,283,501,1
6388.182,293,500,1
6388.282,295,501,1
6388.383,293,502,1
6388.482,301,502,0
6388.581,303,500,5
6388.683,308,501,0
6388.782,299,501,0
6388.883,290,500,2
6388.982,301,501,0
6389.08,300,503,2
6389.18,295,502,3
6389.281,296,502,2
6389.382,295,503,0
6389.482,288,503,1
6389.583,299,505,1
6389.683,294,502,4
6389.78,299,504,0
6389.883,295,505,0
6389.983,290,505,2
6390.082,296,505,0
6390.181,298,506,0
6390.282,292,504,2
6390.382,291,503,2
6390.482,309,503,3
6390.583,287,499,4
6390.681,305,502,0
6390.782,297,503,0
6390.882,292,504,0
6390.983,286,496,8
6391.083,298,497,3
6391.182,296,498,0
6391.282,299,499,1
6391.383,293,499,1
6391.481,299,497,3
6391.581,288,498,0
6391.683,296,497,3
6391.783,294,497,2
6391.883,291,499,0
6391.983,297,495,4
6392.083,289,494,2
6392.183,301,493,2
6392.282,290,495,0
6392.382,296,496,0
6392.482,295,499,0
6392.582,289,497,2
6392.683,299,499,3
6392.782,298,495,4
6392.883,288,497,0
6392.982,308,496,1
6393.082,296,500,0
6393.182,299,496,5
6393.283,304,498,1
6393.382,300,499,0
6393.484,292,498,3
6393.583,301,502,0
6393.682,294,501,2
6393.783,299,502,1
6393.882,292,504,0
6393.983,295,505,1
6394.083,296,507,0
6394.182,307,509,3
6394.283,301,509,4
6394.383,298,509,0
6394.483,301,508,1
6394.582,294,508,1
6394.683,303,512,0
6394.783,300,514,2
6394.883,292,514,1
6394.983,305,515,1
6395.082,298,515,2
6395.182,298,514,2
6395.283,286,512,2
6395.381,294,513,0
6395.482,286,512,3
6395.582,298,513,1
6395.682,298,514,2
6395.782,296,512,3
6395.883,292,512,2
6395.981,291,511,2
6396.082,296,511,0
6396.182,292,509,2
6396.282,302,510,0
6396.382,294,508,3
6396.483,296,509,1
6396.582,293,509,1
6396.682,303,505,4
6396.782,291,504,1
6396.882,301,505,1
6396.982,299,506,2
6397.082,296,506,1
6397.182,291,508,1
6397.282,299,507,5
6397.383,295,507,1
6397.482,288,509,0
6397.582,290,508,2
6397.682,292,508,1
6397.782,286,505,3
6397.883,295,502,3
6397.982,307,503,0
6398.082,294,502,4
6398.182,296,501,2
6398.282,294,502,2
6398.382,287,503,2
6398.484,300,504,2
6398.582,301,505,0
6398.682,296,503,4
6398.783,301,500,3
6398.882,301,503,0
6398.982,303,504,1
6399.083,295,506,0
6399.182,297,507,0
6399.282,286,505,2
6399.382,287,504,1
6399.482,307,502,3
6399.583,297,497,6
6399.683,292,494,3
6399.783,291,492,2
6399.882,294,496,0
6399.983,283,492,5
6400.082,291,492,0
6400.181,297,492,1
6400.284,293,488,5
6400.381,293,489,0
6400.482,287,490,1
6400.581,299,491,1
6400.682,296,491,1
6400.781,294,489,3
6400.883,297,490,0
6400.982,281,489,3
6401.082,300,490,1
6401.183,299,485,5
6401.283,310,485,2
6401.381,287,486,0
6401.482,289,485,2
6401.582,288,483,4
6401.681,293,483,1
6401.782,293,483,2
6401.881,289,488,0
6401.981,294,488,1
6402.082,285,490,1
6402.181,306,488,4
6402.282,301,491,1
6402.382,296,493,0
6402.482,300,494,0
6402.582,296,497,0
6402.682,298,496,2
6402.782,293,497,0
6402.883,286,493,6
6402.983,288,496,0
6403.083,303,495,1
6403.182,292,495,1
6403.283,293,498,0
6403.381,291,501,2
6403.482,296,504,1
6403.582,291,501,6
6403.683,291,502,0
6403.783,300,503,1
6403.881,300,504,0
6403.983,303,504,1
6404.082,292,504,0
6404.183,305,504,2
6404.281,290,506,1
6404.383,291,503,5
6404.482,307,505,0
6404.581,292,504,1
6404.682,298,500,6
6404.783,310,506,0
6404.882,294,503,3
6404.982,289,503,0
6405.084,294,502,3
6405.182,299,498,4
6405.283,288,494,4
6405.383,305,499,0
6405.482,291,501,0
6405.584,293,499,4
6405.681,279,501,0
6405.783,295,497,5
6405.883,289,499,0
6405.982,293,501,2
6406.082,294,499,4
6406.183,290,497,2
6406.281,300,499,0
6406.382,297,496,6
6406.482,296,496,0
6406.581,310,496,3
6406.682,298,498,1
6406.783,301,499,1
6406.883,298,497,4
6406.982,292,500,0
6407.083,290,498,2
6407.182,291,500,0
6407.283,291,496,5
6407.382,294,496,0
6407.482,299,496,0
6407.581,292,494,2
6407.683,298,493,2
6407.782,300,495,0
6407.882,299,494,2
6407.982,300,498,1
6408.084,284,497,2
6408.182,290,498,2
6408.283,300,499,0
6408.382,292,499,0
6408.482,294,503,0
6408.582,299,503,1
6408.683,298,502,3
6408.782,299,502,0
6408.882,296,505,0
6408.982,290,504,3
6409.084,297,494,11
6409.182,291,495,0
6409.283,297,496,2
6409.382,303,498,0
6409.482,297,500,1
6409.582,293,498,3
6409.683,294,497,3
6409.781,288,497,0
6409.881,298,495,2
6409.983,292,494,2
6410.082,290,495,0
6410.182,304,496,0
6410.282,290,495,3
6410.381,299,493,2
6410.482,297,495,1
6410.582,299,495,1
6410.682,296,499,0
6410.783,292,496,3
6410.882,298,498,0
6410.982,298,500,0
6411.083,289,500,2
6411.182,293,500,0
6411.283,293,499,2
6411.383,306,497,4
6411.483,294,495,3
6411.581,291,497,0
6411.683,296,498,1
6411.782,286,495,3
6411.883,301,491,4
6411.982,294,494,0
6412.082,292,494,1
6412.182,301,494,2
6412.283,297,497,0
6412.382,297,497,1
6412.482,300,498,2
6412.583,292,493,5
6412.682,294,495,0
6412.783,294,492,4
6412.882,312,493,1
6412.981,296,494,0
6413.083,289,492,3
6413.182,297,492,0
6413.282,286,492,3
6413.382,287,495,1
6413.483,293,494,2
6413.582,299,494,0
6413.682,300,494,1
6413.783,305,494,3
6413.883,300,494,1
6413.983,305,494,3
6414.082,299,498,0
6414.182,297,497,2
6414.283,297,499,0
6414.382,312,500,1
6414.482,287,502,2
6414.583,306,504,1
6414.683,295,509,0
6414.782,297,509,0
6414.882,298,510,0
6414.982,298,512,0
6415.083,299,507,5
6415.182,285,508,0
6415.283,297,508,1
6415.385,292,506,4
6415.485,293,504,2
6415.583,295,504,0
6415.683,310,504,2
6415.783,290,506,0
6415.883,288,505,3
6415.984,300,506,0
6416.083,300,507,0
6416.183,296,507,1
6416.284,293,505,3
6416.383,287,503,4
6416.485,296,505,0
6416.582,300,507,0
6416.683,306,508,0
6416.783,294,510,0
6416.884,297,508,4
6416.984,286,506,3
6417.083,295,503,5
6417.183,298,502,1
6417.283,286,503,0
6417.383,287,497,7
6417.483,295,498,2
6417.583,294,499,0
6417.683,311,499,1
6417.783,298,500,4
6417.882,304,500,0
6417.983,297,498,4
6418.082,292,501,0
6418.182,302,501,0
6418.283,298,501,0
6418.383,304,502,0
6418.483,294,503,0
6418.584,305,502,2
6418.685,299,502,1
6418.782,294,504,0
6418.884,299,499,6
6418.984,300,501,0
6419.084,289,498,3
6419.183,292,499,0
6419.284,301,497,2
6419.384,292,497,0
6419.484,299,499,0
6419.584,299,499,3
6419.682,293,499,0
6419.784,297,498,2
6419.884,290,499,0
6419.984,301,500,0
6420.084,300,498,3
6420.183,305,499,0
6420.284,289,496,4
6420.384,289,497,0
6420.484,305,495,3
6420.584,296,494,1
6420.684,297,492,5
6420.784,291,489,3
6420.882,300,491,0
6420.983,296,490,2
6421.083,289,487,5
6421.184,304,489,1
6421.283,292,490,0
6421.383,294,489,2
6421.482,300,488,2
6421.584,292,491,0
6421.684,298,493,1
6421.783,294,491,2
6421.882,300,493,0
6421.983,288,494,1
6422.081,295,494,1
6422.183,289,496,1
6422.282,294,497,0
6422.382,300,498,2
6422.483,298,500,2
6422.583,301,501,1
6422.683,292,497,4
6422.784,297,499,0
6422.884,301,498,1
6422.984,299,498,1
6423.083,298,497,2
6423.184,302,498,1
6423.283,296,498,0
6423.383,297,500,0
6423.484,294,501,1
6423.584,289,499,2
6423.683,294,498,1
6423.783,294,496,3
6423.882,295,496,0
6423.983,302,492,4
6424.083,300,493,1
6424.184,300,495,1
6424.283,292,492,3
6424.383,298,490,3
6424.484,287,492,1
6424.584,297,493,0
6424.683,295,491,2
6424.784,298,492,2
6424.884,291,491,3
6424.982,291,495,0
6425.083,299,492,4
6425.183,295,492,0
6425.284,283,488,5
6425.384,307,486,5
6425.484,301,488,1
6425.583,298,492,0
6425.683,294,493,1
6425.784,301,495,0
6425.883,298,494,1
6425.984,291,496,1
6426.083,300,497,0
6426.182,289,499,1
6426.284,296,496,3
6426.383,293,497,0
6426.484,290,496,2
6426.584,301,494,2
6426.683,300,493,1
6426.784,291,494,0
6426.883,305,495,0
6426.982,291,496,0
6427.083,302,498,1
6427.183,298,497,2
6427.282,301,498,2
6427.383,294,497,1
6427.483,294,497,1
6427.583,295,497,2
6427.682,296,499,0
6427.783,300,500,0
6427.884,299,499,2
6427.983,298,500,1
6428.085,301,499,1
6428.183,299,501,0
6428.283,297,503,0
6428.382,298,504,1
6428.484,289,502,2
6428.585,305,498,4
6428.685,296,498,2
6428.784,294,500,0
6428.885,294,501,2
6428.985,298,500,2
6429.085,300,498,3
6429.184,298,500,0
6429.286,294,500,1
6429.384,304,501,2
6429.485,295,500,2
6429.585,290,504,1
6429.683,304,507,0
6429.783,297,511,1
6429.885,297,509,3
6429.984,294,507,2
6430.083,297,508,0
6430.184,297,505,4
6430.284,300,503,2
6430.384,291,504,1
6430.485,294,506,0
6430.584,290,504,2
6430.685,290,505,2
6430.785,290,504,2
6430.883,296,505,0
6430.984,302,503,3
6431.086,286,500,3
6431.183,300,501,0
6431.285,294,498,3
6431.384,299,499,1
6431.485,298,501,0
6431.584,289,503,0
6431.685,295,501,2
6431.784,293,501,1
6431.883,295,504,0
6431.983,309,502,3
6432.086,299,500,3
6432.184,302,501,0
6432.285,293,499,3
6432.384,291,500,0
6432.483,290,501,1
6432.584,298,502,0
6432.684,288,501,4
6432.784,295,502,2
6432.885,292,505,0
6432.984,299,505,1
6433.083,297,504,2
6433.184,290,505,1
6433.285,298,505,2
6433.383,294,506,0
6433.484,289,506,0
6433.584,290,507,1
6433.684,290,507,2
6433.783,296,506,2
6433.885,288,508,1
6433.984,289,509,0
6434.084,297,508,2
6434.184,294,503,5
6434.284,302,504,0
6434.385,301,501,3
6434.485,301,502,0
6434.584,291,500,4
6434.685,299,498,4
6434.785,288,498,4
6434.883,299,501,0
6434.984,292,497,5
6435.085,292,499,0
6435.184,305,499,1
6435.286,304,498,2
6435.386,297,498,1
6435.486,295,497,1
6435.586,303,497,1
6435.686,301,494,5
6435.787,301,490,5
6435.885,304,492,0
6435.987,302,489,4
6436.086,292,492,1
6436.187,289,493,2
6436.287,306,495,1
6436.387,295,497,1
6436.487,294,498,0
6436.587,294,499,1
6436.687,301,499,1
6436.787,302,499,1
6436.886,293,499,1
6436.985,305,501,0
6437.086,290,504,1
6437.186,305,503,1
6437.287,305,504,1
6437.386,292,505,1
6437.486,290,505,1
6437.587,290,502,4
6437.687,298,502,1
6437.787,297,500,3
6437.887,294,499,1
6437.987,306,501,2
6438.086,298,501,1
6438.186,297,503,0
6438.286,289,504,0
6438.387,292,503,2
6438.485,300,504,0
6438.586,298,504,2
6438.686,296,503,3
6438.787,294,502,2
6438.885,287,501,1
6438.986,295,501,1
6439.087,293,498,4
6439.187,287,499,0
6439.287,296,498,1
6439.386,297,498,0
6439.487,298,497,3
6439.587,293,498,1
6439.687,294,495,5
6439.787,294,497,0
6439.886,287,497,1
6439.987,293,496,3
6440.086,291,496,0
6440.186,295,497,1
6440.288,293,494,3
6440.386,288,495,0
6440.487,305,491,4
6440.586,295,491,0
6440.686,297,492,1
6440.786,314,492,2
6440.886,299,493,2
6440.986,303,494,1
6441.086,293,491,4
6441.186,283,489,2
6441.286,297,488,2
6441.387,300,488,1
6441.486,290,483,5
6441.586,301,485,0
6441.686,301,484,2
6441.784,298,485,2
6441.886,292,484,1
6441.987,294,485,1
6442.087,297,486,0
6442.187,292,486,2
6442.286,297,486,0
6442.387,292,485,2
6442.486,288,487,0
6442.587,301,484,3
6442.685,293,482,3
6442.786,298,484,2
6442.885,302,485,1
6442.985,286,485,1
6443.085,292,483,2
6443.185,299,482,2
6443.285,286,485,1
6443.386,299,488,0
6443.485,290,489,1
6443.587,293,490,1
6443.686,305,491,0
6443.787,293,490,2
6443.887,293,491,0
6443.986,289,494,0
6444.086,295,492,2
6444.186,301,493,0
6444.287,301,492,3
6444.387,289,492,0
6444.486,294,492,0
6444.586,295,493,1
6444.686,301,494,1
6444.787,296,494,1
6444.885,292,495,0
6444.987,288,499,0
6445.086,297,496,4
6445.186,301,496,1
6445.287,302,499,0
6445.387,303,501,0
6445.487,307,501,2
6445.588,298,500,1
6445.687,301,502,0
6445.788,293,502,2
6445.888,304,501,2
6445.986,290,503,0
6446.088,298,507,0
6446.187,291,506,1
6446.288,299,509,0
6446.387,303,508,2
6446.487,301,507,3
6446.586,296,509,0
6446.687,292,507,3
6446.787,296,508,0
6446.887,302,510,1
6446.988,291,509,1
6447.088,294,513,0
6447.187,288,516,1
6447.288,290,513,4
6447.386,295,516,0
6447.487,300,515,3
6447.588,302,516,1
6447.688,296,514,2
6447.787,298,514,0
6447.889,293,510,5
6447.987,297,512,0
6448.087,295,510,3
6448.187,301,508,2
6448.286,294,512,0
6448.387,301,510,2
6448.489,304,509,4
6448.587,295,510,0
6448.688,304,508,4
6448.787,298,513,0
6448.888,303,513,2
6448.987,306,508,6
6449.088,292,511,0
6449.188,290,508,5
6449.287,292,508,0
6449.387,289,505,3
6449.488,304,506,2
6449.587,305,505,2
6449.689,297,506,0
6449.787,302,508,0
6449.887,291,507,1
6449.987,293,505,3
6450.088,289,507,0
6450.187,304,503,4
6450.288,291,502,3
6450.387,300,501,4
6450.487,297,502,0
6450.586,293,502,1
6450.687,301,500,2
6450.787,297,500,2
6450.887,289,500,0
6450.987,288,499,1
6451.086,283,498,2
6451.186,289,502,0
6451.287,299,501,5
6451.387,294,503,0
6451.488,298,505,0
6451.587,288,502,3
6451.687,292,502,1
6451.787,301,502,1
6451.888,294,501,4
6451.987,297,500,1
6452.087,287,498,2
6452.186,305,498,4
6452.289,296,495,4
6452.388,299,496,0
6452.487,298,496,0
6452.587,300,493,5
6452.687,296,491,2
6452.787,299,492,0
6452.888,299,486,7
6452.987,296,487,0
6453.088,301,486,1
6453.188,294,484,4
6453.288,297,487,0
6453.386,311,488,1
6453.488,299,488,2
6453.586,287,489,0
6453.689,294,489,1
6453.787,286,490,0
6453.887,295,489,1
6453.988,298,489,1
6454.087,294,488,1
6454.189,290,484,4
6454.288,292,485,0
6454.387,288,486,0
6454.487,301,487,1
6454.587,297,490,1
6454.688,296,487,3
6454.788,290,487,3
6454.888,306,489,0
6454.988,303,489,2
6455.088,286,489,1
6455.187,298,489,1
6455.286,294,490,0
6455.387,297,492,1
6455.488,302,492,1
6455.586,290,493,0
6455.689,293,491,5
6455.789,293,491,0
6455.89,298,491,2
6455.988,296,492,1
6456.09,287,491,2
6456.189,301,491,1
6456.29,304,488,5
6456.389,296,486,3
6456.49,295,486,0
6456.589,301,486,1
6456.69,301,488,0
6456.789,294,489,0
6456.89,292,491,0
6456.99,300,491,1
6457.089,310,493,0
6457.189,290,493,0
6457.29,293,493,1
6457.39,293,494,1
6457.489,290,495,2
6457.59,295,492,4
6457.689,297,495,0
6457.789,300,496,2
6457.889,291,492,5
6457.99,297,493,0
6458.088,290,497,0
6458.191,302,495,2
6458.289,289,495,2
6458.389,291,494,2
6458.49,293,494,2
6458.589,302,496,1
6458.689,291,500,0
6458.788,292,497,5
6458.888,294,498,0
6458.989,294,496,6
6459.089,304,499,0
6459.189,288,499,0
6459.289,294,500,0
6459.391,293,499,3
6459.489,300,503,0
6459.589,295,504,1
6459.689,300,504,2
6459.789,290,504,0
6459.89,303,506,0
6459.989,295,506,0
6460.09,309,501,6
6460.189,294,502,0
6460.29,296,501,1
6460.388,294,500,1
6460.489,299,499,2
6460.59,313,499,2
6460.689,292,499,1
6460.789,291,498,3
6460.888,286,497,2
6460.99,299,499,1
6461.091,292,498,4
6461.19,293,500,0
6461.291,299,497,3
6461.389,294,498,0
6461.49,296,499,1
6461.59,295,497,4
6461.69,289,500,1
6461.789,289,500,1
6461.891,290,501,0
6461.989,306,503,0
6462.09,295,500,6
6462.19,299,501,0
6462.29,303,499,2
6462.389,293,501,0
6462.489,300,501,1
6462.589,293,500,2
6462.689,304,501,2
6462.789,299,500,3
6462.889,297,501,0
6462.99,291,501,1
6463.09,290,504,0
6463.19,293,502,4
6463.289,279,504,0
6463.389,298,502,2
6463.489,296,503,0
6463.589,300,502,1
6463.69,299,496,6
6463.79,282,494,2
6463.889,289,494,2
6463.989,287,499,0
6464.089,295,496,4
6464.19,294,495,2
6464.29,291,496,1
6464.389,289,495,1
6464.491,293,496,3
6464.589,308,499,0
6464.689,300,498,3
6464.788,295,499,2
6464.89,297,503,0
6464.989,289,506,0
6465.09,299,505,2
6465.188,308,507,3
6465.289,297,506,1
6465.389,287,505,2
6465.49,291,502,5
6465.588,290,503,0
6465.688,291,503,1
6465.788,291,500,3
6465.889,309,504,0
6465.989,295,505,0
6466.09,294,505,0
6466.188,296,506,2
6466.289,302,505,2
6466.389,293,504,3
6466.49,297,501,4
6466.589,285,501,0
6466.689,290,502,0
6466.789,283,503,1
6466.889,296,505,1
6466.989,292,504,1
6467.091,281,501,4
6467.189,284,502,0
6467.288,298,501,2
6467.39,306,501,2
6467.489,291,501,0
6467.589,296,503,0
6467.689,290,503,1
6467.79,292,498,6
6467.889,293,499,0
6467.989,297,496,3
6468.089,298,496,2
6468.189,300,495,5
6468.289,290,499,0
6468.388,297,504,0
6468.489,293,503,1
6468.589,290,501,4
6468.69,281,500,2
6468.789,285,498,2
6468.89,299,496,4
6468.989,296,500,0
6469.09,300,498,2
6469.19,286,495,4
6469.29,297,495,4
6469.389,294,498,0
6469.49,288,498,3
6469.589,295,499,1
6469.688,300,500,1
6469.789,293,498,2
6469.89,301,497,3
6469.989,292,498,0
6470.089,289,497,1
6470.188,295,496,1
6470.29,298,496,2
6470.389,291,499,0
6470.489,291,497,2
6470.59,289,497,1
6470.69,295,496,2
6470.789,293,498,0
6470.889,291,498,1
6470.99,290,493,7
6471.09,301,493,3
6471.189,295,494,0
6471.291,289,489,7
6471.39,305,489,1
6471.49,291,494,0
6471.589,295,494,0
6471.689,299,494,2
6471.79,292,496,2
6471.889,296,496,0
6471.989,285,495,2
6472.089,296,494,2
6472.188,288,497,1
6472.289,300,498,2
6472.39,290,497,3
6472.489,290,498,0
6472.589,290,498,2
6472.689,301,499,2
6472.789,287,500,0
6472.89,297,500,3
6472.989,308,500,2
6473.09,290,498,3
6473.188,293,500,0
6473.289,299,505,0
6473.389,293,502,4
6473.489,295,505,0
6473.59,287,504,2
6473.689,301,505,0
6473.79,297,503,4
6473.89,295,502,2
6473.989,292,505,0
6474.088,296,506,1
6474.192,291,502,4
6474.288,292,505,0
6474.39,296,506,2
6474.489,298,508,0
6474.589,299,508,3
6474.691,299,504,4
6474.789,302,506,0
6474.889,298,508,2
6474.989,304,507,3
6475.089,290,508,1
6475.189,293,504,4
6475.29,300,506,1
6475.389,298,508,0
6475.489,301,508,0
6475.59,304,507,3
6475.689,305,508,0
6475.788,291,509,2
6475.889,296,508,1
6475.989,307,510,1
6476.089,293,508,3
6476.189,295,506,3
6476.289,291,508,0
6476.389,294,507,3
6476.49,288,508,1
6476.589,300,510,0
6476.69,292,507,4
6476.79,293,510,0
6476.889,303,507,3
6476.99,299,504,4
6477.091,293,501,3
6477.189,292,503,0
6477.29,296,502,3
6477.39,293,503,0
6477.489,289,505,1
6477.589,298,504,1
6477.69,302,504,1
6477.789,306,508,1
6477.889,293,507,1
6477.989,296,508,2
6478.089,305,509,0
6478.189,302,509,1
6478.29,288,510,0
6478.389,306,508,3
6478.489,302,509,0
6478.588,292,510,2
6478.689,292,507,3
6478.789,299,508,1
6478.889,308,510,0
6478.989,295,511,0
6479.089,289,509,2
6479.191,286,508,2
6479.29,295,506,5
6479.39,293,505,1
6479.49,304,508,0
6479.59,290,505,3
6479.689,291,509,0
6479.792,297,507,4
6479.89,306,506,3
6479.99,292,506,0
6480.09,297,506,1
6480.19,303,505,2
6480.29,287,505,0
6480.39,296,506,0
6480.491,304,503,4
6480.59,303,504,2
6480.69,292,508,0
6480.79,294,503,6
6480.89,302,505,0
6480.99,307,505,3
6481.089,303,507,0
6481.19,284,509,0
6481.29,292,509,0
6481.39,296,506,3
6481.49,294,506,2
6481.59,308,504,2
6481.69,300,507,2
6481.791,300,508,2
6481.89,287,508,1
6481.989,298,512,0
6482.091,299,512,3
6482.191,291,512,0
6482.29,303,512,0
6482.39,292,509,4
6482.492,301,505,5
6482.592,285,508,0
6482.691,305,507,3
6482.793,299,507,1
6482.893,297,507,2
6482.993,295,511,1
6483.091,304,510,2
6483.193,296,510,1
6483.292,293,513,1
6483.392,290,514,0
6483.493,291,511,3
6483.592,297,510,2
6483.692,289,510,1
6483.793,299,511,1
6483.892,302,512,0
6483.993,292,508,5
6484.095,290,505,4
6484.194,286,506,1
6484.294,293,505,1
6484.395,298,504,3
6484.495,300,504,2
6484.595,297,505,2
6484.695,293,504,3
6484.795,300,502,4
6484.898,300,503,0
6484.995,298,501,2
6485.094,297,497,5
6485.195,303,499,1
6485.295,292,499,0
6485.393,298,502,1
6485.494,287,500,4
6485.595,289,500,2
6485.695,299,504,0
6485.795,294,502,3
6485.895,298,503,1
6485.994,292,503,2
6486.095,309,503,1
6486.194,294,504,2
6486.294,293,503,2
6486.395,302,505,0
6486.494,299,507,1
6486.596,292,508,0
6486.696,301,509,3
6486.798,298,509,2
6486.896,287,507,2
6486.997,295,509,0
6487.096,292,509,1
6487.199,296,509,1
6487.296,303,509,0
6487.397,292,508,2
6487.497,291,506,4
6487.597,293,507,0
6487.698,302,505,3
6487.797,297,500,5
6487.897,293,504,0
6487.998,293,501,3
6488.098,291,500,3
6488.197,295,500,2
6488.298,286,502,0
6488.398,295,499,5
6488.497,295,501,1
6488.597,286,503,1
6488.697,302,503,1
6488.796,290,502,2
6488.897,285,503,1
6488.997,308,503,2
6489.098,290,504,1
6489.197,281,506,1
6489.298,300,508,0
6489.397,290,506,2
6489.499,294,508,3
6489.598,287,508,2
6489.698,295,504,4
6489.799,302,505,2
6489.897,298,505,1
6489.996,298,506,0
6490.097,297,503,6
6490.198,297,504,0
6490.298,293,504,1
6490.398,285,506,1
6490.498,305,504,3
6490.599,293,503,2
6490.698,288,504,0
6490.798,289,502,2
6490.897,302,505,0
6490.998,293,505,2
6491.097,292,508,1
6491.198,304,504,6
6491.298,287,505,0
6491.397,289,503,2
6491.496,292,504,1
6491.597,301,506,2
6491.697,296,506,1
6491.797,294,506,0
6491.898,294,507,2
6491.998,296,506,2
6492.098,300,508,0
6492.198,293,504,7
6492.298,302,506,0
6492.397,305,507,1
6492.496,296,507,0
6492.597,299,506,3
6492.697,297,505,1
6492.798,290,505,0
6492.897,295,502,3
6492.998,291,499,5
6493.095,293,500,0
6493.201,285,497,4
6493.298,301,500,0
6493.396,293,501,1
6493.497,293,503,1
6493.598,289,507,2
6493.698,296,507,2
6493.798,301,507,2
6493.897,309,509,0
6493.997,291,507,3
6494.097,288,505,2
6494.197,295,502,4
6494.298,298,505,0
6494.397,306,508,0
6494.498,288,507,2
6494.598,296,506,4
6494.698,296,508,2
6494.797,307,511,0
6494.898,296,513,1
6494.997,292,513,2
6495.097,295,512,2
6495.198,298,513,2
6495.297,291,513,2
6495.398,295,511,2
6495.497,289,512,1
6495.596,299,513,0
6495.697,306,511,2
6495.798,292,510,2
6495.896,300,511,0
6495.995,304,511,0
6496.098,308,504,7
6496.197,294,506,0
6496.298,302,506,1
6496.398,299,498,8
6496.498,301,498,1
6496.598,290,498,0
6496.697,298,496,4
6496.796,298,496,2
6496.898,294,496,3
6496.997,301,499,0
6497.098,301,499,2
6497.199,292,499,1
6497.297,301,501,0
6497.399,298,493,8
6497.497,286,494,0
6497.598,299,497,0
6497.697,307,496,2
6497.798,301,491,6
6497.897,306,492,0
6497.997,303,493,2
6498.097,295,496,3
6498.196,290,496,2
6498.296,299,495,1
6498.397,298,494,2
6498.496,290,492,3
6498.598,298,491,3
6498.698,291,491,1
6498.799,289,490,1
6498.898,301,490,2
6498.997,291,491,1
6499.097,296,494,0
6499.197,301,495,1
6499.297,283,494,2
6499.397,298,499,1
6499.497,301,498,2
6499.598,297,498,0
6499.697,296,497,1
6499.798,300,499,0
6499.897,302,500,0
6499.998,290,499,3
6500.098,306,500,0
6500.196,294,501,0
6500.297,296,503,0
6500.397,301,501,3
6500.498,288,504,0
6500.598,293,505,0
6500.696,296,504,1
6500.798,298,505,3
6500.897,298,506,2
6500.998,293,502,4
6501.098,302,500,2
6501.198,295,504,0
6501.297,298,507,0
6501.398,296,506,2
6501.497,301,506,1
6501.597,294,507,0
6501.696,298,507,1
6501.797,295,506,2
6501.897,294,506,1
6501.997,302,507,3
6502.097,292,507,1
6502.197,291,506,2
6502.298,297,507,3
6502.402,293,506,3
6502.501,296,504,3
6502.601,295,505,0
6502.7,284,505,0
6502.8,295,504,1
6502.901,288,506,0
6503.001,294,501,6
6503.101,291,501,1
6503.202,301,503,0
6503.3,300,501,4
6503.401,300,500,2
6503.501,300,499,1
6503.601,297,498,2
6503.701,289,501,1
6503.801,291,501,2
6503.9,306,500,4
6504.002,293,499,2
6504.101,304,500,1
6504.202,297,497,3
6504.301,299,496,3
6504.402,295,496,1
6504.502,303,495,1
6504.601,284,495,2
6504.701,305,492,3
6504.804,292,491,2
6504.902,295,491,0
6505.004,288,490,3
6505.106,292,491,1
6505.205,292,492,1
6505.304,293,490,3
6505.404,293,489,1
6505.503,301,491,0
6505.603,300,490,1
6505.704,300,491,0
6505.803,292,492,1
6505.903,302,492,2
6506.003,303,490,2
6506.104,305,492,1
6506.204,289,494,1
6506.304,289,492,3
6506.404,301,494,0
6506.503,305,498,0
6506.603,293,498,1
6506.704,289,497,3
6506.803,295,497,2
6506.904,295,495,3
6507.003,301,496,2
6507.102,298,494,3
6507.204,291,493,1
6507.303,288,494,1
6507.403,292,493,2
6507.503,302,492,3
6507.605,297,494,1
6507.705,305,495,0
6507.805,302,496,2
6507.904,298,496,2
6508.004,297,497,0
6508.105,296,497,0
6508.206,292,497,3
6508.304,300,497,0
6508.407,304,500,0
6508.505,302,498,3
6508.605,299,499,0
6508.704,295,502,0
6508.803,288,501,1
6508.905,302,497,5
6509.004,291,497,0
6509.104,294,497,0
6509.205,297,491,7
6509.304,295,491,0
6509.405,285,489,2
6509.504,292,485,4
6509.604,301,487,1
6509.703,289,489,0
6509.804,303,487,6
6509.905,304,491,1
6510.004,298,492,1
6510.104,281,492,1
6510.204,285,496,0
6510.305,311,497,2
6510.404,286,496,3
6510.504,290,497,1
6510.604,297,499,0
6510.704,289,500,1
6510.804,296,499,1
6510.903,298,499,3
6511.004,305,502,2
6511.104,298,503,0
6511.204,294,502,1
6511.304,301,503,0
6511.403,296,502,1
6511.505,294,504,1
6511.604,295,505,0
6511.704,299,504,1
6511.804,291,503,4
6511.904,302,505,0
6512.005,284,503,3
6512.105,291,502,2
6512.205,304,503,0
6512.304,298,502,2
6512.405,300,503,2
6512.504,291,504,1
6512.605,299,502,4
6512.704,301,504,1
6512.804,285,505,0
6512.904,288,503,4
6513.004,298,504,2
6513.104,292,502,2
6513.205,299,503,1
6513.304,303,505,0
6513.405,293,505,3
6513.504,310,506,0
6513.604,296,508,0
6513.703,295,508,3
6513.804,293,510,2
6513.904,285,509,2
6514.005,289,508,4
6514.104,296,509,0
6514.205,306,512,0
6514.304,300,513,0
6514.404,296,514,1
6514.504,290,516,0
6514.604,291,513,3
6514.704,307,512,1
6514.804,288,513,0
6514.906,293,511,5
6515.005,295,511,0
6515.104,285,508,3
6515.204,302,509,0
6515.304,294,509,0
6515.403,297,511,2
6515.504,302,510,3
6515.604,299,509,3
6515.704,302,509,2
6515.804,300,513,2
6515.904,284,512,2
6516.005,292,509,4
6516.104,294,516,0
6516.206,301,514,3
6516.304,295,515,0
6516.405,293,515,1
6516.504,300,515,1
6516.605,293,515,1
6516.705,293,513,4
6516.805,301,512,4
6516.904,298,513,0
6517.004,289,514,0
6517.104,299,514,1
6517.204,296,513,2
6517.304,291,509,4
6517.404,296,507,3
6517.505,295,503,5
6517.604,298,504,0
6517.704,293,504,2
6517.805,284,500,4
6517.905,300,501,0
6518.005,290,502,1
6518.106,307,500,3
6518.205,303,501,0
6518.304,302,503,0
6518.404,292,500,5
6518.505,289,499,2
6518.605,305,500,2
6518.704,290,501,0
6518.805,288,492,9
6518.904,298,493,0
6519.005,286,495,0
6519.104,311,500,0
6519.204,305,499,3
6519.306,297,498,2
6519.405,292,500,0
6519.505,309,504,0
6519.605,297,504,0
6519.704,291,502,3
6519.804,293,503,1
6519.904,285,505,1
6520.005,293,503,4
6520.102,303,504,0
6520.203,290,502,2
6520.304,301,501,2
6520.405,293,499,3
6520.504,293,502,0
6520.605,284,499,4
6520.704,301,499,0
6520.804,299,499,2
6520.904,297,501,0
6521.004,299,501,0
6521.104,289,502,1
6521.204,295,502,0
6521.304,289,498,5
6521.404,298,498,1
6521.504,291,497,1
6521.604,303,498,1
6521.704,293,499,1
6521.804,297,498,1
6521.904,293,500,0
6522.004,298,496,4
6522.105,292,492,6
6522.204,301,494,0
6522.304,302,494,4
6522.405,300,494,2
6522.506,293,494,5
6522.603,293,494,0
6522.703,288,496,0
6522.804,291,496,2
6522.905,296,494,2
6523.005,291,497,0
6523.105,293,495,4
6523.205,300,496,0
6523.305,285,498,1
6523.404,294,499,0
6523.505,297,497,2
6523.605,298,497,0
6523.704,295,498,0
6523.805,297,500,1
6523.903,286,505,0
6524.005,302,503,3
6524.103,290,505,0
6524.205,287,506,1
6524.304,300,507,0
6524.405,293,505,3
6524.504,301,506,0
6524.604,292,505,1
6524.704,293,506,3
6524.805,302,500,6
6524.905,292,499,2
6525.004,296,503,0
6525.105,282,503,0
6525.204,291,503,1
6525.304,298,501,2
6525.406,304,500,2
6525.504,300,501,0
6525.604,295,498,3
6525.704,294,498,1
6525.804,298,499,0
6525.904,291,499,2
6526.004,296,498,1
6526.104,291,496,4
6526.205,285,495,3
6526.303,297,496,0
6526.404,291,493,4
6526.504,295,493,1
6526.604,301,496,1
6526.705,290,496,0
6526.804,294,496,0
6526.904,295,492,4
6527.004,290,494,0
6527.104,301,491,4
6527.205,292,493,0
6527.305,290,493,2
6527.405,296,496,0
6527.506,298,496,4
6527.605,294,497,2
6527.704,302,498,0
6527.804,305,499,3
6527.904,292,499,1
6528.008,294,497,5
6528.104,293,499,0
6528.205,291,498,5
6528.304,290,500,0
6528.404,292,500,0
6528.504,290,498,2
6528.604,293,498,1
6528.704,295,502,0
6528.803,297,503,1
6528.903,300,501,3
6529.003,293,500,3
6529.106,300,500,2
6529.203,290,502,0
6529.304,290,502,1
6529.404,294,504,0
6529.504,292,505,2
6529.607,294,500,6
6529.706,287,501,1
6529.806,301,502,0
6529.906,302,502,0
6530.006,287,502,1
6530.106,297,501,2
6530.205,310,503,0
6530.304,289,501,2
6530.406,294,498,3
6530.506,296,503,0
6530.605,297,500,4
6530.705,295,497,4
6530.806,294,496,3
6530.907,292,497,0
6531.007,293,497,0
6531.105,298,490,7
6531.206,306,491,1
6531.306,311,491,1
6531.407,291,493,2
6531.507,297,496,1
6531.605,289,498,0
6531.705,290,496,5
6531.805,285,496,2
6531.904,283,494,2
6532.006,287,493,1
6532.105,297,493,0
6532.205,299,493,1
6532.305,287,492,2
6532.405,298,494,2
6532.506,293,491,5
6532.607,294,495,0
6532.706,293,495,0
6532.807,287,495,2
6532.904,295,497,0
6533.006,298,499,1
6533.105,290,498,2
6533.206,295,497,3
6533.305,302,498,0
6533.405,308,498,0
6533.506,295,495,3
6533.607,313,494,5
6533.706,297,493,2
6533.806,296,496,0
6533.905,296,495,1
6534.006,288,493,2
6534.106,298,495,0
6534.205,292,495,0
6534.305,295,495,2
6534.405,294,496,1
6534.505,299,496,1
6534.605,293,495,2
6534.704,282,494,2
6534.805,303,494,2
6534.906,302,496,1
6535.004,287,497,0
6535.105,300,496,3
6535.205,293,497,0
6535.304,295,499,1
6535.406,301,497,4
6535.505,291,500,0
6535.606,291,499,2
6535.705,295,496,4
6535.805,304,499,0
6535.905,300,496,4
6536.005,301,498,0
6536.105,288,495,3
6536.205,284,496,0
6536.305,288,497,0
6536.404,304,496,2
6536.505,298,498,0
6536.605,288,497,1
6536.705,300,496,2
6536.806,301,495,2
6536.905,291,491,4
6537.005,298,492,1
6537.106,294,495,0
6537.205,295,496,0
6537.305,290,495,2
6537.405,292,496,1
6537.505,297,496,2
6537.605,290,493,3
6537.705,284,491,3
6537.805,286,493,0
6537.905,300,494,1
6538.005,287,493,3
6538.105,307,497,0
6538.205,291,495,4
6538.305,299,493,5
6538.405,295,494,0
6538.505,295,491,4
6538.605,295,491,0
6538.705,289,492,0
6538.805,284,489,4
6538.905,296,489,1
6539.005,285,489,1
6539.105,299,490,1
6539.205,297,492,1
6539.304,298,492,1
6539.405,284,489,3
6539.505,289,489,0
6539.605,297,489,2
6539.705,299,490,0
6539.805,298,492,1
6539.905,288,492,2
6540.005,301,500,0
6540.105,292,500,1
6540.205,305,501,3
6540.305,290,496,5
6540.405,301,495,2
6540.505,296,493,2
6540.605,292,494,1
6540.704,291,494,2
6540.805,299,492,2
6540.905,298,493,1
6541.004,298,498,0
6541.104,287,499,0
6541.205,296,501,1
6541.306,290,498,4
6541.406,291,496,2
6541.505,301,500,0
6541.605,297,502,0
6541.705,303,501,1
6541.805,293,500,2
6541.905,301,497,3
6542.005,298,499,1
6542.106,301,497,5
6542.205,299,500,0
6542.305,296,498,3
6542.406,298,498,0
6542.505,299,498,0
6542.605,296,498,0
6542.706,300,491,8
6542.805,296,491,0
6542.905,297,491,2
6543.005,312,493,0
6543.104,293,491,4
6543.206,298,489,3
6543.304,293,490,0
6543.405,292,491,1
6543.505,291,491,1
6543.606,301,493,1
6543.705,300,492,2
6543.806,295,493,2
6543.905,301,494,0
6544.005,298,490,4
6544.105,296,492,0
6544.206,299,491,1
6544.305,299,492,0
6544.406,293,493,2
6544.504,297,493,0
6544.607,300,490,5
6544.705,296,491,0
6544.804,298,494,0
6544.905,299,497,0
6545.005,292,497,0
6545.104,296,497,2
6545.205,296,497,1
6545.306,301,498,2
6545.404,297,500,0
6545.505,306,501,1
6545.606,295,500,1
6545.705,285,501,0
6545.805,297,502,1
6545.905,301,503,0
6546.005,296,505,0
6546.105,306,509,0
6546.205,290,511,0
6546.306,294,511,3
6546.404,294,511,0
6546.505,295,513,1
6546.606,296,513,3
6546.705,295,513,1
6546.805,302,512,2
6546.905,290,511,3
6547.005,289,510,1
6547.105,296,511,1
6547.206,304,510,4
6547.305,294,509,2
6547.405,294,508,1
6547.506,302,505,6
6547.605,304,507,0
6547.706,288,507,2
6547.805,302,506,2
6547.905,301,508,0
6548.005,301,506,2
6548.105,290,507,2
6548.206,292,505,3
6548.306,296,506,0
6548.405,300,503,4
6548.505,299,503,0
6548.604,306,503,0
6548.704,301,503,1
6548.804,293,503,1
6548.904,292,505,0
6549.005,288,505,0
6549.105,296,504,3
6549.205,301,502,5
6549.305,299,501,1
6549.405,304,500,3
6549.506,301,500,2
6549.605,294,503,0
6549.705,303,499,6
6549.805,291,499,2
6549.905,293,502,0
6550.005,296,504,2
6550.105,297,504,1
6550.205,295,504,1
6550.306,301,501,4
6550.405,302,502,0
6550.505,289,503,1
6550.605,295,503,2
6550.705,300,500,3
6550.804,282,499,1
6550.905,289,500,2
6551.006,294,500,0
6551.105,289,502,0
6551.205,303,503,2
6551.305,293,501,2
6551.405,296,502,1
6551.505,289,502,0
6551.605,302,504,1
6551.704,303,505,0
6551.805,300,504,3
6551.905,298,505,2
6552.005,289,506,0
6552.105,302,506,1
6552.203,291,505,1
6552.305,297,500,5
6552.407,297,499,3
6552.505,286,499,0
6552.604,297,499,1
6552.705,302,500,1
6552.805,293,502,3
6552.905,290,502,1
6553.006,301,505,4
6553.105,292,507,0
6553.206,305,503,4
6553.305,283,503,0
6553.405,299,505,0
6553.506,295,503,4
6553.605,295,504,0
6553.705,300,506,0
6553.805,300,505,2
6553.905,299,505,0
6554.006,295,504,3
6554.105,294,503,2
6554.205,295,505,1
6554.305,301,505,2
6554.405,308,508,0
6554.504,300,507,1
6554.606,299,502,5
6554.705,296,501,1
6554.805,302,505,0
6554.905,293,505,1
6555.006,293,502,3
6555.105,292,502,0
6555.205,297,501,1
6555.305,316,503,0
6555.406,295,504,0
6555.505,304,501,4
6555.605,291,499,3
6555.705,301,500,0
6555.805,300,498,3
6555.905,298,501,2
6556.005,299,501,0
6556.105,291,500,3
6556.205,293,500,4
6556.305,296,499,1
6556.405,300,498,1
6556.505,296,500,1
6556.604,288,499,3
6556.706,286,499,1
6556.804,295,499,0
6556.905,294,499,2
6557.006,299,500,1
6557.105,292,501,1
6557.206,299,500,3
6557.305,302,501,0
6557.406,292,500,3
6557.505,299,504,0
6557.606,296,505,0
6557.705,296,505,1
6557.806,313,505,1
6557.905,291,505,0
6558.005,295,507,0
6558.105,299,505,2
6558.205,294,505,0
6558.305,294,502,3
6558.405,292,499,3
6558.505,290,496,3
6558.605,289,496,1
6558.705,295,496,2
6558.805,298,496,0
6558.905,300,498,1
6559.006,291,496,3
6559.106,294,496,2
6559.206,296,494,3
6559.305,289,498,0
6559.405,303,501,0
6559.505,295,502,1
6559.605,298,495,7
6559.704,304,498,0
6559.807,295,494,4
6559.906,293,494,2
6560.004,303,496,0
6560.106,293,498,3
6560.206,292,500,0
6560.306,294,497,3
6560.406,298,501,0
6560.506,289,495,7
6560.606,289,496,0
6560.705,294,495,3
6560.805,301,496,1
6560.906,301,498,1
6561.006,300,497,4
6561.106,294,496,1
6561.206,291,496,2
6561.306,290,496,0
6561.406,301,497,3
6561.506,297,498,0
6561.606,288,498,0
6561.706,284,497,2
6561.806,291,499,2
6561.906,304,499,2
6562.006,290,499,0
6562.106,293,501,1
6562.206,303,498,3
6562.305,284,497,2
6562.406,291,496,2
6562.506,293,496,1
6562.606,294,497,2
6562.706,296,494,4
6562.806,296,498,0
6562.906,293,499,1
6563.006,296,497,2
6563.106,293,499,0
6563.206,291,498,1
6563.306,301,501,1
6563.406,298,504,0
6563.506,299,502,4
6563.606,299,501,2
6563.706,292,496,5
6563.807,295,498,0
6563.906,290,499,0
6564.006,301,498,2
6564.106,299,498,1
6564.206,293,496,2
6564.307,291,493,4
6564.406,293,494,0
6564.506,303,493,2
6564.605,295,491,2
6564.705,290,489,3
6564.807,295,490,2
6564.906,300,490,0
6565.006,290,487,3
6565.106,285,489,1
6565.206,298,488,1
6565.306,298,490,2
6565.407,285,489,1
6565.505,296,490,0
6565.607,286,488,3
6565.706,291,488,0
6565.806,296,488,1
6565.906,296,486,4
6566.006,294,486,2
6566.105,295,489,0
6566.206,295,488,2
6566.306,294,490,1
6566.406,294,489,2
6566.505,295,487,3
6566.606,300,485,3
6566.704,301,486,1
6566.806,293,487,0
6566.906,294,489,0
6567.006,296,493,0
6567.106,301,494,1
6567.206,288,495,1
6567.306,296,494,2
6567.404,307,494,1
6567.506,296,493,2
6567.606,293,491,3
6567.706,297,491,2
6567.807,291,493,0
6567.905,284,495,1
6568.007,299,497,0
6568.106,301,499,0
6568.206,303,498,3
6568.306,300,498,1
6568.407,298,499,4
6568.506,292,499,1
6568.606,290,501,0
6568.706,290,502,0
6568.806,295,503,0
6568.906,289,501,2
6569.005,288,499,2
6569.107,289,498,2
6569.206,302,498,0
6569.307,294,500,1
6569.407,296,500,0
6569.506,295,501,1
6569.605,297,502,0
6569.706,297,500,4
6569.807,301,501,1
6569.906,300,501,0
6570.006,290,504,0
6570.105,301,506,2
6570.208,296,504,3
6570.307,293,501,3
6570.408,301,505,0
6570.508,297,506,1
6570.607,288,507,1
6570.708,297,505,3
6570.806,298,506,0
6570.907,304,504,3
6571.007,295,506,0
6571.108,292,504,2
6571.207,289,501,3
6571.307,311,497,5
6571.407,298,498,0
6571.508,310,497,3
6571.608,299,498,3
6571.708,285,499,1
6571.808,297,500,1
6571.907,301,500,1
6572.008,300,500,0
6572.107,299,501,0
6572.207,292,500,2
6572.308,297,500,2
6572.408,298,501,1
6572.508,290,500,1
6572.607,294,501,1
6572.707,296,502,1
6572.806,289,504,0
6572.909,291,501,3
6573.011,296,503,1
6573.109,299,502,2
6573.209,303,503,1
6573.308,294,504,0
6573.409,292,502,5
6573.508,299,504,0
6573.611,302,501,3
6573.711,295,504,0
6573.808,309,504,1
6573.908,290,504,2
6574.008,305,501,3
6574.108,293,503,0
6574.208,292,499,5
6574.308,295,499,3
6574.408,308,502,2
6574.508,289,503,0
6574.608,300,502,2
6574.708,296,498,5
6574.809,297,500,2
6574.908,306,501,2
6575.007,302,503,0
6575.108,291,504,2
6575.208,295,503,1
6575.307,303,506,0
6575.408,304,505,1
6575.507,294,506,3
6575.607,293,507,0
6575.708,293,508,2
6575.807,298,507,2
6575.908,293,510,0
6576.009,299,514,0
6576.108,301,513,2
6576.208,292,513,1
6576.308,293,513,1
6576.409,291,512,1
6576.508,290,509,3
6576.61,293,508,2
6576.708,292,507,1
6576.809,294,505,4
6576.908,297,505,0
6577.008,298,504,2
6577.109,299,500,5
6577.209,285,500,1
6577.308,293,501,0
6577.408,291,500,1
6577.508,293,498,3
6577.608,309,500,1
6577.708,287,500,2
6577.808,287,499,2
6577.906,300,499,1
6578.009,295,493,6
6578.108,297,494,0
6578.208,287,491,3
6578.307,307,492,0
6578.408,296,489,5
6578.508,301,487,5
6578.608,291,487,0
6578.708,283,487,0
6578.808,296,485,5
6578.907,301,487,0
6579.009,292,489,0
6579.107,298,487,4
6579.207,298,490,1
6579.308,290,490,0
6579.407,299,493,1
6579.508,297,493,1
6579.61,289,494,1
6579.707,304,495,1
6579.809,286,496,1
6579.908,306,498,2
6580.009,298,500,0
6580.108,288,501,0
6580.208,286,504,0
6580.308,295,505,1
6580.408,291,508,0
6580.508,298,506,4
6580.608,300,506,1
6580.709,297,506,2
6580.809,295,507,1
6580.908,298,508,2
6581.008,311,511,0
6581.109,292,510,1
6581.209,290,512,0
6581.309,295,513,1
6581.408,294,513,0
6581.508,289,513,3
6581.608,304,512,1
6581.708,288,512,1
6581.808,297,510,2
6581.908,297,504,6
6582.008,302,506,0
6582.108,292,503,4
6582.209,293,504,1
6582.308,294,505,0
6582.409,295,503,4
6582.508,298,503,0
6582.608,299,505,0
6582.708,294,506,1
6582.808,306,506,0
6582.907,304,507,1
6583.008,292,505,2
6583.109,291,503,2
6583.208,292,505,0
6583.307,291,503,2
6583.408,298,502,2
6583.508,284,501,1
6583.608,294,501,2
6583.708,291,499,4
6583.808,298,498,3
6583.908,297,498,2
6584.008,297,499,2
6584.108,292,498,3
6584.208,309,497,1
6584.308,285,495,2
6584.408,296,493,2
6584.509,302,491,5
6584.608,288,493,0
6584.708,298,491,2
6584.809,294,491,3
6584.908,301,492,0
6585.008,298,492,0
6585.108,298,492,2
6585.208,298,491,1
6585.308,289,491,5
6585.408,299,494,2
6585.508,291,494,2
6585.608,298,496,1
6585.708,293,497,0
6585.808,297,493,4
6585.908,306,488,5
6586.008,292,489,0
6586.108,291,489,0
6586.208,305,489,1
6586.308,290,490,1
6586.408,292,491,0
6586.508,300,494,1
6586.607,288,494,0
6586.708,297,493,3
6586.808,294,492,3
6586.908,294,493,2
6587.008,297,493,2
6587.108,296,495,1
6587.208,298,495,1
6587.307,296,496,1
6587.408,299,496,0
6587.508,295,499,0
6587.61,296,494,6
6587.708,289,495,0
6587.808,296,495,0
6587.908,304,492,4
6588.008,303,496,0
6588.109,292,495,2
6588.208,297,495,0
6588.308,292,496,0
6588.407,290,493,4
6588.508,301,490,3
6588.608,301,491,1
6588.708,307,492,0
6588.809,293,491,1
6588.908,301,494,0
6589.008,293,496,1
6589.108,286,499,1
6589.208,292,500,0
6589.308,302,499,3
6589.408,296,498,2
6589.508,296,497,1
6589.609,301,494,5
6589.709,295,492,4
6589.808,305,493,0
6589.908,293,494,1
6590.008,296,493,2
6590.108,304,493,2
6590.208,298,491,3
6590.308,295,490,2
6590.409,289,491,0
6590.508,305,491,0
6590.609,296,489,3
6590.708,291,491,0
6590.807,302,490,1
6590.908,288,492,0
6591.008,300,492,1
6591.107,293,491,1
6591.207,292,489,2
6591.307,283,489,1
6591.407,293,489,0
6591.508,290,491,0
6591.608,288,490,2
6591.708,282,489,2
6591.809,288,488,1
6591.908,292,491,0
6592.009,291,488,3
6592.108,298,489,0
6592.209,292,485,6
6592.308,302,487,0
6592.409,297,484,6
6592.509,292,486,0
6592.609,304,487,0
6592.709,286,489,0
6592.809,292,490,1
6592.909,288,493,1
6593.009,289,496,0
6593.109,297,495,3
6593.209,304,497,1
6593.309,298,497,1
6593.409,294,500,0
6593.51,303,497,3
6593.609,303,500,0
6593.71,296,495,5
6593.809,300,496,1
6593.909,296,496,1
6594.008,296,497,0
6594.109,300,496,2
6594.209,295,498,0
6594.309,298,498,2
6594.409,293,502,0
6594.509,307,500,5
6594.609,298,499,1
6594.709,296,502,0
6594.809,296,502,0
6594.909,301,504,0
6595.008,290,505,0
6595.109,308,504,3
6595.21,295,507,1
6595.308,298,507,0
6595.409,300,506,3
6595.509,296,506,2
6595.609,305,506,2
6595.709,303,505,1
6595.809,290,505,2
6595.909,293,508,0
6596.009,290,507,2
6596.108,287,506,2
6596.209,286,502,5
6596.309,301,503,0
6596.41,296,500,5
6596.509,285,501,0
6596.609,299,505,0
6596.709,294,506,1
6596.809,297,505,1
6596.909,303,505,1
6597.01,297,504,2
6597.109,300,505,0
6597.209,300,507,0
6597.308,290,506,3
6597.409,302,505,3
6597.509,301,503,3
6597.608,298,503,3
6597.709,290,503,1
6597.809,295,500,3
6597.909,286,501,0
6598.01,291,503,3
6598.109,290,504,0
6598.209,294,504,1
6598.309,300,503,3
6598.409,303,507,0
6598.508,291,507,1
6598.608,296,506,2
6598.708,297,508,1
6598.81,298,504,6
6598.91,291,503,2
6599.01,297,503,0
6599.109,285,502,1
6599.209,295,504,0
6599.309,283,506,0
6599.408,297,506,1
6599.509,302,507,1
6599.609,306,509,1
6599.709,301,508,3
6599.81,298,509,0
6599.909,292,509,0
6600.008,305,505,4
6600.109,296,505,3
6600.209,296,507,0
6600.309,290,503,6
6600.408,297,509,0
6600.509,301,510,3
6600.61,300,506,4
6600.709,293,511,0
6600.808,297,514,0
6600.909,298,515,1
6601.01,295,517,1
6601.109,298,518,3
6601.21,289,512,6
6601.309,304,512,0
6601.408,296,512,0
6601.509,305,509,4
6601.609,298,509,2
6601.709,297,507,4
6601.809,295,508,0
6601.909,293,507,2
6602.01,293,505,2
6602.109,295,504,1
6602.209,301,503,3
6602.309,299,503,1
6602.41,286,501,3
6602.508,304,502,0
6602.609,296,505,1
6602.709,293,506,1
6602.809,298,506,2
6602.908,297,506,1
6603.011,291,506,1
6603.109,289,508,0
6603.209,293,504,5
6603.309,292,503,3
6603.409,300,501,3
6603.509,295,504,0
6603.61,293,501,4
6603.709,306,500,3
6603.809,295,497,6
6603.909,293,499,0
6604.009,294,501,2
6604.108,295,501,2
6604.209,288,497,4
6604.309,297,495,2
6604.409,293,490,5
6604.509,294,490,0
6604.609,300,495,0
6604.709,302,494,1
6604.809,300,499,0
6604.909,295,498,1
6605.009,303,497,1
6605.109,301,497,0
6605.209,299,498,0
6605.309,294,499,1
6605.41,295,499,2
6605.509,292,498,2
6605.609,300,501,0
6605.709,298,499,3
6605.809,300,500,1
6605.909,293,498,4
6606.009,294,499,0
6606.108,293,502,1
6606.209,299,502,1
6606.309,295,503,0
6606.409,306,501,2
6606.508,299,502,1
6606.611,299,502,4
6606.709,302,502,0
6606.809,300,502,0
6606.909,301,501,4
6607.009,301,503,1
6607.109,302,503,2
6607.209,300,503,0
6607.309,291,503,0
6607.409,290,503,0
6607.509,300,503,1
6607.608,285,503,1
6607.709,297,503,2
6607.81,289,501,3
6607.909,299,504,0
6608.01,298,507,1
6608.109,296,508,0
6608.209,300,509,0
6608.308,292,511,1
6608.41,305,510,3
6608.508,296,509,2
6608.609,289,508,2
6608.709,302,508,3
6608.81,295,503,6
6608.909,301,505,0
6609.01,295,505,3
6609.109,297,505,3
6609.21,304,503,3
6609.309,299,504,0
6609.409,290,504,1
6609.509,306,502,3
6609.61,288,505,0
6609.709,293,502,6
6609.809,303,502,0
6609.909,293,502,1
6610.009,292,498,4
6610.109,296,497,3
6610.209,299,496,2
6610.31,296,500,0
6610.409,301,504,0
6610.509,292,503,2
6610.61,298,503,2
6610.709,296,505,0
6610.809,299,507,1
6610.909,292,508,1
6611.008,300,505,4
6611.109,294,503,3
6611.21,295,501,4
6611.309,301,502,2
6611.409,293,506,0
6611.509,304,507,2
6611.609,295,508,0
6611.709,297,507,1
6611.81,303,507,3
6611.908,304,507,1
6612.009,298,505,2
6612.109,291,504,3
6612.208,304,505,1
6612.311,299,505,2
6612.409,303,506,0
6612.509,300,503,3
6612.61,288,501,3
6612.708,296,501,1
6612.81,300,496,5
6612.91,293,498,2
6613.009,291,498,0
6613.109,296,499,0
6613.208,295,498,1
6613.31,295,499,1
6613.41,302,495,5
6613.509,288,495,0
6613.61,295,496,0
6613.709,297,494,2
6613.809,281,495,0
6613.91,300,496,2
6614.009,295,496,1
6614.109,297,497,0
6614.209,298,498,0
6614.309,302,498,1
6614.41,304,493,5
6614.509,295,495,0
6614.608,297,492,3
6614.708,299,493,0
6614.809,301,494,1
6614.91,292,489,5
6615.009,298,489,0
6615.109,299,489,2
6615.209,301,488,4
6615.309,294,490,0
6615.409,298,487,5
6615.509,293,486,1
6615.609,305,486,2
6615.709,296,488,2
6615.81,307,490,0
6615.909,297,491,3
6616.009,294,491,2
6616.108,306,494,0
6616.209,298,495,1
6616.309,292,495,0
6616.41,300,497,1
6616.509,299,497,1
6616.609,299,497,0
6616.709,289,496,1
6616.809,297,501,0
6616.909,298,500,1
6617.008,295,497,4
6617.11,296,495,2
6617.209,296,496,0
6617.309,303,497,1
6617.409,298,498,1
6617.509,300,501,1
6617.609,296,500,4
6617.709,292,499,2
6617.809,302,500,0
6617.909,290,500,3
6618.009,296,501,0
6618.108,286,500,2
6618.21,290,499,3
6618.309,307,500,0
6618.409,306,502,1
6618.51,293,501,2
6618.609,305,503,0
6618.709,294,500,3
6618.808,294,500,3
6618.909,289,498,2
6619.01,294,493,5
6619.109,280,490,3
6619.21,300,491,1
6619.309,288,492,0
6619.41,293,492,1
6619.509,284,491,4
6619.609,294,492,0
6619.709,294,492,0
6619.809,302,492,0
6619.91,289,490,6
6620.008,309,490,0
6620.109,305,492,1
6620.21,295,490,3
6620.309,300,492,0
6620.409,295,492,1
6620.509,291,494,0
6620.609,296,491,3
6620.708,302,491,1
6620.81,291,493,0
6620.908,300,495,0
6621.009,292,495,2
6621.11,298,494,2
6621.208,289,497,0
6621.309,286,499,0
6621.41,308,499,2
6621.509,294,500,0
6621.61,290,499,3
6621.709,294,501,0
6621.809,292,500,1
6621.909,305,501,0
6622.009,307,503,0
6622.109,291,502,1
6622.21,299,502,0
6622.309,293,502,1
6622.409,304,502,1
6622.509,287,500,2
6622.609,292,500,3
6622.709,286,502,0
6622.809,301,503,0
6622.91,287,501,3
6623.009,290,502,1
6623.108,295,504,0
6623.209,294,502,4
6623.31,290,499,3
6623.411,292,500,3
6623.51,295,499,2
6623.611,291,500,1
6623.709,295,501,2
6623.811,291,502,2
6623.909,296,502,1
6624.011,294,501,2
6624.11,285,503,0
6624.21,295,501,5
6624.312,300,499,3
6624.411,304,498,3
6624.51,298,497,3
6624.612,292,495,3
6624.711,296,496,1
6624.811,306,497,1
6624.914,284,496,3
6625.015,298,495,3
6625.115,306,496,0
6625.214,297,499,0
6625.314,284,502,1
6625.415,305,503,1
6625.514,289,505,0
6625.614,287,499,6
6625.714,294,501,0
6625.815,285,501,0
6625.914,296,501,1
6626.014,295,501,1
6626.115,300,502,1
6626.215,282,504,0
6626.313,303,508,0
6626.414,299,504,5
6626.514,307,504,2
6626.615,299,502,3
6626.714,303,502,2
6626.815,292,502,0
6626.913,294,502,2
6627.014,300,504,0
6627.114,295,503,2
6627.214,294,501,3
6627.314,296,502,1
6627.414,310,502,1
6627.514,293,499,3
6627.613,293,501,0
6627.713,296,504,1
6627.814,284,503,2
6627.914,293,504,0
6628.014,297,506,2
6628.114,297,504,3
6628.213,286,503,2
6628.315,293,501,4
6628.413,294,504,0
6628.513,302,506,0
6628.614,301,505,3
6628.714,299,505,1
6628.814,299,503,2
6628.914,289,502,3
6629.014,294,503,0
6629.113,289,503,1
6629.215,297,502,2
6629.314,285,498,5
6629.414,292,498,0
6629.515,295,497,2
6629.615,293,500,0
6629.714,289,500,3
6629.814,296,500,1
6629.914,299,497,4
6630.013,293,497,0
6630.114,300,497,2
6630.216,288,495,3
6630.314,307,497,0
6630.414,299,497,3
6630.514,290,497,2
6630.614,292,497,2
6630.714,297,496,3
6630.814,304,497,0
6630.914,295,499,0
6631.014,297,500,1
6631.114,298,496,4
6631.213,284,497,0
6631.314,299,495,2
6631.414,294,492,4
6631.514,301,493,2
6631.615,290,491,4
6631.714,294,494,0
6631.814,295,493,2
6631.914,300,496,0
6632.014,285,497,0
6632.114,294,502,0
6632.214,293,503,0
6632.314,307,501,3
6632.414,291,501,1
6632.514,307,502,1
6632.614,295,502,1
6632.714,298,501,1
6632.815,302,501,4
6632.914,294,503,0
6633.014,306,502,5
6633.114,295,504,0
6633.214,295,502,3
6633.314,302,502,1
6633.414,301,499,5
6633.514,292,500,1
6633.615,296,499,2
6633.714,295,501,0
6633.814,292,502,3
6633.916,295,499,5
6634.016,299,497,3
6634.115,298,499,1
6634.215,291,499,2
6634.316,288,500,0
6634.415,298,499,1
6634.515,298,500,1
6634.615,294,501,0
6634.715,297,501,1
6634.816,293,500,2
6634.915,290,499,1
6635.016,300,500,1
6635.115,291,498,3
6635.215,294,500,1
6635.315,292,502,1
6635.417,307,501,2
6635.517,299,500,3
6635.616,289,501,0
6635.716,304,499,3
6635.816,295,500,0
6635.916,296,502,0
6636.016,283,500,4
6636.116,302,498,2
6636.216,295,498,1
6636.316,292,498,2
6636.417,304,501,1
6636.516,290,499,2
6636.614,295,500,0
6636.715,305,499,3
6636.816,288,499,2
6636.917,298,500,1
6637.018,296,501,1
6637.116,289,498,3
6637.216,293,500,0
6637.316,302,502,0
6637.417,293,500,4
6637.516,293,499,1
6637.617,288,496,3
6637.715,295,496,0
6637.817,288,499,0
6637.916,296,499,1
6638.015,285,499,0
6638.115,293,498,3
6638.215,312,500,0
6638.316,303,493,8
6638.417,286,494,0
6638.516,291,496,1
6638.616,303,497,2
6638.716,298,497,1
6638.815,293,496,2
6638.916,301,495,3
6639.016,282,491,5
6639.116,292,491,3
6639.217,294,489,2
6639.316,290,494,0
6639.415,300,496,1
6639.516,297,494,4
6639.615,292,497,1
6639.716,289,497,3
6639.815,291,499,0
6639.916,295,500,3
6640.017,291,501,0
6640.116,297,500,2
6640.215,292,498,2
6640.315,297,497,2
6640.415,293,494,4
6640.516,296,493,3
6640.616,292,496,0
6640.715,287,497,1
6640.816,307,497,0
6640.916,305,500,1
6641.015,286,500,1
6641.116,301,496,6
6641.217,299,494,2
6641.316,288,496,0
6641.416,299,499,1
6641.516,282,498,1
6641.616,291,497,2
6641.717,303,496,3
6641.817,301,499,0
6641.916,296,502,0
6642.016,296,499,3
6642.114,298,504,0
6642.216,297,503,2
6642.316,298,505,0
6642.417,305,502,7
6642.516,292,502,0
6642.616,302,496,7
6642.714,291,498,0
6642.816,288,495,4
6642.916,303,497,0
6643.016,293,497,2
6643.116,299,497,3
6643.216,279,496,1
6643.316,295,498,0
6643.417,299,498,1
6643.514,295,499,0
6643.616,292,500,1
6643.715,292,500,1
6643.817,300,497,3
6643.917,300,496,2
6644.015,292,497,0
6644.116,295,497,2
6644.218,297,500,2
6644.318,284,502,0
6644.418,297,503,0
6644.518,301,504,1
6644.617,294,504,2
6644.717,291,507,0
6644.818,291,503,4
6644.917,295,501,4
6645.017,303,502,2
6645.116,291,499,4
6645.218,290,499,1
6645.317,297,501,0
6645.417,300,508,0
6645.516,291,507,2
6645.617,294,507,0
6645.716,293,508,1
6645.817,287,508,1
6645.917,294,508,1
6646.017,294,505,3
6646.116,295,510,0
6646.217,302,508,4
6646.318,282,505,4
6646.418,293,505,1
6646.517,298,504,3
6646.617,290,504,3
6646.717,296,504,1
6646.817,302,505,0
6646.918,292,504,2
6647.018,303,504,2
6647.117,298,506,2
6647.217,292,506,0
6647.317,296,505,3
6647.417,301,507,1
6647.517,301,506,1
6647.617,303,506,2
6647.717,285,504,3
6647.817,294,504,2
6647.916,295,502,4
6648.017,298,503,1
6648.117,299,501,3
6648.218,288,503,0
6648.317,299,503,1
6648.417,293,503,2
6648.518,284,496,8
6648.617,298,498,0
6648.717,291,495,4
6648.819,287,497,2
6648.918,295,500,0
6649.019,292,500,1
6649.117,294,498,2
6649.218,300,495,4
6649.318,299,495,0
6649.419,296,496,2
6649.518,304,497,2
6649.618,289,498,0
6649.716,297,499,0
6649.82,286,499,1
6649.918,302,499,0
6650.018,302,500,1
6650.117,295,500,3
6650.219,293,500,2
6650.318,289,500,1
6650.418,290,498,3
6650.518,299,498,0
6650.618,286,499,2
6650.718,308,501,1
6650.817,295,501,0
6650.918,295,500,3
6651.017,293,501,0
6651.117,306,499,2
6651.218,297,497,3
6651.318,293,496,3
6651.419,290,495,2
6651.519,299,498,0
6651.619,296,498,1
6651.718,297,501,0
6651.819,303,505,0
6651.918,291,501,4
6652.019,294,499,3
6652.118,294,499,5
6652.22,293,499,1
6652.318,301,499,0
6652.417,295,498,2
6652.518,287,496,5
6652.618,296,496,2
6652.718,286,496,1
6652.819,289,498,0
6652.918,289,496,2
6653.019,285,493,3
6653.118,292,492,3
6653.217,292,492,0
6653.319,295,491,2
6653.418,300,496,0
6653.518,290,494,2
6653.617,292,496,1
6653.718,295,495,2
6653.818,310,494,4
6653.916,290,497,0
6654.018,291,496,3
6654.118,298,493,3
6654.218,303,494,0
6654.319,292,495,1
6654.419,297,498,0
6654.518,282,499,2
6654.619,298,499,2
6654.718,302,499,1
6654.819,291,500,0
6654.918,289,497,4
6655.016,304,499,3
6655.118,286,496,3
6655.218,300,491,5
6655.318,291,492,0
6655.418,295,495,2
6655.518,295,499,0
6655.617,285,496,3
6655.718,287,497,2
6655.818,288,497,1
6655.918,306,497,0
6656.019,289,496,2
6656.119,298,495,2
6656.219,294,498,0
6656.318,304,499,0
6656.419,283,493,7
6656.518,295,494,0
6656.618,292,494,1
6656.718,299,494,0
6656.817,302,496,0
6656.917,291,496,3
6657.018,292,496,0
6657.117,294,495,2
6657.219,294,493,2
6657.319,291,496,0
6657.418,302,496,1
6657.518,296,495,2
6657.616,300,494,2
6657.719,301,496,2
6657.819,286,498,0
6657.919,297,500,1
6658.018,293,501,1
6658.118,301,504,0
6658.218,301,504,1
6658.318,315,506,1
6658.417,296,506,2
6658.518,297,506,3
6658.618,297,503,4
6658.718,295,505,0
6658.819,303,507,1
6658.918,293,508,0
6659.018,299,509,0
6659.119,298,510,1
6659.218,287,510,0
6659.318,293,507,3
6659.419,293,506,2
6659.519,293,504,2
6659.62,293,503,2
6659.718,302,504,0
6659.818,307,503,1
6659.919,291,507,1
6660.017,292,507,0
6660.118,290,505,2
6660.218,290,509,0
6660.319,290,508,1
6660.418,299,506,2
6660.519,295,506,1
6660.62,292,504,3
6660.718,296,507,0
6660.818,296,506,4
6660.919,292,508,1
6661.018,292,507,2
6661.118,292,507,2
6661.218,292,505,4
6661.319,311,507,2
6661.418,297,510,1
6661.518,282,510,0
6661.617,300,509,2
6661.718,299,511,2
6661.818,302,509,3
6661.918,300,507,3
6662.018,299,507,2
6662.118,298,507,1
6662.218,311,506,4
6662.319,295,504,2
6662.418,300,506,0
6662.518,281,506,2
6662.618,298,510,0
6662.719,294,509,2
6662.818,303,509,0
6662.918,296,512,0
6663.017,294,512,2
6663.118,301,512,0
6663.219,284,509,4
6663.318,300,509,0
6663.417,291,511,0
6663.518,287,511,0
6663.618,298,511,2
6663.718,295,512,1
6663.819,290,510,5
6663.917,298,511,0
6664.018,296,508,4
6664.118,303,508,1
6664.219,296,507,1
6664.318,288,509,0
6664.42,296,502,10
6664.519,292,505,1
6664.616,296,506,0
6664.717,297,506,1
6664.818,289,503,3
6664.918,286,505,0
6665.019,287,502,3
6665.118,303,503,0
6665.218,306,502,3
6665.318,290,503,3
6665.419,299,505,0
6665.518,292,508,0
6665.618,291,509,1
6665.717,296,507,3
6665.818,300,506,2
6665.918,300,507,0
6666.019,296,504,7
6666.119,296,507,1
6666.219,292,509,0
6666.318,293,507,3
6666.418,290,506,2
6666.518,294,506,0
6666.617,296,507,1
6666.719,304,503,4
6666.818,307,508,0
6666.918,290,507,2
6667.019,287,505,2
6667.118,297,505,0
6667.218,297,506,1
6667.318,296,506,0
6667.418,298,505,2
6667.519,303,505,1
6667.618,293,502,5
6667.718,305,502,1
6667.818,292,502,0
6667.918,291,502,2
6668.018,298,500,2
6668.118,285,499,1
6668.219,300,501,2
6668.318,292,503,0
6668.419,286,503,2
6668.518,289,500,3
6668.618,289,498,3
6668.718,289,493,5
6668.818,300,495,0
6668.918,294,495,2
6669.019,307,493,4
6669.118,298,491,3
6669.218,298,489,4
6669.318,294,490,1
6669.418,298,491,1
6669.518,295,490,1
6669.618,301,490,3
6669.718,297,491,0
6669.818,291,491,1
6669.918,295,490,4
6670.019,301,491,0
6670.117,294,492,0
6670.219,289,489,3
6670.318,307,492,0
6670.418,286,491,1
6670.518,293,491,1
6670.619,297,492,4
6670.718,305,493,0
6670.819,303,495,2
6670.918,305,498,0
6671.019,295,497,3
6671.118,293,499,0
6671.219,290,499,1
6671.317,298,497,4
6671.418,293,497,2
6671.519,297,498,0
6671.618,291,499,0
6671.718,286,499,1
6671.818,287,501,0
6671.918,297,502,0
6672.018,301,503,2
6672.119,299,499,5
6672.219,304,498,2
6672.318,287,500,0
6672.419,294,497,3
6672.518,302,497,0
6672.618,293,499,0
6672.718,291,500,0
6672.817,294,498,2
6672.918,301,498,2
6673.019,293,496,3
6673.118,297,493,4
6673.219,294,494,0
6673.318,301,496,0
6673.418,295,495,1
6673.519,299,492,6
6673.618,293,494,0
6673.718,291,494,3
6673.818,288,494,2
6673.918,291,493,3
6674.018,297,491,4
6674.119,295,491,1
6674.218,290,494,0
6674.318,295,494,4
6674.418,299,495,0
6674.518,290,496,2
6674.619,302,495,1
6674.718,297,499,0
6674.818,293,499,1
6674.917,297,499,1
6675.018,291,501,0
6675.118,298,500,2
6675.218,298,501,0
6675.319,299,501,3
6675.418,302,504,0
6675.518,288,508,0
6675.619,287,503,5
6675.718,288,504,0
6675.818,299,503,2
6675.918,299,504,0
6676.019,291,506,1
6676.118,295,504,2
6676.218,308,504,2
6676.317,304,504,1
6676.418,286,505,0
6676.518,300,503,2
6676.618,293,502,1
6676.718,308,501,2
6676.818,299,499,2
6676.918,295,497,2
6677.018,301,498,1
6677.118,292,498,1
6677.219,292,497,2
6677.318,299,498,0
6677.417,294,498,1
6677.518,300,499,1
6677.618,294,499,1
6677.718,294,498,1
6677.82,296,495,3
6677.919,297,498,0
6678.018,295,501,0
6678.118,293,502,2
6678.22,293,501,4
6678.32,303,499,3
6678.42,288,496,4
6678.52,301,493,4
6678.619,301,495,0
6678.719,286,497,1
6678.82,294,496,2
6678.92,292,495,1
6679.019,292,496,0
6679.119,291,492,4
6679.219,296,491,2
6679.32,284,491,0
6679.419,300,490,3
6679.52,300,493,0
6679.619,290,495,0
6679.719,293,493,3
6679.819,296,492,2
6679.919,297,490,2
6680.02,286,491,1
6680.12,302,489,3
6680.22,298,487,3
6680.319,303,487,2
6680.419,298,489,0
6680.52,303,490,2
6680.62,297,493,0
6680.72,298,494,1
6680.82,295,494,0
6680.92,297,493,3
6681.019,291,493,3
6681.118,291,494,0
6681.219,295,492,2
6681.319,297,490,2
6681.42,299,489,2
6681.519,293,488,1
6681.62,301,486,3
6681.719,302,489,0
6681.819,294,487,3
6681.919,295,488,1
6682.019,298,487,1
6682.119,295,488,1
6682.218,302,490,0
6682.32,294,494,0
6682.419,295,496,0
6682.52,301,498,1
6682.621,301,492,8
6682.719,287,493,0
6682.821,289,496,1
6682.919,296,498,0
6683.019,301,501,0
6683.119,296,500,1
6683.219,300,501,2
6683.32,298,496,6
6683.42,294,498,0
6683.52,304,501,0
6683.619,288,502,0
6683.719,289,500,3
6683.819,297,499,2
6683.918,296,499,3
6684.018,306,500,0
6684.119,299,499,2
6684.218,294,501,0
6684.319,305,502,0
6684.418,292,503,0
6684.518,291,504,0
6684.62,293,507,0
6684.719,291,506,1
6684.819,294,506,1
6684.918,295,508,0
6685.02,298,502,6
6685.119,293,503,0
6685.218,293,504,2
6685.319,294,503,2
6685.419,300,500,3
6685.519,290,498,3
6685.619,293,498,1
6685.719,296,497,2
6685.82,298,500,2
6685.919,296,498,4
6686.02,294,493,5
6686.119,297,498,0
6686.219,284,500,0
6686.32,315,501,1
6686.42,297,503,2
6686.519,300,501,2
6686.619,297,502,2
6686.719,288,500,3
6686.82,293,497,3
6686.919,299,498,3
6687.02,295,499,0
6687.119,292,502,0
6687.219,300,500,3
6687.319,293,504,0
6687.419,293,501,3
6687.519,297,501,0
6687.619,288,501,0
6687.719,305,498,3
6687.819,289,498,0
6687.919,294,495,4
6688.019,306,497,0
6688.12,302,497,5
6688.219,302,499,4
6688.319,294,499,0
6688.42,295,498,3
6688.52,309,498,0
6688.623,285,496,2
6688.721,290,495,1
6688.821,292,491,4
6688.92,301,491,0
6689.021,301,493,1
6689.121,297,490,4
6689.221,297,492,0
6689.321,294,493,2
6689.422,303,493,3
6689.519,299,494,0
6689.623,289,494,1
6689.721,307,494,0
6689.821,294,494,1
6689.921,290,492,3
6690.022,292,491,1
6690.121,295,491,4
6690.222,295,492,2
6690.321,297,489,4
6690.421,295,494,0
6690.52,302,494,1
6690.621,288,495,0
6690.723,303,495,2
6690.821,287,497,1
6690.922,292,498,2
6691.022,298,498,1
6691.122,291,497,3
6691.224,298,497,1
6691.325,295,497,2
6691.423,298,499,1
6691.524,292,503,1
6691.624,300,506,0
6691.725,295,504,3
6691.824,295,504,1
6691.926,300,503,1
6692.025,303,506,1
6692.125,296,509,0
6692.225,286,509,2
6692.325,301,510,2
6692.426,299,510,1
6692.527,298,509,2
6692.628,300,510,0
6692.724,292,510,2
6692.825,297,510,1
6692.925,299,511,0
6693.025,299,512,0
6693.126,300,511,3
6693.225,293,509,2
6693.323,298,509,1
6693.426,304,508,2
6693.524,308,509,1
6693.624,300,511,1
6693.724,294,511,2
6693.825,296,510,3
6693.925,288,510,3
6694.025,294,509,2
6694.126,305,508,1
6694.226,291,506,2
6694.327,291,506,1
6694.428,293,504,4
6694.526,288,500,4
6694.626,295,500,3
6694.726,290,499,3
6694.826,292,498,1
6694.926,294,500,0
6695.026,296,494,7
6695.126,294,497,1
6695.229,294,499,2
6695.327,294,496,4
6695.427,302,499,0
6695.527,301,500,0
6695.627,302,500,1
6695.727,309,497,3
6695.827,297,497,1
6695.926,297,497,1
6696.028,293,495,3
6696.127,294,494,3
6696.227,296,497,0
6696.327,297,500,0
6696.427,290,500,2
6696.527,303,501,1
6696.628,303,502,2
6696.728,301,499,3
6696.828,296,499,1
6696.928,289,499,1
6697.028,298,501,0
6697.129,290,502,0
6697.228,306,503,1
6697.328,299,502,2
6697.428,300,502,0
6697.528,302,503,2
6697.629,290,501,3
6697.73,295,501,1
6697.829,285,502,0
6697.929,300,500,2
6698.028,306,502,1
6698.129,291,500,3
6698.229,295,500,0
6698.329,306,498,5
6698.431,296,499,1
6698.53,298,497,3
6698.63,295,496,1
6698.73,296,498,1
6698.83,293,498,1
6698.929,296,499,1
6699.03,303,497,2
6699.13,298,501,1
6699.23,303,499,3
6699.33,294,497,3
6699.43,294,500,1
6699.529,297,498,2
6699.63,304,498,2
6699.73,291,497,2
6699.83,293,496,2
6699.93,300,495,1
6700.03,294,494,3
6700.13,292,496,0
6700.23,294,495,3
6700.33,292,496,1
6700.429,289,495,4
6700.531,303,492,4
6700.63,288,490,2
6700.729,289,490,0
6700.83,285,492,1
6700.932,301,493,1
6701.029,296,493,3
6701.131,295,493,2
6701.237,291,494,0
6701.332,290,494,1
6701.433,296,492,3
6701.531,296,490,2
6701.631,291,495,0
6701.732,297,496,3
6701.832,299,498,1
6701.933,290,497,1
6702.033,291,498,3
6702.131,299,494,5
6702.232,298,493,3
6702.331,307,495,1
6702.434,297,494,4
6702.534,292,494,0
6702.635,297,492,3
6702.736,297,492,2
6702.836,290,491,1
6702.936,297,492,0
6703.038,299,492,2
6703.137,299,494,1
6703.236,301,495,1
6703.336,295,496,2
6703.435,295,495,2
6703.535,291,496,0
6703.636,299,497,0
6703.738,297,499,1
6703.84,300,498,3
6703.939,305,497,1
6704.039,294,497,2
6704.138,299,501,0
6704.239,298,500,1
6704.34,304,501,2
6704.438,292,502,1
6704.539,298,504,0
6704.639,290,502,2
6704.739,296,503,1
6704.838,306,499,5
6704.938,296,503,0
6705.038,292,504,1
6705.139,298,505,2
6705.239,293,504,3
6705.338,297,504,2
6705.439,300,506,1
6705.539,303,509,0
6705.638,301,508,3
6705.738,300,512,0
6705.839,285,510,3
6705.938,286,509,2
6706.039,292,511,0
6706.138,293,512,2
6706.239,295,509,4
6706.338,292,509,0
6706.439,290,509,1
6706.539,294,510,1
6706.639,301,509,2
6706.738,295,510,0
6706.838,293,507,4
6706.939,288,507,0
6707.038,303,509,0
6707.138,299,508,2
6707.239,289,507,2
6707.338,281,507,1
6707.438,294,505,2
6707.538,294,505,2
6707.639,297,507,2
6707.738,299,507,0
6707.839,304,507,1
6707.938,299,508,0
6708.041,301,504,5
6708.138,302,509,0
6708.24,298,510,4
6708.338,301,511,0
6708.438,289,509,2
6708.538,303,506,3
6708.639,294,499,7
6708.738,288,501,0
6708.838,301,502,3
6708.937,285,502,3
6709.039,305,502,1
6709.138,291,500,2
6709.238,295,501,1
6709.338,297,500,3
6709.439,294,503,0
6709.539,298,503,1
6709.639,303,501,2
6709.738,295,503,0
6709.839,292,502,3
6709.938,296,505,0
6710.038,296,504,2
6710.138,294,505,0
6710.238,288,504,2
6710.338,301,506,0
6710.438,300,505,4
6710.536,301,506,1
6710.637,288,509,0
6710.739,300,510,3
6710.839,299,511,0
6710.938,283,512,1
6711.038,299,512,0
6711.139,296,505,7
6711.238,300,508,0
6711.338,303,506,3
6711.438,290,507,1
6711.538,300,509,1
6711.638,290,513,0
6711.739,303,512,2
6711.838,297,515,0
6711.938,300,510,5
6712.038,290,512,0
6712.138,293,511,3
6712.239,291,507,4
6712.339,290,509,1
6712.438,297,512,0
6712.539,289,513,1
6712.638,299,512,1
6712.739,302,512,3
6712.838,303,513,0
6712.938,293,512,2
6713.038,293,511,1
6713.138,286,510,2
6713.238,299,513,0
6713.339,296,510,5
6713.437,303,513,0
6713.539,294,507,7
6713.639,293,506,2
6713.739,291,508,0
6713.838,302,507,2
6713.937,285,508,0
6714.039,298,506,3
6714.139,298,509,0
6714.239,288,507,3
6714.339,299,506,2
6714.44,300,504,2
6714.538,299,505,0
6714.639,305,503,3
6714.738,298,504,0
6714.838,291,505,1
6714.939,299,505,3
6715.038,298,505,0
6715.138,303,503,2
6715.241,302,500,4
6715.339,292,502,0
6715.439,302,495,7
6715.539,296,499,0
6715.64,304,494,6
6715.739,298,496,0
6715.841,298,495,3
6715.94,287,494,1
6716.04,295,495,0
6716.14,294,495,0
6716.24,291,495,1
6716.34,302,496,2
6716.44,287,494,3
6716.54,293,490,5
6716.64,294,489,2
6716.741,295,489,1
6716.842,298,488,3
6716.941,298,492,0
6717.039,307,494,0
6717.14,304,492,3
6717.241,297,493,1
6717.34,294,492,3
6717.441,289,493,0
6717.54,301,494,3
6717.641,301,494,1
6717.74,304,494,1
6717.841,299,493,3
6717.94,288,493,2
6718.041,294,496,0
6718.14,305,498,1
6718.241,294,498,0
6718.34,295,498,4
6718.441,299,499,0
6718.54,303,501,1
6718.64,307,501,0
6718.741,296,502,1
6718.841,305,505,0
6718.94,286,505,1
6719.041,300,505,1
6719.139,293,506,0
6719.24,289,506,1
6719.34,294,506,0
6719.441,302,506,3
6719.54,296,508,0
6719.642,294,506,2
6719.74,301,507,0
6719.84,297,504,3
6719.938,298,504,1
6720.041,296,501,4
6720.14,301,501,0
6720.238,293,501,2
6720.338,302,500,2
6720.44,294,498,2
6720.541,293,497,2
6720.64,288,498,0
6720.74,285,499,1
6720.84,287,496,3
6720.94,299,496,1
6721.04,300,494,2
6721.14,296,495,1
6721.24,300,493,3
6721.34,291,495,0
6721.44,293,494,2
6721.541,301,490,4
6721.641,296,488,3
6721.739,291,490,0
6721.841,296,491,0
6721.94,294,488,3
6722.041,298,488,1
6722.14,300,486,3
6722.24,287,486,0
6722.34,288,487,1
6722.44,294,486,3
6722.54,307,485,2
6722.641,290,487,1
6722.74,295,491,0
6722.841,302,489,4
6722.939,296,488,2
6723.041,288,488,0
6723.14,287,488,1
6723.241,295,488,2
6723.341,297,490,2
6723.441,306,492,1
6723.54,302,495,0
6723.64,291,496,0
6723.74,288,494,3
6723.842,289,498,2
6723.941,296,498,1
6724.04,304,499,0
6724.141,292,496,3
6724.239,294,498,0
6724.34,295,498,1
6724.441,289,497,1
6724.54,298,498,0
6724.64,296,497,3
6724.74,290,496,3
6724.841,298,497,0
6724.939,297,494,3
6725.04,292,496,0
6725.141,298,495,3
6725.24,290,495,0
6725.34,301,493,2
6725.44,298,494,1
6725.54,298,494,2
6725.64,298,495,2
6725.74,294,496,1
6725.84,291,493,5
6725.94,298,494,2
6726.041,303,496,0
6726.141,292,498,0
6726.241,298,500,0
6726.34,296,496,4
6726.439,300,495,2
6726.54,288,493,5
6726.64,302,492,3
6726.741,293,490,2
6726.84,306,493,0
6726.94,296,494,2
6727.04,295,496,1
6727.141,285,495,2
6727.24,292,493,4
6727.34,302,498,0
6727.441,294,496,2
6727.54,294,497,1
6727.641,297,496,2
6727.74,305,497,0
6727.84,297,494,4
6727.941,288,498,1
6728.04,293,498,0
6728.14,294,496,2
6728.24,298,497,0
6728.34,294,498,0
6728.441,297,498,3
6728.539,291,501,0
6728.641,287,495,6
6728.741,306,495,2
6728.84,287,498,0
6728.94,295,497,2
6729.04,290,497,2
6729.141,296,497,2
6729.24,291,497,1
6729.34,286,496,2
6729.44,291,496,4
6729.54,299,497,0
6729.64,296,495,3
6729.74,281,496,1
6729.841,299,498,2
6729.94,304,499,0
6730.04,299,497,5
6730.141,297,496,3
6730.239,299,496,1
6730.342,289,491,6
6730.44,294,492,0
6730.54,295,492,1
6730.64,303,493,1
6730.74,306,493,3
6730.841,299,492,3
6730.94,297,493,0
6731.041,300,492,3
6731.14,301,495,0
6731.241,296,495,1
6731.341,289,497,1
6731.44,298,498,0
6731.54,290,494,5
6731.64,306,496,0
6731.739,303,496,2
6731.84,292,499,0
6731.94,295,502,2
6732.04,304,499,3
6732.14,296,501,1
6732.24,295,499,2
6732.34,300,500,1
6732.44,295,499,1
6732.54,288,496,4
6732.64,282,497,0
6732.74,296,499,0
6732.84,306,498,2
6732.94,296,495,5
6733.041,296,492,4
6733.139,299,495,0
6733.241,297,494,2
6733.34,298,497,0
6733.441,297,494,4
6733.54,294,495,0
6733.64,304,496,0
6733.74,302,499,0
6733.841,296,498,1
6733.941,288,497,1
6734.042,303,497,2
6734.14,293,497,0
6734.24,300,495,2
6734.341,292,494,2
6734.44,292,495,2
6734.54,295,493,2
6734.641,307,495,2
6734.74,303,495,1
6734.841,301,494,2
6734.94,293,494,0
6735.04,300,495,1
6735.141,294,494,2
6735.239,298,495,0
6735.34,294,496,0
6735.441,294,496,4
6735.54,292,498,0
6735.641,313,500,2
6735.74,294,502,0
6735.841,291,503,2
6735.94,298,505,0
6736.04,302,504,2
6736.141,292,502,2
6736.242,303,500,3
6736.339,296,502,0
6736.441,296,501,1
6736.54,293,500,2
6736.641,297,498,2
6736.74,300,499,0
6736.84,299,497,3
6736.94,299,498,0
6737.04,305,497,1
6737.14,299,494,4
6737.239,298,494,1
6737.34,291,495,1
6737.44,292,495,1
6737.542,285,490,5
6737.638,291,491,0
6737.74,308,491,2
6737.842,307,491,1
6737.94,299,494,0
6738.04,306,496,0
6738.14,291,499,0
6738.24,290,497,3
6738.341,295,497,0
6738.44,295,498,0
6738.542,292,497,1
6738.643,289,496,3
6738.742,304,496,2
6738.843,297,495,5
6738.942,298,493,3
6739.043,292,490,3
6739.142,293,492,1
6739.242,295,493,0
6739.343,300,490,4
6739.443,290,490,2
6739.543,298,492,0
6739.642,304,493,1
6739.742,297,496,0
6739.842,303,495,2
6739.942,294,495,3
6740.042,298,496,0
6740.143,295,497,1
6740.244,289,499,1
6740.343,295,499,2
6740.443,293,501,1
6740.542,299,504,0
6740.642,295,508,0
6740.743,299,511,1
6740.842,293,513,0
6740.943,296,511,3
6741.042,293,509,2
6741.143,296,510,1
6741.243,293,511,0
6741.341,306,511,0
6741.443,300,505,6
6741.542,300,506,0
6741.643,292,505,1
6741.743,299,500,5
6741.841,288,503,0
6741.943,304,500,4
6742.043,294,501,0
6742.142,295,503,0
6742.243,290,502,3
6742.343,297,504,0
6742.443,297,504,1
6742.542,291,502,2
6742.644,307,501,3
6742.74,293,502,0
6742.842,290,499,3
6742.943,298,500,3
6743.042,300,502,0
6743.141,298,502,1
6743.242,287,503,1
6743.344,292,500,5
6743.444,289,497,3
6743.543,293,499,2
6743.643,299,497,4
6743.743,306,499,0
6743.844,294,496,7
6743.943,295,498,0
6744.044,292,493,6
6744.144,291,493,1
6744.242,300,495,0
6744.343,300,492,4
6744.443,305,493,0
6744.543,308,494,1
6744.644,299,498,0
6744.743,308,501,0
6744.843,294,500,2
6744.944,292,499,2
6745.043,301,500,0
6745.143,290,496,4
6745.243,291,500,0
6745.343,292,501,1
6745.443,292,499,3
6745.542,287,499,2
6745.642,301,500,0
6745.743,309,501,3
6745.844,290,501,1
6745.943,300,501,0
6746.044,288,498,5
6746.143,292,498,2
6746.244,301,498,0
6746.342,303,500,0
6746.443,304,499,1
6746.544,291,498,2
6746.644,291,500,1
6746.743,297,505,0
6746.844,298,504,1
6746.944,288,501,4
6747.043,304,502,0
6747.144,298,502,3
6747.243,301,502,3
6747.343,303,504,0
6747.442,303,503,1
6747.542,301,500,4
6747.643,300,503,1
6747.743,299,502,2
6747.842,291,502,1
6747.943,295,501,1
6748.045,295,503,1
6748.142,302,504,0
6748.243,294,503,2
6748.343,300,500,4
6748.443,294,502,0
6748.544,288,499,3
6748.643,292,500,1
6748.744,293,500,2
6748.844,293,500,0
6748.945,289,499,1
6749.045,298,499,1
6749.143,291,501,0
6749.246,300,498,4
6749.345,300,498,1
6749.445,288,497,1
6749.546,290,495,2
6749.646,291,495,1
6749.745,301,493,3
6749.846,301,496,1
6749.946,299,497,1
6750.045,290,497,2
6750.146,286,495,2
6750.246,291,496,2
6750.346,297,501,1
6750.445,301,501,1
6750.546,291,500,2
6750.646,302,498,2
6750.745,290,496,2
6750.845,287,498,1
6750.946,294,496,3
6751.044,297,497,0
6751.147,297,493,6
6751.248,298,493,0
6751.345,292,494,0
6751.444,297,495,0
6751.545,286,496,1
6751.646,299,495,2
6751.747,303,494,3
6751.849,297,494,0
6751.947,298,495,1
6752.047,285,499,1
6752.148,298,498,4
6752.249,306,498,2
6752.352,293,499,0
6752.451,296,500,0
6752.549,286,500,2
6752.649,295,503,1
6752.749,295,502,1
6752.851,299,497,6
6752.95,291,501,0
6753.051,296,501,2
6753.15,294,501,1
6753.25,312,502,2
6753.35,288,500,3
6753.45,284,497,3
6753.549,296,499,0
6753.65,302,498,2
6753.749,292,498,2
6753.85,290,499,1
6753.949,292,497,2
6754.052,292,493,4
6754.149,295,493,1
6754.25,290,496,0
6754.351,293,499,0
6754.449,293,498,2
6754.551,300,498,2
6754.65,294,498,3
6754.75,299,495,3
6754.851,301,495,1
6754.95,297,493,2
6755.05,295,492,2
6755.15,288,493,2
6755.25,299,491,2
6755.351,292,491,0
6755.45,292,491,1
6755.55,307,489,4
6755.651,288,486,5
6755.75,295,486,0
6755.851,306,489,0
6755.95,295,490,1
6756.051,300,493,2
6756.152,299,487,7
6756.253,298,487,3
6756.351,294,489,0
6756.453,301,489,0
6756.552,298,490,3
6756.653,297,492,0
6756.752,301,493,3
6756.852,296,492,2
6756.953,282,493,0
6757.052,297,496,0
6757.152,290,494,3
6757.252,293,496,1
6757.352,300,496,2
6757.451,296,497,1
6757.556,301,494,3
6757.656,300,497,2
6757.755,301,497,2
6757.855,302,498,0
6757.954,294,499,0
6758.054,296,497,2
6758.152,299,496,3
6758.255,286,496,1
6758.355,285,496,0
6758.455,302,497,0
6758.553,286,497,2
6758.66,300,498,0
6758.755,293,501,1
6758.855,290,500,2
6758.952,300,503,0
6759.055,288,499,4
6759.153,289,499,1
6759.255,280,500,2
6759.354,305,500,1
6759.456,288,502,0
6759.555,302,502,1
6759.656,293,500,2
6759.755,299,498,2
6759.855,289,498,0
6759.955,296,498,1
6760.055,296,496,3
6760.155,289,497,0
6760.255,298,496,2
6760.356,302,495,1
6760.456,306,495,1
6760.556,288,495,0
6760.656,294,498,1
6760.755,297,497,3
6760.855,297,494,3
6760.955,290,495,3
6761.056,313,495,2
6761.155,293,498,0
6761.255,287,500,0
6761.355,299,499,1
6761.456,286,497,2
6761.555,295,498,0
6761.655,297,501,0
6761.755,290,504,0
6761.859,301,504,2
6761.959,293,501,3
6762.061,306,499,2
6762.162,286,498,3
6762.26,295,498,0
6762.361,292,498,0
6762.462,295,496,3
6762.561,294,497,2
6762.665,288,498,1
6762.764,301,495,5
6762.864,282,495,2
6762.968,296,495,2
6763.07,287,495,1
6763.169,294,496,1
6763.268,299,495,2
6763.368,304,495,3
6763.47,300,498,2
6763.569,290,499,1
6763.67,296,499,1
6763.769,299,497,3
6763.869,302,500,0
6763.97,298,501,2
6764.07,304,502,1
6764.168,291,501,2
6764.271,293,500,3
6764.369,299,500,1
6764.47,289,500,0
6764.57,296,502,0
6764.67,299,498,5
6764.77,301,494,5
6764.869,291,493,2
6764.97,300,492,2
6765.071,291,491,1
6765.17,297,493,3
6765.27,291,498,0
6765.369,297,498,0
6765.469,296,498,1
6765.57,290,497,1
6765.669,301,497,1
6765.77,284,497,1
6765.869,295,497,1
6765.97,297,496,1
6766.069,290,497,0
6766.169,286,499,0
6766.27,306,499,3
6766.368,301,500,0
6766.47,294,498,3
6766.57,298,494,5
6766.67,287,497,0
6766.769,299,496,2
6766.869,292,495,1
6766.97,294,496,0
6767.07,292,494,4
6767.169,288,493,2
6767.269,299,496,0
6767.369,307,499,0
6767.47,304,497,2
6767.569,298,501,0
6767.669,288,500,2
6767.769,283,501,0
6767.869,300,502,2
6767.969,292,503,1
6768.07,298,502,1
6768.169,293,505,1
6768.27,295,502,3
6768.369,301,501,2
6768.47,293,500,2
6768.569,299,500,0
6768.67,299,499,2
6768.769,304,502,0
6768.871,285,500,3
6768.97,297,504,0
6769.07,288,504,1
6769.169,287,506,0
6769.269,303,504,3
6769.369,293,500,4
6769.469,293,502,0
6769.569,295,500,2
6769.669,292,500,1
6769.769,300,501,2
6769.869,308,500,1
6769.969,303,501,0
6770.069,306,498,4
6770.168,285,495,3
6770.269,293,494,2
6770.369,304,492,4
6770.471,302,494,4
6770.569,304,497,0
6770.669,295,496,4
6770.77,298,496,1
6770.87,297,498,1
6770.97,297,497,2
6771.069,291,500,0
6771.169,304,501,0
6771.269,285,496,6
6771.369,283,496,1
6771.469,289,497,0
6771.569,301,496,2
6771.671,296,495,2
6771.769,293,497,0
6771.867,299,498,1
6771.969,297,499,1
6772.069,299,497,3
6772.169,300,499,0
6772.269,298,498,1
6772.37,296,498,2
6772.469,294,500,0
6772.569,299,501,1
6772.668,298,503,1
6772.769,296,502,2
6772.87,286,502,2
6772.97,296,502,1
6773.07,296,503,1
6773.169,296,503,2
6773.268,297,506,0
6773.37,289,503,4
6773.468,304,504,0
6773.569,295,504,4
6773.668,288,504,1
6773.769,290,501,3
6773.869,299,502,0
6773.97,296,501,1
6774.07,291,500,2
6774.168,289,502,0
6774.269,284,498,5
6774.37,288,493,6
6774.47,304,494,2
6774.568,296,496,0
6774.668,295,496,1
6774.769,296,498,0
6774.868,303,496,3
6774.97,293,495,2
6775.069,300,497,0
6775.17,296,493,5
6775.27,295,493,1
6775.369,290,496,0
6775.468,297,496,3
6775.569,299,497,4
6775.669,293,492,6
6775.77,297,490,2
6775.87,303,492,0
6775.97,292,491,4
6776.069,289,490,1
6776.169,304,490,2
6776.27,297,490,4
6776.37,296,493,0
6776.47,301,491,4
6776.57,293,488,4
6776.669,306,492,0
6776.77,298,493,1
6776.868,301,497,0
6776.969,296,499,1
6777.069,298,501,0
6777.169,289,499,3
6777.269,305,503,0
6777.369,294,502,3
6777.469,296,505,0
6777.57,299,507,1
6777.669,293,507,0
6777.769,300,508,0
6777.868,297,508,3
6777.969,287,512,0
6778.069,305,511,1
6778.17,290,512,3
6778.271,302,509,3
6778.368,301,512,0
6778.47,299,513,3
6778.57,294,508,5
6778.67,295,507,1
6778.77,299,509,0
6778.869,294,510,1
6778.97,295,507,4
6779.069,297,506,3
6779.169,296,508,0
6779.269,293,509,1
6779.369,305,507,2
6779.469,292,505,2
6779.569,286,505,3
6779.669,295,507,0
6779.769,292,504,3
6779.869,303,502,3
6779.971,300,502,2
6780.069,301,506,0
6780.17,300,505,3
6780.269,301,505,0
6780.37,294,502,4
6780.469,295,504,0
6780.569,289,501,4
6780.669,301,499,4
6780.77,294,497,3
6780.869,289,495,2
6780.969,301,497,0
6781.068,296,492,6
6781.169,299,493,2
6781.269,288,492,3
6781.37,300,493,3
6781.47,299,497,0
6781.568,291,498,1
6781.67,298,501,0
6781.77,294,503,1
6781.87,296,502,3
6781.969,308,503,0
6782.069,293,504,0
6782.169,294,503,3
6782.27,297,501,5
6782.369,299,502,0
6782.47,303,501,3
6782.569,300,502,0
6782.669,298,502,3
6782.769,286,501,2
6782.87,289,498,4
6782.97,294,499,0
6783.068,293,497,3
6783.17,287,495,3
6783.269,298,494,1
6783.369,298,496,0
6783.468,303,500,0
6783.57,299,499,2
6783.67,299,498,2
6783.77,291,500,0
6783.87,292,503,0
6783.969,298,504,0
6784.068,306,506,0
6784.17,298,501,6
6784.268,305,501,0
6784.369,290,501,1
6784.47,290,501,3
6784.569,298,498,3
6784.67,298,500,0
6784.77,285,499,2
6784.869,292,497,3
6784.969,305,497,2
6785.07,302,496,3
6785.169,292,500,0
6785.27,289,501,2
6785.37,299,499,3
6785.468,298,499,0
6785.569,286,496,3
6785.669,298,495,2
6785.769,302,495,1
6785.87,292,497,0
6785.97,297,497,1
6786.07,300,496,2
6786.169,299,497,0
6786.269,305,501,1
6786.369,297,503,0
6786.469,296,500,4
6786.57,297,501,0
6786.67,291,502,1
6786.769,291,500,2
6786.87,300,502,0
6786.97,287,500,2
6787.07,297,498,2
6787.169,304,499,0
6787.27,292,499,2
6787.369,305,502,0
6787.47,302,503,0
6787.569,294,501,2
6787.669,297,503,0
6787.769,300,502,2
6787.87,292,499,4
6787.969,291,501,0
6788.07,298,500,1
6788.17,301,500,4
6788.27,299,501,0
6788.369,297,503,0
6788.469,295,503,2
6788.569,296,507,0
6788.669,291,507,1
6788.768,285,507,1
6788.869,296,510,1
6788.969,308,511,0
6789.07,298,511,2
6789.169,289,511,1
6789.27,295,504,8
6789.369,303,505,0
6789.469,307,505,2
6789.57,293,503,3
6789.67,294,502,2
6789.769,290,502,2
6789.869,285,503,2
6789.968,300,506,1
6790.068,287,506,1
6790.17,301,507,2
6790.27,301,509,0
6790.369,292,507,4
6790.469,302,506,2
6790.569,301,507,0
6790.67,299,507,4
6790.769,291,509,0
6790.869,294,506,3
6790.969,287,505,1
6791.068,290,507,0
6791.168,298,507,1
6791.268,294,503,5
6791.368,295,505,1
6791.469,292,504,3
6791.568,287,502,2
6791.669,296,504,3
6791.769,282,501,5
6791.868,302,504,0
6791.969,301,504,3
6792.068,299,502,2
6792.17,290,500,2
6792.269,295,503,0
6792.37,296,500,3
6792.472,296,499,3
6792.57,311,500,0
6792.67,312,506,0
6792.769,292,512,0
6792.869,298,513,1
6792.968,294,510,4
6793.07,286,508,2
6793.171,300,507,2
6793.271,290,508,1
6793.369,294,509,0
6793.47,291,504,5
6793.569,298,506,0
6793.67,292,507,1
6793.769,297,504,4
6793.869,291,503,2
6793.969,287,506,0
6794.069,298,500,6
6794.169,300,497,3
6794.269,305,499,1
6794.37,302,499,2
6794.47,298,497,3
6794.57,290,498,0
6794.669,301,499,0
6794.77,290,496,5
6794.869,298,497,2
6794.97,300,497,2
6795.068,304,499,0
6795.17,291,498,1
6795.27,297,497,2
6795.371,288,496,2
6795.471,294,497,0
6795.571,288,495,3
6795.671,298,495,3
6795.771,297,492,4
6795.871,291,493,1
6795.969,286,493,1
6796.071,289,494,0
6796.171,291,495,0
6796.271,300,496,2
6796.372,298,494,4
6796.471,290,495,1
6796.572,297,494,3
6796.672,293,493,1
6796.772,285,495,0
6796.871,296,498,0
6796.971,296,498,1
6797.071,294,501,0
6797.17,299,503,1
6797.272,296,502,2
6797.372,295,504,1
6797.471,302,505,1
6797.571,295,508,0
6797.672,304,506,2
6797.77,289,506,0
6797.872,297,501,5
6797.971,299,502,1
6798.071,299,500,2
6798.171,292,501,0
6798.274,297,501,0
6798.371,293,503,0
6798.472,298,500,4
6798.571,291,502,0
6798.671,287,505,0
6798.77,298,504,2
6798.871,295,507,0
6798.971,291,507,1
6799.071,305,508,0
6799.171,292,508,1
6799.271,295,510,1
6799.371,292,506,4
6799.47,292,506,1
6799.57,298,506,2
6799.671,291,504,3
6799.77,298,505,0
6799.871,295,504,1
6799.97,299,502,2
6800.07,301,504,1
6800.17,297,506,1
6800.271,298,506,1
6800.37,286,506,1
6800.47,293,504,3
6800.571,301,505,2
6800.671,289,504,3
6800.77,302,505,1
6800.871,300,506,1
6800.97,286,506,0
6801.071,287,504,4
6801.17,309,502,3
6801.27,298,501,2
6801.37,293,504,0
6801.471,299,505,0
6801.57,300,504,1
6801.67,303,505,1
6801.77,295,505,2
6801.871,289,507,0
6801.97,286,506,2
6802.071,298,506,0
6802.17,300,505,3
6802.27,308,504,1
6802.369,290,500,4
6802.47,295,502,1
6802.57,288,501,2
6802.67,294,500,1
6802.771,304,500,1
6802.871,300,503,0
6802.97,285,502,2
6803.071,294,506,2
6803.171,298,504,3
6803.272,302,503,2
6803.369,286,503,0
6803.469,289,500,3
6803.57,296,498,2
6803.67,301,500,1
6803.769,293,500,2
6803.871,300,501,2
6803.971,295,500,2
6804.071,301,501,0
6804.17,294,501,1
6804.27,290,498,4
6804.371,298,493,7
6804.47,287,495,0
6804.57,305,492,4
6804.672,295,494,1
6804.771,298,492,2
6804.87,295,493,0
6804.971,291,489,5
6805.072,301,489,1
6805.172,293,486,4
6805.272,294,484,2
6805.372,300,486,1
6805.472,290,486,1
6805.571,300,486,2
6805.672,293,487,0
6805.771,301,492,0
6805.871,293,492,1
6805.972,300,492,2
6806.071,302,495,0
6806.171,295,496,2
6806.272,296,497,1
6806.371,287,492,5
6806.47,301,494,1
6806.571,304,495,1
6806.672,293,494,3
6806.771,301,496,0
6806.87,297,497,0
6806.972,282,491,7
6807.072,291,491,3
6807.17,296,495,0
6807.272,295,494,3
6807.371,301,496,0
6807.471,295,494,2
6807.572,302,498,0
6807.671,287,502,0
6807.771,291,499,3
6807.871,299,502,0
6807.971,294,505,0
6808.071,289,505,1
6808.171,292,507,1
6808.272,302,507,0
6808.372,301,506,1
6808.47,303,506,1
6808.57,298,509,1
6808.671,301,512,0
6808.771,293,511,2
6808.871,298,512,1
6808.971,297,512,2
6809.071,298,511,1
6809.17,294,511,2
6809.271,298,510,1
6809.371,296,510,0
6809.471,294,508,2
6809.57,286,508,0
6809.671,298,505,3
6809.771,286,504,1
6809.871,287,501,4
6809.971,305,501,0
6810.071,300,500,2
6810.172,293,500,2
6810.271,291,501,0
6810.37,289,501,2
6810.472,291,500,3
6810.572,302,504,0
6810.672,291,501,4
6810.772,296,500,1
6810.872,296,499,2
6810.971,302,500,0
6811.072,300,497,4
6811.172,289,497,2
6811.272,294,498,0
6811.372,284,498,1
6811.472,295,495,4
6811.57,295,496,0
6811.67,290,492,4
6811.771,297,493,1
6811.872,289,493,5
6811.971,305,495,0
6812.071,305,491,4
6812.172,306,489,5
6812.272,300,488,1
6812.37,306,490,0
6812.472,296,490,4
6812.571,287,493,2
6812.673,297,495,0
6812.772,299,497,1
6812.872,299,497,1
6812.972,302,500,0
6813.073,301,500,1
6813.172,298,500,0
6813.273,297,496,5
6813.372,303,499,1
6813.473,300,499,1
6813.573,306,501,1
6813.672,297,504,0
6813.772,298,504,2
6813.874,293,505,1
6813.973,287,505,0
6814.071,291,506,0
6814.172,292,507,1
6814.273,298,505,3
6814.373,299,504,1
6814.473,294,505,1
6814.573,294,503,3
6814.673,294,503,1
6814.772,303,505,2
6814.873,291,504,3
6814.972,302,507,1
6815.073,298,508,2
6815.173,298,505,3
6815.272,295,506,0
6815.372,298,506,2
6815.472,299,509,0
6815.573,307,503,7
6815.673,305,504,0
6815.773,297,501,4
6815.872,290,502,0
6815.972,293,504,0
6816.072,281,503,2
6816.173,305,501,3
6816.273,306,503,0
6816.373,290,499,6
6816.473,292,502,0
6816.572,300,501,2
6816.673,293,496,5
6816.773,296,498,1
6816.873,295,500,0
6816.972,304,501,1
6817.073,300,506,0
6817.174,297,507,1
6817.273,296,507,0
6817.372,298,507,0
6817.472,299,506,1
6817.572,302,506,0
6817.673,300,507,2
6817.773,291,505,4
6817.872,284,507,0
6817.972,293,507,3
6818.073,300,509,1
6818.172,297,509,1
6818.272,297,510,0
6818.372,297,509,3
6818.473,302,503,7
6818.571,301,504,0
6818.672,291,503,2
6818.773,295,504,1
6818.872,296,502,3
6818.972,294,500,2
6819.072,302,504,0
6819.172,299,505,1
6819.272,297,506,1
6819.373,292,505,1
6819.472,299,503,2
6819.574,291,501,3
6819.672,290,503,0
6819.772,298,505,2
6819.872,287,504,1
6819.973,299,500,4
6820.073,295,500,0
6820.173,298,494,7
6820.272,297,496,0
6820.372,298,494,2
6820.472,291,493,1
6820.573,286,492,1
6820.672,302,495,0
6820.773,291,494,1
6820.873,295,492,4
6820.973,294,494,2
6821.073,303,498,0
6821.172,290,502,1
6821.273,295,500,4
6821.373,296,499,3
6821.473,294,501,0
6821.572,295,495,7
6821.673,297,497,1
6821.773,301,500,0
6821.872,293,501,1
6821.971,283,502,0
6822.072,294,505,0
6822.171,290,501,5
6822.273,294,498,4
6822.372,302,499,0
6822.472,287,499,0
6822.572,294,502,0
6822.672,287,500,3
6822.772,295,499,1
6822.873,296,500,1
6822.971,299,500,0
6823.073,303,503,0
6823.172,291,503,0
6823.273,293,502,2
6823.372,296,504,0
6823.472,298,505,1
6823.572,295,507,0
6823.672,299,504,3
6823.772,295,506,0
6823.873,290,508,0
6823.972,291,510,2
6824.074,298,507,5
6824.173,292,504,4
6824.273,300,508,0
6824.373,295,507,2
6824.472,300,507,0
6824.573,293,505,3
6824.672,301,508,0
6824.772,289,509,1
6824.873,293,504,5
6824.973,297,503,2
6825.073,296,503,1
6825.172,300,504,1
6825.273,304,507,0
6825.372,301,506,1
6825.472,293,505,2
6825.572,301,505,0
6825.673,303,506,1
6825.772,290,508,0
6825.872,294,507,1
6825.973,308,503,5
6826.073,303,504,0
6826.172,302,504,1
6826.272,292,506,1
6826.372,297,504,2
6826.473,301,499,8
6826.572,292,502,0
6826.673,301,502,1
6826.772,298,503,0
6826.872,285,501,2
6826.972,308,502,2
6827.073,290,498,4
6827.172,301,497,2
6827.272,301,497,1
6827.372,297,494,3
6827.471,298,493,2
6827.572,291,494,0
6827.672,291,496,1
6827.773,296,493,3
6827.874,297,496,0
6827.972,302,497,0
6828.073,292,495,2
6828.173,300,497,1
6828.272,298,499,0
6828.373,306,496,4
6828.472,296,499,0
6828.573,291,499,2
6828.672,298,499,0
6828.773,290,500,1
6828.872,294,500,0
6828.972,296,500,2
6829.072,298,503,0
6829.173,294,502,3
6829.273,295,504,1
6829.373,289,503,2
6829.473,300,505,0
6829.572,306,503,3
6829.673,298,501,2
6829.772,300,502,2
6829.873,293,503,0
6829.972,297,504,0
6830.071,289,501,3
6830.172,295,504,0
6830.273,291,503,2
6830.372,287,504,0
6830.473,294,501,5
6830.572,290,501,0
6830.673,296,502,3
6830.772,303,505,0
6830.872,300,504,1
6830.972,301,506,1
6831.072,297,508,0
6831.17,294,511,0
6831.272,294,509,3
6831.372,300,510,1
6831.473,285,507,4
6831.573,294,511,0
6831.672,285,512,0
6831.771,296,513,1
6831.873,298,512,1
6831.972,293,512,0
6832.072,284,509,4
6832.173,293,504,6
6832.273,291,504,3
6832.373,297,503,1
6832.472,293,502,2
6832.573,293,502,3
6832.673,295,502,0
6832.773,292,499,4
6832.873,302,499,0
6832.972,301,499,2
6833.073,308,502,1
6833.172,299,502,0
6833.274,294,496,6
6833.372,299,498,0
6833.473,317,498,2
6833.573,294,499,2
6833.673,291,503,0
6833.772,300,501,3
6833.873,292,499,2
6833.971,285,500,0
6834.073,300,499,4
6834.172,296,498,3
6834.273,297,498,2
6834.372,291,499,0
6834.472,308,498,2
6834.573,308,498,2
6834.671,291,496,3
6834.771,296,499,1
6834.872,306,501,2
6834.973,298,503,2
6835.072,305,504,0
6835.172,296,503,2
6835.271,287,504,0
6835.371,300,506,1
6835.47,293,505,1
6835.571,293,505,1
6835.672,295,502,4
6835.773,291,503,1
6835.873,299,500,3
6835.973,294,497,4
6836.072,293,500,0
6836.173,294,499,3
6836.274,291,499,0
6836.372,299,500,0
6836.471,296,498,2
6836.573,293,500,0
6836.672,292,499,1
6836.772,301,500,2
6836.873,296,503,0
6836.971,292,506,0
6837.072,305,509,0
6837.173,297,506,5
6837.271,297,508,0
6837.37,291,506,3
6837.473,303,507,1
6837.571,291,510,0
6837.67,296,511,1
6837.772,298,510,3
6837.871,292,513,0
6837.972,295,511,2
6838.072,302,510,3
6838.173,298,507,3
6838.272,296,506,2
6838.373,288,505,3
6838.472,293,508,1
6838.572,291,509,0
6838.673,308,508,2
6838.772,292,509,0
6838.872,295,509,1
6838.973,296,508,2
6839.071,301,507,1
6839.173,296,505,3
6839.273,294,502,4
6839.373,285,502,3
6839.473,294,504,0
6839.573,300,506,0
6839.671,293,505,2
6839.771,287,505,1
6839.873,300,505,2
6839.972,299,504,2
6840.073,295,503,3
6840.173,296,505,0
6840.272,298,505,2
6840.372,309,504,2
6840.473,290,505,0
6840.573,284,499,7
6840.671,298,499,2
6840.773,294,498,3
6840.873,297,496,6
6840.972,294,496,0
6841.073,293,497,0
6841.172,291,498,0
6841.273,295,498,3
6841.373,300,501,0
6841.472,298,500,4
6841.573,295,496,5
6841.672,299,497,0
6841.772,291,497,0
6841.871,301,498,2
6841.973,294,497,1
6842.072,301,499,1
6842.172,301,501,0
6842.272,297,500,1
6842.372,299,499,2
6842.472,296,498,2
6842.572,301,493,6
6842.673,282,493,2
6842.772,301,495,1
6842.874,292,495,1
6842.973,296,496,1
6843.072,299,498,0
6843.172,301,500,2
6843.272,295,499,3
6843.372,299,499,2
6843.474,297,501,1
6843.573,301,505,0
6843.673,287,501,5
6843.772,294,502,0
6843.874,292,502,3
6843.971,296,503,0
6844.073,303,503,1
6844.172,289,502,1
6844.273,286,501,2
6844.372,296,498,3
6844.473,294,492,7
6844.572,291,495,0
6844.674,288,494,2
6844.772,288,496,0
6844.872,302,494,3
6844.972,300,494,0
6845.072,293,496,0
6845.173,292,497,4
6845.272,290,497,0
6845.372,287,500,0
6845.472,296,501,0
6845.572,301,503,0
6845.672,306,505,2
6845.772,306,509,0
6845.872,301,509,1
6845.972,295,511,1
6846.074,293,509,2
6846.172,290,511,0
6846.272,298,510,3
6846.372,294,511,1
6846.472,283,510,2
6846.573,294,511,0
6846.674,301,509,3
6846.772,299,509,0
6846.872,299,511,2
6846.972,301,508,3
6847.072,286,511,0
6847.172,301,510,2
6847.27,286,513,0
6847.373,297,508,5
6847.473,304,509,0
6847.571,298,509,1
6847.674,288,505,5
6847.772,301,507,3
6847.872,301,504,3
6847.972,289,503,2
6848.072,288,501,3
6848.172,294,500,2
6848.272,297,501,2
6848.373,296,502,1
6848.473,290,505,0
6848.573,296,505,2
6848.671,296,505,0
6848.772,311,504,6
6848.872,292,501,4
6848.972,294,501,0
6849.073,296,501,2
6849.173,291,501,2
6849.273,294,499,2
6849.373,293,501,0
6849.472,299,503,0
6849.572,299,501,3
6849.672,288,501,1
6849.773,304,502,2
6849.873,289,498,4
6849.972,300,501,0
6850.073,311,501,2
6850.172,297,502,0
6850.271,302,501,5
6850.373,296,503,0
6850.473,288,501,3
6850.572,293,502,2
6850.675,297,503,1
6850.772,297,503,0
6850.872,303,504,3
6850.972,298,503,1
6851.073,295,502,2
6851.173,288,504,1
6851.273,308,506,1
6851.372,302,508,0
6851.472,291,508,2
6851.573,299,508,1
6851.672,299,510,1
6851.772,292,511,0
6851.874,305,508,5
6851.971,292,509,0
6852.071,298,507,2
6852.172,303,507,3
6852.272,296,510,1
6852.372,298,509,1
6852.473,299,505,5
6852.571,299,505,0
6852.672,291,504,1
6852.771,290,507,1
6852.871,290,505,4
6852.971,294,506,1
6853.073,301,504,3
6853.172,301,502,2
6853.274,294,498,4
6853.373,297,500,0
6853.472,289,499,3
6853.572,290,501,0
6853.673,303,500,2
6853.772,292,497,4
6853.874,293,494,6
6853.972,299,494,0
6854.073,295,494,0
6854.171,305,494,2
6854.273,298,491,4
6854.373,296,486,5
6854.472,305,489,0
6854.572,286,490,2
6854.671,312,494,0
6854.772,294,495,1
6854.873,286,494,1
6854.972,287,492,2
6855.072,309,494,1
6855.172,302,500,0
6855.272,293,498,2
6855.371,298,498,0
6855.471,296,499,0
6855.572,297,498,3
6855.672,295,500,0
6855.772,292,498,2
6855.871,297,500,0
6855.972,312,498,3
6856.072,300,500,0
6856.173,291,500,1
6856.272,298,502,0
6856.373,296,504,0
6856.473,302,501,3
6856.573,300,501,1
6856.673,288,502,0
6856.772,291,501,1
6856.873,300,501,2
6856.971,296,498,3
6857.073,296,503,0
6857.172,291,502,4
6857.273,303,505,0
6857.373,309,505,1
6857.47,294,508,0
6857.571,301,509,1
6857.673,289,508,4
6857.772,295,510,0
6857.873,302,508,3
6857.971,296,508,1
6858.073,298,505,3
6858.173,299,501,6
6858.272,304,504,0
6858.373,299,502,2
6858.473,304,505,1
6858.572,289,508,0
6858.673,302,505,3
6858.772,296,506,0
6858.873,306,504,2
6858.971,289,506,0
6859.072,295,506,2
6859.172,283,506,2
6859.272,301,509,0
6859.372,301,511,1
6859.473,303,513,0
6859.573,293,515,0
6859.673,301,513,3
6859.773,293,510,3
6859.872,292,510,0
6859.972,283,508,4
6860.074,299,507,4
6860.171,295,508,0
6860.273,293,507,2
6860.372,296,507,1
6860.472,306,504,6
6860.572,305,503,3
6860.673,304,506,0
6860.773,298,507,2
6860.873,292,509,0
6860.972,290,509,1
6861.072,299,511,0
6861.171,290,513,0
6861.273,297,507,7
6861.373,288,510,0
6861.473,296,510,3
6861.572,296,506,5
6861.674,292,507,1
6861.772,303,509,0
6861.871,288,512,1
6861.972,301,511,2
6862.071,296,513,0
6862.172,301,511,3
6862.272,303,512,2
6862.373,303,508,5
6862.472,278,508,0
6862.572,296,507,3
6862.673,301,509,1
6862.772,294,509,2
6862.872,295,510,1
6862.972,294,509,1
6863.072,303,507,3
6863.173,302,506,2
6863.272,291,508,0
6863.372,293,507,1
6863.472,292,507,2
6863.572,297,504,3
6863.673,295,504,1
6863.773,288,504,2
6863.873,300,503,3
6863.972,296,501,4
6864.073,298,500,4
6864.172,294,501,1
6864.272,299,502,0
6864.372,306,503,0
6864.473,307,504,0
6864.572,287,504,1
6864.671,298,505,0
6864.771,300,504,3
6864.873,289,500,5
6864.972,300,504,0
6865.071,295,503,2
6865.173,290,502,5
6865.271,303,502,0
6865.372,286,503,0
6865.472,299,503,0
6865.573,286,501,3
6865.671,300,502,0
6865.771,297,500,3
6865.873,292,495,5
6865.972,292,496,0
6866.072,292,493,3
6866.173,294,492,3
6866.273,296,494,1
6866.371,301,495,0
6866.473,301,492,5
6866.572,304,493,0
6866.673,290,493,0
6866.773,306,496,0
6866.873,297,494,3
6866.973,281,492,4
6867.073,302,493,0
6867.171,295,491,3
6867.273,290,488,4
6867.373,297,489,2
6867.473,293,491,0
6867.572,292,492,2
6867.672,286,491,2
6867.772,301,494,1
6867.872,297,494,0
6867.972,299,498,2
6868.072,293,496,5
6868.172,297,496,0
6868.273,293,497,1
6868.372,300,502,0
6868.473,301,502,0
6868.573,289,503,0
6868.673,300,503,1
6868.772,301,504,1
6868.872,293,506,0
6868.973,298,506,2
6869.072,303,508,0
6869.173,298,510,1
6869.273,293,512,0
6869.373,296,509,5
6869.472,296,509,0
6869.573,288,506,4
6869.672,289,507,0
6869.772,285,508,1
6869.871,293,510,1
6869.972,304,509,1
6870.073,295,512,1
6870.173,293,511,4
6870.272,297,512,0
6870.373,301,513,0
6870.472,299,514,2
6870.573,298,513,5
6870.673,296,512,1
6870.773,298,510,2
6870.873,290,507,3
6870.972,288,507,0
6871.073,301,500,7
6871.172,288,501,0
6871.272,299,502,0
6871.373,296,499,3
6871.473,294,502,0
6871.572,291,500,3
6871.672,293,499,2
6871.772,287,498,4
6871.873,290,496,3
6871.973,299,501,0
6872.072,295,504,2
6872.172,291,504,3
6872.273,294,502,3
6872.373,299,502,2
6872.473,285,501,2
6872.572,293,504,0
6872.672,285,505,0
6872.773,291,505,3
6872.872,301,506,1
6872.973,291,507,1
6873.073,290,508,0
6873.172,297,506,2
6873.273,296,505,3
6873.373,294,505,0
6873.474,299,502,5
6873.573,295,503,0
6873.673,290,500,4
6873.773,297,501,1
6873.872,298,503,0
6873.972,292,506,0
6874.073,295,504,3
6874.172,300,503,2
6874.271,293,502,1
6874.373,302,503,1
6874.473,300,504,1
6874.571,303,508,1
6874.673,308,507,3
6874.771,302,507,0
6874.871,293,508,4
6874.973,290,508,1
6875.073,284,504,5
6875.172,300,506,0
6875.273,295,507,0
6875.373,293,504,4
6875.473,294,505,1
6875.573,299,502,4
6875.671,291,505,0
6875.772,305,506,0
6875.873,300,505,5
6875.972,286,506,0
6876.073,289,504,3
6876.173,297,501,5
6876.273,293,503,0
6876.372,292,502,2
6876.472,299,502,1
6876.572,287,502,1
6876.673,303,503,1
6876.773,306,507,0
6876.872,296,504,3
6876.972,295,506,1
6877.073,298,506,2
6877.171,307,510,1
6877.272,293,508,2
6877.372,291,509,0
6877.472,294,510,0
6877.572,300,505,7
6877.672,293,506,0
6877.774,297,504,2
6877.873,297,503,3
6877.973,292,504,0
6878.073,292,505,1
6878.172,296,505,1
6878.272,300,507,0
6878.372,299,504,3
6878.474,299,501,4
6878.572,295,503,0
6878.673,297,500,5
6878.772,302,501,0
6878.872,286,502,2
6878.972,290,502,2
6879.072,293,500,3
6879.173,283,499,1
6879.271,289,499,3
6879.372,296,498,2
6879.473,305,498,2
6879.572,305,498,0
6879.672,302,499,1
6879.772,307,503,2
6879.872,292,505,1
6879.971,294,506,1
6880.072,303,505,2
6880.172,293,501,4
6880.272,296,503,0
6880.372,295,504,0
6880.472,293,503,2
6880.571,294,503,2
6880.673,304,503,3
6880.772,287,507,0
6880.873,301,507,1
6880.973,292,507,1
6881.072,302,508,2
6881.172,307,507,2
6881.272,307,507,1
6881.37,289,510,0
6881.473,301,511,0
6881.572,302,513,0
6881.673,297,513,1
6881.773,294,514,1
6881.874,294,515,2
6881.973,288,514,3
6882.073,303,512,3
6882.172,297,512,0
6882.273,293,510,4
6882.372,301,511,0
6882.472,292,508,3
6882.571,303,508,0
6882.67,298,508,0
6882.771,293,506,3
6882.873,288,499,8
6882.973,295,501,1
6883.073,294,502,1
6883.172,304,503,0
6883.274,296,503,1
6883.371,307,505,0
6883.473,299,505,2
6883.572,293,505,0
6883.672,293,505,0
6883.773,291,503,5
6883.871,295,505,0
6883.973,298,509,2
6884.072,284,510,3
6884.173,291,507,6
6884.273,284,508,0
6884.372,290,507,3
6884.473,296,508,0
6884.573,292,504,4
6884.673,294,505,0
6884.772,295,503,2
6884.873,297,501,2
6884.971,288,502,1
6885.071,300,500,3
6885.173,295,498,3
6885.273,294,499,0
6885.372,293,499,2
6885.473,302,498,3
6885.572,298,498,1
6885.673,291,499,0
6885.773,309,498,2
6885.872,300,500,0
6885.973,291,499,2
6886.073,291,502,1
6886.174,296,498,5
6886.274,293,499,0
6886.371,294,499,0
6886.472,284,499,2
6886.571,292,497,4
6886.673,295,499,1
6886.772,296,500,0
6886.873,306,500,2
6886.973,296,501,0
6887.072,296,497,6
6887.173,284,499,1
6887.273,291,499,2
6887.373,289,498,3
6887.472,290,498,0
6887.573,295,498,3
6887.672,289,499,0
6887.773,305,496,3
6887.873,297,500,0
6887.972,301,499,4
6888.073,300,499,0
6888.172,289,502,0
6888.272,294,501,2
6888.373,298,501,1
6888.473,303,502,0
6888.572,296,500,2
6888.672,299,499,1
6888.772,289,499,1
6888.873,300,497,4
6888.972,297,497,0
6889.073,296,496,1
6889.172,294,494,3
6889.273,295,495,1
6889.372,295,495,3
6889.472,288,499,0
6889.572,299,499,5
6889.673,301,499,0
6889.773,299,498,2
6889.873,293,500,0
6889.973,287,499,1
6890.073,297,494,5
6890.173,294,495,0
6890.272,291,493,2
6890.372,301,494,1
6890.473,297,492,5
6890.571,293,496,0
6890.673,294,493,5
6890.771,286,493,0
6890.872,300,493,1
6890.972,302,495,2
6891.073,302,496,1
6891.172,303,497,0
6891.274,301,496,2
6891.374,295,496,2
6891.474,293,498,1
6891.574,300,497,1
6891.675,302,499,0
6891.773,310,500,1
6891.874,291,498,3
6891.973,294,498,2
6892.075,288,500,1
6892.174,301,499,1
6892.274,294,497,2
6892.375,299,496,2
6892.475,292,495,4
6892.575,303,494,4
6892.674,299,493,2
6892.775,300,495,2
6892.875,306,501,1
6892.974,295,501,1
6893.075,294,502,0
6893.174,295,501,1
6893.274,294,502,0
6893.374,292,503,0
6893.475,296,504,1
6893.574,298,503,2
6893.674,288,504,1
6893.775,303,506,0
6893.875,295,507,0
6893.975,291,504,3
6894.076,290,505,3
6894.173,298,506,1
6894.273,304,509,0
6894.375,291,509,1
6894.475,300,507,2
6894.573,299,508,0
6894.675,294,509,1
6894.773,297,507,3
6894.874,298,506,1
6894.974,293,505,4
6895.074,292,505,0
6895.174,292,502,4
6895.275,286,503,2
6895.374,293,504,0
6895.474,295,503,2
6895.575,304,504,1
6895.674,298,506,1
6895.775,289,502,4
6895.875,302,500,3
6895.976,290,497,4
6896.074,293,498,0
6896.174,291,497,1
6896.276,300,497,1
6896.374,298,497,0
6896.474,288,497,2
6896.574,309,497,3
6896.675,298,493,4
6896.774,292,495,0
6896.874,294,494,2
6896.975,293,495,0
6897.074,294,495,0
6897.174,299,490,6
6897.277,295,488,4
6897.375,293,491,0
6897.475,297,492,2
6897.574,294,490,2
6897.675,287,493,0
6897.775,294,491,2
6897.875,291,492,0
6897.974,294,495,0
6898.074,286,494,3
6898.174,298,496,0
6898.274,293,495,1
6898.375,305,493,2
6898.474,301,494,0
6898.575,295,493,2
6898.676,293,490,5
6898.775,296,491,0
6898.874,300,493,2
6898.975,306,493,1
6899.074,301,492,2
6899.175,302,492,1
6899.274,290,492,0
6899.374,291,492,0
6899.474,295,494,0
6899.575,293,494,2
6899.676,301,496,1
6899.774,300,497,0
6899.875,290,496,2
6899.975,304,497,0
6900.075,307,498,1
6900.175,300,499,1
6900.274,301,503,0
6900.375,293,502,2
6900.475,290,499,3
6900.573,301,497,3
6900.674,298,497,1
6900.774,301,496,2
6900.876,295,496,3
6900.975,292,498,0
6901.075,299,499,1
6901.174,294,499,0
6901.274,301,497,3
6901.374,295,497,1
6901.475,294,496,2
6901.574,293,499,0
6901.676,304,496,5
6901.774,299,497,2
6901.875,292,493,4
6901.975,301,496,0
6902.074,303,496,1
6902.174,296,494,2
6902.274,299,494,2
6902.373,288,495,0
6902.474,300,495,1
6902.574,285,495,0
6902.674,295,496,3
6902.774,302,495,2
6902.875,299,497,1
6902.974,296,499,0
6903.076,296,497,3
6903.174,295,499,0
6903.274,301,501,0
6903.374,304,499,4
6903.475,289,501,1
6903.575,293,499,5
6903.674,295,500,0
6903.775,297,496,5
6903.875,289,497,0
6903.975,298,499,3
6904.074,295,500,0
6904.175,299,498,3
6904.276,294,496,2
6904.375,292,494,2
6904.474,295,496,0
6904.575,306,496,3
6904.675,287,500,0
6904.774,289,498,2
6904.876,290,498,2
6904.974,293,498,0
6905.075,297,494,5
6905.176,292,497,0
6905.275,298,497,1
6905.374,293,496,3
6905.475,296,499,1
6905.573,291,502,0
6905.675,294,502,2
6905.775,293,501,2
6905.874,302,504,0
6905.974,298,502,3
6906.074,301,501,2
6906.174,286,502,2
6906.274,298,504,1
6906.373,287,505,1
6906.474,302,503,2
6906.575,296,503,1
6906.675,291,499,5
6906.773,297,500,0
6906.874,300,501,0
6906.974,293,503,0
6907.074,291,501,3
6907.174,299,501,1
6907.274,300,503,0
6907.374,290,505,1
6907.474,300,510,0
6907.574,293,509,2
6907.675,293,509,1
6907.774,291,506,3
6907.875,300,506,0
6907.974,294,505,3
6908.075,298,505,0
6908.174,298,505,2
6908.274,297,505,1
6908.374,295,505,2
6908.475,298,504,1
6908.575,287,500,6
6908.674,297,500,0
6908.775,295,500,2
6908.874,307,501,0
6908.974,289,497,4
6909.074,291,498,1
6909.175,297,496,5
6909.275,302,495,2
6909.374,293,495,1
6909.474,291,495,0
6909.574,293,494,1
6909.676,290,491,3
6909.775,302,491,2
6909.875,293,490,2
6909.974,295,491,0
6910.073,281,490,1
6910.174,301,489,1
6910.275,293,487,3
6910.375,289,486,2
6910.474,291,489,0
6910.574,302,489,2
6910.674,291,491,1
6910.774,306,492,2
6910.873,293,495,0
6910.975,294,496,1
6911.075,297,496,0
6911.174,290,497,1
6911.274,297,499,0
6911.373,307,499,1
6911.474,294,498,2
6911.574,294,498,0
6911.675,291,498,2
6911.774,292,500,0
6911.874,300,500,3
6911.974,287,502,1
6912.075,298,499,4
6912.174,299,500,0
6912.275,292,502,0
6912.378,296,502,1
6912.475,291,503,2
6912.574,296,505,0
6912.675,298,505,1
6912.774,287,508,0
6912.875,287,505,3
6912.974,298,504,1
6913.075,294,502,2
6913.174,291,503,0
6913.275,297,502,1
6913.374,295,504,2
6913.475,304,501,5
6913.575,295,498,3
6913.674,290,498,0
6913.775,293,494,7
6913.875,297,490,5
6913.974,302,493,0
6914.074,295,494,1
6914.174,303,495,1
6914.274,285,498,1
6914.375,291,497,2
6914.474,293,498,0
6914.574,300,500,1
6914.674,289,503,1
6914.775,308,500,3
6914.873,290,503,0
6914.975,296,499,5
6915.074,298,499,0
6915.174,303,499,2
6915.274,299,496,3
6915.374,300,497,1
6915.474,290,496,1
6915.575,293,493,3
6915.675,305,494,0
6915.774,303,496,1
6915.875,299,495,3
6915.974,301,496,1
6916.073,286,498,0
6916.175,294,497,3
6916.275,290,498,0
6916.374,294,502,0
6916.474,299,500,4
6916.574,295,502,0
6916.675,292,505,0
6916.774,296,507,0
6916.874,288,505,2
6916.974,293,506,1
6917.075,307,509,1
6917.174,294,510,0
6917.275,303,509,2
6917.374,297,510,0
6917.474,299,509,2
6917.574,295,510,1
6917.673,296,509,1
6917.774,302,508,4
6917.875,294,508,1
6917.974,309,508,0
6918.074,296,508,0
6918.174,299,508,2
6918.274,294,504,4
6918.374,297,505,1
6918.474,290,503,3
6918.573,295,504,0
6918.674,290,505,1
6918.774,298,504,2
6918.873,313,501,3
6918.973,296,498,5
6919.073,299,497,2
6919.173,299,496,2
6919.274,294,499,0
6919.375,294,497,3
6919.475,284,497,1
6919.575,303,497,1
6919.674,289,499,0
6919.774,300,497,3
6919.874,296,496,2
6919.975,286,493,3
6920.074,298,494,0
6920.174,301,493,3
6920.275,302,493,1
6920.374,294,492,2
6920.475,289,490,3
6920.574,297,491,0
6920.674,287,492,0
6920.776,296,494,0
6920.875,299,498,0
6920.976,297,497,3
6921.077,294,497,1
6921.175,294,499,2
6921.276,297,499,0
6921.377,296,500,1
6921.476,290,500,1
6921.577,296,498,2
6921.677,300,495,4
6921.776,297,496,2
6921.877,308,496,1
6921.976,298,495,1
6922.077,297,495,1
6922.176,300,498,1
6922.277,297,497,3
6922.376,299,497,2
6922.477,291,495,3
6922.576,294,495,0
6922.677,298,496,0
6922.777,299,498,0
6922.876,296,499,1
6922.976,298,499,0
6923.076,294,498,1
6923.177,301,497,2
6923.274,297,499,0
6923.375,298,495,4
6923.476,295,494,3
6923.576,298,493,4
6923.678,304,495,0
6923.776,302,497,0
6923.877,293,494,4
6923.976,285,496,0
6924.076,293,496,2
6924.178,300,496,3
6924.276,301,497,0
6924.375,297,496,2
6924.477,287,493,3
6924.576,301,493,0
6924.676,299,496,0
6924.776,299,496,1
6924.876,283,499,0
6924.977,295,499,3
6925.076,309,501,0
6925.178,295,497,5
6925.276,298,497,0
6925.376,300,494,4
6925.478,292,492,2
6925.576,291,493,0
6925.678,293,492,2
6925.777,301,497,0
6925.876,291,496,4
6925.977,295,495,4
6926.077,288,497,0
6926.177,299,499,0
6926.276,295,497,3
6926.376,289,496,1
6926.477,303,500,2
6926.576,299,503,0
6926.678,296,506,1
6926.774,301,508,1
6926.876,299,507,2
6926.977,296,505,6
6927.077,286,504,2
6927.175,309,508,0
6927.276,301,506,4
6927.376,313,506,2
6927.475,293,507,0
6927.576,283,508,0
6927.676,303,510,0
6927.776,298,510,1
6927.878,299,509,5
6927.976,291,510,0
6928.077,293,505,6
6928.177,301,508,0
6928.276,289,508,2
6928.377,298,508,2
6928.477,301,508,0
6928.576,297,509,1
6928.677,290,509,1
6928.775,293,510,1
6928.877,299,506,8
6928.976,301,506,0
6929.076,288,508,1
6929.176,288,508,1
6929.277,289,508,3
6929.376,291,509,0
6929.476,294,511,0
6929.576,301,509,4
6929.679,294,504,7
6929.778,298,505,1
6929.88,297,504,2
6929.978,292,506,1
6930.079,302,505,1
6930.179,287,507,1
6930.278,291,506,2
6930.379,293,505,2
6930.479,297,506,0
6930.578,295,507,3
6930.678,291,502,5
6930.778,303,501,2
6930.878,306,502,0
6930.978,285,500,3
6931.079,296,501,0
6931.178,299,497,4
6931.279,290,499,1
6931.378,292,498,2
6931.478,304,499,2
6931.579,301,496,3
6931.679,293,499,0
6931.778,298,497,2
6931.879,296,494,4
6931.979,293,496,0
6932.079,292,496,3
6932.179,296,497,1
6932.278,305,496,2
6932.378,292,497,2
6932.479,294,496,2
6932.577,293,494,2
6932.678,295,496,0
6932.778,294,498,0
6932.88,294,497,1
6932.979,296,496,2
6933.08,290,493,4
6933.179,304,494,0
6933.279,299,491,4
6933.379,296,491,0
6933.479,295,494,0
6933.581,292,488,8
6933.681,302,488,0
6933.78,295,489,2
6933.88,302,492,1
6933.98,301,492,1
6934.08,296,493,2
6934.18,288,494,2
6934.281,305,494,2
6934.38,290,494,1
6934.482,296,493,3
6934.58,299,491,3
6934.681,299,493,2
6934.78,295,496,0
6934.88,299,495,2
6934.982,293,498,0
6935.081,297,497,6
6935.181,297,495,3
6935.283,296,496,0
6935.381,296,495,2
6935.483,296,494,1
6935.585,299,495,1
6935.684,300,493,4
6935.78,290,494,0
6935.881,300,496,1
6935.982,304,499,0
6936.082,309,498,3
6936.182,285,499,2
6936.284,293,500,0
6936.383,304,506,0
6936.482,292,504,2
6936.583,295,503,2
6936.682,288,505,0
6936.782,302,504,2
6936.882,295,502,3
6936.981,299,502,1
6937.082,293,501,2
6937.182,299,501,3
6937.28,308,502,0
6937.382,294,499,3
6937.481,299,500,0
6937.58,296,501,0
6937.682,305,498,3
6937.781,292,500,3
6937.881,287,501,1
6937.981,294,504,0
6938.083,299,500,5
6938.181,297,501,0
6938.279,303,501,0
6938.383,292,501,1
6938.483,293,502,0
6938.583,309,503,1
6938.682,301,503,1
6938.783,287,500,3
6938.884,303,502,3
6938.983,301,502,1
6939.083,297,497,5
6939.184,298,497,1
6939.284,305,500,0
6939.383,305,502,1
6939.484,295,499,4
6939.584,295,501,0
6939.683,298,499,4
6939.783,300,501,1
6939.884,296,501,1
6939.982,304,499,4
