timestamp,gt_x,gt_y,slip_x,slip_y,fused_x,fused_y
381.568,63.0094365117051,-0.00010079085779318806,63.02757762404589,-0.00010806393746014013,63.026785773051856,0.08161803452558482
381.636,63.02303648897233,-0.00010050178774569157,63.041603830426745,-0.000107880064548956,63.039694231303386,0.08229545256969183
381.67,63.02983648703791,-0.000100354018640269,63.04825290740509,-0.0001077930701560284,63.046456182225356,0.08265277363046775
381.738,63.043436528695246,-0.00010005988777560528,63.062035875252754,-0.00010761338333622529,63.05998806226054,0.08336904270719063
381.772,63.05023655583831,-9.991231855025954e-05,63.06798828034627,-0.00010753596560470952,63.06652959497019,0.0837157077549183
381.84,63.063836572579575,-9.962088254222532e-05,63.07439592446323,-0.00010745268852600437,63.07290476017297,0.08405431776663033
381.874,63.07063658254046,-9.947605107467533e-05,63.088091018117375,-0.00010727470061056727,63.08596349173695,0.08474945953447412
381.908,63.0774365769473,-9.93315887185354e-05,63.09466614765935,-0.00010718928594047835,63.09278501217539,0.08511522876757101
381.942,63.08423656743818,-9.918858195613474e-05,63.10270641959853,-0.00010708494085308085,63.100055208946046,0.08550311252323944
382.01,63.097836582673224,-9.890455586392221e-05,63.11479494984381,-0.00010692841103476515,63.11333580933365,0.08620808888347657
382.044,63.10463661147796,-9.87631552307257e-05,63.12130104058994,-0.0001068443247793709,63.119712426433644,0.08654717410537363
382.078,63.11143661650698,-9.862003833032027e-05,63.1275774998238,-0.0001067632189644108,63.126066055693464,0.0868853069676744
382.146,63.12503663365906,-9.833162461657495e-05,63.14007152786172,-0.00010660164965161719,63.13914070808998,0.08758365058061182
382.214,63.13863661764743,-9.803708246836269e-05,63.15412922999636,-0.00010641970112293685,63.152043955250626,0.08827794482808557
382.248,63.14543661319377,-9.78892265844425e-05,63.16197349849391,-0.00010631848918314871,63.1593043694376,0.08866863704618702
382.282,63.15223662888269,-9.774142331279741e-05,63.169128998143336,-0.00010622647527178236,63.16662072060934,0.08906441972467241
382.316,63.15903665549795,-9.759455475547676e-05,63.17541564975186,-0.00010614587834110033,63.173480370542165,0.08943669660478014
382.384,63.172636712343554,-9.730304863278195e-05,63.188684491496495,-0.00010597600562878334,63.186943281076225,0.09016723425859018
382.418,63.17943672371841,-9.715803222083714e-05,63.195141977792126,-0.000105893300893156,63.19340316148128,0.09051778765804935
382.486,63.19303674149955,-9.687382119753401e-05,63.209643663941605,-0.0001057074753740892,63.20699815305832,0.09125835635428448
382.52,63.19983672670957,-9.673061507535362e-05,63.21674696625171,-0.00010561644474911372,63.2142375178135,0.09165554150934753
382.588,63.21343670560169,-9.644382992044111e-05,63.23014325904835,-0.00010544481526612307,63.22809181385875,0.09242087625619154
382.656,63.227036731936906,-9.615457303416907e-05,63.243689243947706,-0.00010527148733543007,63.24170188172422,0.09317475973581835
382.69,63.233836747293864,-9.600840433092239e-05,63.24999204141105,-0.0001051910805270393,63.248194589377114,0.0935325692507371
382.758,63.24743677455208,-9.571252789782031e-05,63.263725610105375,-0.00010501613895107463,63.261388113231895,0.09426077773305416
382.792,63.25423677404762,-9.556631211701374e-05,63.27025995392682,-0.0001049329024992404,63.26816423541993,0.09463467445781629
382.826,63.26103677673878,-9.541815562533015e-05,63.276085277265466,-0.00010485866790315235,63.274501630154845,0.09498537212721118
382.894,63.27463677352554,-9.51223245206995e-05,63.29072502719854,-0.00010467251941248472,63.288107667693204,0.095742476416892
382.962,63.288236816658944,-9.483406793195813e-05,63.30435643671857,-0.0001045001840270709,63.30172279572183,0.0965053453644693
382.996,63.295036840761306,-9.469107216894201e-05,63.31155184420583,-0.00010440928696809021,63.30890660695916,0.09691155183754865
383.03,63.30183683992294,-9.454815553323804e-05,63.31895719873444,-0.00010431561611856659,63.3161762675158,0.09732476589600053
383.098,63.31543684194551,-9.426273533318012e-05,63.3322138028723,-0.00010414746547114748,63.33008428072658,0.09811675035954767
383.132,63.3222368321037,-9.411818884253202e-05,63.33892044188405,-0.00010406233812751863,63.33674379366145,0.09849878792309479
383.2,63.33583685980074,-9.382475770927807e-05,63.35071673015897,-0.00010391316306055515,63.348988260702875,0.09920607162406957
383.234,63.342636872441545,-9.367681432999818e-05,63.35644855893487,-0.0001038409167096564,63.35499406459407,0.09955226488301103
383.302,63.35623687863183,-9.338116009294478e-05,63.37000868885979,-0.00010367006500484027,63.367972689937666,0.10030319481412425
383.336,63.363036887361204,-9.323227313765978e-05,63.37710962893913,-0.0001035804811108698,63.37470106728292,0.10069279388438411
383.404,63.376636893579004,-9.293621647998406e-05,63.389761990163066,-0.00010342114224476359,63.388190336708675,0.10147481239690355
383.438,63.38343692238956,-9.27909674756752e-05,63.39752040668927,-0.00010332396480503278,63.39489413141975,0.10186273217061996
383.506,63.397036960929675,-9.250409180510987e-05,63.41157853764662,-0.00010314826184497616,63.40897690438686,0.10268103421522069
383.54,63.40383696675497,-9.236015276124243e-05,63.418026121357556,-0.0001030675094984305,63.415730480394764,0.10307536575727129
383.608,63.41743696120413,-9.207276613387647e-05,63.43211524285076,-0.00010289052632524517,63.4294611357022,0.10388035493381845
383.642,63.42423694688715,-9.192760872101969e-05,63.4397966198713,-0.00010279407580628253,63.4367295134023,0.10430816060552169
383.676,63.431036948105366,-9.178224717960371e-05,63.446824991748066,-0.00010270601744412559,63.44396646004334,0.10473765588727633
383.744,63.44463697158102,-9.148731001563851e-05,63.4597654995925,-0.0001025444125360101,63.45761665745845,0.10554707254816975
383.778,63.45143700132604,-9.133886096532109e-05,63.4669272112739,-0.00010245516017282908,63.4643454553006,0.10594746585089129
383.846,63.465037045224676,-9.104122349532129e-05,63.4792925719738,-0.0001023011467291238,63.47727212788698,0.10671966314137381
383.88,63.47183704438598,-9.089174382125832e-05,63.48651788684951,-0.00010221125107814654,63.48393050670425,0.1071192743177598
383.948,63.48543704727605,-9.059933558395164e-05,63.4981094241486,-0.0001020672189489225,63.49660620176128,0.10787971113711212
383.982,63.492237029636144,-9.045305269280082e-05,63.504349184683285,-0.00010198975961678492,63.50253620702685,0.10823589196982351
384.05,63.50583702212914,-9.016363774826533e-05,63.517670197405586,-0.00010182452965384222,63.515375677153216,0.10901110853119235
384.084,63.51263703446488,-9.00200059100266e-05,63.525755192135506,-0.00010172443838621163,63.52250642596987,0.10944255556542368
384.152,63.52623710067718,-8.973216440072361e-05,63.540079795906934,-0.00010154731661016735,63.536927721168844,0.1103159610219538
384.186,63.533037112595096,-8.958595293406176e-05,63.547489145392184,-0.00010145563812079877,63.54426393910074,0.11076162356271632
384.22,63.53983712657621,-8.944069483448462e-05,63.5543086013518,-0.00010137122584148348,63.551394011429565,0.11119419576465164
384.288,63.55343712804015,-8.914260019599308e-05,63.568325410876135,-0.00010119767550332212,63.56521527436123,0.1120327019846669
384.322,63.56023712185426,-8.899277294553066e-05,63.57451172166351,-0.00010112118393436478,63.571995814826934,0.11244506719247799
384.356,63.56703711608354,-8.884285675394793e-05,63.58013081212532,-0.00010105183278088926,63.578186779395516,0.11282338888230714
384.424,63.580637107669226,-8.854461402852285e-05,63.59355781191774,-0.00010088658530870582,63.59098973217782,0.11361227378005377
384.458,63.58743712847619,-8.839739173366131e-05,63.599894257993604,-0.00010080891098015206,63.597483448767335,0.11401403570910859
384.526,63.60103717637074,-8.810663208098114e-05,63.61373169045592,-0.00010063969600878043,63.61134085979637,0.11487503461627287
384.56,63.6078371988666,-8.796281832971238e-05,63.6201019935987,-0.00010056177576872629,63.61772080498015,0.11527221365570162
384.628,63.62143719953043,-8.767527945671137e-05,63.633249266202554,-0.00010040063162506546,63.63046852563583,0.1160693091201074
384.662,63.62823720038055,-8.753092737381213e-05,63.639381909190256,-0.00010032539344847711,63.63695883804877,0.1164760160668129
384.73,63.641837186194934,-8.723497629203819e-05,63.65280866044885,-0.00010016080342782446,63.65036167502572,0.11731445786119353
384.764,63.648637205254204,-8.708710895102663e-05,63.660192818885704,-0.000100070547354772,63.657144262257404,0.11774058111235915
384.832,63.662237249365795,-8.678771138404871e-05,63.673891401349245,-9.990364630498194e-05,63.67091091512383,0.11860783184205123
384.866,63.66903725589116,-8.663878037706019e-05,63.680572297995404,-9.982235897434327e-05,63.677695994432135,0.11903690862863299
384.934,63.68263726912851,-8.633927271075758e-05,63.69312313160917,-9.96696268658283e-05,63.690621160833906,0.11985705343094634
384.968,63.689437257265546,-8.619282503372347e-05,63.70037664008952,-9.958145697268464e-05,63.69733511407677,0.12028426504389562
385.036,63.703037253757024,-8.589827235144125e-05,63.70757421165767,-9.949407106557837e-05,63.70433588490752,0.12073144632444177
385.07,63.709837265376976,-8.575326012765983e-05,63.72007864674523,-9.934277774271086e-05,63.71746366393853,0.12157088769444732
385.104,63.71663729211877,-8.560883377441448e-05,63.727163160646725,-9.925725705657961e-05,63.72414262710117,0.12199975118983476
385.172,63.73023732893335,-8.531985049971078e-05,63.739664613029284,-9.910627066320505e-05,63.73724587299012,0.12284346047035184
385.206,63.73703732700231,-8.517391754597361e-05,63.746431217654305,-9.902440159337568e-05,63.74365502565591,0.12325704080575796
385.274,63.75063732353258,-8.487710456011546e-05,63.760611193951554,-9.88527270416236e-05,63.75741688930329,0.12414721880116254
385.308,63.7574373101383,-8.47271723124671e-05,63.76809394844913,-9.876230505442321e-05,63.76455096620843,0.1246066858787355
385.376,63.77103732023747,-8.442682857368569e-05,63.7828636958807,-9.858458111593603e-05,63.77915917545086,0.12554733852704597
385.41,63.77783733901987,-8.4276441671096e-05,63.78951879019951,-9.850482579138066e-05,63.78622873004894,0.1260030694494891
385.478,63.79143740721042,-8.397821030935098e-05,63.801844650423924,-9.835739711071459e-05,63.799287550776555,0.1268528015414213
385.512,63.79823741984197,-8.38310718046015e-05,63.80869762170612,-9.827547091303914e-05,63.805736955383765,0.12727417005032626
385.58,63.81183744926152,-8.353917360135119e-05,63.822784959723464,-9.810706562665613e-05,63.81925093835318,0.1281544121236609
385.614,63.81863744043216,-8.339304673688382e-05,63.83017458581867,-9.801873304582583e-05,63.826470220856,0.12862550854358187
385.648,63.82543743507064,-8.325098117026707e-05,63.83596153968375,-9.79495666405062e-05,63.833125541723724,0.12905757726511333
385.716,63.83903740476106,-8.295745966925946e-05,63.85000495645227,-9.778161629942984e-05,63.84672238608919,0.1299432008420733
385.75,63.84583740272916,-8.280863954899556e-05,63.856394765647515,-9.770526828763278e-05,63.85335037409301,0.13037698199389916
385.818,63.85943744136466,-8.251062243127416e-05,63.87065947677987,-9.753534894164334e-05,63.86714887772924,0.13128413757091006
385.852,63.866237462269595,-8.236050998124968e-05,63.877304797712114,-9.745638488178304e-05,63.87398940482199,0.13173713048445446
385.92,63.87983749670883,-8.205823173560307e-05,63.890936657252965,-9.72945455869158e-05,63.88774750273074,0.13264997905096482
385.954,63.886637504257415,-8.190999480745509e-05,63.89865670438026,-9.720296048366897e-05,63.89481133612557,0.1331210551313706
386.022,63.90023749206208,-8.161089912627895e-05,63.911780602436,-9.704738012920004e-05,63.90874162405524,0.13405150448092948
386.056,63.90703749242078,-8.146338130624861e-05,63.919205949062565,-9.695948214833805e-05,63.91556874543872,0.13451061818353185
386.124,63.9206375148447,-8.117072425119664e-05,63.935048665633204,-9.677227124752208e-05,63.93067784420461,0.13553115325283854
386.158,63.92743754426605,-8.102567755495831e-05,63.94133569065306,-9.669818263224039e-05,63.9377943235556,0.13601168139348807
386.192,63.93423754864302,-8.088052218640811e-05,63.94863353611991,-9.661218268426945e-05,63.944826102340464,0.13648686205181487
386.26,63.94783755664746,-8.058675742378693e-05,63.96292274597037,-9.644339628557744e-05,63.95908271236284,0.13744606240106033
386.294,63.954637549535455,-8.043750158876681e-05,63.96908192745451,-9.637046546353475e-05,63.96579628063042,0.13790110792505103
386.362,63.96823755463702,-8.013592089235302e-05,63.98368695375178,-9.61979061251603e-05,63.979978332851346,0.13886742929546428
386.396,63.97503757196454,-7.998453574875037e-05,63.990224941477074,-9.612109513489077e-05,63.986740670503096,0.13933014391331436
386.43,63.981837595376824,-7.983353725962665e-05,63.99616432569616,-9.605151086558334e-05,63.99311682192695,0.13976697201120286
386.464,63.98863761981224,-7.968291228738756e-05,64.00382867707334,-9.596177899416887e-05,63.99993223368633,0.14023399491492086
386.532,64.0022376354455,-7.938409925583872e-05,64.01679908457095,-9.580985314730504e-05,64.01328973787075,0.14115471820971703
386.566,64.00903764189853,-7.923757656842996e-05,64.02261505322538,-9.574169809780388e-05,64.01959312160162,0.14158950271987072
386.634,64.02263761797111,-7.894260814020255e-05,64.03523047102588,-9.559400548829923e-05,64.03233381055749,0.1424685839475003
386.668,64.02943762157388,-7.879581054901532e-05,64.04165833766314,-9.551883424512002e-05,64.03849989592482,0.14289475829299517
386.736,64.0430376740447,-7.850334683419277e-05,64.05482149833949,-9.53652564876361e-05,64.05130329790313,0.14378127454664094
386.804,64.05663769939294,-7.820739680892291e-05,64.06175490282202,-9.528443587421139e-05,64.05801519869227,0.14424676785608742
386.838,64.06343770806745,-7.805692897702749e-05,64.07632988184727,-9.511443355671909e-05,64.07220556223857,0.1452330770904036
386.906,64.07703769591006,-7.775623333810785e-05,64.08882245886254,-9.496867492235149e-05,64.07920886485144,0.14572229702977538
386.94,64.08383768249874,-7.76010339464026e-05,64.09519616609376,-9.489446404273805e-05,64.09186739111752,0.14661088712197654
386.974,64.0906376883739,-7.744986205097925e-05,64.10208689303163,-9.481451394865339e-05,64.09839183386984,0.14706972471780372
387.042,64.10423772894171,-7.714967822640358e-05,64.11529518553013,-9.466193967767411e-05,64.11144075651751,0.14799174969588944
387.076,64.11103775072444,-7.70008376313346e-05,64.12237289132885,-9.458032275801901e-05,64.11832206983229,0.14848135075296176
387.144,64.12463776477011,-7.670736081499329e-05,64.13679706546199,-9.44138448633212e-05,64.13271666290278,0.14950488754772004
387.178,64.1314377671594,-7.656048952669988e-05,64.14382805327007,-9.433257052973028e-05,64.13968020605058,0.15000131544233752
387.246,64.14503775912816,-7.626645655547884e-05,64.15776619673669,-9.417156089524441e-05,64.15369568589576,0.15100297014773
387.28,64.15183775184958,-7.611902850905302e-05,64.16526411955131,-9.408517957178652e-05,64.16081268310748,0.15151232207640966
387.348,64.16543778628882,-7.581940280858813e-05,64.17756099004337,-9.394377217376329e-05,64.1740892511744,0.1524643888118361
387.382,64.17223782021865,-7.566866579524152e-05,64.18490595007933,-9.385939560711042e-05,64.18076030291309,0.15294382267025058
387.45,64.18583784212359,-7.536535593595774e-05,64.1988310005728,-9.369960273338405e-05,64.19468709312667,0.15394699513338472
387.484,64.19263785515773,-7.521338085717148e-05,64.20621462141625,-9.361498487854508e-05,64.20173790236854,0.1544588172539676
387.518,64.19943784337684,-7.506100061274677e-05,64.21287517408324,-9.353869697321707e-05,64.2086779926654,0.15496494077508347
387.586,64.21303782973705,-7.47599875869601e-05,64.22413796027662,-9.340988191982172e-05,64.22093079918723,0.15586301361980193
387.62,64.21983784189787,-7.461155438937763e-05,64.23077560808711,-9.333410527681183e-05,64.22708390697407,0.15631339478610662
387.654,64.22663786439554,-7.446451386318263e-05,64.23810678226624,-9.325061748234881e-05,64.23379591456718,0.15680568457993532
387.722,64.2402379116653,-7.417134530742652e-05,64.25067400422327,-9.310778415306433e-05,64.2469926220168,0.15777998271017535
387.79,64.25383791948072,-7.387747657644881e-05,64.26372746887802,-9.295912589141299e-05,64.25958456863295,0.15871745196795894
387.824,64.2606379243396,-7.37280798217951e-05,64.2706464596487,-9.288013790150298e-05,64.26634073278096,0.15922246644817173
387.892,64.27423790387627,-7.342543856867813e-05,64.284715503099,-9.271969477478757e-05,64.28017843730967,0.16026253889579167
387.926,64.28103790362454,-7.327140971306211e-05,64.29190734317197,-9.26380038754704e-05,64.28724377914018,0.16079399060897626
387.994,64.29463794942676,-7.296640247090643e-05,64.30606636353295,-9.247788555284378e-05,64.3014283984178,0.16186323772247124
388.028,64.30143796255722,-7.281454393089677e-05,64.31309980702659,-9.239849709044918e-05,64.30845279558714,0.16239384332512985
388.096,64.31503798349507,-7.251279366822546e-05,64.32663946091975,-9.224572437154618e-05,64.3153348128489,0.16291565119507137
388.13,64.3218379797023,-7.236602739861882e-05,64.33410241868432,-9.216153105293554e-05,64.32922933224576,0.16397072617974445
388.164,64.32863797835192,-7.221780885716375e-05,64.3405428479845,-9.208888074413418e-05,64.33610244226305,0.16449504446260133
388.232,64.3422379656415,-7.192069748107413e-05,64.35320378062677,-9.194621359473081e-05,64.34905608644614,0.16548255731628098
388.266,64.34903798354834,-7.177329532748217e-05,64.36097628617675,-9.185883706487461e-05,64.356012722086,0.16601359444112682
388.334,64.3626380304965,-7.14760000170657e-05,64.37543232025762,-9.169650118539204e-05,64.37022550127062,0.1671042510076488
388.368,64.36943805115241,-7.132672928006083e-05,64.38270325845771,-9.161482045103631e-05,64.3775635676817,0.1676696476769818
388.436,64.38303805698631,-7.102169817572344e-05,64.3941751727457,-9.148587931485804e-05,64.39040772350648,0.1686598100729917
388.47,64.38983805799012,-7.086827403594578e-05,64.40161163956232,-9.140236320714168e-05,64.39693103371604,0.1691645688891057
388.504,64.39663805172948,-7.071456693626015e-05,64.40817597339804,-9.132878178946631e-05,64.40362386550511,0.1696824816038623
388.572,64.41023805431966,-7.040945091339372e-05,64.42374057122913,-9.115494303698948e-05,64.41797723133817,0.17079901762749822
388.606,64.41703807823224,-7.025870376239588e-05,64.43140211601715,-9.106974962666259e-05,64.42571790558118,0.171401767967446
388.674,64.4306381092625,-6.996133377497548e-05,64.44373969687196,-9.093290533906099e-05,64.43955100623648,0.17248428218129377
388.708,64.43743810822923,-6.981343172244576e-05,64.45027362254504,-9.086033622596164e-05,64.4458654154792,0.17298030208617074
388.776,64.45103810008146,-6.951680864902403e-05,64.46332985427456,-9.071493852300227e-05,64.458595811125,0.1739817228227222
388.81,64.45783810620333,-6.936829053910228e-05,64.46995806520637,-9.064118254191376e-05,64.46523496156378,0.17450415753294743
388.844,64.46463811602763,-6.921857816358244e-05,64.47605003164026,-9.057357503955407e-05,64.47163641890795,0.17500921125074884
388.878,64.47143813669503,-6.906791243726746e-05,64.48297811597469,-9.049691627218064e-05,64.47818549611665,0.17552799031905042
388.946,64.4850381768469,-6.876431397698143e-05,64.49782998653478,-9.033278141307818e-05,64.49211796492962,0.17663834763083044
388.98,64.49183819498556,-6.86114898797396e-05,64.50598699523779,-9.024254970221904e-05,64.49989460301032,0.17725875103875
389.048,64.50543818249388,-6.830332950161348e-05,64.52097325632356,-9.007677382165313e-05,64.51514348152143,0.17848008761255404
389.116,64.51903816869363,-6.799819434242508e-05,64.53351488328063,-8.993858501714259e-05,64.52872453957568,0.1795701958766041
389.15,64.52583817856559,-6.784760236292251e-05,64.5404719648569,-8.986217930695435e-05,64.5353993828759,0.18010779794841492
389.218,64.53943823326436,-6.755047979269403e-05,64.55551669753325,-8.969747387544605e-05,64.54268342607338,0.18069462081535742
389.252,64.546238249487,-6.740199330715812e-05,64.56331766881028,-8.961211435931718e-05,64.55739312987777,0.18187965700419167
389.32,64.55983826480946,-6.71068466705077e-05,64.57686078308856,-8.946361399914248e-05,64.57148951178976,0.18301512867745875
389.354,64.56663825329485,-6.695611055643365e-05,64.58348485735569,-8.939080496210278e-05,64.57828856807724,0.18356298051960263
389.422,64.58023823842686,-6.665244228236653e-05,64.59628066093345,-8.92502961135031e-05,64.58475323458643,0.18408258959776333
389.456,64.58703824588171,-6.649862760169892e-05,64.6034602312284,-8.91717349416935e-05,64.59803251048072,0.18515376559927926
389.49,64.59383826223015,-6.634493148235841e-05,64.60850583612653,-8.911669385559022e-05,64.60416920782438,0.18565064006575357
389.558,64.6074383193424,-6.603694549962287e-05,64.62163734844981,-8.897382967974092e-05,64.61657338139644,0.18665584679517055
389.592,64.61423832628458,-6.588433307256657e-05,64.62745802248402,-8.891056334136016e-05,64.62277699847674,0.1871575019583992
389.66,64.62783834913719,-6.558083528904456e-05,64.64138971563088,-8.875920214514066e-05,64.63587776031768,0.18821981292581727
389.694,64.63463833579907,-6.543031142545208e-05,64.64699603541587,-8.869835095204929e-05,64.64221993952042,0.18873532181825553
389.762,64.64823831811067,-6.513153448505208e-05,64.66222216523265,-8.853318944200752e-05,64.65611930437126,0.18986059656497248
389.796,64.65503831512403,-6.498333901832512e-05,64.6679660503116,-8.847097404847068e-05,64.66282656983525,0.19040144857035357
389.864,64.66863834555701,-6.46844410883431e-05,64.68272671935172,-8.831143418818182e-05,64.67685346257548,0.1915345493673651
389.898,64.67543838160191,-6.453348097079439e-05,64.68977580016258,-8.823535962689852e-05,64.68391895644116,0.192106199438286
389.932,64.68223839692888,-6.438159799826802e-05,64.6965641986661,-8.81620878663287e-05,64.69085457830906,0.1926692584250246
390.0,64.69583842987791,-6.407389671241039e-05,64.71213874190751,-8.79940560307728e-05,64.70535184024659,0.1938513122634865
390.034,64.70263842717989,-6.392066122586405e-05,64.71914198036131,-8.791858325971222e-05,64.71288035822622,0.19446559818692255
390.102,64.7162384136971,-6.361173376275189e-05,64.73236703599872,-8.77763284716503e-05,64.72675152036115,0.19560307992887785
390.136,64.72303840228398,-6.345823463525311e-05,64.73885228369238,-8.770671844625537e-05,64.73333703886915,0.1961436616421735
390.204,64.7366384194579,-6.315466066950014e-05,64.75148318746886,-8.757148560335895e-05,64.7462064811907,0.1972010848218412
390.238,64.74343845090927,-6.300492780775831e-05,64.75851344654542,-8.749651707906007e-05,64.7527767895082,0.19774011689002832
390.306,64.75703849816453,-6.270804244135243e-05,64.77105389559412,-8.736287121127834e-05,64.76580388120978,0.19881338828402695
390.34,64.76383849680232,-6.255848920339162e-05,64.77776287235298,-8.729121075375607e-05,64.77218830626074,0.19933734034604045
390.408,64.77743850322857,-6.225655814131684e-05,64.79099121582757,-8.714964097423859e-05,64.78546836388642,0.20042680463207382
390.442,64.78423848146356,-6.210380893224611e-05,64.79919152170903,-8.706197924661999e-05,64.79258353228167,0.20101048799196705
390.51,64.79783849841681,-6.179548654590209e-05,64.81398073791068,-8.690436293867807e-05,64.80757914864796,0.20224276618247047
390.544,64.80463852148478,-6.164069926287438e-05,64.82029385065701,-8.683741293517409e-05,64.8143962699338,0.20280639035060605
390.578,64.81143853483677,-6.148527705590744e-05,64.82675726281684,-8.676903883427428e-05,64.82096463318265,0.20334954084241333
390.646,64.8250385481375,-6.117834501836725e-05,64.83984150931258,-8.663074743283527e-05,64.83398577546079,0.2044266552089805
390.68,64.83183854313607,-6.1024909970476165e-05,64.84790096636196,-8.654548071421447e-05,64.84114177297332,0.2050213792714238
390.748,64.84543853468436,-6.072251205423133e-05,64.86088371568506,-8.640834083053524e-05,64.85528127888394,0.20619738496747722
390.782,64.85223855143258,-6.057253825036208e-05,64.86775365452553,-8.633609999919415e-05,64.86175918822957,0.20673681662685897
390.85,64.8658385972583,-6.0273854815167e-05,64.88172142389736,-8.61895810145175e-05,64.87550653245809,0.20788507359026012
390.884,64.8726386199256,-6.01251151162342e-05,64.88896865012204,-8.611346486579956e-05,64.88245708573326,0.20846766218380477
390.918,64.87943862596684,-5.9973109571709795e-05,64.89511482604468,-8.604878005815539e-05,64.88911833072885,0.20902383687154663
390.986,64.8930386213491,-5.966631479936775e-05,64.9094103185671,-8.58981457136733e-05,64.90305390512269,0.21018836372623093
391.02,64.89983860798233,-5.9510943184647894e-05,64.91563870722175,-8.583267023839545e-05,64.90961522766747,0.21073673088205985
391.088,64.91343861704304,-5.920006507058484e-05,64.93119723118446,-8.566987216250347e-05,64.92400071002747,0.21194327738029906
391.122,64.92023863776011,-5.9045021158187223e-05,64.93576943290337,-8.562225047463015e-05,64.93033646246143,0.21247475678731967
391.19,64.93383867807536,-5.873807568081004e-05,64.94909439397505,-8.548374033161556e-05,64.94289273330317,0.21352975382873565
391.224,64.94063869436454,-5.858717776456148e-05,64.95489684526461,-8.542342230979289e-05,64.94910651406119,0.21405279974997293
391.292,64.95423868154357,-5.8284428549950524e-05,64.96713472108807,-8.529604012637261e-05,64.96134534866319,0.21508965104104566
391.326,64.96103868638187,-5.813395619972625e-05,64.97451263565654,-8.52192334487109e-05,64.96792085470084,0.21564847270445767
391.394,64.97463867730177,-5.783260963904128e-05,64.98057349539359,-8.51561799518241e-05,64.97441637627973,0.21620202336728717
391.428,64.98143869943415,-5.768099940455682e-05,64.99356417298486,-8.502138064860046e-05,64.98740290501625,0.21731378729669815
391.462,64.98823873463677,-5.752902389062126e-05,65.00094944191211,-8.494490952353784e-05,64.99414373446143,0.21789446257016998
391.53,65.00183875972301,-5.7220597048081545e-05,65.01515857032275,-8.479779339126662e-05,65.00815581175075,0.21910734740668697
391.564,65.00863877745236,-5.7064891901511984e-05,65.02193078483768,-8.472769184384083e-05,65.01509523937416,0.2197100310245982
391.632,65.0222387662094,-5.675504524784351e-05,65.0360405808271,-8.458188497151342e-05,65.02890990776737,0.22091455846981697
391.666,65.02903875953494,-5.659904448410562e-05,65.0436561195986,-8.450337818522135e-05,65.03622240100755,0.22155275910347394
391.734,65.04263877684319,-5.629019131927627e-05,65.05828179050371,-8.435301588334048e-05,65.05089664867387,0.22283996895430846
391.768,65.04943879652578,-5.613859713744212e-05,65.06504127513927,-8.428381867673794e-05,65.05795935516369,0.2234614925048253
391.836,65.06303882971672,-5.58375543817908e-05,65.0794231178786,-8.413674354105545e-05,65.07230330479558,0.22472800230658438
391.87,65.06983882283215,-5.5687723969451714e-05,65.08586877325553,-8.407067081182614e-05,65.0790328821837,0.22532211084985923
391.938,65.08343881325057,-5.538341540337206e-05,65.10142901397369,-8.391071968785831e-05,65.0936629411441,0.22661088775949118
391.972,65.09023882105176,-5.523071382813047e-05,65.1081631801575,-8.384164554618103e-05,65.10084165565056,0.22724332281479973
392.006,65.09703883864763,-5.5076973501149375e-05,65.11443452305778,-8.377755388686708e-05,65.10755377811378,0.22783410062621404
392.074,65.11063887715605,-5.476647094537803e-05,65.12859884840087,-8.363331776790314e-05,65.12139118803626,0.22905261257882234
392.108,65.11743887946908,-5.460954495874485e-05,65.13507061274726,-8.356744720202141e-05,65.12807154586943,0.2296394544405501
392.142,65.1242388785073,-5.4455346635652886e-05,65.14085263324313,-8.35085576289892e-05,65.13433262038178,0.23018882467767474
392.21,65.13783886752925,-5.414289279988187e-05,65.15526576563053,-8.336182170472898e-05,65.14773906037955,0.23137015545148187
392.278,65.15143889873484,-5.383631510981882e-05,65.17004875720032,-8.321229239774826e-05,65.1547269148499,0.23198574206327732
392.312,65.1582389313446,-5.368522682251967e-05,65.17703090708001,-8.314193085214796e-05,65.16930932288595,0.23327228798296623
392.38,65.17183895688922,-5.338395264481342e-05,65.18983202102318,-8.301276115247961e-05,65.18279396158303,0.23446355477609437
392.414,65.17863897378663,-5.323264666838447e-05,65.19690007641634,-8.294124495606454e-05,65.1894776559037,0.2350561029865606
392.448,65.18543896839712,-5.307978547113986e-05,65.20335475013047,-8.287587511434118e-05,65.19612147173143,0.23564563659607998
392.516,65.19903895361054,-5.277441921936349e-05,65.2194159589859,-8.271341718815438e-05,65.21138940190846,0.23700565309156413
392.55,65.20583895155671,-5.261705099278171e-05,65.22624657766599,-8.264444846990131e-05,65.21849057362066,0.23764009762026028
392.618,65.21943898289192,-5.230425708801057e-05,65.23809982730295,-8.252530400565579e-05,65.23135329311843,0.23878884241727558
392.652,65.22623899822398,-5.214779618903764e-05,65.244399213466,-8.246224196794396e-05,65.23743833865105,0.2393336089654387
392.72,65.23983900562567,-5.183595328522483e-05,65.25859097426913,-8.232031466737042e-05,65.24414023358605,0.2399350124342101
392.754,65.24663900460898,-5.168393880865525e-05,65.26473377578017,-8.225882127454332e-05,65.25745321001538,0.24113252427867288
392.788,65.2534389980182,-5.15272753692339e-05,65.27241599824211,-8.218191913664365e-05,65.26435468149089,0.24175265133733195
392.822,65.26023900486233,-5.137549273438119e-05,65.2797621488066,-8.210860365025197e-05,65.27156150053702,0.24240117255209237
392.89,65.27383904506092,-5.107277006791896e-05,65.29347856999796,-8.197230246440276e-05,65.28562363735972,0.24367088044755622
392.924,65.28063907903216,-5.092146916294625e-05,65.29982710926578,-8.190928175556132e-05,65.29225083277423,0.24427151817265333
392.958,65.28743909347254,-5.077016418776173e-05,65.30699211459597,-8.1838012001447e-05,65.29903152572241,0.24488573574276215
393.026,65.30103911474406,-5.046255900572487e-05,65.31999013236681,-8.170842690365545e-05,65.31221155153662,0.24608334869290463
393.094,65.31463911043316,-5.014996067026446e-05,65.33437438762344,-8.156518083333798e-05,65.32585598838209,0.2473255018395002
393.128,65.32143909027761,-4.999181392556414e-05,65.34197007906187,-8.148977684780777e-05,65.3332843259681,0.24800395253553362
393.196,65.3350390958786,-4.9677938432990705e-05,65.35627421684194,-8.134826649352571e-05,65.34786679828824,0.2493361247086065
393.23,65.34183911409788,-4.95217025012617e-05,65.36307159811113,-8.128134672111881e-05,65.3548502607486,0.24997383246843893
393.298,65.35543915001043,-4.9213865174099326e-05,65.37436184422737,-8.117059298437753e-05,65.36700932148524,0.2510873420001458
393.332,65.36223916572303,-4.906181886705687e-05,65.38154690281353,-8.110007980106611e-05,65.3734837858167,0.2516809017601423
393.4,65.37583915832774,-4.87565168647635e-05,65.39694766561092,-8.094845470997601e-05,65.38802103890397,0.25301666207634105
393.434,65.38263915347524,-4.860443326932261e-05,65.4033475521931,-8.088539683015878e-05,65.39504806195129,0.2536633061175766
393.502,65.39623918528238,-4.829823492580807e-05,65.41716191006333,-8.074981737602488e-05,65.40859117005381,0.25491085235736155
393.536,65.40303920313997,-4.814396500054579e-05,65.42319953417538,-8.069075242881378e-05,65.41521000377318,0.2555204823088972
393.604,65.41663922834806,-4.78327713335066e-05,65.43636578742634,-8.056183892448506e-05,65.42826689708923,0.2567273111627477
393.638,65.42343921619748,-4.7674707346504176e-05,65.44310630188463,-8.049570349843328e-05,65.43484565159766,0.25733791304705406
393.672,65.43023922289653,-4.751653383319115e-05,65.4509725972085,-8.041856694369876e-05,65.441962147447,0.2579992674208038
393.74,65.44383922514174,-4.72011410588568e-05,65.46642724383017,-8.026771093255477e-05,65.45738142947545,0.25943789559571545
393.774,65.45063925239896,-4.7046180806457876e-05,65.47293987449964,-8.020456444130577e-05,65.46434926125556,0.2600891890515199
393.842,65.46423926211287,-4.6738407933277326e-05,65.48585479766832,-8.007956560411685e-05,65.4774476479287,0.26131789835134944
393.876,65.47103927164999,-4.658561216593047e-05,65.49142075105898,-8.002556716985727e-05,65.48360177257968,0.26189848637905444
393.944,65.48463926808586,-4.6280082052452415e-05,65.5063398222984,-7.988055516580839e-05,65.49728098098285,0.26319001229590494
393.978,65.49143928426717,-4.612747999709092e-05,65.5136442067676,-7.980976539349218e-05,65.50447532136452,0.26387058457404455
394.046,65.50503933004097,-4.581921319585698e-05,65.52682668340101,-7.96825640402461e-05,65.51817161928822,0.26516655629590724
394.08,65.51183933322469,-4.5664394547544757e-05,65.53343242871779,-7.961885156146107e-05,65.52478880648289,0.265793107922772
394.148,65.52543934564403,-4.534897047017007e-05,65.5472625400533,-7.948513025662819e-05,65.53861437922518,0.2671032152219354
394.182,65.53223932940982,-4.519135879254433e-05,65.55427987839053,-7.941733285378902e-05,65.54534155166242,0.2677412361848039
394.216,65.53903933151356,-4.503234597555971e-05,65.56180387062537,-7.934484815569416e-05,65.5524282476653,0.2684126087176249
394.284,65.55263933372508,-4.471810976021529e-05,65.57512943251126,-7.92173382497552e-05,65.56619989213169,0.2697184635236879
394.318,65.55943936092974,-4.456281806077884e-05,65.58202380821315,-7.915167007461723e-05,65.57296956830707,0.27036032162270346
394.352,65.56623939714429,-4.4409273161918155e-05,65.58761612159911,-7.909842236612167e-05,65.57926344427511,0.27095731862762745
394.42,65.57983942256232,-4.4104036167853214e-05,65.5997340276546,-7.898287517579076e-05,65.59164125063404,0.27213835951671655
394.454,65.58663943654588,-4.395150087403045e-05,65.60610464461534,-7.892204027609756e-05,65.5976377795209,0.27271061191907214
394.522,65.60023941428854,-4.364369944447231e-05,65.61968662089619,-7.879224873729373e-05,65.61039664604304,0.273930985051982
394.556,65.60703940951744,-4.3487962000306494e-05,65.62758168676957,-7.871684320138454e-05,65.61766788839104,0.27462861063668104
394.624,65.62063939984999,-4.317443557362189e-05,65.64019988097094,-7.859657477628057e-05,65.63146532643992,0.27595442013816335
394.658,65.62743941960628,-4.301654643683107e-05,65.64661787085234,-7.85356706972965e-05,65.63775067493236,0.27655838107678876
394.726,65.64103947168691,-4.269973719357439e-05,65.66091985977238,-7.84004127255221e-05,65.65109935837943,0.27783895728763536
394.76,65.6478394954129,-4.254283113656821e-05,65.66797526499907,-7.83337874852695e-05,65.65822999417145,0.27852100176077116
394.828,65.66143950836201,-4.2228936888157376e-05,65.68206651043114,-7.820079111022864e-05,65.67239431359683,0.27987507804477463
394.862,65.66823951271449,-4.207378102570353e-05,65.68984512067536,-7.812741423362085e-05,65.67967583806724,0.28057097772842327
394.93,65.68183948715806,-4.176652130648012e-05,65.70317729553315,-7.80018202000405e-05,65.69366826531652,0.2819090287876888
394.964,65.68863948574098,-4.161208588342468e-05,65.7099388744152,-7.793815021799395e-05,65.70038194622747,0.28255163947657636
394.998,65.69543949859313,-4.145882687451066e-05,65.7164867236088,-7.787657053287313e-05,65.70701846513296,0.28318777858894884
395.066,65.70903954106113,-4.115056732948986e-05,65.7304495424169,-7.774567196189663e-05,65.72078056192187,0.28451013115597845
395.1,65.71583956943628,-4.0994549468087655e-05,65.73854018454836,-7.766990414671968e-05,65.72805695995025,0.2852096972813277
395.168,65.72943957900851,-4.06802134698981e-05,65.75203218040117,-7.75434559984134e-05,65.74179870809957,0.28652937506963577
395.202,65.73623958543894,-4.052121085667339e-05,65.75860177489264,-7.748185998337226e-05,65.74872942083589,0.287195659913795
395.27,65.74983956257803,-4.0201930561895224e-05,65.7650233240656,-7.742174236027773e-05,65.75536901166794,0.2878319185629594
395.304,65.75663956504394,-4.0043182606672075e-05,65.77846238712178,-7.729642636101141e-05,65.7685723416354,0.2890962643090504
395.338,65.76343958385148,-3.988634962525813e-05,65.78609476964739,-7.722562655391238e-05,65.77566285504811,0.289776339331979
395.406,65.77703962969953,-3.957643330484874e-05,65.80091899465799,-7.70885920473467e-05,65.79011951224759,0.2911675028687838
395.44,65.78383965254505,-3.9423040053253423e-05,65.8078572509046,-7.702443982747168e-05,65.79740243582596,0.291869997879569
395.474,65.79063965267643,-3.9268632950928145e-05,65.81571307614702,-7.695165843754058e-05,65.80483726501802,0.2925875649687301
395.542,65.80423964823686,-3.89626072553603e-05,65.82967816868883,-7.682205220623622e-05,65.81921936895854,0.29397804155780927
395.576,65.8110396314225,-3.8805823932732946e-05,65.83599101187212,-7.676347616508098e-05,65.82596742109732,0.2946296678867539
395.644,65.82463965462941,-3.849136637151806e-05,65.84983090353472,-7.663562019168165e-05,65.83921670389199,0.2959089209430053
395.712,65.83823969507414,-3.817371086002956e-05,65.86188519954024,-7.652472374624006e-05,65.85225638939097,0.2971678694736879
395.746,65.84503970261876,-3.8015036796824466e-05,65.8688741253243,-7.64605104051384e-05,65.8587022641279,0.2977914625036478
395.814,65.85863971015566,-3.769606043093152e-05,65.88219768015269,-7.633816133535645e-05,65.87168877686912,0.29904896046413043
395.848,65.86543970049348,-3.754095684699517e-05,65.88941502848003,-7.627202717916844e-05,65.87869108009754,0.2997305272587589
395.882,65.87223969938425,-3.73819075093727e-05,65.89545647883861,-7.621674198147115e-05,65.88532069804435,0.30037528530486357
395.95,65.88583970311556,-3.707186612001202e-05,65.908645286238,-7.609657063128647e-05,65.89835185052516,0.30164697209429264
395.984,65.89263973026857,-3.691789587156085e-05,65.91664184560591,-7.602392916793168e-05,65.90547106817822,0.3023415768936839
396.052,65.90623978657507,-3.6609750196465856e-05,65.9297546947017,-7.590475343704016e-05,65.91934475422624,0.3036949267490283
396.086,65.91303980727992,-3.645494564834565e-05,65.93520124821858,-7.585518567514129e-05,65.9254336774076,0.304290347395267
396.154,65.92663982236587,-3.614035563209172e-05,65.94859607685278,-7.573324605741007e-05,65.93809771853027,0.30552839265308085
396.188,65.93343982480019,-3.598372193784758e-05,65.95642123863468,-7.566208298008031e-05,65.94515594402175,0.306221125458182
396.256,65.94703979134292,-3.566232981253976e-05,65.97096999570502,-7.553000316135443e-05,65.96003773693954,0.30768129907194813
396.29,65.95383978509034,-3.5501893861418766e-05,65.97752397808435,-7.547065668922128e-05,65.96677021479884,0.3083448584831097
396.358,65.9674397932601,-3.518370847097711e-05,65.99086890583102,-7.535034444291335e-05,65.97976034525544,0.3096256648876591
396.392,65.97423981882712,-3.502662672298672e-05,65.99835332136385,-7.528325998967073e-05,65.9869197545791,0.3103304597291141
396.46,65.98783987786902,-3.471586166342329e-05,66.01227048713903,-7.515869542225772e-05,66.00123433221023,0.3117382575126219
396.494,65.99463990721542,-3.4561749720633445e-05,66.02038964045045,-7.508591110007186e-05,66.00854908200658,0.3124594491215398
396.562,66.00823991658545,-3.425364338184011e-05,66.03260734010004,-7.49762203556714e-05,66.02186463499709,0.3137738639916001
396.596,66.01503992223488,-3.409802650297727e-05,66.04027786983421,-7.490733141413414e-05,66.02876476555164,0.31445885510914434
396.63,66.02183990252738,-3.394044999636195e-05,66.04692602456268,-7.484764496322666e-05,66.03568039264486,0.315146645050009
396.698,66.03543987243773,-3.362223233642798e-05,66.05955742530567,-7.473435803146276e-05,66.04884829509673,0.3164565355639897
396.732,66.04223987652716,-3.3462166151332865e-05,66.06616061143635,-7.46752677950192e-05,66.05521517968131,0.31708999972780494
396.8,66.05583991485474,-3.3141751037018316e-05,66.08071228763342,-7.454589423058894e-05,66.06874266708789,0.3184372737553526
396.834,66.06263994448324,-3.2982195883481775e-05,66.08760446099132,-7.448489582462242e-05,66.07590969857203,0.3191525237712182
396.902,66.07623999860911,-3.2665499040918086e-05,66.10205225231967,-7.435709579452022e-05,66.09027196941365,0.3205882491717565
396.936,66.0830400024668,-3.250895887800484e-05,66.10899751645509,-7.429564640302938e-05,66.09728638109206,0.3212895587112783
397.004,66.09664000960295,-3.219812366824848e-05,66.12132026543333,-7.418661744484517e-05,66.11030790406606,0.3225940193363974
397.038,66.10343999240663,-3.20430741315287e-05,66.12800978745231,-7.412744618422463e-05,66.11670807861255,0.3232355633768278
397.106,66.11703996483993,-3.173104246661287e-05,66.13929558964668,-7.402762106558931e-05,66.12873569162743,0.32444423074593176
397.14,66.12383996821431,-3.15739951538239e-05,66.145714203836,-7.397089368830608e-05,66.13470513090115,0.3250441016981562
397.174,66.13063998590437,-3.1415826094688644e-05,66.1537620656443,-7.389999569437032e-05,66.1415850033575,0.32573555687268974
397.242,66.14424003432305,-3.109690602258914e-05,66.16458372842821,-7.380504104632644e-05,66.1542990430147,0.32701381999347773
397.276,66.15104005889538,-3.093765547738319e-05,66.17182101878419,-7.374164124773723e-05,66.1603649210985,0.3276245006724537
397.31,66.15784006756003,-3.0776205986215035e-05,66.17894586565392,-7.367921032545238e-05,66.1670545707969,0.32830059662874594
397.378,66.17144006920331,-3.0455822460175203e-05,66.19409658717827,-7.354653071681497e-05,66.18140721385181,0.3297518800215381
397.446,66.18504005886022,-3.0138972813207263e-05,66.20829737099767,-7.342269552010671e-05,66.1961259468556,0.331242702241457
397.48,66.19184006833632,-2.998214680341054e-05,66.21534188912334,-7.3361480923535e-05,66.20309551798145,0.33194870327795384
397.548,66.20544011679556,-2.9671214102780543e-05,66.22697758226111,-7.326073506491406e-05,66.21580260935676,0.33323412221525894
397.582,66.21224011921133,-2.9516657427048822e-05,66.23351990377728,-7.320412459078307e-05,66.22192332338669,0.3338538628396639
397.616,66.21904012082119,-2.936065976125477e-05,66.24017386536644,-7.314641273175584e-05,66.22831855262925,0.3345033091991552
397.684,66.2326401105956,-2.904442233918202e-05,66.25303211468226,-7.303458370376136e-05,66.24104683865457,0.3357948915268184
397.718,66.23944011647707,-2.8884934673533747e-05,66.26062710752797,-7.296868256235766e-05,66.24799610701531,0.33650224591728717
397.786,66.25304015179664,-2.8563628201494602e-05,66.27457727043361,-7.284846250746222e-05,66.26207022938998,0.33793578544121694
397.82,66.25984017120491,-2.8402207890506608e-05,66.28143470532464,-7.278966964398157e-05,66.2689610731601,0.3386396281134792
397.888,66.27344018149653,-2.8081737179199344e-05,66.2954342743882,-7.266963434381559e-05,66.2824092951164,0.3400111967506689
397.922,66.28024018270952,-2.7921801374233176e-05,66.30323595292919,-7.260266690894287e-05,66.28992725848461,0.340778345565449
397.99,66.29384017485681,-2.7605601795102175e-05,66.31748386666114,-7.248075061370337e-05,66.30432484166299,0.3422480837416928
398.024,66.30064019287454,-2.7449361211344504e-05,66.32491632879457,-7.241750282580715e-05,66.3117040246007,0.3430021285690738
398.092,66.3142402314483,-2.7137946453596405e-05,66.33858986239126,-7.230145774020223e-05,66.32563407708078,0.34443376252748864
398.126,66.32104023729714,-2.698255864911423e-05,66.34411590982617,-7.225448203213371e-05,66.33205041552266,0.34509596327044073
398.16,66.32784024957671,-2.6825183352837194e-05,66.34986395709123,-7.220548618550328e-05,66.33801448005642,0.34571237137639466
398.228,66.34144023562777,-2.6506255850117324e-05,66.36286201373224,-7.209459019125786e-05,66.35052148691996,0.3470076599075733
398.262,66.34824023277876,-2.6345625911568576e-05,66.37041587398429,-7.203043330564396e-05,66.35732485216944,0.3477141925441645
398.296,66.35504024956077,-2.6184134779404202e-05,66.37792212895111,-7.19669947590281e-05,66.36452771377873,0.34846406822809434
398.364,66.36864028700356,-2.5861199428287498e-05,66.39206464910102,-7.184808304470339e-05,66.37912003012327,0.3499878149160303
398.398,66.3754402992439,-2.570092640584451e-05,66.39835746412403,-7.179525679718847e-05,66.38567274301764,0.35067176756059015
398.466,66.38904029830958,-2.5381143564231503e-05,66.41148534770154,-7.168493922383786e-05,66.39859724919994,0.35202154277931974
398.5,66.39584030368412,-2.5223045854287163e-05,66.4191809758704,-7.162031541560521e-05,66.40562649948019,0.3527542456547746
398.568,66.40944031474865,-2.4909436817179367e-05,66.43252212993909,-7.150885603213219e-05,66.41930353559803,0.35418769212666756
398.602,66.41624034442968,-2.4753327437550674e-05,66.43902907775143,-7.145471802728698e-05,66.42597536807736,0.3548888736516007
398.67,66.42984037085839,-2.4440258001628572e-05,66.45134072233711,-7.135218720206287e-05,66.43891668172382,0.35624914581783984
398.704,66.43664037211425,-2.4281203895775962e-05,66.45858060702481,-7.129169959690598e-05,66.44535721609026,0.35692816697976676
398.772,66.45024036718375,-2.396035637744698e-05,66.4726674050056,-7.117394297520044e-05,66.45900719040465,0.3583658503199066
398.806,66.45704036280473,-2.3798525101901232e-05,66.47931731687149,-7.111861366069372e-05,66.46586746700692,0.3590902294151842
398.84,66.4638403768858,-2.3636373571528375e-05,66.48706047068683,-7.105452732452519e-05,66.47302727677172,0.3598476639869195
398.874,66.47064040278768,-2.347464574017376e-05,66.49437960718126,-7.099421952175247e-05,66.48033316613538,0.3606210227986168
398.942,66.48424041456263,-2.3154303623099426e-05,66.50853747691015,-7.087770431268762e-05,66.49487787266204,0.3621601533569631
398.976,66.49104040961454,-2.2993456039326526e-05,66.5160113020093,-7.081603860163711e-05,66.50195586709619,0.36290985003435694
399.044,66.50464041317395,-2.2675672033690563e-05,66.53006342700711,-7.07001255818785e-05,66.51610132444102,0.36440787021136434
399.078,66.51144043692874,-2.251877591331239e-05,66.53648542511544,-7.064746286435533e-05,66.52285864575074,0.36512271342581415
399.146,66.52504048026128,-2.2205558124660632e-05,66.5483555835407,-7.055041799535414e-05,66.53510032010907,0.36641640502480266
399.18,66.5318404870515,-2.2049857215968512e-05,66.55550732602346,-7.049180665000021e-05,66.54167803858921,0.3671122054199737
399.248,66.54544048176975,-2.1730391150824807e-05,66.5685678388585,-7.038425730231049e-05,66.554908676099,0.36851105016044444
399.282,66.55224048023966,-2.1568706107453385e-05,66.574818187698,-7.033280911941386e-05,66.56129129775849,0.36918611106520915
399.35,66.56584047553478,-2.124348254739169e-05,66.58845090642617,-7.022128308040965e-05,66.57436925917665,0.3705661273561452
399.384,66.57264049500823,-2.1081315740972244e-05,66.59523323802806,-7.01661578737205e-05,66.58115323791353,0.37128265437802765
399.452,66.58624054878271,-2.0757313946175078e-05,66.60970139721486,-7.004886880795275e-05,66.59525414131147,0.3727721867942871
399.486,66.5930405563973,-2.0597645295881548e-05,66.61636268826207,-6.99949008765511e-05,66.60213496317432,0.3735010525570783
399.554,66.60664057771618,-2.0279681014286057e-05,66.6309056303424,-6.987711377528238e-05,66.61623387350917,0.37499591490820605
399.588,66.61344056536564,-2.012278799427084e-05,66.63648307065424,-6.983197600445822e-05,66.62273563261542,0.3756861157118809
399.656,66.62704054440678,-1.9806671883382372e-05,66.65005603613614,-6.972210570371873e-05,66.6356433840109,0.37705779040231024
399.69,66.63384054510674,-1.9649301115209984e-05,66.65642580261307,-6.967061958189901e-05,66.64225165637528,0.3777612650587752
399.758,66.64744057290473,-1.9330589018369604e-05,66.67057242259055,-6.955668349501441e-05,66.65563713750434,0.3791846775255095
399.792,66.6542406067113,-1.9169689239985383e-05,66.67685339771707,-6.950623075405122e-05,66.66244986518372,0.37990878059141514
399.86,66.66784065021358,-1.884516901048231e-05,66.68264186175975,-6.945975156849686e-05,66.6687271064092,0.3805777032202014
399.894,66.67464065404465,-1.86812639206047e-05,66.69685114342975,-6.93457955943509e-05,66.68206483621454,0.3820003809003698
399.928,66.68144065467062,-1.8520392706329e-05,66.7024462051299,-6.930101387975717e-05,66.6884224461307,0.38267976331843706
399.996,66.69504064230132,-1.8196009594024824e-05,66.71509432964864,-6.920001962380261e-05,66.70074549121243,0.3839973838647219
400.03,66.70184063709067,-1.803648686802977e-05,66.72172560013956,-6.914718791488643e-05,66.70720591911031,0.38468987158282175
400.098,66.7154406516819,-1.7717669328948623e-05,66.7370914224894,-6.902518233636081e-05,66.72190770328986,0.38627037773381084
400.132,66.72224068202408,-1.75601540177501e-05,66.74344572432331,-6.897490112971666e-05,66.72867339206009,0.38699926898143927
400.2,66.73584072676086,-1.724541362534491e-05,66.75591191307633,-6.88762156384874e-05,66.74128641051378,0.38835974120569594
400.234,66.7426407255444,-1.708645608301023e-05,66.76296020871715,-6.882029291699502e-05,66.74794106917368,0.3890797520561145
400.302,66.7562407300633,-1.6764198759297667e-05,66.77703238677489,-6.870850804560451e-05,66.76146165695394,0.3905438770525131
400.336,66.76304070966191,-1.6602433171273337e-05,66.78488322290283,-6.864628525202002e-05,66.76892875605454,0.3913517799221064
400.404,66.77664072647335,-1.6274410629619605e-05,66.7979381605471,-6.854326442899504e-05,66.78286737674962,0.3928591315290959
400.438,66.78344075276529,-1.61114493371572e-05,66.80483091509129,-6.848925834325193e-05,66.78957751878842,0.3935851344670857
400.472,66.79024076207806,-1.5948303670353404e-05,66.81149090979471,-6.843725580129458e-05,66.7962766705324,0.39431304342635726
400.54,66.80384077932683,-1.562669774941704e-05,66.8245998107923,-6.833499061957046e-05,66.80961237512942,0.39576234918021785
400.574,66.81064076934783,-1.546585725722632e-05,66.83216518721922,-6.827583095659232e-05,66.81645539836515,0.3965033405194104
400.642,66.82424076211524,-1.5148846329503125e-05,66.84580541057808,-6.816933262778728e-05,66.83038300079782,0.3980137568729959
400.676,66.83104077812979,-1.499070870013438e-05,66.85223027339259,-6.811944426453722e-05,66.83694495074337,0.3987265912285128
400.744,66.84464082380138,-1.4673317882839363e-05,66.86515603349326,-6.801941340170805e-05,66.8498558167905,0.40013144965133884
400.778,66.85144084794047,-1.4514745313303125e-05,66.8717722892798,-6.796814495426637e-05,66.85635654944596,0.4008388444347627
400.846,66.86504084504556,-1.4189914232725365e-05,66.88583503409309,-6.785884301988797e-05,66.86983116171915,0.4023099523231084
400.88,66.87184084845798,-1.40260575577432e-05,66.89325395636487,-6.780122411209623e-05,66.87700174027786,0.4030950855836999
400.948,66.8854408364768,-1.3697643205038955e-05,66.90641223818596,-6.769965839037998e-05,66.89027225338347,0.40455011944061686
400.982,66.89224084516447,-1.3534076177289709e-05,66.91334754026016,-6.764646119651397e-05,66.89725357176833,0.4053173187989077
401.016,66.89904086513128,-1.3371471475341281e-05,66.92125552617314,-6.758603306753032e-05,66.9045792337583,0.40612444683917637
401.084,66.91264091857349,-1.3050105488419798e-05,66.93670834047282,-6.746818832931911e-05,66.91968839306129,0.40779045828949506
401.118,66.91944094308641,-1.2890936179532449e-05,66.94386500889392,-6.741360518136338e-05,66.92717114998419,0.4086181966136219
401.152,66.92624094220007,-1.2731904378493437e-05,66.9516083301682,-6.735449573361374e-05,66.93467489943032,0.409447318146351
401.22,66.93984094427967,-1.2415665335380244e-05,66.96584926498153,-6.72456421750175e-05,66.94908884044861,0.41103890063150783
401.254,66.94664092086954,-1.2255684269808035e-05,66.97293293983864,-6.719146599526055e-05,66.95628480771195,0.41183365073462774
401.288,66.95344091678739,-1.2094527142529382e-05,66.97983409033165,-6.713871334504057e-05,66.96331480989268,0.41261076957967696
401.356,66.96704092826509,-1.1769575189369043e-05,66.99386950928087,-6.703175855469176e-05,66.97719698910225,0.41415110928155574
401.39,66.97384095528801,-1.160595892759682e-05,67.00067480617543,-6.698021749123022e-05,66.98412655714012,0.414922595596771
401.424,66.98064099507087,-1.144223103645284e-05,67.00838716935039,-6.69219600613354e-05,66.99132751794673,0.4157246225385674
401.492,66.99424102576587,-1.1114956228356561e-05,67.02168393862267,-6.682158542685126e-05,67.00508143137252,0.41725514310543294
401.526,67.00104103642701,-1.095107447389258e-05,67.02785679163895,-6.677499795276346e-05,67.01161128324757,0.4179824375900157
401.594,67.01464102683694,-1.0627219735308293e-05,67.04118755620654,-6.667454625529293e-05,67.0246792718997,0.41944321318190186
401.628,67.02144101829677,-1.0466646733211826e-05,67.04843822788244,-6.662005883845224e-05,67.03152077282685,0.42021097015043263
401.696,67.03504099736433,-1.0148189517474883e-05,67.06103008646694,-6.652561876894396e-05,67.04447457859467,0.42166807570569975
401.73,67.04184099575468,-9.988612117830876e-06,67.06700978290948,-6.648086472692751e-05,67.05075284994464,0.422374649864044
401.798,67.0554410310874,-9.66888460140162e-06,67.08091827216872,-6.637707387345593e-05,67.0639292161853,0.423861846441318
401.866,67.06904109554719,-9.3441970881479e-06,67.09475264568657,-6.627383125892266e-05,67.07758283610404,0.4254074643998552
401.9,67.07584112083998,-9.180713498166592e-06,67.1005188077881,-6.62308418646792e-05,67.08401029105782,0.42613695552862574
401.934,67.08264113949451,-9.015534607969458e-06,67.10639955543913,-6.61871016993735e-05,67.09007231784605,0.42682571943583825
402.002,67.09624115087752,-8.686839377744012e-06,67.11864155740766,-6.609644319605384e-05,67.10210360489592,0.42819149460031425
402.036,67.10304113227556,-8.523103998964403e-06,67.12588004926212,-6.604303133677395e-05,67.10866774105018,0.4289356691916958
402.07,67.10984111348124,-8.35989537629786e-06,67.13106279756425,-6.600477625726977e-05,67.11476574283982,0.42962572052964626
402.138,67.12344110692781,-8.03607649599464e-06,67.13755840373894,-6.595679277058802e-05,67.12083878824627,0.43031276063976975
402.172,67.13024112157694,-7.876442069458504e-06,67.14884646249195,-6.587365500080988e-05,67.13255165081429,0.43164296773996563
402.206,67.13704114446132,-7.716998005596264e-06,67.15517401388054,-6.582736964948426e-05,67.13848774794266,0.4323174244936092
402.24,67.14384117103154,-7.557730329561406e-06,67.1614589597584,-6.578146318083192e-05,67.14461347878132,0.4330150212042399
402.308,67.15744120362795,-7.238566406014612e-06,67.17619706779458,-6.567336261558108e-05,67.15815391932959,0.4345582836999234
402.342,67.16424119667964,-7.075932676468189e-06,67.18363706549859,-6.561853940339431e-05,67.16547092862857,0.43539231688377295
402.376,67.17104119038153,-6.912433858598806e-06,67.19230159726142,-6.555468930050699e-05,67.17333093186605,0.4362876362875583
402.444,67.18464117530374,-6.58215199145495e-06,67.20573775745382,-6.545614587146735e-05,67.18798700204988,0.43795063389832517
402.478,67.19144118398829,-6.416712813963443e-06,67.21260301909814,-6.540611473058669e-05,67.19478639601127,0.43872035569338896
402.512,67.19824120807385,-6.2515778591945176e-06,67.2178379394001,-6.536815529816868e-05,67.2009349275821,0.43941767552331007
402.58,67.21184125368984,-5.923511535088252e-06,67.22944802561695,-6.528431153141996e-05,67.21258244094264,0.44073604923694537
402.614,67.21864126221311,-5.762695540019778e-06,67.2363024169855,-6.52348510509584e-05,67.2187659740007,0.44143715024331037
402.682,67.23224126119649,-5.439878337346947e-06,67.25009348912602,-6.51350997473238e-05,67.23179847426053,0.4429112948225755
402.716,67.23904126157208,-5.27949635737097e-06,67.25521772157359,-6.509801958759936e-05,67.23804408397369,0.4436168900518459
402.75,67.24584125013092,-5.119620179497645e-06,67.2621598553814,-6.504784086051752e-05,67.24434884681384,0.44433067578498203
402.818,67.2594412792926,-4.7979888105160645e-06,67.27712174598491,-6.49401013893458e-05,67.25835888514803,0.44591340725388895
402.852,67.26624129607463,-4.636247435684386e-06,67.28436092574243,-6.488811283528683e-05,67.26564089856046,0.4467362587566933
402.92,67.27984132555574,-4.30809350779857e-06,67.30046274847588,-6.477244237680145e-05,67.28106464458719,0.4484779212118191
402.954,67.28664132589667,-4.144800806673081e-06,67.30692175225609,-6.4726031121846e-05,67.28831667560256,0.44929888670244694
403.022,67.30024131302713,-3.8120929456714325e-06,67.31987931069519,-6.463302100029536e-05,67.30194680655721,0.4508394144517382
403.056,67.30704130810902,-3.6474293961040185e-06,67.32798973153854,-6.457505376574104e-05,67.30893367963672,0.45163087631166626
403.124,67.32064132370303,-3.317904010031649e-06,67.34185402484421,-6.447664337155941e-05,67.3229596022853,0.45322280396744125
403.158,67.32744135591969,-3.156036127195999e-06,67.34853388538154,-6.442946109386028e-05,67.32984880839501,0.45400536556117227
403.226,67.34104141773618,-2.834953774410966e-06,67.36308495354538,-6.432662773244203e-05,67.34365104140132,0.45557737983885527
403.26,67.34784142568917,-2.6745183400725607e-06,67.36920208265306,-6.428332832229851e-05,67.35054853046958,0.45636658284779086
403.328,67.36144144499757,-2.353594617723757e-06,67.38372151732337,-6.418039280404908e-05,67.36462573429188,0.4579759939108946
403.362,67.36824143050154,-2.1910314496595044e-06,67.39036365117715,-6.413326664229489e-05,67.37145843212085,0.4587588136376978
403.43,67.38184140834724,-1.8619028417669552e-06,67.39723521897946,-6.408454404196501e-05,67.3782465034385,0.45953731556867383
403.464,67.38864140131284,-1.6965616459712392e-06,67.40977604367013,-6.399587960577571e-05,67.39111014270395,0.4610168615580163
403.498,67.39544140078247,-1.529871855990411e-06,67.41623984625738,-6.395041213491286e-05,67.3975154880578,0.4617564725349512
403.566,67.4090414474425,-1.1979791180303344e-06,67.42936112735788,-6.385877492130145e-05,67.41043615550899,0.4632543204017087
403.6,67.4158414731827,-1.0325233676993354e-06,67.4376564238146,-6.380107351236005e-05,67.41766274282104,0.4640936920774336
403.668,67.42944149574022,-7.06925849399907e-07,67.45168595735527,-6.37035397294396e-05,67.43169515763131,0.4657282783622147
403.702,67.43624150397996,-5.450074842814811e-07,67.45741325670271,-6.36636857424449e-05,67.4384168186698,0.4665117979148284
403.736,67.44304150443709,-3.8342327669919536e-07,67.46463562527802,-6.361343200236304e-05,67.44513747485718,0.46729489926633805
403.804,67.4566414880894,-6.110978859081809e-08,67.47786405213479,-6.352148221970859e-05,67.45849097254339,0.4688509073659876
403.838,67.46344150456697,1.0030468349236085e-07,67.48417583892831,-6.347770630551366e-05,67.46498216140336,0.469607204005075
403.872,67.47024153104239,2.623565531660468e-07,67.49097180318144,-6.343073157170132e-05,67.47153926229119,0.4703734350313481
403.94,67.48384154471022,5.899880751656024e-07,67.50432969649016,-6.333864682213104e-05,67.48493985785002,0.47193953929840754
403.974,67.49064155617741,7.559234960850273e-07,67.51139398822613,-6.328989513848524e-05,67.49164153678242,0.47272277027359516
404.042,67.50424154159776,1.090208086623642e-06,67.52558114356988,-6.319196521515577e-05,67.50549109904335,0.4743406383907798
404.076,67.51104153889784,1.2567445915931963e-06,67.53253204015984,-6.314428736078217e-05,67.51247517268814,0.4751566066177359
404.144,67.52464158701054,1.5869506988495676e-06,67.54441360056978,-6.30636067467771e-05,67.52508373373223,0.47663151241877205
404.212,67.53824163116093,1.9115143355440453e-06,67.55180321594395,-6.30136686428546e-05,67.53172211789185,0.47741050677475105
404.246,67.54504163463388,2.073735938559371e-06,67.56569942133332,-6.291952650042275e-05,67.54538573833034,0.47901607825674763
404.314,67.55864163695271,2.396654867479926e-06,67.57302725652436,-6.286968444356859e-05,67.55249342693944,0.47985387120385303
404.348,67.5654416193983,2.5594145534937645e-06,67.58720775495294,-6.277328078160508e-05,67.56636688111746,0.48148806929685994
404.382,67.57224162000317,2.7217805679557516e-06,67.59267986170279,-6.273619249326362e-05,67.5729433721936,0.4822622867196049
404.45,67.58584164799191,3.0505341359277646e-06,67.60541842363921,-6.265022794528811e-05,67.58554628634359,0.4837522913636764
404.484,67.59264167643104,3.2164263017605486e-06,67.61203965526111,-6.260576978413332e-05,67.59194399064303,0.4845104297510509
404.552,67.60624170308115,3.54857831843059e-06,67.62457736993638,-6.252166948835824e-05,67.60466232324399,0.4860177708207213
404.586,67.6130416984056,3.7164504992792977e-06,67.63192449253978,-6.247235313902777e-05,67.61130206624878,0.4868055368306762
404.654,67.62664169184431,4.04924369794894e-06,67.64437285035572,-6.238895389182105e-05,67.6243539926391,0.4883572904840595
404.688,67.63344167880902,4.2134700905470834e-06,67.65121646084722,-6.234332822658961e-05,67.6307682923033,0.4891201451599946
404.722,67.64024168715684,4.377258968448372e-06,67.65821229094199,-6.22968923350404e-05,67.63746944937807,0.48991880554313405
404.79,67.65384173930471,4.700468442381132e-06,67.6725295209594,-6.220225589901789e-05,67.6515924647484,0.4916037252123931
404.824,67.66064175419592,4.862448020493948e-06,67.67960475339636,-6.215544087887425e-05,67.65852553574068,0.4924335994088774
404.892,67.67424176692883,5.1854087947991475e-06,67.69243424580549,-6.207027057104713e-05,67.67174879674423,0.49401789170692717
404.926,67.68104175706482,5.3503424122096995e-06,67.70007842110552,-6.201937903172078e-05,67.67868128456011,0.4948495460781369
404.994,67.69464174823284,5.683461763552116e-06,67.71447042906499,-6.192383072831826e-05,67.69314655421053,0.49659283290590084
405.028,67.70144175524499,5.8500315716920015e-06,67.72094682414289,-6.18811765753245e-05,67.69988692401117,0.497406641450864
405.096,67.71504179712994,6.184998404906897e-06,67.73580737207237,-6.178376246532333e-05,67.71400038693734,0.4991114795142544
405.13,67.72184182584766,6.352087665784706e-06,67.74463486635763,-6.172605990250979e-05,67.72189139941258,0.5000656875614099
405.198,67.73544184221956,6.682539057835427e-06,67.75789208888851,-6.163959499931234e-05,67.73646628213844,0.5018313735458094
405.232,67.74224185255686,6.8466799957882755e-06,67.76474650929839,-6.159493578713636e-05,67.74323491340661,0.502651487052516
405.3,67.75584183130688,7.169858648864353e-06,67.77609413626463,-6.152102809910432e-05,67.75536636125153,0.5041253918442912
405.334,67.76264182796962,7.334997344308426e-06,67.78249462520142,-6.147932456557576e-05,67.76145961006937,0.5048674569529057
405.402,67.77624187123861,7.6603611866101e-06,67.79685352970479,-6.138621141183323e-05,67.77495380467072,0.5065135283999285
405.436,67.78304189085821,7.824727120563832e-06,67.80435725480613,-6.133776097951982e-05,67.78209701359992,0.5073873207178908
405.504,67.79664191015121,8.154935036038776e-06,67.81935367755145,-6.124085112607338e-05,67.79688678109831,0.5091960364613518
405.538,67.80344191174673,8.322551052240567e-06,67.82647136292361,-6.119472063493098e-05,67.80410918634026,0.5100819707543657
405.572,67.81024191364254,8.490902918851547e-06,67.83357087867923,-6.114875867267989e-05,67.81123125930257,0.5109546404607025
405.64,67.8238418984919,8.827485405205585e-06,67.84698008723775,-6.106258251358147e-05,67.82481285800546,0.5126235305084023
405.674,67.8306419129867,8.993914947107713e-06,67.85372604059955,-6.1019616103526134e-05,67.83158520900618,0.5134587815052747
405.708,67.83744193563167,9.159511656268376e-06,67.86090156667282,-6.097411874649635e-05,67.8384867204169,0.5143102636316909
405.776,67.85104197191455,9.48635929985063e-06,67.87463264285667,-6.0887143122074896e-05,67.85215746624364,0.5160011057854712
405.844,67.86464197702689,9.812449146274626e-06,67.88836560038138,-6.079981584436886e-05,67.8590119121773,0.5168498357481394
405.878,67.87144197188353,9.97542046762107e-06,67.89493943281657,-6.075791617619926e-05,67.87257556247202,0.5185315258423407
405.912,67.87824196610013,1.013946351233924e-05,67.90179075935536,-6.071428221773708e-05,67.87929214629462,0.5193647233873341
405.98,67.8918419634877,1.0469352800425466e-05,67.91455598838688,-6.0633280267499815e-05,67.89236562623262,0.5209868749747807
406.014,67.89864198357193,1.0635883931790616e-05,67.92057371320449,-6.05953133832896e-05,67.89855246081827,0.5217562983075403
406.048,67.90544201715468,1.0803445065127193e-05,67.9264944803122,-6.055806183314759e-05,67.90457289854398,0.5225050903972521
406.116,67.91904205280031,1.1139414905331727e-05,67.94083509861032,-6.0467989180771564e-05,67.91799068801735,0.5241747146008263
406.15,67.9258420595063,1.1308250813178871e-05,67.94650153157922,-6.0432456841857746e-05,67.92430220661093,0.5249582846991674
406.184,67.93264205514812,1.1474418827667344e-05,67.95297377822328,-6.039193648555575e-05,67.93053491154939,0.5257346521284436
406.252,67.94624204069518,1.1806853944764342e-05,67.96727313812782,-6.030263347172313e-05,67.9440082131618,0.5274134751867827
406.286,67.95304204754007,1.1972823929891668e-05,67.97332570136994,-6.0264914951476803e-05,67.95060484906915,0.5282372882551561
406.354,67.96664208441608,1.2298491064398663e-05,67.9857090944267,-6.0188149169445697e-05,67.9632258271134,0.5298162060338154
406.388,67.97344210844447,1.246122388918672e-05,67.9930674472564,-6.0142665003122414e-05,67.96980786930988,0.5306396912749329
406.456,67.98704210805792,1.278723956933971e-05,68.0077222103631,-6.005175149730964e-05,67.983389115073,0.5323374919885107
406.49,67.99384210628585,1.2953782118504346e-05,68.01428566188464,-6.00108319563062e-05,67.99063905661764,0.5332463804717925
406.558,68.0074420984412,1.3290553860820322e-05,68.02643008984731,-5.99353243893142e-05,68.00337561240194,0.5348414878842036
406.592,68.01424211912784,1.3459273332990728e-05,68.0348128707067,-5.988372533275974e-05,68.01052510130104,0.5357374102997932
406.66,68.02784216421944,1.3796480663627935e-05,68.0498249497028,-5.9791943799937966e-05,68.02557854839148,0.5376223088917546
406.694,68.0346421772254,1.3963832011811902e-05,68.05554661930384,-5.9756999239149766e-05,68.03224233422179,0.5384578626410306
406.762,68.0482421863519,1.4298334811474367e-05,68.06953045270215,-5.967150054166783e-05,68.04571732023955,0.5401508711371642
406.796,68.0550421819562,1.4460473526291739e-05,68.07686653190179,-5.9626734882071776e-05,68.05269109991382,0.541026366543323
406.83,68.06184217400475,1.4625646368515194e-05,68.08353118171738,-5.95861357561757e-05,68.05957197063641,0.5418902376423871
406.898,68.07544218760086,1.495446695079455e-05,68.09643364583175,-5.950771919053791e-05,68.07256542604647,0.5435242061446254
406.932,68.08224221281337,1.5118190867447698e-05,68.1022554574897,-5.9472484092741095e-05,68.07883180133636,0.5443135568418106
407.0,68.09584224467912,1.544762735464891e-05,68.11666900245717,-5.938532242278981e-05,68.09239829442272,0.5460216442617655
407.034,68.10264224865143,1.5614556984203486e-05,68.12389806811498,-5.934150142606928e-05,68.09938080173458,0.5469013078622781
407.102,68.11624224042819,1.5952961887831347e-05,68.13765025074721,-5.9258082424441635e-05,68.10659171877884,0.547811980121003
407.136,68.12304223792646,1.612217726510816e-05,68.14386346209265,-5.922056951914924e-05,68.1198707423493,0.5494907037883945
407.17,68.12984222966628,1.6291550646949266e-05,68.15157018793667,-5.917434500035349e-05,68.12675631437425,0.550363121946018
407.238,68.14344227115294,1.6628323852394172e-05,68.16557319390081,-5.909110967382797e-05,68.14105029113189,0.5521808179067007
407.272,68.15024230036602,1.679428469235851e-05,68.17099166419514,-5.905906076900385e-05,68.1472158694179,0.5529659874798154
407.34,68.16384233104202,1.7124498312844744e-05,68.18428255316367,-5.898036397844468e-05,68.1599260403363,0.554587011376965
407.374,68.17064234458608,1.7287341794640844e-05,68.1902963155732,-5.894468018136019e-05,68.1661466997693,0.5553797702142441
407.442,68.18424232552609,1.761664656586761e-05,68.20438729052015,-5.8860942245313656e-05,68.17939241602132,0.5570690794201614
407.476,68.19104232716231,1.7782084433210816e-05,68.211012718063,-5.882158452929066e-05,68.18614282139971,0.5579323147236942
407.544,68.20464231534682,1.8115725452541903e-05,68.2246418080121,-5.874082617717868e-05,68.19933969430512,0.559620267719046
407.578,68.21144233187562,1.8283629894519544e-05,68.23307241209768,-5.869113831464084e-05,68.20690879890593,0.5605869003929127
407.612,68.21824235694831,1.845284777446857e-05,68.24006593305506,-5.86500720241854e-05,68.21436230836494,0.5615370794788329
407.68,68.23184240354703,1.879139238649155e-05,68.25641808520959,-5.8554310563681775e-05,68.23005946867679,0.5635399837322348
407.714,68.23864242589967,1.89603779325836e-05,68.26308434652144,-5.851533603301083e-05,68.23738370801661,0.5644782715121133
407.782,68.25224242159106,1.9297360045953004e-05,68.27632202652165,-5.843804016860888e-05,68.25101844125953,0.5662234317941504
407.816,68.25904242463626,1.9463911096198005e-05,68.28287169412724,-5.8399898156945926e-05,68.25757743507842,0.5670642166281077
407.884,68.27264240257925,1.9795033854066068e-05,68.29719299067992,-5.8316705721302227e-05,68.27125215959673,0.568820463260836
407.918,68.27944241269971,1.9959152891858543e-05,68.30394685297452,-5.827756719004553e-05,68.27816979070246,0.5697091370375482
407.952,68.28624243102048,2.012375105119011e-05,68.30983068209626,-5.824360211649295e-05,68.28460449970285,0.5705368783008642
408.02,68.29984247912869,2.0454266164909246e-05,68.32090216143033,-5.8179867163874175e-05,68.29646975980154,0.572062074681291
408.054,68.30664249613572,2.0621535034367313e-05,68.32667009193185,-5.814661991261984e-05,68.30198203478373,0.5727712644419218
408.088,68.31344249343017,2.078944853054143e-05,68.33260045938108,-5.8112368676641904e-05,68.30768344888207,0.5735043287584805
408.156,68.32704248800044,2.1129100593664916e-05,68.34571084738977,-5.8036667914482644e-05,68.31996612632119,0.5750892553280498
408.19,68.33384247468099,2.1299890781766126e-05,68.35273693400029,-5.79962930576606e-05,68.32664401373724,0.5759506414009364
408.258,68.34744249908722,2.1640111850544305e-05,68.36666215123594,-5.7916912494635204e-05,68.34026067094982,0.5777079780408179
408.326,68.36104253682291,2.197533850099439e-05,68.37378402450999,-5.7876678847698655e-05,68.34726338520169,0.5786116403750996
408.36,68.36784254144753,2.2139471389656665e-05,68.3868476295063,-5.780299505170441e-05,68.36100190133989,0.5803841467541474
408.394,68.374642549205,2.2304633826234484e-05,68.39461546274636,-5.7758982959664895e-05,68.36784111536494,0.5812674370868097
408.462,68.38824253378951,2.263507794342331e-05,68.40816315957863,-5.768194561071465e-05,68.3816096662117,0.5830458839908333
408.496,68.39504253559154,2.2802065380692596e-05,68.4146685154429,-5.7645092942226284e-05,68.38825014396096,0.5839012174254389
408.564,68.40864258371008,2.3135222699483543e-05,68.42671372826887,-5.7577373768271096e-05,68.40062014456494,0.5854941707994951
408.598,68.41544259738133,2.3303543107503113e-05,68.43357413007739,-5.753886838955531e-05,68.40704377055327,0.5863218955270467
408.666,68.42904261909453,2.3644167627445354e-05,68.446871015212,-5.746412093110396e-05,68.42035373379645,0.5880392866061722
408.7,68.43584261581586,2.381280645401671e-05,68.45411477786162,-5.7423436169946774e-05,68.42708500108851,0.5889106745047251
408.768,68.44944259995815,2.415531852439678e-05,68.46779708883265,-5.734697668836577e-05,68.44060472678706,0.5906649621998696
408.802,68.45624260632408,2.432493065372801e-05,68.47498454252758,-5.730713245208643e-05,68.44760845869753,0.5915760752363808
408.836,68.46304262663678,2.4492586149481662e-05,68.48172032868503,-5.72699879108125e-05,68.45450133586026,0.5924750586527542
408.904,68.47664267031654,2.4825182376343953e-05,68.49440731300727,-5.7200232717240485e-05,68.46746451585376,0.5941676314500391
408.938,68.48344267888558,2.498964066518248e-05,68.50078829222807,-5.716511202239568e-05,68.47386079662495,0.5950040347304327
408.972,68.49024269390318,2.5154959531362623e-05,68.50713246077558,-5.713010683653171e-05,68.48020135030022,0.5958327414548099
409.04,68.5038426762632,2.5485584062905967e-05,68.51950093708055,-5.7061735597210275e-05,68.4923994102263,0.597428585654908
409.074,68.51064267416369,2.5655721863845582e-05,68.52632078585351,-5.702405936125148e-05,68.49894238754754,0.5982862603601611
409.142,68.52424267587551,2.5994394031469883e-05,68.53993221879037,-5.694942370930375e-05,68.51238931295418,0.6000514163105057
409.176,68.53104270248487,2.61650657915401e-05,68.54810459712756,-5.690496985874774e-05,68.5196394591361,0.6010051069731099
409.244,68.54464275334703,2.6507004632155616e-05,68.56187102995094,-5.683035019717104e-05,68.53367602430028,0.6028555300416958
409.312,68.55824277554326,2.6845561477946586e-05,68.5776382483974,-5.674505236600584e-05,68.5490656407049,0.6048945349805152
409.346,68.5650427682926,2.7015198070927727e-05,68.58440822547834,-5.670846021191235e-05,68.55616113483094,0.605836210862721
409.414,68.57864275568777,2.735050629464318e-05,68.59179949757514,-5.66685699198522e-05,68.56328189054508,0.6067834224814833
409.448,68.58544276781956,2.751626836874674e-05,68.60485040787903,-5.65983158705647e-05,68.57670426528566,0.6085719616390158
409.482,68.5922427878007,2.7681881978535996e-05,68.61173413150117,-5.65614276863231e-05,68.58345324859354,0.6094730077219608
409.55,68.60584281789136,2.8012680219765994e-05,68.62527969366529,-5.648908989213487e-05,68.59718505619573,0.6113103749648114
409.584,68.61264282950147,2.818062168350102e-05,68.63299109616138,-5.644779717975157e-05,68.60413324779039,0.6122398388709994
409.652,68.62624282166267,2.852070032855752e-05,68.64492946987548,-5.638352911418727e-05,68.61691728224777,0.6139541286521552
409.686,68.63304280916391,2.869190116344128e-05,68.65160249557249,-5.634767672655504e-05,68.62329178574416,0.6148109378710466
409.754,68.64664284632771,2.9035441240743828e-05,68.66561736388054,-5.6273302266850894e-05,68.63668972337472,0.6166116796466998
409.788,68.65344285922595,2.9206826239940562e-05,68.67283117488816,-5.623539846299161e-05,68.6437150990142,0.6175578660322806
409.856,68.66704288281731,2.9545441967785665e-05,68.68537984032729,-5.616947594076063e-05,68.6568881400983,0.6193333128876035
409.89,68.6738428741252,2.971380751676104e-05,68.69166971034,-5.613628210825375e-05,68.66317609052442,0.6201833613987202
409.958,68.68744287045605,3.0048122663575255e-05,68.70258554413063,-5.607873089219166e-05,68.6746008028486,0.6217277023767895
409.992,68.69424288230422,3.021481862859961e-05,68.70835478324699,-5.604851577346653e-05,68.6802864467464,0.6224973767313996
410.026,68.70104290855244,3.038110214270625e-05,68.71693465051239,-5.6003803932816015e-05,68.68713175477006,0.6234262144537362
410.094,68.71464294475227,3.0713984238450936e-05,68.73091548550344,-5.593096840906318e-05,68.70127859826087,0.6253483931899481
410.128,68.72144293951483,3.0883540679889074e-05,68.73745554968238,-5.589673188720969e-05,68.70810017097925,0.6262743633339778
410.196,68.73504293668414,3.122632843233601e-05,68.75359156429556,-5.581207978617205e-05,68.72303401608485,0.6283056664179132
410.23,68.74184292945435,3.139799418254392e-05,68.75975208766165,-5.577994674838923e-05,68.73012220142643,0.6292729649316718
410.298,68.75544296548763,3.1742207291816235e-05,68.77425750562328,-5.570522620447461e-05,68.74414659464931,0.6311892453508633
410.332,68.76224298616152,3.191361731428684e-05,68.78165363965884,-5.5667447407708654e-05,68.75136022244176,0.6321770771740338
410.4,68.7758429986846,3.2251243924278826e-05,68.79412373230606,-5.5603726697352355e-05,68.76472805947839,0.6340118160124731
410.434,68.78264300186545,3.241931752941548e-05,68.8017593222414,-5.5564554561117404e-05,68.77150781728565,0.6349418493957582
410.502,68.79624299916505,3.275358732288053e-05,68.80858892521827,-5.552951998916418e-05,68.77842343224708,0.6358920709805735
410.536,68.80304300785455,3.292062629380869e-05,68.8202522890323,-5.5470000559039254e-05,68.79107490033194,0.6376310887474883
410.57,68.80984303196774,3.3087608911393086e-05,68.82823131477159,-5.542958124028357e-05,68.79772138735335,0.6385457610798169
410.638,68.82344306259677,3.3423840811397925e-05,68.8406616639769,-5.536664486746727e-05,68.81067266784747,0.6403344119127059
410.672,68.83024306142322,3.359429189401821e-05,68.8479491520931,-5.532959821187397e-05,68.81740408654755,0.6412634000953933
410.74,68.84384305416133,3.393913184340351e-05,68.86034388741713,-5.526654939361884e-05,68.83030816628141,0.6430463593491951
410.774,68.85064306153191,3.4111572704815055e-05,68.86799387224393,-5.522793664433904e-05,68.83710457229024,0.6439880835371653
410.842,68.86424309595594,3.445574779966438e-05,68.88220738164996,-5.5157125796735435e-05,68.85087622953151,0.6459017264271946
410.876,68.87104312092107,3.462645461430527e-05,68.88901037204315,-5.5123481915772215e-05,68.85797045297345,0.6468874647260046
410.944,68.88464312950016,3.496387871960289e-05,68.90206950459782,-5.5058795518010746e-05,68.87146634714458,0.648762061285305
410.978,68.89144313566656,3.513188341139401e-05,68.90848447461451,-5.502688457404588e-05,68.8778615852696,0.6496530775550836
411.046,68.9050431215551,3.5467211948342616e-05,68.92317060619135,-5.4953902912572536e-05,68.89180720699076,0.6516002885614309
411.08,68.91184313876762,3.563430943820072e-05,68.92996611189596,-5.492031987929072e-05,68.89868551282144,0.6525629436215987
411.148,68.92544317816032,3.597205553023748e-05,68.94263791222123,-5.4858133415518246e-05,68.91165986415015,0.6543860618063864
411.182,68.93224318181541,3.6141402854121405e-05,68.94983734653081,-5.482283171606109e-05,68.9183624534879,0.6553293987129191
411.216,68.93904319287766,3.631325220892489e-05,68.95694006134507,-5.4787889898464375e-05,68.92527775804425,0.6563012485347262
411.284,68.9526431734428,3.665793959870756e-05,68.97219386377672,-5.4712820132031664e-05,68.93978140705332,0.658343151262125
411.318,68.9594431759085,3.683299325921364e-05,68.97870315840719,-5.468098693460496e-05,68.94688031631017,0.6593424531710814
411.386,68.97304322613286,3.717615527452615e-05,68.9933202461773,-5.4610520923651085e-05,68.96091304760365,0.6613238698282738
411.42,68.97984323463206,3.734693422156652e-05,69.00116028887354,-5.4573056478659214e-05,68.96842603292419,0.6623859044154509
411.488,68.99344325926806,3.768355200068904e-05,69.01431483937529,-5.4510026902839004e-05,68.98221015204916,0.6643426294698588
411.522,69.00024324777914,3.785243387002328e-05,69.01949467116057,-5.448505277948656e-05,68.98834189909303,0.6652138543849988
411.59,69.01384323993378,3.818780040615834e-05,69.03360323342112,-5.441705324647512e-05,69.00140873981279,0.6670698401593267
411.624,69.02064325698267,3.8356294765419176e-05,69.04038122632367,-5.4384616655422925e-05,69.00812871763628,0.6680249523015457
411.658,69.0274432882732,3.852546954696342e-05,69.04653707511261,-5.435535216080324e-05,69.0145909857541,0.6689414732469307
411.726,69.04104330995695,3.88672682528616e-05,69.06176635258156,-5.4283099972356784e-05,69.02852404852803,0.6709183281748521
411.76,69.04784331701251,3.904045606392273e-05,69.06775859130556,-5.4254571938253776e-05,69.03537883756637,0.6718916035297284
411.828,69.06144330205571,3.9385159627402784e-05,69.08009165035494,-5.419587520448811e-05,69.04807850429279,0.6736952181356162
411.862,69.06824330051599,3.956116482550058e-05,69.08704980349397,-5.4162985952110205e-05,69.05449209956345,0.6746074101509788
411.93,69.08184334606263,3.990417106580968e-05,69.1011152231245,-5.4097479662111185e-05,69.06791611654751,0.6765206210595949
411.964,69.088643358785,4.007382253267713e-05,69.10949585920608,-5.4058742444079404e-05,69.07548210442204,0.6776019784986623
411.998,69.09544337970216,4.0242206876952545e-05,69.11648995833559,-5.402637341081904e-05,69.08291641442985,0.6786661732860346
412.032,69.10224337798137,4.041136811290611e-05,69.12378019834446,-5.399245719033041e-05,69.09016926882401,0.6797052925152101
412.1,69.11584337006289,4.074555306520672e-05,69.13944182490688,-5.3919288944344806e-05,69.10549989135176,0.6819028955484535
412.168,69.12944335320626,4.108639995136165e-05,69.15251269045858,-5.385846741844704e-05,69.11931472804818,0.6838874260827861
412.202,69.13624336649283,4.125694399673881e-05,69.15948544342851,-5.382631095960127e-05,69.12600111754844,0.6848494559340185
412.27,69.14984342025262,4.160179750503483e-05,69.17107289007365,-5.377306627698319e-05,69.13247828703129,0.6857798236853515
412.304,69.15664344889538,4.17757761244633e-05,69.1776962440694,-5.374266096204569e-05,69.14453914979461,0.6875121930039177
412.372,69.1702434774997,4.212244327691327e-05,69.19196108369144,-5.3677452257697195e-05,69.15802251691818,0.6894502427905332
412.406,69.1770434880213,4.229565187852567e-05,69.19848792872885,-5.36477735462727e-05,69.1647280277131,0.690417401498252
412.44,69.18384347952862,4.246697568839689e-05,69.2054021943253,-5.3616423479311564e-05,69.17144598392561,0.6913848869448632
412.508,69.19744346369134,4.280713999611619e-05,69.21969559472338,-5.355168797993604e-05,69.18547556814957,0.6934121590220427
412.542,69.20424344853585,4.297556956281736e-05,69.22641871480627,-5.35212321852246e-05,69.19225829643888,0.6943951752236057
412.61,69.21784345777881,4.331446669039192e-05,69.24009714070614,-5.34595927549295e-05,69.20564043012592,0.6963338987528294
412.644,69.22464348441822,4.348346392516964e-05,69.24775743530128,-5.3425279818949225e-05,69.21281850222063,0.6973741781808358
412.712,69.23824353989247,4.3823902825492504e-05,69.26272405120496,-5.3358213912903964e-05,69.22748777644571,0.6995008136810322
412.746,69.24504355742154,4.399550801394393e-05,69.27029537007382,-5.3324237554059716e-05,69.2349516298713,0.7005832202067171
412.814,69.25864357552234,4.434378218505841e-05,69.28364923722023,-5.326441971821836e-05,69.24882665195501,0.7025951450290013
412.848,69.26544357540676,4.451554209588693e-05,69.28993538519468,-5.3236404080613625e-05,69.25539701719833,0.7035499675085335
412.916,69.27904355310716,4.486490194249403e-05,69.30406136683068,-5.3173740426945505e-05,69.26910994302791,0.7055420644560326
412.95,69.2858435459049,4.503678642823051e-05,69.31000751791272,-5.314747208901181e-05,69.27549313587825,0.706470795732297
412.984,69.2926435417906,4.5210069083208794e-05,69.31767107110694,-5.3113768297393815e-05,69.28227845088,0.7074568711763564
413.052,69.30624357884581,4.5549800404954006e-05,69.33110038180139,-5.305521270984934e-05,69.29601112964892,0.7094548919501314
413.086,69.3130436165721,4.5717931682735996e-05,69.33713963450758,-5.302897688520426e-05,69.30234723437657,0.7103768641784417
413.12,69.31984362726335,4.5887356939216e-05,69.3448294966408,-5.299547584852462e-05,69.30914029719371,0.7113658209158938
413.188,69.33344365122001,4.622531622880516e-05,69.35666603024208,-5.2943682382937826e-05,69.32198094421567,0.7132349498926072
413.222,69.34024363771464,4.6397043094559927e-05,69.36409733151862,-5.291105153746124e-05,69.32848586866938,0.7141802040336737
413.256,69.34704362920962,4.656982220522714e-05,69.37129495280813,-5.2879494159148205e-05,69.33539685834647,0.7151867540168135
413.324,69.36064363479491,4.691892346223719e-05,69.38294332151231,-5.2828732606046435e-05,69.34815937436993,0.7170441085963271
413.358,69.36744365966463,4.70931865001322e-05,69.38871273839474,-5.280388004168877e-05,69.35388675993575,0.7178784771351139
413.426,69.38104369143082,4.744033024191107e-05,69.40011811706594,-5.275521990527166e-05,69.36541981817709,0.7195617485155352
413.494,69.394643685247,4.7786648748210507e-05,69.41375492964342,-5.269702610138032e-05,69.37779168123761,0.7213698098291125
413.528,69.40144369378001,4.795818548227332e-05,69.42129731973448,-5.266474405804461e-05,69.38474256387585,0.7223880646930834
413.596,69.41504369254193,4.829857119351343e-05,69.43546123884944,-5.260446999507953e-05,69.39881989636419,0.7244550155408837
413.63,69.42184371860172,4.84678451928641e-05,69.44233980328086,-5.257550572848833e-05,69.40576534932912,0.7254779294417658
413.664,69.42864374544425,4.8636518416474774e-05,69.44792740192288,-5.255203258524881e-05,69.41210487808208,0.726409697405322
413.698,69.4354437677315,4.880685951140542e-05,69.45570045257587,-5.2519282268913074e-05,69.41885135571422,0.7274033344538112
413.766,69.4490437813411,4.914901179206661e-05,69.46992747052502,-5.245896045121891e-05,69.43253912600052,0.7294203228400069
413.8,69.45584377543328,4.932395867669522e-05,69.47642257033353,-5.243136112615352e-05,69.4395529953587,0.7304531115996843
413.868,69.46944375695645,4.9674857839422814e-05,69.48877378185205,-5.2379197570738355e-05,69.45281462987823,0.7324078193393475
413.902,69.47624376445182,4.9850066262990373e-05,69.49552945122352,-5.235094099161916e-05,69.4589715865896,0.7333159844435738
413.97,69.48984380189516,5.019890405243579e-05,69.50823305935202,-5.229846693201436e-05,69.4714665208152,0.7351588522662998
414.004,69.49664381122011,5.037026736956256e-05,69.51406552026363,-5.2274521940626354e-05,69.47760270137104,0.7360645673858582
414.072,69.51024381748535,5.0713330292601125e-05,69.52745077133048,-5.221934439260158e-05,69.49031351156063,0.737942316441525
414.106,69.51704382071071,5.088322348650237e-05,69.53489018372719,-5.2188505003293193e-05,69.49719803377977,0.7389600413571057
414.174,69.53064382707579,5.122420495123999e-05,69.54791058330302,-5.213485676451958e-05,69.51091934750669,0.7409897882312845
414.208,69.53744384834506,5.139433204286759e-05,69.5547422387151,-5.2106944784628575e-05,69.5173411065311,0.741940926025564
414.276,69.55104389326688,5.1738084827719296e-05,69.56753249853057,-5.205470838505817e-05,69.53026710745723,0.7438560226535315
414.31,69.55784389839035,5.191251457766971e-05,69.57455693127271,-5.202596921610975e-05,69.53680357815624,0.7448256565531923
414.378,69.57144390465298,5.226107767809467e-05,69.58667540049967,-5.197641191420009e-05,69.54927800392606,0.7466743689209586
414.412,69.57824388922509,5.2437812481921504e-05,69.59286539085865,-5.195120110693352e-05,69.55543171062726,0.7475891133419412
414.48,69.5918438854733,5.278907867680409e-05,69.6060784268881,-5.189789483869584e-05,69.56798210763264,0.7494571948339595
414.514,69.59864390275243,5.296263661479257e-05,69.61314547922716,-5.186971793016646e-05,69.57477859369112,0.7504713617242101
414.548,69.60544393234419,5.3134894242933395e-05,69.62019809902574,-5.184175225140217e-05,69.58168313491585,0.7515023909294811
414.616,69.61904396697689,5.347622024744271e-05,69.63528856534006,-5.1781933795448935e-05,69.5963154472039,0.7536933109060293
414.65,69.62584396566142,5.364729309300113e-05,69.64199057662033,-5.175525642440724e-05,69.60329098464398,0.7547408805731104
414.718,69.63944395840396,5.398649277280861e-05,69.65723964026459,-5.1694361400369236e-05,69.61792379343996,0.7569431643952313
414.752,69.64624395999948,5.416022729642968e-05,69.66355925299986,-5.1669123997940614e-05,69.62480191633288,0.757980451142246
414.82,69.65984399701075,5.4507078459855886e-05,69.67652987858851,-5.1617910591409856e-05,69.6377571150858,0.7599368126317505
414.854,69.66664400125241,5.46808283716358e-05,69.68349548778617,-5.159063095178004e-05,69.64444832528896,0.7609501831399131
414.888,69.67344401278073,5.4855851087796825e-05,69.68994796619134,-5.156534148423715e-05,69.65104708996579,0.7619504459629469
414.956,69.68704400425473,5.5208893800042704e-05,69.70496219276835,-5.150617671273651e-05,69.66497387531938,0.7640637342883523
414.99,69.69384400214338,5.538604551310254e-05,69.71247017740413,-5.147678199005158e-05,69.67241240426593,0.7651918046312207
415.058,69.70744403046695,5.573288797454371e-05,69.72494461222121,-5.142878767833785e-05,69.68578572863942,0.7672267381779471
415.092,69.71424405020711,5.5904754030357594e-05,69.73159940660557,-5.140339114683069e-05,69.69225474488486,0.7682103078060969
415.126,69.7210440757447,5.607571499901851e-05,69.73725288781304,-5.1381767832434036e-05,69.6983829720437,0.769142939356215
415.194,69.73464408401426,5.6416104142455906e-05,69.75147324138872,-5.132708403288408e-05,69.71146709407623,0.7711374751937886
415.262,69.74824407338217,5.6759733484359184e-05,69.7645297853386,-5.1276645454336485e-05,69.72476596252056,0.773167711141591
415.296,69.75504408183943,5.6934288259112944e-05,69.77127389975051,-5.1250653795811474e-05,69.73136052977064,0.7741768394119147
415.364,69.76864411420522,5.728353130754972e-05,69.78518664909997,-5.119762536307322e-05,69.74507793434886,0.7762792735523433
415.398,69.77544413120376,5.745766350985731e-05,69.7926184419755,-5.116955758528507e-05,69.75201344602374,0.777344592077788
415.432,69.78224413147139,5.7635024135205126e-05,69.79911382661786,-5.1145003866449084e-05,69.7588115792778,0.7783897506065807
415.5,69.79584413162186,5.798789225381039e-05,69.81253359362017,-5.1094084900102284e-05,69.77212886054795,0.7804361827294917
415.534,69.80264412292027,5.8163060356514354e-05,69.8197990639073,-5.106672752791168e-05,69.77898375904896,0.7814937307991523
415.602,69.8162441580401,5.8510691862048284e-05,69.83544435572483,-5.1008737264255766e-05,69.7935832558372,0.7837500601294467
415.636,69.8230441838477,5.8681702065698494e-05,69.84316730013045,-5.0980281565356015e-05,69.801324215194,0.7849463599626268
415.704,69.83664420714834,5.902357265071452e-05,69.85569853892767,-5.0933850576388174e-05,69.81452148336582,0.7869890505960148
415.738,69.84344421686599,5.919365860076248e-05,69.862958032365,-5.090678259526525e-05,69.8215300113182,0.7880754095981107
415.806,69.85704419938851,5.954068473261113e-05,69.87376273809178,-5.086641273959524e-05,69.83326682882608,0.789895937794848
415.84,69.86384419358171,5.9714826112250064e-05,69.88151951945189,-5.0837545636682864e-05,69.83994827326497,0.7909350859149082
415.908,69.87744421218234,6.0067715518353e-05,69.89600730610242,-5.07841415816174e-05,69.85451013304107,0.7932022986539026
415.942,69.88424424015764,6.0244560171121e-05,69.90261850135886,-5.076003458537687e-05,69.86116209891708,0.7942391969950214
416.01,69.89784427911083,6.0597496275380514e-05,69.91750022596945,-5.070603296487261e-05,69.8754048674887,0.796462999433837
416.044,69.9046442872897,6.077310222481831e-05,69.9236044401074,-5.068393487648071e-05,69.88205240249741,0.7975025332278909
416.078,69.91144430021804,6.094781758622913e-05,69.93092295550973,-5.0657471859644144e-05,69.88882762125687,0.7985622966865086
416.146,69.92504427917365,6.129206135808335e-05,69.94450568737257,-5.060853267108548e-05,69.90251878214121,0.8007009335774664
416.18,69.93184427149932,6.146713128514451e-05,69.95179919012573,-5.0582305926274274e-05,69.90939234172212,0.8017777638732724
416.248,69.94544427309071,6.18100410621723e-05,69.96701574782473,-5.052798078659727e-05,69.92390782760647,0.8040551963973688
416.282,69.95224428979002,6.198235589151601e-05,69.97382491049089,-5.050382936980475e-05,69.93108595551276,0.8051834008833451
416.35,69.96584434578396,6.233039679716128e-05,69.98909004740433,-5.044971426725929e-05,69.945792247051,0.8074954692690917
416.384,69.97264437471976,6.250463662553844e-05,69.99592230852362,-5.042550132823725e-05,69.95293345314043,0.8086197177712315
416.418,69.97944437765764,6.268165698133016e-05,70.00310513077578,-5.040007707938018e-05,69.95998526120249,0.8097293220659492
416.486,69.99304439003583,6.303662504414525e-05,70.01692012577493,-5.035138123091079e-05,69.97369856119916,0.8118861644934154
416.52,69.99984437335665,6.321499157982681e-05,70.02316099380845,-5.032953507484668e-05,69.98035568394914,0.8129347392106613
416.554,70.00664436131152,6.3388219547143e-05,70.02833192010011,-5.031153096060707e-05,69.98628897208188,0.8138704607174877
416.622,70.02024437029695,6.374116257488628e-05,70.04059306786652,-5.026912187644972e-05,69.99804766390918,0.8157269876575095
416.656,70.02704439793415,6.391443882833592e-05,70.04799024640842,-5.024387455492909e-05,70.00460268061914,0.816762489569442
416.724,70.0406444505921,6.425799331855482e-05,70.06150109400546,-5.019797001666036e-05,70.01837360328128,0.8189432356226781
416.758,70.04744445505669,6.442950984429032e-05,70.0679260029687,-5.0176026734367875e-05,70.02472613380432,0.8199521903623759
416.826,70.06104446269717,6.477555118242857e-05,70.08231603552065,-5.012645447621486e-05,70.03833232217653,0.8221160767696671
416.86,70.06784444580995,6.495047261037502e-05,70.08984965215897,-5.010047187008844e-05,70.04548591990458,0.8232565147380871
416.894,70.07464444658359,6.512697164597636e-05,70.09754851685433,-5.0074047317039706e-05,70.05287514490718,0.8244350696845418
416.962,70.08824443382555,6.548212684540905e-05,70.11218611166949,-5.0024278196363164e-05,70.06778370705506,0.8268179850301929
417.03,70.10184447550337,6.583746146542383e-05,70.11931836846757,-5.000033422279361e-05,70.07480059387233,0.8279426113021114
417.064,70.10864450502442,6.601456182306811e-05,70.13447721772803,-4.994988705768377e-05,70.0894325940882,0.830290598212211
417.098,70.11544452247138,6.618971043150601e-05,70.14108356973429,-4.9927978135561166e-05,70.0964488294063,0.8314204407061934
417.166,70.12904454190412,6.653886470702963e-05,70.15389894336042,-4.988551462675539e-05,70.10961692975351,0.8335423636810402
417.2,70.13584453961572,6.671198912073316e-05,70.160579673692,-4.9863350464282866e-05,70.116066816593,0.8345837177266258
417.268,70.14944452162528,6.705801578392452e-05,70.17370707638165,-4.9819835014215404e-05,70.12923642277329,0.8367124791252307
417.302,70.15624452339587,6.723078730645932e-05,70.17911445145592,-4.980198033713876e-05,70.13513205595765,0.8376690885218149
417.37,70.16984454932869,6.757926150335705e-05,70.19303984411133,-4.975635525283663e-05,70.14773838121573,0.8397135520851177
417.404,70.17664457221623,6.775489095145872e-05,70.2000416427536,-4.973357950153017e-05,70.15462209457938,0.8408306209641081
417.472,70.1902446125309,6.810988844664299e-05,70.2134191921372,-4.9690143714970805e-05,70.16820280703189,0.8430409792458039
417.506,70.19704460977738,6.82877770950429e-05,70.21948712553926,-4.96704682845504e-05,70.17450182780338,0.8440682299284243
417.574,70.21064460634884,6.864365976004349e-05,70.2341172916325,-4.962319661728143e-05,70.18816859688003,0.8463020531705647
417.608,70.21744459773076,6.882037810904204e-05,70.24206830712951,-4.9597701486313596e-05,70.1955007792531,0.8475036320262446
417.676,70.2310446219009,6.917226760955319e-05,70.25600190412767,-4.955362335842651e-05,70.20978102915763,0.8498494216746988
417.71,70.23784465094953,6.934515162952581e-05,70.26180642541995,-4.953544205971515e-05,70.2162344137931,0.850912172451637
417.778,70.2514446621521,6.968960948548147e-05,70.2743979268896,-4.949590031486891e-05,70.22879048325342,0.8529855234068694
417.812,70.25824466871772,6.986281309077551e-05,70.28115612414493,-4.947447181821365e-05,70.23512171749339,0.8540337793956146
417.846,70.26504465451941,7.003775874086272e-05,70.28808510207145,-4.94523852498554e-05,70.24172010865271,0.8551281897466175
417.914,70.27864469111451,7.039027217360678e-05,70.3008226204633,-4.941199905461154e-05,70.25483518983548,0.8573062171544236
417.948,70.28544470361699,7.056773648565369e-05,70.3086394540733,-4.938767401514239e-05,70.26160788312663,0.8584308926769042
418.016,70.29904472307518,7.09232148302315e-05,70.32234648382729,-4.9345327024384375e-05,70.2754849277785,0.8607419069874718
418.05,70.30584471608049,7.110221208708891e-05,70.32887913775501,-4.9324999396893723e-05,70.2820817007745,0.8618400498052368
418.084,70.31264471697686,7.128090539251645e-05,70.3350198155751,-4.930586293297476e-05,70.28842995713768,0.8628961160926641
418.152,70.32624471805218,7.163608771782858e-05,70.34805957885425,-4.926578110036924e-05,70.2945283454354,0.8639112558570511
418.186,70.33304474501952,7.181135237861936e-05,70.35433146322858,-4.924693706117082e-05,70.30738253249383,0.8660537176946181
418.22,70.33984476283749,7.198597536550902e-05,70.36158016914028,-4.922535840934155e-05,70.31406360840066,0.8671677084416903
418.254,70.34664478390344,7.215758663497881e-05,70.36771702401654,-4.920707288750874e-05,70.32057208922932,0.8682523995741597
418.322,70.36024477738039,7.2504971960067e-05,70.38205390531985,-4.916365314642952e-05,70.33411610150421,0.8705093685676292
418.356,70.36704477582171,7.267994897271566e-05,70.38833302966475,-4.914447742437445e-05,70.34076627462355,0.8716180706477505
418.424,70.38064478160506,7.303172801484689e-05,70.40128818297856,-4.9105435045205655e-05,70.35324554919777,0.8737010982853568
418.492,70.39424482848757,7.338780195137489e-05,70.41564236448984,-4.906305637499956e-05,70.36715131350114,0.8760260454059839
418.526,70.40104483911698,7.356576305324001e-05,70.42215099675913,-4.904389607112424e-05,70.37394951344518,0.8771625665435732
418.56,70.40784483607723,7.374496163943706e-05,70.42890615304803,-4.902393446913201e-05,70.38062327849316,0.8782819348372003
418.628,70.42144483210458,7.410322407147419e-05,70.4427021753177,-4.8983235830651274e-05,70.3941300821394,0.8805506869650489
418.662,70.42824483846073,7.428008513390604e-05,70.44992352048592,-4.896222553974624e-05,70.40104261122582,0.8817160361249791
418.696,70.43504484862213,7.445653931965685e-05,70.45596741354608,-4.894486556517584e-05,70.40760227834295,0.8828219650004513
418.764,70.44864489895558,7.480551221742273e-05,70.46934424819959,-4.8906877693610806e-05,70.42063835134414,0.8850267381170236
418.798,70.45544490241826,7.497848434491956e-05,70.47762553115655,-4.8883289713648165e-05,70.42783766197934,0.8862466653411577
418.866,70.46904491204707,7.532702289827855e-05,70.49093207535812,-4.884496136936908e-05,70.44178180014121,0.8886101731656189
418.934,70.4826448974321,7.56798838534854e-05,70.50508514217118,-4.880417863880647e-05,70.4555330062639,0.890940595388982
418.968,70.4894449114229,7.58573457265499e-05,70.51191874191365,-4.878474208346649e-05,70.46234983363364,0.8920983730156964
419.036,70.5030449537815,7.621564994085892e-05,70.51754774394226,-4.876894539046084e-05,70.46863259910104,0.8931675100093381
419.07,70.5098449558,7.639437431008948e-05,70.53172308384838,-4.872957771805389e-05,70.48199883121987,0.8954425804147655
419.138,70.52344496651654,7.675331819197403e-05,70.5382150301704,-4.871152500726858e-05,70.48855575408938,0.8965611006218897
419.172,70.53024495550129,7.693184146345364e-05,70.55231294879395,-4.86723274304994e-05,70.5019195013519,0.8988444493287051
419.24,70.54384497876909,7.728435615263577e-05,70.56597122165792,-4.863517938066733e-05,70.5151953844522,0.9011168633640859
419.274,70.55064499436436,7.745856481015878e-05,70.57310383321608,-4.86160864146972e-05,70.52234189681637,0.9023414475669889
419.342,70.56424500876511,7.780696185744832e-05,70.58737377562022,-4.857780086496569e-05,70.53630596589022,0.9047366997305879
419.376,70.57104501044715,7.797939116407618e-05,70.59442313853954,-4.855861644920161e-05,70.5434089293549,0.9059570758904893
419.41,70.57784500666962,7.815809796415634e-05,70.6009729923394,-4.854064106041905e-05,70.55021821324488,0.9071283078050963
419.478,70.59144503321896,7.851231424e-05,70.61416084873312,-4.850498143810849e-05,70.56323748695192,0.9093719266492389
419.512,70.59824505197551,7.869084542989317e-05,70.62277026126971,-4.848220475696704e-05,70.57065506620263,0.9106530114862948
419.58,70.61184508668813,7.905074140357212e-05,70.63596136853845,-4.8447534505879904e-05,70.58497918211668,0.9131342460663321
419.614,70.61864508514451,7.922953133332164e-05,70.64372264718652,-4.842704322326733e-05,70.59189965227137,0.9143348119875849
419.682,70.63224507691515,7.958834927641568e-05,70.65575145682986,-4.8395282194821784e-05,70.60493313414489,0.916596644076625
419.716,70.63904506998807,7.976550245756462e-05,70.66286770627276,-4.837672336121927e-05,70.61132439374117,0.9177059274936802
419.784,70.65264508850139,8.01189738579633e-05,70.6774802701234,-4.8339282021824235e-05,70.62540934016225,0.9201523656634131
419.818,70.6594451206431,8.029368047031261e-05,70.68374432549815,-4.8323375062814944e-05,70.63200665059591,0.9212977918977363
419.886,70.67304516908315,8.064215997440931e-05,70.69786484900074,-4.828730993344833e-05,70.64571067621422,0.9236795825020986
419.92,70.67984516837242,8.081805968879626e-05,70.7047108954281,-4.826970177115787e-05,70.65241424739185,0.924845094831882
419.954,70.68664517237306,8.099501728140471e-05,70.71179392496468,-4.825144710315416e-05,70.65923745747111,0.9260338416199494
420.022,70.70024515543429,8.135283183204479e-05,70.72475757962204,-4.82181976543121e-05,70.67231092508948,0.9283145658007562
420.056,70.7070451527695,8.153325512735939e-05,70.73240900713246,-4.8198734057762724e-05,70.6792754386217,0.9295328070681541
420.124,70.72064514920888,8.189456443775153e-05,70.74718274713571,-4.8161809369190066e-05,70.69384142189637,0.932082375221816
420.158,70.72744517388696,8.207466997482859e-05,70.75437006402491,-4.814420957487818e-05,70.70094840011231,0.933326122033926
420.226,70.74104522680788,8.243191480323083e-05,70.76869174979284,-4.810948973212986e-05,70.71520661747552,0.9358230240194185
420.26,70.74784524642426,8.260832814536294e-05,70.77487259005832,-4.8094540420683854e-05,70.72180153796346,0.936979769862294
420.328,70.76144525945861,8.296029479780622e-05,70.78849257018986,-4.806150901118003e-05,70.73480435553573,0.9392626927310785
420.362,70.76824526063996,8.313308811940905e-05,70.79529420138496,-4.804498282320599e-05,70.74159307715928,0.9404574681538505
420.43,70.78184523095895,8.348641012441335e-05,70.80964544215466,-4.801007301744964e-05,70.75535059739316,0.9428835939570791
420.464,70.78864523150207,8.366439440188396e-05,70.81554835191744,-4.799573191567814e-05,70.76194471032895,0.9440467944032335
420.532,70.80224527801661,8.402172590731595e-05,70.82899882289462,-4.7963581468138695e-05,70.76828964901108,0.9451682175755534
420.566,70.80904529502456,8.4202186215338e-05,70.8358164019744,-4.794749876818551e-05,70.78155815774747,0.9475176758999612
420.6,70.81584532049165,8.438141089440744e-05,70.84371838560982,-4.7928926150298514e-05,70.78870027191472,0.9487845299610027
420.668,70.82944532138562,8.474384947772794e-05,70.857079441314,-4.789747770430838e-05,70.80233647935123,0.9512030187900556
420.702,70.83624532695453,8.492402029319363e-05,70.86346561588292,-4.788250299630656e-05,70.80895982562147,0.9523799372660848
420.77,70.84984531289322,8.528164735523246e-05,70.8765045336529,-4.785236457921969e-05,70.82187628079838,0.9546731785632877
420.804,70.85664532324857,8.545850595739085e-05,70.88257670794968,-4.7838533677267585e-05,70.82812876179489,0.9557833027493108
420.872,70.87024536715585,8.581006915947842e-05,70.89502862517571,-4.7810591235338185e-05,70.84003090578659,0.9578979924996894
420.906,70.87704536687714,8.598476780548233e-05,70.90144930445035,-4.779619275734974e-05,70.84647364350609,0.9590414222761134
420.974,70.8906453733913,8.633854198545082e-05,70.91702408416873,-4.776076505018173e-05,70.8609109558491,0.9616102587302204
421.008,70.89744535642092,8.651759719922953e-05,70.923233395575,-4.774654956456665e-05,70.86772550978581,0.9628243267144375
421.076,70.91104536887144,8.687774234312034e-05,70.93755912433528,-4.7714388264707715e-05,70.88142696557402,0.9652743594810739
421.11,70.91784539020115,8.705887443799163e-05,70.94333483228489,-4.7701770796788724e-05,70.8878883780866,0.9664291847852058
421.144,70.92464542266468,8.72400880864528e-05,70.94993003336369,-4.768751827437836e-05,70.8942225469985,0.9675610461287673
421.212,70.93824547202296,8.760136503248249e-05,70.96308514669057,-4.765913615493844e-05,70.9069744469537,0.9698424442577271
421.246,70.94504547383433,8.778203369981608e-05,70.97004969515325,-4.764412221925353e-05,70.91366709981685,0.9710413129831882
421.314,70.95864548150558,8.813645015687438e-05,70.98283660939809,-4.761671807717513e-05,70.92664008416877,0.9733677648840299
421.348,70.96544545977235,8.831382992197365e-05,70.98880844732214,-4.7603982920936454e-05,70.93280004824115,0.9744711571870166
421.416,70.97904545671561,8.866714058206172e-05,71.00297438712485,-4.7573764488190986e-05,70.94581559406618,0.9768076193491737
421.45,70.98584547095064,8.884364189486834e-05,71.00938673263835,-4.756019084628989e-05,70.95253363363307,0.9780157127035722
421.518,70.9994455096677,8.919880106335627e-05,71.02260952288326,-4.753256371048422e-05,70.9656766790119,0.9803807131462532
421.552,71.00624552876188,8.937809100505772e-05,71.02944200924823,-4.7518333653769484e-05,70.97224775946043,0.9815621171137948
421.62,71.01984551870312,8.973862076262628e-05,71.04380812956057,-4.748820464651744e-05,70.9861109276908,0.9840526689065711
421.654,71.02664551783067,8.992366246586808e-05,71.05052675055069,-4.747413536858515e-05,70.99289024802385,0.9852698771944947
421.722,71.0402455374358,9.028659874984348e-05,71.05639759873189,-4.746207847396608e-05,70.99922883651095,0.9864110836876657
421.756,71.04704555638203,9.046691156742315e-05,71.06941769747652,-4.743619096094077e-05,71.01187632778331,0.9886880891422304
421.79,71.05384556388591,9.064450261393052e-05,71.07628973076312,-4.7422717422908855e-05,71.01838602464979,0.9898608042984336
421.858,71.06744556606672,9.100055594047016e-05,71.08966129242349,-4.739609419394167e-05,71.03140039057766,0.9922055194986955
421.892,71.07424556731056,9.117703289258239e-05,71.09610313270949,-4.7383084618358785e-05,71.03797195006626,0.9933893988681235
421.96,71.08784559492754,9.153171237487082e-05,71.10928877573699,-4.7356929345035334e-05,71.05083241762772,0.9957105433837669
421.994,71.09464561730303,9.170932597349239e-05,71.11496254676563,-4.734592334058675e-05,71.0570249334147,0.9968299321303932
422.062,71.10824561730867,9.206644041631726e-05,71.12942051881957,-4.731775463551694e-05,71.0704158658173,0.9992564505771027
422.096,71.11504562659123,9.22481583599186e-05,71.13548062415875,-4.7305721970204386e-05,71.07689708712996,1.0004313930276019
422.164,71.12864562228224,9.261196981003023e-05,71.14830692522843,-4.728049524505771e-05,71.08965018862077,1.0027454566535683
422.198,71.13544563082888,9.27951852181266e-05,71.15589744533018,-4.726609782359016e-05,71.09636344934513,1.0039666901894093
422.232,71.1422456511743,9.297706206039965e-05,71.16296051105431,-4.725296497742577e-05,71.1033091401485,1.005232068926808
422.3,71.15584569138612,9.333705507418977e-05,71.17577797544665,-4.722926498108422e-05,71.11638706597095,1.0076150344185262
422.334,71.16264570938444,9.351520674926986e-05,71.18247403943064,-4.721679555223317e-05,71.1229102345577,1.0088038174022336
422.402,71.1762456955314,9.38714771330015e-05,71.1964797342057,-4.7190565897387775e-05,71.13629844678762,1.0112486351719714
422.436,71.1830456984289,9.404906889359102e-05,71.20402037547937,-4.717649531770891e-05,71.14342888769787,1.0125549863571555
422.504,71.19664569182227,9.44043090119257e-05,71.21719392612053,-4.71521181850736e-05,71.15707495788875,1.015057588278284
422.538,71.20344571415339,9.458305215368808e-05,71.22359396035736,-4.714043105073813e-05,71.1635079817458,1.0162387026263444
422.606,71.21704576146627,9.494378188567287e-05,71.23813181359704,-4.711404711510149e-05,71.1772189023889,1.0187607113507096
422.64,71.22384577822777,9.512532331481553e-05,71.24418077832587,-4.710310619433965e-05,71.18377482150555,1.019967391476917
422.708,71.23744578652908,9.549144173167347e-05,71.25899272465065,-4.707643377849869e-05,71.19773205352942,1.02253972479558
422.742,71.24424578624485,9.567162910964251e-05,71.26632468786387,-4.7063368550822774e-05,71.20480580872533,1.0238459082531095
422.81,71.25784576082324,9.603564850784128e-05,71.28032004515974,-4.703873218607388e-05,71.2188104203633,1.0264326007322102
422.844,71.26464576130175,9.621687220479091e-05,71.28713663507084,-4.702693230584479e-05,71.22561446117872,1.027686882975951
422.878,71.27144577761138,9.639545023617979e-05,71.29384251017892,-4.701548819674405e-05,71.23231439779568,1.0289232483986712
422.946,71.28504583409105,9.674976443414767e-05,71.30790152968558,-4.6991730899798765e-05,71.24598601818681,1.031448153600564
422.98,71.29184586452192,9.692718069774929e-05,71.31361806252337,-4.698201587773419e-05,71.25231516889535,1.0326190783572229
423.048,71.30544588181237,9.728253501703702e-05,71.32716081114071,-4.6958808696258295e-05,71.265061628471,1.0349760481413395
423.082,71.31224588450034,9.746355394940391e-05,71.33281638045817,-4.694905834171602e-05,71.27128507179681,1.0361274144863521
423.15,71.32584585881156,9.782804962278803e-05,71.34629230742186,-4.692595577675707e-05,71.28424374660817,1.0385215066316549
423.184,71.33264584638913,9.801188657534177e-05,71.35236788522501,-4.6915697884950384e-05,71.29041872710599,1.0396626492270928
423.252,71.34624587644694,9.837841647741327e-05,71.36713137356875,-4.689142222266925e-05,71.30388693934482,1.0421524339933703
423.286,71.35304590908274,9.856036074011252e-05,71.37594498345011,-4.687739063460243e-05,71.31166602742346,1.0435910746402826
423.354,71.3666459358707,9.892164606882643e-05,71.38862532865218,-4.685741633348854e-05,71.32566452452711,1.04618231517567
423.388,71.3734459539418,9.910083459783744e-05,71.39567993569776,-4.68462407411854e-05,71.33235519723141,1.047421982492368
423.456,71.38704594261894,9.945572793587258e-05,71.40835148967703,-4.68260513810249e-05,71.34555072316938,1.0498726246316512
423.49,71.3938459374266,9.963399968030833e-05,71.41525885013269,-4.6815066329056103e-05,71.3518918246314,1.0510494268489528
423.524,71.40064591636461,9.981386133192286e-05,71.42041530402622,-4.6806885007655605e-05,71.35779307944642,1.0521453250972732
423.592,71.41424593192666,0.00010017353981202512,71.43518725177081,-4.6783829004828356e-05,71.37079577545924,1.0545605318324915
423.626,71.42104593938991,0.00010035510001865357,71.44166239151727,-4.677388530924775e-05,71.37763568643074,1.0558280760285754
423.694,71.43464600969772,0.00010072063607706184,71.45511699330245,-4.675334775199411e-05,71.3908057824166,1.0582718833070432
423.728,71.44144603452861,0.00010090485280827683,71.46147373169707,-4.674372603745471e-05,71.39735292848277,1.0594875792165124
423.796,71.45504606565639,0.00010127140427593951,71.47490085575755,-4.672376540634991e-05,71.41047581636612,1.0619211478595203
423.83,71.4618460602476,0.00010145342278974949,71.48143150055752,-4.6714198958946906e-05,71.41696442052594,1.0631253807543368
423.898,71.47544605786595,0.00010181446880798868,71.49273667943768,-4.66978564699486e-05,71.4288828093286,1.0653390846665216
423.932,71.48224603383935,0.00010199290006019682,71.4987543379008,-4.668914088972324e-05,71.43465027971546,1.0664117822639794
424.0,71.49584604180086,0.00010235099303787365,71.51350277820029,-4.666776872980582e-05,71.44818057336244,1.0689260877099263
424.034,71.50264606293533,0.00010252923030138744,71.52140381379009,-4.665663594416849e-05,71.455367296002,1.0702613617073469
424.102,71.51624610740335,0.00010288840137311105,71.52732325986257,-4.664842479809909e-05,71.46209858278225,1.0715129159830752
424.136,71.52304611216269,0.00010307051193980743,71.54171807551774,-4.662835435376301e-05,71.4757302479231,1.0740485334879768
424.17,71.5298461131614,0.00010325133812947379,71.54752992148791,-4.6620129105275174e-05,71.48218670947175,1.0752523624758765
424.238,71.5434461015072,0.00010362047244628145,71.56058517184503,-4.66016778285212e-05,71.49477576506227,1.0776006511682612
424.272,71.55024609680011,0.00010380419767785421,71.56766152480351,-4.659193744249277e-05,71.50144737076283,1.0788457585511277
424.34,71.56384611348243,0.00010417236123354344,71.58141374537277,-4.657375391163827e-05,71.51518251518894,1.0814144449439853
424.374,71.5706461426801,0.00010435390395968632,71.58907184961228,-4.656392498977878e-05,71.52212768379303,1.0827135899163098
424.442,71.58424617675244,0.00010471355327161003,71.60509317487575,-4.65433551190244e-05,71.53753920325599,1.0855989119925147
424.476,71.59104617524581,0.00010489344986448727,71.61203242751044,-4.6534362135131634e-05,71.5447368371169,1.0869459047614072
424.544,71.60464617424056,0.00010525116611146388,71.62517572271253,-4.651722026594403e-05,71.5580834472589,1.0894490926503246
424.578,71.61144617507279,0.00010543069717974033,71.63200061274686,-4.650842140538514e-05,71.56475890930827,1.0907026269704296
424.646,71.62504621154376,0.00010579298345175866,71.64478056460364,-4.6492407208688726e-05,71.57107463575021,1.0918877778792249
424.68,71.63184621542737,0.00010597458997176466,71.65205906458044,-4.648340898299931e-05,71.58426377200841,1.0943646282055097
424.714,71.63864622649854,0.00010615777195208305,71.65883450091913,-4.647499093235198e-05,71.59106154010146,1.0956422856730297
424.782,71.65224621695724,0.00010652791777962768,71.67223068531754,-4.645813990702326e-05,71.60436130300741,1.0981420940249798
424.816,71.65904622429997,0.00010671373485183332,71.67904933243348,-4.6449766812862585e-05,71.61101483663144,1.0993953135496908
424.884,71.67264627027099,0.00010707999186050034,71.69178540702532,-4.643501144977489e-05,71.62394750403948,1.1018308191817114
424.918,71.67944628041126,0.00010726015695138976,71.6992896540057,-4.6426575925383114e-05,71.63065939389725,1.103093832943708
424.986,71.69304628072322,0.00010762013013161831,71.71232577439261,-4.6411468676614215e-05,71.64389446487066,1.1055872342053485
425.02,71.69984626942889,0.00010780013055902178,71.7192747466828,-4.640322170595281e-05,71.65052264713955,1.1068394272133693
425.088,71.71344628098244,0.00010815950936197311,71.73271544352396,-4.638770049663065e-05,71.66361602677631,1.109314551211498
425.122,71.72024630210467,0.00010834009702390304,71.73993970495496,-4.6379709274575505e-05,71.67053908439502,1.1106277155537507
425.19,71.73384634203776,0.00010870421101935305,71.74584596050391,-4.6373246942977885e-05,71.67703419162993,1.111861711091879
425.224,71.74064635799496,0.00010888723899052563,71.75808064052077,-4.635961766077931e-05,71.68912978442329,1.1141565102359425
425.258,71.74744635764982,0.00010907319854180386,71.76545532777696,-4.635128767754421e-05,71.69576279196387,1.1154169064005293
425.326,71.76104635115593,0.00010944396266546457,71.7785462428382,-4.6336805796302464e-05,71.70899087486065,1.1179351983827126
425.36,71.76784633591902,0.00010962822360844518,71.78475918930575,-4.6330201298620485e-05,71.71529936975338,1.1191379408382018
425.428,71.78144636991067,0.00010999422840716883,71.79703021353623,-4.631770139517784e-05,71.72749157525858,1.1214653762352054
425.462,71.78824639543657,0.00011017443273540818,71.80382860229984,-4.631092933015926e-05,71.73383176840579,1.1226782686775814
425.53,71.80184641837936,0.00011053385494401185,71.8182841408236,-4.629642435783943e-05,71.74774829774529,1.125336722411509
425.564,71.80864642796203,0.00011071216740575697,71.82478546079655,-4.628977257390247e-05,71.75433472333141,1.1265953018691786
425.632,71.82224641009827,0.00011107497652846339,71.83720187905504,-4.627688831305491e-05,71.76701266891071,1.1290222423727534
425.666,71.82904640922885,0.00011125656859639857,71.8430568163821,-4.6270858304112166e-05,71.77293478934865,1.130157355710021
425.7,71.83584640176772,0.00011144128687257598,71.84921889227338,-4.626464711295233e-05,71.77887922694909,1.131296033593085
425.768,71.84944644724423,0.00011181065887188204,71.86109643702348,-4.625318439700765e-05,71.79063027787774,1.1335476141120862
425.802,71.85624648678127,0.00011199551834077835,71.86720056230848,-4.624743727942402e-05,71.79656400468718,1.1346859043903221
425.87,71.86984651975689,0.00011236511431929254,71.88051029484491,-4.623502138561244e-05,71.80888027919895,1.1370491175038984
425.904,71.87664653849008,0.00011254880624153333,71.88720400513598,-4.622885095819729e-05,71.81553245075972,1.1383279614696966
425.972,71.8902465268668,0.00011291432297607116,71.90252744394351,-4.621488333253246e-05,71.82965118808976,1.141042554689162
426.006,71.89704652602288,0.00011309527123169505,71.91066815881717,-4.62075451822231e-05,71.83738717936622,1.1425315177024875
426.074,71.91064649584966,0.00011345658399735446,71.9233999550225,-4.6196119363973197e-05,71.85134636362734,1.1452209041114076
426.108,71.91744650182041,0.00011363679783676514,71.93064485548996,-4.618969974511722e-05,71.85801382237386,1.1465052239403728
426.176,71.93104654372087,0.0001140001368702581,71.9445318963618,-4.617789227035028e-05,71.87166915955653,1.1491342950287038
426.21,71.9378465827856,0.00011418321692154374,71.95140682730398,-4.617215416675264e-05,71.87844069605065,1.1504365280143927
426.244,71.94464659674134,0.00011436752009529716,71.95912434493853,-4.616564836235616e-05,71.88553931189715,1.1518017343756206
426.312,71.9582466184367,0.00011473925217861088,71.97074713885348,-4.6155843636040774e-05,71.89818296348547,1.154231441250949
426.346,71.96504662105065,0.0001149250050058777,71.97875165161199,-4.614929019206544e-05,71.90495438207134,1.1555350919016105
426.414,71.97864660248095,0.00011529542700376416,71.99154455105638,-4.613937367455583e-05,71.91803685910227,1.158059754085448
426.448,71.98544658930159,0.00011547634506960187,71.99937865084104,-4.613335377398443e-05,71.92507399950962,1.1594175846552712
426.516,71.9990465871894,0.00011584369171717689,72.01473767846963,-4.6121579996309126e-05,71.93992434339476,1.1622842741195936
426.55,72.00584661007754,0.00011602444094416864,72.02044160476648,-4.6117475412966765e-05,71.9466270809327,1.16357646982312
426.618,72.01944666935653,0.00011638543094407195,72.03519224876716,-4.610720161015509e-05,71.96057713176181,1.1662672267844743
426.652,72.02624669981496,0.00011656543452098856,72.0416054584322,-4.610261792469544e-05,71.96722991437424,1.1675495297689875
426.72,72.03984671009668,0.00011693180343134773,72.05436282571033,-4.6093180569464756e-05,71.97991732400385,1.16999681492712
426.754,72.04664671975226,0.00011711688855310632,72.05949712277032,-4.608940691643553e-05,71.98575048541572,1.1711221719528455
426.788,72.05344670748644,0.00011730357228597544,72.06655891493561,-4.608437409636309e-05,71.99189190803898,1.172306984184191
426.856,72.06704668061218,0.00011767411456416176,72.0794987947436,-4.607557097151063e-05,72.00447759032406,1.1747370226265252
426.89,72.0738466725581,0.00011786243156678341,72.08601971421089,-4.607121608291058e-05,72.01093930824504,1.1759855587461063
426.958,72.08744669897577,0.00011823224025316894,72.09802024406753,-4.606377077300535e-05,72.02329118580046,1.1783720796987331
426.992,72.09424673510459,0.00011841527413493491,72.10353735659187,-4.6060612533089655e-05,72.02897805711483,1.1794710542960176
427.06,72.1078467917974,0.00011877789879274796,72.1166137264551,-4.605313599160033e-05,72.04122281411348,1.1818359037691284
427.094,72.11464679683235,0.00011895878499147582,72.12329127340648,-4.604918466597156e-05,72.04756800241839,1.1830622791431378
427.162,72.12824681325904,0.00011932204855144789,72.13649370857486,-4.604122109222201e-05,72.06052092970641,1.1855719535188451
427.196,72.13504679824939,0.00011950390792848585,72.14282782095343,-4.60374529650267e-05,72.06685660691707,1.1868011443604072
427.264,72.14864676860999,0.00011987259485077738,72.15564957905387,-4.602991789949551e-05,72.07959228460204,1.189270737654465
427.298,72.15544676669197,0.00012006013806540565,72.16214655896684,-4.6026149695838105e-05,72.08583658253109,1.1904820432652932
427.366,72.16904679589386,0.00012043354842926111,72.17505356706279,-4.601928545355437e-05,72.0985868065704,1.1929566623547225
427.4,72.175846820985,0.00012061991529153029,72.1814481140274,-4.6016207203797714e-05,72.10482157073295,1.1941675764722244
427.434,72.18264684704211,0.00012080564070089205,72.1877401814006,-4.601324523074739e-05,72.11104042674391,1.195374101893909
427.502,72.19624686577889,0.00012117422038928644,72.20202522426746,-4.600652189528864e-05,72.12449458802864,1.19798736364185
427.536,72.20304687363422,0.00012135567269131092,72.20820629009972,-4.600356826706615e-05,72.13097950602057,1.1992467772086188
427.604,72.21664685249611,0.00012172087580421766,72.22242210224178,-4.5996835294239793e-05,72.14436648127622,1.2018507691605027
427.638,72.2234468574344,0.00012190324624898691,72.22843278911772,-4.599403618686408e-05,72.15087090775022,1.2031168792996565
427.706,72.23704690713512,0.00012226722737299127,72.24066982361927,-4.598868878307336e-05,72.16343272869337,1.2055616774255873
427.74,72.24384691478535,0.00012245156550306683,72.24773311298011,-4.5985711047461525e-05,72.16967950926875,1.206775499058358
427.808,72.25744692606999,0.0001228209380908961,72.2584516472684,-4.5981060534688596e-05,72.1810246256831,1.2089841110892874
427.842,72.26424691300618,0.00012300896329892899,72.26521642511015,-4.597801957032856e-05,72.18706994532576,1.2101605366885417
427.91,72.27784691396234,0.0001233849319515523,72.27931331666753,-4.5972159456481276e-05,72.20033029482482,1.2127423225933305
427.944,72.28464693365092,0.00012357150390468702,72.28510257249167,-4.597015190100612e-05,72.20667451235488,1.2139778641126875
427.978,72.29144696611829,0.000123756510674904,72.29192791637931,-4.596800705935728e-05,72.21304471457817,1.2152196988570552
428.046,72.30504698228829,0.0001241229696503538,72.30710624850101,-4.596317185289163e-05,72.22705204028657,1.2179496028157721
428.08,72.3118469846549,0.00012430648685663766,72.31309634745821,-4.5961084713105884e-05,72.23380675097857,1.2192632669286059
428.148,72.3254469759553,0.00012467082833303095,72.32736045379711,-4.5955961740416204e-05,72.24779429205567,1.2219813726665973
428.182,72.33224698170817,0.00012485411656409207,72.33442294340514,-4.595362006965237e-05,72.25447256853114,1.2232810853662721
428.25,72.34584702457614,0.00012522091641556873,72.34693580436729,-4.594991092523745e-05,72.26731676512516,1.2257792828220488
428.284,72.35264703137366,0.00012540496680197465,72.35354500608257,-4.5947955185547525e-05,72.27363164345445,1.227006478854713
428.352,72.36624703735944,0.00012577894672586936,72.36756265678676,-4.5943514776423654e-05,72.28677120218899,1.2295606830637984
428.386,72.37304703558603,0.0001259672685755784,72.37441053710559,-4.5941335716738384e-05,72.29364995385475,1.2308998617528626
428.454,72.38664704237613,0.00012634305015724883,72.38766437232502,-4.5937676529414884e-05,72.30727067743919,1.233551351743284
428.488,72.3934470631658,0.00012652931653988513,72.39488994497853,-4.5936149988027846e-05,72.3138479869772,1.234831859847574
428.522,72.40024708210296,0.00012671459084460674,72.40167063566506,-4.593486739270144e-05,72.3205502370987,1.236137318818616
428.59,72.41384710951758,0.0001270807200733921,72.41344657954814,-4.5932525513941336e-05,72.33294632574203,1.2385533841194112
428.624,72.42064709809671,0.0001272639097989343,72.41998590704688,-4.593102267954659e-05,72.33902933054846,1.2397395507073823
428.692,72.43424709346394,0.000127629331775934,72.43168830607105,-4.5928273579600954e-05,72.35078906067349,1.2420362728979786
428.726,72.44104710566054,0.00012781343832896658,72.43781734089707,-4.592700288334539e-05,72.35674293450532,1.2431980851635465
428.794,72.45464714365043,0.00012818261057481587,72.44999897348113,-4.592488631932785e-05,72.36852609031484,1.2454937870035618
428.828,72.46144716301018,0.000128367414966172,72.45678960655755,-4.592374258575371e-05,72.37488547526058,1.2467320551261045
428.896,72.47504715640586,0.0001287440290992405,72.46882893505126,-4.592152586972034e-05,72.38728513288036,1.2491466451639517
428.93,72.48184716502685,0.00012893285278384653,72.4751930050837,-4.592038291584602e-05,72.3933098237208,1.2503201489595088
428.998,72.49544716513194,0.00012930861725097225,72.48691190705571,-4.5918838603743464e-05,72.40503852893279,1.2526071672317074
429.032,72.50224719255465,0.0001294947000098101,72.49346618584048,-4.591836625122537e-05,72.41113653648938,1.2537979333887714
429.066,72.50904720886115,0.00012967977465701584,72.49971426890333,-4.591802218658095e-05,72.417308850083,1.2550038636452332
429.134,72.52264722854488,0.00013004539947996158,72.51288127899592,-4.5917143281886506e-05,72.43004580792328,1.2574900115075247
429.168,72.52944722547079,0.00013022834371823226,72.52023451494362,-4.5916416914634345e-05,72.43674887095419,1.2587991272053334
429.236,72.54304721560764,0.00013059578279527552,72.53502781691228,-4.591494671043639e-05,72.4508660821127,1.2615516767436834
429.27,72.54984722615228,0.0001307802952061818,72.54232725723564,-4.591442203192375e-05,72.45808859676872,1.262961224764506
429.338,72.56344727159353,0.00013115286751735482,72.55680346260465,-4.591402798081717e-05,72.47243313704628,1.2657646843861636
429.372,72.57024728765789,0.00013133909915756777,72.56384540130864,-4.591396004658111e-05,72.47943623168246,1.2671343060824165
429.44,72.58384728530017,0.00013171665474322517,72.57922041731942,-4.5913559318144675e-05,72.49413835321921,1.2700049761431058
429.474,72.59064728015214,0.00013190592820185374,72.58572909939551,-4.5913421650301594e-05,72.50110186862912,1.2713652995315745
429.542,72.60424729279787,0.0001322807797910854,72.59856124471781,-4.591382700320775e-05,72.51410225114228,1.2739046850354883
429.576,72.6110473121796,0.00013246616809582058,72.60565743471224,-4.591447939416036e-05,72.52072235514025,1.2751991766319244
429.644,72.62464734047754,0.00013283383425171467,72.61929083972046,-4.591584387605653e-05,72.53417472334253,1.277830784474368
429.678,72.63144732944426,0.0001330174374335734,72.62615816245761,-4.591631986076634e-05,72.54086258601349,1.2791411877518581
429.746,72.64504733202467,0.00013338504510070767,72.64133659071422,-4.591710121167047e-05,72.54812111706333,1.2805634186762647
429.78,72.65184734972412,0.00013356969510407805,72.64787309821492,-4.5917691253780196e-05,72.5621765747227,1.2833159010255457
429.814,72.65864737906257,0.00013375474159282513,72.65444747839749,-4.5918520670766765e-05,72.56877485737087,1.2846072223640588
429.882,72.67224738710547,0.00013412767613308986,72.66765745927462,-4.592031049961135e-05,72.5816354874063,1.2871257120089468
429.916,72.67904739033301,0.00013431725384976958,72.67360131575998,-4.592094846295059e-05,72.58795427323041,1.288364619090169
429.984,72.69264739068223,0.00013469720660946378,72.68778832233482,-4.592255852567282e-05,72.60086366821072,1.2908958679927436
430.018,72.69944738934065,0.00013488575939627756,72.6948100745175,-4.5923822138153373e-05,72.60792685958666,1.2922797796066436
430.086,72.71304743459129,0.00013525934613803426,72.70753514973775,-4.592675595005202e-05,72.62124263777704,1.294888810793873
430.12,72.7198474519548,0.00013544432259430896,72.71476494381984,-4.592845541189482e-05,72.62779937733708,1.296171157904179
430.188,72.73344747090272,0.00013581311210065028,72.7277403911711,-4.593128002403374e-05,72.64062341278847,1.2986801535858767
430.222,72.74024747044457,0.00013599410963560275,72.73390644664396,-4.5932556277984003e-05,72.64701752122777,1.2999284704495684
430.256,72.74704746658763,0.00013617922487361062,72.74111625247818,-4.5934040515716735e-05,72.6536293227256,1.301219744431814
430.324,72.76064745397078,0.00013655171807171277,72.75483995986963,-4.5937034213070945e-05,72.66725314590632,1.3038768084615526
430.358,72.76744747190561,0.00013673892993781823,72.7624912935092,-4.593893642474811e-05,72.6742263655028,1.305235359378651
430.426,72.7810475209412,0.00013711589538487976,72.77552485381,-4.5942487911885314e-05,72.68763663284759,1.307852647128324
430.46,72.78784754585772,0.00013730402076138812,72.78101672111922,-4.594406075903153e-05,72.69369232117866,1.3090376830887516
430.528,72.80144755173777,0.0001376832522419828,72.79446553266668,-4.594800518090488e-05,72.70640357778464,1.3115294028443965
430.562,72.8082475571514,0.0001378716194991093,72.80026960886687,-4.594977814101601e-05,72.71247832576232,1.3127207227147404
430.63,72.82184753332943,0.00013824598726084626,72.8135554982471,-4.595416095801059e-05,72.72513726799144,1.3152067622741825
430.664,72.82864752880555,0.0001384308647129731,72.82070988729706,-4.595673498093333e-05,72.73175390537675,1.3165065271542047
430.732,72.84224756512704,0.0001387990147763511,72.8346028402159,-4.5962095509641135e-05,72.74519979236648,1.319144956378611
430.766,72.84904759722238,0.000138983176176687,72.84129449389185,-4.596475726478244e-05,72.75197893878227,1.320476752828628
430.834,72.86264762950397,0.000139353575376595,72.85316891829217,-4.5969364437059374e-05,72.7641681428057,1.3228708827359583
430.868,72.86944764746359,0.00013954091360524932,72.86017889220578,-4.5972022613459987e-05,72.77063225969262,1.3241415556639335
430.902,72.87624764975548,0.00013972993200237453,72.86778041840904,-4.597491364612098e-05,72.7775787957374,1.325506646927538
430.97,72.88984763899471,0.00014010709066407024,72.88097491198104,-4.598019911881474e-05,72.79085267715224,1.3281141007865032
431.004,72.89664761762745,0.00014029849780669457,72.8876877486334,-4.598303435000329e-05,72.79755145585719,1.3294299679543695
431.072,72.9102476377715,0.0001406782577849546,72.90115709153625,-4.598914526296038e-05,72.81097928294118,1.3320652406731723
431.106,72.91704766322934,0.00014086597242191946,72.90781680496985,-4.599251593057599e-05,72.81746653146669,1.3333388725067183
431.174,72.93064768342384,0.0001412376972330533,72.92198558958228,-4.599996870916328e-05,72.82412516142648,1.3346494149584132
431.208,72.93744769529812,0.00014142260774942356,72.92940843165536,-4.6003746811265016e-05,72.83802742139233,1.3373860468713696
431.242,72.9442476912934,0.00014160792776842914,72.93759826177016,-4.600775612047226e-05,72.84552538898211,1.3388643979112789
431.31,72.95784768389085,0.00014197825934916418,72.95162337303216,-4.6014704517126e-05,72.85977005257533,1.3416756953486577
431.344,72.96464770096784,0.00014216469678957554,72.9589020548697,-4.601859333493518e-05,72.86693218189299,1.3430894155309365
431.412,72.97824773786587,0.00014254008728604973,72.97431146662822,-4.602734004554859e-05,72.88149120886418,1.345967170192836
431.446,72.98504774644479,0.00014272888614930477,72.98063752179961,-4.603095226858274e-05,72.88858664934895,1.3473700956513852
431.514,72.99864774664296,0.00014311097373807078,72.9935013457486,-4.6038158398319237e-05,72.90166097412455,1.3499608856333196
431.548,73.00544774845511,0.00014330106399840708,73.00168760942267,-4.6042883384461126e-05,72.9087094478558,1.3513584147976163
431.616,73.01904776205313,0.00014367943356540292,73.01535911984814,-4.6051615737357365e-05,72.92271838728063,1.3541384147923894
431.65,73.02584779427636,0.0001438665044425807,73.0224026914287,-4.605650041096942e-05,72.92953319382823,1.355490124480515
431.718,73.03944781800276,0.0001442376628610189,73.03601946988192,-4.606594661183562e-05,72.94296728789634,1.3581572912344873
431.752,73.04624782561683,0.00014442312026493752,73.04282139768773,-4.6070489199325205e-05,72.94969458002313,1.3594912300482702
431.82,73.05984781030894,0.00014479178578251107,73.05729484412348,-4.607992983841103e-05,72.96367055419424,1.3622608597956596
431.854,73.0666478076894,0.00014498097658664007,73.0649385111981,-4.608496657744537e-05,72.97083410777938,1.3636820147175315
431.922,73.08024784994114,0.0001453569250326272,73.07848810429998,-4.609449990858412e-05,72.98497673520151,1.366489071795184
431.956,73.08704786088832,0.0001455464376690197,73.08532783041899,-4.6099549261667744e-05,72.99151161311312,1.367783459039443
431.99,73.09384788025527,0.000145736603895946,73.09217366195773,-4.610462446121701e-05,72.99815236840001,1.369096538491533
432.058,73.10744787176337,0.0001461170451043409,73.10547729771922,-4.6114364175402385e-05,73.01135223239574,1.3717042465480864
432.092,73.11424786892775,0.0001463075603769581,73.11195442129461,-4.611917422555136e-05,73.01780174923253,1.372977814688712
432.16,73.12784788514095,0.00014668739603915256,73.125256345028,-4.612963694753996e-05,73.03073349420168,1.3755273436768696
432.194,73.13464790904771,0.0001468741677367264,73.13230511630711,-4.613558972955758e-05,73.03742746622771,1.3768462833166726
432.262,73.14824794605055,0.00014724520645702718,73.1453188336056,-4.61466351208478e-05,73.05041083613959,1.3794020804994762
432.296,73.1550479392372,0.00014743096791799745,73.15317816635988,-4.615304695218885e-05,73.05743500253053,1.3807856894278658
432.364,73.16864792972238,0.0001478027175015616,73.16836666870107,-4.616506859217312e-05,73.07223763590021,1.383702509841397
432.398,73.17544793618256,0.00014799188082727444,73.17500950585024,-4.6170399507418155e-05,73.07923696134837,1.385080148121162
432.432,73.182247952022,0.00014818072229212477,73.18173773512893,-4.61760478098053e-05,73.08598652171383,1.386408088688494
432.5,73.1958479926749,0.0001485609644967349,73.19638835765919,-4.618899061940885e-05,73.09981128114477,1.389133155370376
432.534,73.20264800103119,0.00014875260028539622,73.20322935924237,-4.6195083348112416e-05,73.10684286822458,1.390517848958827
432.602,73.21624800201893,0.00014913290761809871,73.21837965193671,-4.620839020266074e-05,73.12109782724681,1.3933271306246746
432.636,73.22304798679733,0.00014932421337654516,73.22514174811683,-4.621440379762678e-05,73.12826882362924,1.3947392496082887
432.704,73.23664801863603,0.00014970207489699468,73.23736311492844,-4.622584867681048e-05,73.14088679522975,1.397218770657967
432.738,73.24344802878845,0.00014988910847006228,73.24410067724489,-4.623248065250217e-05,73.14736262859915,1.3984906309847112
432.806,73.25704804559561,0.0001502597583122231,73.25862281857088,-4.624664971640722e-05,73.16069112290411,1.4011065282051163
432.84,73.26384804238646,0.00015044622552310872,73.26530016467315,-4.625285785230928e-05,73.16776645685412,1.4024973655640225
432.908,73.27744805427096,0.00015082180934547327,73.2787203014341,-4.6265215956014456e-05,73.1814520536886,1.4051865862155697
432.942,73.28424807444209,0.00015101094161295542,73.28469981495155,-4.627103667672086e-05,73.18763277229928,1.4064006218580738
432.976,73.29104809168685,0.00015120124237619247,73.29193062522583,-4.62783290899982e-05,73.19413193125132,1.4076761926956507
433.044,73.3046480972417,0.00015158306175592836,73.30599267434603,-4.629256956638495e-05,73.20782559531679,1.410356504875112
433.078,73.31144809611264,0.00015177548919728288,73.3131128985154,-4.6299608979261284e-05,73.21469592325464,1.411700383819426
433.146,73.32504808854773,0.0001521579984120337,73.32830892963042,-4.631502983075976e-05,73.22920595841835,1.4145406332369872
433.18,73.33184809844421,0.00015234791435201394,73.33552859096397,-4.632284899224509e-05,73.23642325894286,1.4159534046617404
433.248,73.3454481504116,0.00015272353026219327,73.3484916292142,-4.633748211926535e-05,73.24990033047509,1.4185911281264543
433.282,73.35224817532654,0.0001529099704559457,73.35515229803302,-4.6344935551576505e-05,73.256369158336,1.4198566467598883
433.35,73.3658482003515,0.0001532829622074744,73.36776388714256,-4.635873504411681e-05,73.26904113878122,1.4223341388412893
433.384,73.37264820690106,0.00015346808010630308,73.37463399397856,-4.636618586607202e-05,73.27546067861464,1.4235882463310547
433.452,73.38624818108708,0.00015384688743330776,73.38883047713777,-4.638169935658031e-05,73.28875219464801,1.426184988926138
433.486,73.39304817801504,0.00015403797409372397,73.39602043418152,-4.6389633483241394e-05,73.29587005941357,1.4275737029401188
433.554,73.40664819207342,0.00015442200422902935,73.40864560199739,-4.640387892241531e-05,73.30900739617749,1.4301373339980301
433.588,73.41344821448833,0.00015461403754927667,73.41510618601772,-4.6411507977036364e-05,73.31535580537984,1.43137527271044
433.622,73.4202482317372,0.0001548057808297521,73.42116344979945,-4.6418806375889505e-05,73.32153767750161,1.432580870986515
433.69,73.43384824291721,0.00015518758878989175,73.43393264721199,-4.643430022312387e-05,73.33389709566951,1.4349892758398102
433.724,73.44064824359295,0.00015537455896388248,73.44053741068838,-4.644222911745074e-05,73.34026245470297,1.436229571931388
433.792,73.45424824735302,0.0001557528709279354,73.45373701696948,-4.645824634675546e-05,73.35298202854575,1.4387116059728444
433.826,73.46104826376113,0.00015593966228575498,73.46125512915212,-4.646769635375896e-05,73.35992273890562,1.440066556761121
433.894,73.4746483044669,0.0001563132275530246,73.47522007113726,-4.64855235392129e-05,73.37386773213561,1.4427871917506252
433.928,73.48144831210998,0.00015650169716206768,73.48264212956902,-4.6494879131189625e-05,73.38088762377566,1.4441576847898403
433.962,73.4882483079828,0.0001566896263448123,73.48896921084602,-4.650272424933073e-05,73.38762338387134,1.4454722363989554
433.996,73.4950483104481,0.00015687970659674107,73.49689017062082,-4.651244372206184e-05,73.39469033201202,1.4468490164164354
434.064,73.50864830648618,0.00015726665693374084,73.51125143808893,-4.653048421886295e-05,73.40887966384011,1.4496118828125848
434.098,73.51544832804893,0.00015745890793056693,73.5169449804497,-4.653800130769649e-05,73.41541373864462,1.4508843671212093
434.132,73.52224834487953,0.00015765108176739155,73.52360052873847,-4.6547006334853825e-05,73.42177697455779,1.4521222902148099
434.166,73.52904837056144,0.0001578427210064507,73.53063491274756,-4.6556598867615165e-05,73.4283931925953,1.4534075246452474
434.234,73.54264837482404,0.00015822219392167008,73.54355609573048,-4.657412492537686e-05,73.44148271488751,1.4559519423255727
434.302,73.55624835963748,0.00015860070783470324,73.55878315219371,-4.659460945184931e-05,73.45531686067963,1.4586417522871902
434.37,73.5698483898934,0.00015897665458440558,73.57302035362034,-4.6614199962055e-05,73.46941952362998,1.4613793354805
434.404,73.5766484133351,0.0001591634245485055,73.57946619346626,-4.6623290321152255e-05,73.47631302662762,1.462715398879655
434.472,73.59024843175534,0.00015954064571991938,73.59436363065402,-4.664421143482783e-05,73.49041303506137,1.46544501205964
434.506,73.59704843932637,0.00015973008029190948,73.60120963080452,-4.6653622619856255e-05,73.49744412283184,1.4668080484225636
434.574,73.61064841834663,0.00016011660939796432,73.615856590813,-4.667367452060885e-05,73.51159134345507,1.469550045829001
434.608,73.61744842408604,0.0001603107321902142,73.62168862990464,-4.668187026567063e-05,73.51816903390151,1.4708219233930047
434.676,73.63104847710888,0.00016069563510869264,73.63435489657438,-4.670059352692572e-05,73.53053314263751,1.4732082085566713
434.71,73.6378484871448,0.00016088796865440877,73.64072191901471,-4.671020565530727e-05,73.53686716521241,1.4744281950304836
434.744,73.64464849362318,0.0001610768082257124,73.64799892401335,-4.67211562737236e-05,73.54351911544633,1.4757089308241416
434.812,73.65824848829376,0.00016145599921437044,73.66062375753718,-4.673977317238064e-05,73.55621574165197,1.4781548466948442
434.846,73.66504848658153,0.00016164442267003717,73.66808768011856,-4.6750769493083156e-05,73.56305724397735,1.4794732088771627
434.914,73.6786485116655,0.00016202078384090256,73.6801914258391,-4.6768974250997066e-05,73.57605370546275,1.4819808814672741
434.948,73.6854485443392,0.00016220880898947977,73.68694345861147,-4.6779407017222586e-05,73.58223999064184,1.4831742643015644
435.016,73.69904855997689,0.00016258747458062112,73.70129108346657,-4.6801414401572175e-05,73.59585743034756,1.4858010909862482
435.05,73.70584856216311,0.00016278044767737427,73.70962388163208,-4.681392938379953e-05,73.60321945366007,1.4872200246967946
435.118,73.71944854781096,0.00016316823218976578,73.72364168297564,-4.6835036113227834e-05,73.6176948163507,1.49001216914951
435.152,73.72624855508425,0.00016336230046498597,73.72985296867205,-4.6844666094187546e-05,73.6242668222365,1.491282019607528
435.186,73.73304857386297,0.00016355561852707118,73.73674012298986,-4.6855688849524105e-05,73.63083102374836,1.4925518542428293
435.254,73.74664861107442,0.00016393819992013194,73.75073457459962,-4.687865148348181e-05,73.64444624285291,1.4951902170040081
435.288,73.75344862760258,0.00016412761834935525,73.75774035232511,-4.6890076909743324e-05,73.65124720156875,1.496508935531237
435.356,73.7670486107342,0.00016450669391276224,73.77229388373958,-4.69133696872317e-05,73.6652533544709,1.4992243174699305
435.39,73.77384861219069,0.00016469559111518858,73.77954532070048,-4.692498749503197e-05,73.67236437550812,1.5006036911346385
435.424,73.78064859690522,0.00016488403151776611,73.78679601284203,-4.693672766049011e-05,73.67947986140717,1.5019828294077229
435.492,73.7942486257456,0.00016526270932810117,73.80034885441641,-4.695911663586906e-05,73.69292303907926,1.5045880499126372
435.526,73.80104865411374,0.00016545354816956256,73.80638920434016,-4.6969178327049786e-05,73.69947143964028,1.505859313348112
435.594,73.81464870115511,0.00016583801805602574,73.81883039088332,-4.6989853654526895e-05,73.71197249452159,1.5082880661879907
435.628,73.82144872247278,0.00016603192584506123,73.8248041084628,-4.6999823426876965e-05,73.71795846867012,1.509451841015215
435.696,73.83504872123012,0.00016642038406074146,73.83707101594231,-4.702052476736416e-05,73.72985505674731,1.5117613121412632
435.73,73.84184872363085,0.00016661376428570333,73.8423748207272,-4.702960389310883e-05,73.73558626302311,1.512870856446163
435.798,73.85544869739928,0.00016699766825693509,73.85673238263222,-4.705447017948629e-05,73.74821424027789,1.515314586249169
435.832,73.86224868859377,0.00016718796162690661,73.86375029523491,-4.706679180811697e-05,73.75519223526874,1.5166653821806297
435.866,73.86904868624573,0.0001673771623456946,73.87028578658891,-4.7078394708292335e-05,73.76192459327045,1.517966543084617
435.934,73.88264872822917,0.00016775403541755387,73.88512741275919,-4.7105088085573704e-05,73.77602532828105,1.5206913676525902
435.968,73.88944876292128,0.00016794292179106234,73.89154918448726,-4.711660585100594e-05,73.78280388601831,1.5220011216953324
436.002,73.89624878637984,0.00016813281212764292,73.89864914026579,-4.7129279163354944e-05,73.78957566262494,1.523310923860773
436.07,73.9098488178134,0.00016851679675549522,73.9116356791959,-4.7152530820563894e-05,73.80280362262735,1.5258682374288044
436.104,73.91664882328405,0.00016870805039395612,73.91785439935965,-4.716372866180097e-05,73.80905632455521,1.5270783489065798
436.172,73.93024880679089,0.00016909823146517975,73.92523685049422,-4.7177064489315e-05,73.81569061626409,1.5283607202827618
436.206,73.93704880535981,0.00016929306285470762,73.9388131464673,-4.720181278452212e-05,73.82918376614522,1.5309675136971355
436.274,73.95064879129475,0.00016968090872387516,73.95362205312477,-4.722939127258387e-05,73.84326874239906,1.5336878945656873
436.308,73.9574488101265,0.00016987210547958918,73.96106514310102,-4.724359896374472e-05,73.85046259169955,1.5350756235168732
436.376,73.97104886134326,0.0001702522786474881,73.97461288401978,-4.7269752422590736e-05,73.86409568411028,1.5377075560892046
436.41,73.97784888026283,0.00017044031724382946,73.9817953274935,-4.728354864627925e-05,73.87105726387824,1.5390484645233984
436.478,73.99144889258814,0.00017081925857918192,73.99563152268635,-4.730983516065426e-05,73.88469571615245,1.5416743562567488
436.512,73.99824889097059,0.00017100974439825768,74.0028420284946,-4.732345122277649e-05,73.89169190470477,1.543021686484225
436.58,74.01184886733512,0.00017139475196039665,74.01594448372666,-4.734834705440691e-05,73.90538711443875,1.5456584580986465
436.614,74.01864886818855,0.00017158805229233314,74.02186138581246,-4.73597693737215e-05,73.91142302277132,1.5468215452269984
436.682,74.03224888724999,0.00017197777068999424,74.03479710049011,-4.738526855421716e-05,73.92392544497545,1.5492302544926202
436.716,74.0390489196424,0.00017217261472436695,74.04122096563094,-4.739819942301862e-05,73.9301502357581,1.5504279285665945
436.75,74.04584895052535,0.00017236736191830718,74.04749353271563,-4.7410907188385145e-05,73.93636340243715,1.5516230712629173
436.818,74.05944897452417,0.00017275231782371816,74.05976361726397,-4.743588075464434e-05,73.94857676468216,1.55397064593722
436.852,74.06624898801418,0.00017294370690351131,74.06694279971408,-4.745050653263094e-05,73.95502664015157,1.5552104970269225
436.92,74.07984897253232,0.00017332287398812875,74.0800164558457,-4.747723263095176e-05,73.96793362830138,1.557690730960593
436.954,74.08664896533709,0.00017351185294983763,74.0877180031906,-4.74929902735699e-05,73.97490791632124,1.5590302732330055
437.022,74.10024896828769,0.00017389471925771067,74.10105333175605,-4.752032125697531e-05,73.98880359243422,1.5616967519550546
437.056,74.10704899275125,0.00017408610134979442,74.10861793138022,-4.75360928976173e-05,73.9955994043045,1.5629980889567074
437.124,74.12064903825882,0.0001744724104478977,74.12351289375032,-4.756740914018167e-05,74.01005590354173,1.5657674620006548
437.158,74.12744905008445,0.0001746653684421208,74.12977101416425,-4.758055248377553e-05,74.01680154454165,1.567060147916216
437.226,74.1410490474977,0.00017505731273323368,74.14431087515256,-4.761100734011112e-05,74.03064384297763,1.5697127535861675
437.26,74.1478490394661,0.00017525266855205403,74.15129046641063,-4.762577290694414e-05,74.03758457678005,1.5710422371154311
437.328,74.16144901909423,0.00017564082840493302,74.16504681540057,-4.765541930874469e-05,74.05114873827958,1.5736338592473507
437.362,74.16824902782491,0.0001758329957288013,74.17177855218783,-4.7670157827689167e-05,74.05790902747268,1.5749246797623695
437.396,74.17504904782406,0.0001760236221792445,74.17993205643775,-4.768816753725044e-05,74.06515463477633,1.5763061659410933
437.464,74.18864909967087,0.00017640426686042337,74.1939777000907,-4.771921059441168e-05,74.07955740626727,1.5790540036390641
437.498,74.19544913694857,0.00017659441853752167,74.20029590373264,-4.7733145065344406e-05,74.0861573765717,1.5803116469130456
437.566,74.20904917018605,0.00017697612940748025,74.2143719468081,-4.776424856983656e-05,74.09957216410155,1.582866996638315
437.6,74.21584917123916,0.00017716920468929746,74.221036245482,-4.777901311471394e-05,74.10632314175115,1.5841514235699543
437.668,74.22944916890486,0.0001775569851055479,74.23420992306139,-4.780841157045345e-05,74.11917939051024,1.5865979401459616
437.702,74.23624914412424,0.00017775318264170236,74.24034671985757,-4.78221356043439e-05,74.12564778810354,1.5878287423409552
437.77,74.2498491172604,0.0001781456652882044,74.25486056771054,-4.785469624650654e-05,74.13917600603294,1.5904016145633366
437.804,74.25664910828645,0.0001783414353169502,74.26209645754992,-4.787118810304652e-05,74.14625813944642,1.5917495064674654
437.872,74.27024914526099,0.0001787271035025673,74.27505719833566,-4.790151245721109e-05,74.15953669813358,1.5942794466770445
437.906,74.27704916293854,0.00017891897548250719,74.28119817553855,-4.791597212909126e-05,74.1658702725869,1.595487340857291
437.94,74.2838492016685,0.00017911008651009174,74.28848624128007,-4.793298420451258e-05,74.17248779202693,1.5967492552265525
438.008,74.29744925495824,0.0001794906596697024,74.30148441353857,-4.796324109633433e-05,74.18571042418547,1.5992645990653571
438.042,74.30424926290858,0.00017968222666646182,74.30804976827473,-4.7978638526012236e-05,74.19208987773173,1.6004765125724458
438.11,74.31784927386012,0.0001800650973047161,74.32070019626416,-4.8008296665724645e-05,74.20456270486342,1.6028409411772186
438.144,74.32464925568647,0.0001802602393825617,74.32745306028632,-4.802402950743672e-05,74.21103418674025,1.6040664033505148
438.212,74.33824922917378,0.00018065300551147427,74.34071165324588,-4.8055066334155243e-05,74.22411886836704,1.6065466862602473
438.246,74.34504923524709,0.00018084952981863004,74.34704262479924,-4.807013363355929e-05,74.23048257450853,1.6077523698536778
438.314,74.35864927758767,0.00018124092284413072,74.35922811342427,-4.809991054273541e-05,74.24267042092265,1.6100612678102901
438.348,74.36544930737675,0.00018143549227295477,74.36540133785316,-4.811518903886994e-05,74.24875928969298,1.6112128100802487
438.416,74.37904934736207,0.00018181999943753452,74.37904549418259,-4.814880047498227e-05,74.26164344623149,1.613645054430276
438.45,74.38584934444334,0.00018201224777309428,74.38504550633957,-4.816349488007387e-05,74.26795820748059,1.6148363230464275
438.484,74.39264934202959,0.00018220333643203293,74.39181066350503,-4.818005585391291e-05,74.27433408928711,1.6160383564697478
438.552,74.4062493200276,0.00018258674121948015,74.40546900816214,-4.82136241972451e-05,74.28765009511362,1.618546644949214
438.586,74.41304931914286,0.00018277861120127295,74.41125122524646,-4.822787624698811e-05,74.29385341228077,1.6197166134550853
438.654,74.42664934495274,0.00018316600629946154,74.42490990377478,-4.82618591245939e-05,74.30678044764568,1.6221505436715566
438.688,74.43344936790683,0.00018336109208980068,74.43147075713283,-4.827843515461785e-05,74.313282452652,1.6233758306534543
438.756,74.44704940866265,0.00018375397820229934,74.44542163945879,-4.8313899936413235e-05,74.32672537826556,1.625908571996863
438.79,74.4538494061687,0.0001839502758563394,74.45255663900174,-4.833205345718322e-05,74.3335839811142,1.627200008451792
438.858,74.46744940327663,0.0001843417195861546,74.4686773615666,-4.8373170721556574e-05,74.34855955922538,1.6300212103351917
438.892,74.4742493948151,0.0001845358752777073,74.47566655192026,-4.839115820427661e-05,74.35596090971768,1.6314167118407892
438.96,74.48784941902944,0.00018492267164278668,74.48968628616186,-4.8427832921757636e-05,74.36994458400683,1.6340574413209104
438.994,74.49464944794096,0.00018511339884627286,74.49600716829964,-4.844452909157775e-05,74.3766396878987,1.6353197980409666
439.062,74.50824945862934,0.00018549476753054305,74.50975363415272,-4.8480653404090115e-05,74.38983415962532,1.6378064943295743
439.096,74.5150494649761,0.00018568709083160046,74.51616749194375,-4.8497317677648266e-05,74.39646689274306,1.639055873796011
439.13,74.52184945058568,0.00018588141999313745,74.52513226773965,-4.852048731348841e-05,74.40393216936158,1.6404629737015852
439.198,74.53544944613945,0.0001862730038226386,74.53866161201067,-4.855572497344896e-05,74.41828759718335,1.643165272987526
439.232,74.54224946588118,0.000186469600138758,74.54512624049846,-4.857291600660897e-05,74.42491488625171,1.64441028513815
439.3,74.55584952045939,0.00018686392077469244,74.5592206876676,-4.8610889839996e-05,74.43851354809252,1.6469604136016531
439.334,74.56264954961829,0.00018705923960056196,74.56662600449913,-4.8630908889495086e-05,74.44550876950801,1.6482713607423165
439.402,74.57624955826168,0.00018745078087127146,74.58091991930495,-4.866956759095459e-05,74.45962375223417,1.6509145502566207
439.436,74.58304956736946,0.00018764474702694816,74.58698661616002,-4.86860467488459e-05,74.46620858826897,1.6521481654844898
439.504,74.59664953894595,0.0001880281088207767,74.60075866685752,-4.8723717994109e-05,74.47939237894781,1.6546179389495865
439.538,74.60344953507209,0.00018822252177087497,74.60701018128898,-4.8740820700381783e-05,74.48589286603507,1.6558356005973898
439.606,74.61704957449814,0.00018860684790192837,74.6208366081956,-4.877896007206235e-05,74.49900318967863,1.6582875254592442
439.64,74.62384958754458,0.00018880044449779768,74.62743891316359,-4.8797342266854595e-05,74.50571895540656,1.6595430305293444
439.674,74.63064960889415,0.0001889931966406459,74.63378254967758,-4.881503554309355e-05,74.51219701260527,1.6607551308463089
439.742,74.64424960014456,0.0001893866335056978,74.64656892063114,-4.885044625510578e-05,74.52473803589245,1.6631017901717915
439.776,74.65104960619031,0.00018958491095689766,74.65385014302363,-4.887057527171982e-05,74.53146696544938,1.6643589437564659
439.844,74.66464960740099,0.0001899805920617144,74.66767823129685,-4.8909438718611206e-05,74.54502898380466,1.6668888466017662
439.878,74.67144963445895,0.00019017721383785197,74.67656725803977,-4.893501967043801e-05,74.55267742160132,1.668315978562907
439.946,74.68504967428744,0.00019056593349910355,74.69122625893095,-4.8977573898695916e-05,74.56766943548693,1.6711099324614604
439.98,74.691849669551,0.00019075984663034047,74.69657397400223,-4.899300144181119e-05,74.57419225674958,1.672322662813633
440.048,74.70544966921757,0.00019114575614903424,74.71044995946058,-4.903273386394522e-05,74.58741974153821,1.674781391153621
440.082,74.71224966736561,0.00019133788209240108,74.71784648668684,-4.905399476328285e-05,74.59426631245248,1.676053307029493
440.116,74.71904967691998,0.00019153100568930617,74.72511041622,-4.9075069919292226e-05,74.60131110468845,1.6773592726255144
440.184,74.7326497069284,0.0001919187778911162,74.73924235288054,-4.9116506571203315e-05,74.61499002331323,1.6798903543194734
440.218,74.739449721621,0.00019211445238823875,74.7466685693604,-4.913827437051054e-05,74.62228637346824,1.6812401134861639
440.286,74.75304971343849,0.00019251023597614158,74.76180225595283,-4.9182350257084164e-05,74.63708167139612,1.683978273069832
440.32,74.75984971053198,0.00019270864080786262,74.76881621007618,-4.9202941515230316e-05,74.64426587595479,1.6853079362380756
440.388,74.77344976314502,0.00019310376151300326,74.78188089137132,-4.924226454047194e-05,74.65761666749856,1.6877775909741295
440.422,74.78024977247092,0.0001933000308813754,74.78673726983838,-4.925710792769229e-05,74.66346469698776,1.688858049132072
440.49,74.7938498001937,0.00019368918558889127,74.80083188631247,-4.930004274236226e-05,74.67621997238135,1.6912159142328058
440.524,74.80064979079509,0.00019388203979009023,74.80759847508534,-4.9320472923176574e-05,74.68285648863471,1.6924433105579197
440.592,74.81424977608877,0.00019426921339083246,74.82066255942894,-4.935994882617726e-05,74.6956329063256,1.694804655629893
440.626,74.82104978129978,0.00019446191715880967,74.82695197807526,-4.937915862673469e-05,74.70212907288084,1.6960038979149528
440.694,74.83464981911759,0.00019485032574165863,74.8401099076294,-4.9419702932764556e-05,74.714941195564,1.6983651964935762
440.728,74.84144984604352,0.0001950464023829491,74.84801498861528,-4.944409618373207e-05,74.72198067847361,1.6996622146814857
440.796,74.85504988041369,0.0001954404549972217,74.86329741986172,-4.94911722957828e-05,74.72923351666306,1.700996956470125
440.83,74.86184987500825,0.00019563971948766452,74.87015202704629,-4.951232885506714e-05,74.74393512553696,1.7037045313406796
440.864,74.86864987060031,0.00019583841989000318,74.87598481597722,-4.953041098709785e-05,74.75046516667199,1.7049059452477193
440.932,74.88224984999535,0.00019623471010385163,74.88993756534073,-4.957410068481547e-05,74.7634121316055,1.7072902876536868
440.966,74.8890498512596,0.00019643053164535108,74.89781353559799,-4.959900952583593e-05,74.77075449608047,1.7086425615886336
441.034,74.9026498768273,0.00019681939739272218,74.91016730124618,-4.963846109599012e-05,74.78434114761873,1.7111466896668597
441.068,74.90944990740762,0.00019701258958565028,74.91721249692054,-4.966112946072864e-05,74.79073813867159,1.7123257563216334
441.136,74.92304994974506,0.0001973983047457303,74.93077416081744,-4.970466250963822e-05,74.80404800539787,1.714781271520549
441.17,74.9298499588311,0.00019759226984234228,74.93784059440104,-4.972722408841166e-05,74.81078287366321,1.7160234561990555
441.238,74.94344995997115,0.00019798488346737668,74.95135395813837,-4.977030037847124e-05,74.82389813463877,1.718443195268971
441.272,74.95024995166992,0.0001981794581264368,74.95864606158163,-4.979365335355233e-05,74.83095305201844,1.7197443869390003
441.34,74.96384993805125,0.00019857962531108663,74.96641046304505,-4.981860845413393e-05,74.83826749124988,1.7210901795350761
441.374,74.97064994696612,0.00019877886496338633,74.97937099213233,-4.986064121552417e-05,74.85196991961533,1.7236140406556297
441.408,74.97744996994135,0.00019897743166974037,74.98662704980941,-4.9884580442951664e-05,74.85870491281626,1.7248534952154941
441.476,74.99105001464488,0.00019937125294506084,75.00120761968581,-4.993310402556492e-05,74.8727725993137,1.7274467413457617
441.51,74.99785003304905,0.00019956562461888368,75.00857144311493,-4.995758443693207e-05,74.8799476641112,1.7287687960623865
441.578,75.01145002465739,0.00019995524091823505,75.02337838960909,-5.000651647747461e-05,74.89426129393702,1.731410068904811
441.612,75.01825002233855,0.00020014910137621702,75.03031318484273,-5.002942747824308e-05,74.9014487891158,1.732735476668184
441.68,75.03185002087818,0.0002005380392390164,75.03710287153355,-5.005192778263019e-05,74.90836115630525,1.7340081386206472
441.714,75.03865004512204,0.0002007334116012219,75.05065782699269,-5.009718865676132e-05,74.92197475635355,1.7365124472953963
441.748,75.04545007029759,0.00020092904486307593,75.05733375715161,-5.011968659357364e-05,74.92853600355245,1.737720466481857
441.816,75.05905009291666,0.0002013248451459469,75.06978413330309,-5.016168115954472e-05,74.94113755935963,1.740041161452495
441.85,75.0658501029946,0.00020152291048903149,75.07652054380945,-5.0184343777177324e-05,74.94751471686178,1.7412168031350872
441.918,75.07945008791222,0.00020192334731914416,75.08947281005874,-5.022802161362477e-05,74.96042041112992,1.7435958928317181
441.952,75.08625008394876,0.0002021217278607952,75.09527783476248,-5.0247799172987215e-05,74.96646938954329,1.7447098077374277
442.02,75.09985010664035,0.0002025163774172249,75.1075138357897,-5.029005369243336e-05,74.97868675479086,1.746959241107555
442.054,75.10665012850943,0.00020271138818103905,75.11455470556379,-5.03145891474774e-05,74.98492479976053,1.7481079614308324
442.122,75.12025016601024,0.0002030996470328283,75.12776631769614,-5.036050920324243e-05,74.99120352490641,1.7492649662979673
442.156,75.12705016123742,0.00020329317814994706,75.13490770602175,-5.038519535237655e-05,75.00451837123474,1.7517206180019542
442.224,75.14065015182763,0.00020368316363173394,75.1485153675008,-5.043204400208966e-05,75.01794583077212,1.7541961759230447
442.258,75.14745013977968,0.0002038794683777393,75.15570772254786,-5.045685030377455e-05,75.02487254999085,1.7554707892991794
442.292,75.1542501412619,0.00020407925306006907,75.16167305408928,-5.047756099724815e-05,75.03139133134383,1.7566708247983511
442.36,75.16785018630691,0.00020447718469839148,75.17461232511322,-5.05230499547433e-05,75.04369150981499,1.7589321077278048
442.394,75.17465021129951,0.0002046769076415802,75.18036738844758,-5.0543413053619046e-05,75.04999227842343,1.7600906128775826
442.462,75.18825025829742,0.000205076284393016,75.19471073352254,-5.059431729745e-05,75.06326264896788,1.762528988479395
442.496,75.19505026712496,0.00020527289315082413,75.20283852403492,-5.06232830456125e-05,75.07063588964759,1.7638826815549544
442.564,75.20865026719764,0.00020566674830525675,75.21590927390439,-5.0669959071917565e-05,75.08455167860402,1.7664395192820783
442.598,75.2154502553658,0.00020586205349316664,75.2227396041684,-5.069438691291289e-05,75.09114253925435,1.7676502997540797
442.666,75.22905023467655,0.00020625154865169703,75.23705299654061,-5.0745621063502814e-05,75.10512885524047,1.7702165362237656
442.7,75.23585023625881,0.00020644701932075914,75.24490700993128,-5.077383478600403e-05,75.11226204856503,1.7715246274013055
442.768,75.24945028398541,0.0002068394400207976,75.25859309674205,-5.08233952320447e-05,75.12604207951036,1.7740532260281512
442.802,75.25625030352613,0.00020703753391678497,75.26606812967582,-5.085054446821557e-05,75.13318394540525,1.7753621519469214
442.836,75.26305032984122,0.00020723499508190906,75.27293864933233,-5.087551002274512e-05,75.14020628590897,1.776650344922119
442.904,75.2766503311102,0.00020763585491026968,75.2856663984442,-5.0921750616393297e-05,75.15363937728635,1.7791162772883393
442.938,75.28345033715868,0.00020783633741819346,75.2928856300396,-5.09480930766083e-05,75.16010653504468,1.7803016310060247
443.006,75.29705032209776,0.00020823604059514155,75.30564409679026,-5.0995093624534715e-05,75.17273915416081,1.7826177165938446
443.04,75.3038503362856,0.0002084335891408615,75.31240486934189,-5.1020234817316e-05,75.17934622136879,1.783829663741727
443.108,75.3174503787428,0.00020882632464813914,75.3263145614766,-5.107251905789612e-05,75.19290680624559,1.7863145599929222
443.142,75.32425038032683,0.00020902036984672372,75.33291294494498,-5.1097389459501204e-05,75.19954525286028,1.787532185747971
443.21,75.33785038823576,0.00020941094221073686,75.34566442975738,-5.1145037341295345e-05,75.21235503307241,1.789878283931687
443.244,75.34465037503847,0.00020960743692603835,75.35233594913062,-5.116983848356721e-05,75.21877865452633,1.7910521435457112
443.278,75.35145037695769,0.0002098044839668675,75.35876974857445,-5.119388336221882e-05,75.22518863226225,1.7922233846855515
443.346,75.36505041965324,0.00021020148360538407,75.37230454675002,-5.1245187150464486e-05,75.23819055411575,1.794595206074413
443.38,75.37185043772189,0.00021040169504959,75.37986898460211,-5.127411742033457e-05,75.24519360768952,1.7958733359797379
443.448,75.3854504700133,0.00021080228999390772,75.39526061663229,-5.1332941386344e-05,75.26004316776367,1.7985848476830948
443.482,75.39225046290686,0.00021100305493766582,75.40320005504005,-5.136322705711747e-05,75.26762849143353,1.7999684647955203
443.55,75.40585045712064,0.0002114019771233822,75.41675713113868,-5.1415265239285825e-05,75.2817729864685,1.802551017456815
443.584,75.41265045106354,0.00021159961922739994,75.42293683446094,-5.143920370122318e-05,75.28830483663026,1.8037432543848873
443.652,75.4262504811043,0.00021199184862285092,75.43663707166098,-5.149268359832817e-05,75.30155616274205,1.806161821192321
443.686,75.43305051611739,0.00021218656985661985,75.44269320696662,-5.151647442057058e-05,75.30790462825303,1.807320571223629
443.754,75.4466505360218,0.0002125765340333399,75.45527556991019,-5.1565720115533866e-05,75.32005858369355,1.809540033819105
443.788,75.45345054011423,0.0002127744545849819,75.46217329267431,-5.1592527011588486e-05,75.32664742310888,1.8107444792507732
443.822,75.46025052467539,0.00021297316295924802,75.46857859279184,-5.161735096824021e-05,75.33315348680794,1.81193498344372
443.89,75.47385051191826,0.00021337375448956776,75.48155771612603,-5.166790720630409e-05,75.34600050311307,1.814284666724497
443.924,75.48065052036634,0.00021357566523825551,75.48808930869212,-5.16936541179816e-05,75.35238920367931,1.8154538852775426
443.992,75.49425056369603,0.00021397713812237388,75.50096729015503,-5.17450364250415e-05,75.3649965982315,1.8177609052511787
444.026,75.50105058853025,0.00021417725894909995,75.50748146426061,-5.1771142731483475e-05,75.37143524544624,1.8189389350049974
444.094,75.514650596168,0.000214572963963813,75.52097919740007,-5.182522285167781e-05,75.38459502136853,1.8213461438911476
444.128,75.5214505941156,0.00021477121394018956,75.52705349291642,-5.184951022163823e-05,75.39090777682736,1.8225000434381917
444.196,75.53505059015812,0.00021516473106257194,75.54023756852831,-5.190238543628923e-05,75.40350761952116,1.8248053482290811
444.23,75.54185059008513,0.00021536040749298518,75.5471489744113,-5.193032575582789e-05,75.41017622447896,1.826025431028768
444.298,75.55545063098995,0.00021575398373473054,75.55422157202473,-5.195897236242707e-05,75.4169865458789,1.8272712040077983
444.332,75.5622506597449,0.0002159526648752316,75.5663281734593,-5.200800291391891e-05,75.42983737308224,1.8296292634934879
444.366,75.56905066971082,0.00021615137762565385,75.57429798947332,-5.204029640835949e-05,75.43653863569884,1.8308594251846377
444.434,75.58265068364345,0.00021655367906842337,75.5867981406197,-5.209103603875392e-05,75.44973015795847,1.8332804678660324
444.468,75.58945067266694,0.0002167564547416571,75.5933866196586,-5.2117884775275705e-05,75.4560166300208,1.8344354409826489
444.536,75.60305065866332,0.0002171591129722879,75.60479263724008,-5.216467944076676e-05,75.46789966018187,1.83661694933844
444.57,75.60985067506641,0.00021735920753146207,75.612234055301,-5.219549878186536e-05,75.47425228680468,1.8377823324472373
444.638,75.62345072259892,0.0002177558382041261,75.62557505380269,-5.225140164756252e-05,75.48727088501397,1.8401697400434907
444.672,75.63025074790751,0.00021795083812367437,75.63123063729266,-5.227516521160394e-05,75.49353522567867,1.8413195021733009
444.74,75.6438507468676,0.00021834403417888773,75.64571459881135,-5.233556052369406e-05,75.50697521980133,1.8437909518562914
444.774,75.65065075055216,0.00021854106623272863,75.65147874159504,-5.235946013340604e-05,75.51334369774538,1.8449637779312469
444.808,75.65745073382205,0.0002187392821466344,75.65651901693049,-5.2380399485458036e-05,75.51900761993275,1.8460061747109227
444.876,75.67105074529992,0.000219137678442414,75.66989952088693,-5.243651134041285e-05,75.53096928273318,1.8482081272778212
444.91,75.6778507639702,0.00021933854906311357,75.67663351636715,-5.2465010216461717e-05,75.53760493365411,1.8494326878448268
444.978,75.6914508007609,0.00021974130160345884,75.69008085053315,-5.2522133276436975e-05,75.55050777440606,1.8518133027290105
445.012,75.6982508173585,0.000219942677538673,75.69720504650975,-5.255241111643368e-05,75.55748194185712,1.8531026076095851
445.08,75.7118508016615,0.00022034615964120117,75.7109760658694,-5.261098207065213e-05,75.57138650888439,1.8556717829801206
445.114,75.71865080433118,0.00022054642403491158,75.71800051966233,-5.2641006099430795e-05,75.57812498518315,1.8569168536600684
445.182,75.73225079807443,0.00022094288776601252,75.73115561240397,-5.269760665071671e-05,75.591479938754,1.8593877355218078
445.216,75.73905082074874,0.0002211397021076033,75.73777357106592,-5.272629802238283e-05,75.59790678081444,1.8605755760908576
445.284,75.7526508682122,0.0002215329267940928,75.75075844489801,-5.2782633130640936e-05,75.61103144814084,1.8630049920939453
445.318,75.75945088453336,0.00022173002082035773,75.75744058298727,-5.2811535082610334e-05,75.61732086820834,1.8641702507058213
445.386,75.77305089063702,0.00022212920976956565,75.77123919596767,-5.2871062011384786e-05,75.63041260643803,1.8665949157761528
445.42,75.77985088879493,0.00022232799875615788,75.77827924544508,-5.290147214192179e-05,75.6372929182111,1.8678703650215671
445.454,75.78665087698589,0.00022253156229477448,75.78591110362875,-5.2934529455038444e-05,75.64443669436083,1.8691928170048895
445.522,75.8002508965999,0.00022293811583048352,75.7988978133966,-5.299127048613506e-05,75.65744796801194,1.8716033961650747
445.556,75.80705091307442,0.00022314008020876387,75.804580669866,-5.30163955241262e-05,75.66387613791996,1.8727950748916125
445.624,75.82065094341695,0.00022354173521270257,75.81808158738951,-5.307643840431266e-05,75.67678329532906,1.8751853033456238
445.658,75.8274509395354,0.00022373955312886425,75.82490443907956,-5.310672262252289e-05,75.68339224789176,1.8764088589185994
445.726,75.84105092957543,0.000224137114074748,75.83826674213057,-5.3165761744892265e-05,75.69669330961892,1.878871507957677
445.76,75.84785093784417,0.00022433459935861815,75.84436899480843,-5.319285170850117e-05,75.7029752147347,1.8800344483158105
445.828,75.86145098664115,0.00022472914706276852,75.85656926357856,-5.3247507577445454e-05,75.71511674550524,1.8822823023027118
445.862,75.86825100449954,0.0002249283863792645,75.86414154230431,-5.328149327498661e-05,75.72173904035382,1.8835088812864624
445.93,75.88185102560466,0.00022532884532299518,75.87726175272496,-5.334012382398558e-05,75.73502049018893,1.885971421830933
445.964,75.88865102433518,0.00022553185609926012,75.88314930506472,-5.3366383735665074e-05,75.74122477507444,1.8871214138072656
446.032,75.90225100690883,0.00022593574361612505,75.88926269139812,-5.3393769589975286e-05,75.74727526969424,1.8882409876136566
446.066,75.90905100305766,0.0002261411331185404,75.90120384539598,-5.344768212908747e-05,75.75890287426242,1.8903943859500507
446.1,75.91585101537501,0.0002263432449412305,75.9083781180115,-5.3480382481391966e-05,75.76542498876205,1.891601170259849
446.168,75.92945106944039,0.0002267443694874936,75.92109076083668,-5.3538866798377644e-05,75.77827076953584,1.8939748433073038
446.202,75.93625108335567,0.00022694218208563322,75.9280161871349,-5.35708026297849e-05,75.7848035540058,1.895182552998521
446.27,75.94985109127254,0.00022733780709605935,75.94364416435613,-5.3642515413404846e-05,75.7995966418164,1.8979164372605364
446.304,75.95665108331386,0.0002275362664095828,75.95019370002065,-5.367246616965503e-05,75.80648061156859,1.8991897880392943
446.372,75.97025106808114,0.00022793384759236987,75.96456671699826,-5.37384765821195e-05,75.8204165210244,1.9017655700332858
446.406,75.97705108133029,0.00022813433744240435,75.97055401993623,-5.376619428340191e-05,75.82692890236692,1.9029693699730095
446.474,75.99065112878388,0.00022853735597325257,75.98497766649518,-5.3833382304101995e-05,75.84029710581625,1.9054440902340142
446.508,75.99745115872294,0.00022874041876233642,75.99141141468517,-5.386340069682702e-05,75.84710073202633,1.9067051872928693
446.576,76.01105117141434,0.0002291459669737322,76.00445139544951,-5.39243543203766e-05,75.86034705530982,1.9091605947824815
446.61,76.01785117776512,0.00022934925258232843,76.01104699807632,-5.395526153781543e-05,75.86668346343966,1.9103342378829598
446.644,76.02465115982562,0.00022955180392658146,76.01784414481749,-5.398719787945141e-05,75.87318874663754,1.9115403282793706
446.712,76.0382511436102,0.0002299524002447733,76.03089784950177,-5.404878089002346e-05,75.88629485072103,1.9139673553728345
446.746,76.04505115013585,0.00023015211434918172,76.03842152411394,-5.4084430302257685e-05,75.8930386199639,1.9152153110932608
446.814,76.05865119784937,0.00023054765421659526,76.05211808869517,-5.4149640152392086e-05,75.90682356120625,1.9177672943284163
446.848,76.06545122312536,0.0002307459792165592,76.05861086032802,-5.4180575539162396e-05,75.91335107208285,1.9189740328911664
446.916,76.07905126212374,0.0002311446943897954,76.07151892065467,-5.424188836413414e-05,75.92596245397235,1.921301789639475
446.95,76.0858512567084,0.0002313466645239576,76.0787864040421,-5.4276326670072266e-05,75.9327664256668,1.9225592122367177
447.018,76.099451256259,0.0002317535779285659,76.09214259290802,-5.433979413064992e-05,75.94573653967906,1.924956967135217
447.052,76.10625123161627,0.00023195794142676353,76.09951722788895,-5.437504915473106e-05,75.9528819581388,1.9262796784566223
447.12,76.11985124354396,0.00023236547376950727,76.10702922531974,-5.4411104332481244e-05,75.96014518110798,1.9276248664137101
447.154,76.12665126422948,0.00023256784122408037,76.12031588702648,-5.447547976176582e-05,75.97401079387853,1.9301920217360957
447.188,76.13345128649009,0.00023276898019992454,76.1284685675386,-5.451536212171019e-05,75.98113210313754,1.9315111141621968
447.256,76.14705132758633,0.00023316854368120776,76.14128380558556,-5.457810030622181e-05,75.99490929595181,1.934067901297244
447.29,76.15385132851198,0.0002333659773709371,76.14707441934134,-5.460633979542397e-05,76.00091180726757,1.9351824157086985
447.358,76.1674513207549,0.00023376374910900888,76.16066019672422,-5.467234674660807e-05,76.01331312754132,1.9374870939949704
447.392,76.17425131141006,0.0002339639148463482,76.16862132714752,-5.4711056703216665e-05,76.02057110454518,1.938838511831489
447.46,76.187851331771,0.0002343669970158782,76.18289205307008,-5.478080525459059e-05,76.03495854952159,1.9415170310675762
447.494,76.19465136179213,0.0002345692168854198,76.18934477738993,-5.481261019005157e-05,76.04173334647473,1.9427780611080885
447.562,76.20825137151762,0.00023497571081925714,76.20324103750187,-5.488127483350391e-05,76.0552219133076,1.9452928543120338
447.596,76.21505137643857,0.00023518071551873327,76.20929442035579,-5.491112545559101e-05,76.06168281796846,1.9464971631888799
447.63,76.22185136343758,0.0002353855804154314,76.21652033381312,-5.494673692987565e-05,76.06831502171106,1.9477337295571926
447.698,76.2354513663406,0.0002357919968707442,76.2289841770657,-5.5008578753378785e-05,76.08123532360074,1.950145530838573
447.732,76.24225138431095,0.00023599294000440903,76.23598200614843,-5.504372376138312e-05,76.08765946066781,1.9513433851663327
447.8,76.25585144878332,0.00023639220200339566,76.25001396481662,-5.511447946371413e-05,76.10100376855713,1.953828265464016
447.834,76.26265146733192,0.00023659024467806585,76.2575231715868,-5.515220700261285e-05,76.10816864966608,1.9551629425111645
447.902,76.27625148461144,0.00023698907210099697,76.27135357557124,-5.522136780376695e-05,76.12185047004984,1.9577100051667653
447.936,76.28305148131672,0.00023719047071122344,76.27877292084806,-5.525847752353914e-05,76.12905774855552,1.9590497534600835
448.004,76.29665145898096,0.000237593357041159,76.29164412741534,-5.532310264953848e-05,76.14229952858156,1.961514749692236
448.038,76.30345145216447,0.00023779998946272689,76.29984654368428,-5.5364371388721365e-05,76.14952597884458,1.962862043233017
448.106,76.31705148660748,0.0002382096275654877,76.31336900286867,-5.5433045577944043e-05,76.1634316782833,1.965455454124875
448.14,76.32385151019243,0.00023841448148145838,76.320348214282,-5.5468829758012616e-05,76.17029804465129,1.9667347295472335
448.208,76.33745151982225,0.0002388198473353857,76.32607804648339,-5.549829852521344e-05,76.17665807254956,1.9679192233929403
448.242,76.3442515260895,0.0002390216827039987,76.34230398875141,-5.558155435765176e-05,76.19091604554406,1.9705718767655875
448.276,76.35105151705874,0.0002392231732306926,76.3488552208725,-5.561511808759882e-05,76.19817782371065,1.9719241203073048
448.344,76.36465153348237,0.00023962258903318534,76.3630396528462,-5.568817907095086e-05,76.21239935955776,1.9745737906361616
448.378,76.37145154914352,0.0002398216790765414,76.36898685393479,-5.571906060227876e-05,76.21876918032964,1.975762027409942
448.446,76.38505157392173,0.00024022229806530584,76.38112138164767,-5.578208945188399e-05,76.23100048524455,1.9780432356219368
448.48,76.39185156299462,0.00024042368418496698,76.38825866456466,-5.581895345634847e-05,76.23736228789532,1.9792298632701895
448.548,76.40545156527561,0.00024083278954652987,76.40192489147759,-5.5889426495254315e-05,76.2507685600151,1.9817329458767448
448.582,76.41225158211455,0.0002410379186447356,76.40764893926577,-5.591927513401629e-05,76.25696350299523,1.9828895966560602
448.65,76.42585162477968,0.00024144778359202923,76.41953161511398,-5.5981998932189094e-05,76.26863024284533,1.9850694554079624
448.684,76.43265164660885,0.00024165171744582942,76.4259867856905,-5.601617214645796e-05,76.27479227708973,1.9862214555588777
448.752,76.4462516427879,0.00024205650214301485,76.43931540756509,-5.608647349194433e-05,76.28106948634974,1.9873948869052713
448.786,76.4530516419189,0.00024225810764218916,76.44702548141545,-5.612712970822282e-05,76.29452978319799,1.9899081971825967
448.82,76.45985162545266,0.0002424603483915419,76.45499532189777,-5.616927296179967e-05,76.30196759266855,1.9912950017740434
448.888,76.4734516489643,0.00024286054808266816,76.46813198953048,-5.6239243321941786e-05,76.31595454706674,1.9938946804776603
448.922,76.48025167742092,0.00024306038197182046,76.47541897335232,-5.627818775652442e-05,76.3227201231258,1.9951513227575042
448.99,76.49385171819115,0.00024346247153464635,76.48782825433712,-5.6344341560388786e-05,76.33564734103527,1.9975544434622234
449.024,76.50065173126295,0.00024366634785059682,76.49511376345046,-5.638309764585863e-05,76.34221841547615,1.9987764236241545
449.092,76.51425172592569,0.00024407675789593346,76.50963665328557,-5.646042645968404e-05,76.35645521067555,2.001419598149072
449.126,76.52105171982792,0.000244283045982449,76.51687746762343,-5.6499168822906896e-05,76.36338278491172,2.0027051723047298
449.194,76.53465170219816,0.0002446940789961806,76.5295810460803,-5.656763365114301e-05,76.37627075596797,2.005096510624925
449.228,76.54145170736652,0.0002448984862726289,76.53589844119048,-5.6601935687371736e-05,76.38270522277922,2.0062879257935213
449.296,76.55505175604762,0.0002453036507354739,76.5485037089097,-5.6670858450715994e-05,76.39527862347626,2.0086193206867478
449.33,76.56185178888681,0.0002455048612290147,76.55474998218699,-5.6705082366339084e-05,76.40144682254859,2.009763177061991
449.364,76.5686518027343,0.0002457044955234781,76.56169040614812,-5.6743067867182416e-05,76.4078792043702,2.0109548703672613
449.432,76.58225182347634,0.0002461053815685417,76.57490295976652,-5.681516446172983e-05,76.42096312376921,2.0133778950598744
449.5,76.59585180378696,0.00024650755470744613,76.58783629799771,-5.688570364356423e-05,76.42753360496293,2.014596685740314
449.534,76.60265180071725,0.0002467137093146073,76.59436944800183,-5.6921392726037494e-05,76.44021216488431,2.0169479707540785
449.568,76.60945179531782,0.00024691833159913503,76.60080815607124,-5.6956725131563724e-05,76.44655439488687,2.0181259050544784
449.636,76.62305182691814,0.0002473301519631942,76.61477310278599,-5.7033976927902216e-05,76.45964786236031,2.0205592137954893
449.67,76.62985186344982,0.00024753577106693817,76.62160934468497,-5.707203431022093e-05,76.46651833044577,2.0218385254671336
449.738,76.64345188796769,0.00024794509280684377,76.6353041487436,-5.714840262571973e-05,76.48014671488465,2.0243744477644228
449.772,76.65025189517384,0.00024814970311071166,76.64111485480548,-5.718080210441149e-05,76.48641877871773,2.0255404768064573
449.84,76.66385187849686,0.0002485549036651376,76.65552148617536,-5.7261158504220226e-05,76.49971903842118,2.028012958126963
449.874,76.67065186561481,0.0002487566562582632,76.66155287522264,-5.7294879098807744e-05,76.50625986007799,2.0292281263020335
449.942,76.68425186556135,0.0002491584908637445,76.6749786374427,-5.7370183789112355e-05,76.51921104654635,2.0316365085722423
449.976,76.69105188011079,0.0002493598021429855,76.68234993408235,-5.741170534279798e-05,76.52607717620177,2.0329151563448407
450.044,76.70465193264943,0.0002497660441903926,76.68993930663544,-5.745449934146297e-05,76.53325586218601,2.034251558570016
450.078,76.71145196750469,0.00024997111140318966,76.70365925130237,-5.75318324888034e-05,76.54710479609368,2.0368329824354703
450.112,76.71825197925304,0.0002501764116852272,76.71088769552155,-5.757265396775705e-05,76.5540911544236,2.0381357988402167
450.18,76.73185200479598,0.0002505901527100506,76.72352865583278,-5.76443213997577e-05,76.56720093397657,2.040577756375112
450.214,76.73865200338912,0.00025079441896796935,76.7300265706451,-5.768134465062527e-05,76.57356080658889,2.041763357851226
450.282,76.75225198245171,0.0002512057749994687,76.74557079733988,-5.7770091354639366e-05,76.58780848801304,2.0444140855181088
450.316,76.75905197336739,0.00025140975599055625,76.75148099009088,-5.780380689852806e-05,76.59455874217426,2.045671231222344
450.384,76.77265198448326,0.00025181476634018814,76.7657077310397,-5.788527921481509e-05,76.60790817835783,2.0481592917185405
450.418,76.77945201282628,0.0002520158274660883,76.77389387613248,-5.793255322182583e-05,76.61539598887526,2.049555203002269
450.486,76.79305205361669,0.00025241768018159,76.78668691192313,-5.8006496582172504e-05,76.62899254408079,2.05208819722527
450.52,76.79985205036137,0.00025262042176561284,76.79314961980059,-5.804364264768731e-05,76.63551495037966,2.053301310516343
450.554,76.80665205446411,0.00025282465630511265,76.80050047232525,-5.808574411754232e-05,76.6422962112728,2.054559392659606
450.622,76.82025203447535,0.0002532371276921143,76.81504101541572,-5.81692511142493e-05,76.65639463280262,2.0571736762403927
450.656,76.82705203373422,0.000253443943131272,76.82203650512618,-5.8209796743960735e-05,76.66341380477103,2.058472441804142
450.724,76.84065207197199,0.0002538574815916301,76.8370296797238,-5.829747903482477e-05,76.6777567600624,2.0611292759791437
450.758,76.84745209371088,0.0002540635899677957,76.8439043705276,-5.833787410241295e-05,76.68488029826868,2.0624463319937134
450.826,76.86105213387066,0.000254473548585803,76.85522865553128,-5.840446263128157e-05,76.69717299924652,2.064720002267496
450.86,76.86785213922714,0.00025467487660152713,76.86289436772618,-5.844956415211755e-05,76.70371761762387,2.065930886149046
450.928,76.88145213108069,0.0002550797269080952,76.87624116117708,-5.852802889577635e-05,76.71714323547164,2.068413564142847
450.962,76.88825212777581,0.0002552818871581144,76.88401002679585,-5.857368955073011e-05,76.72413771368421,2.0697078156442705
451.03,76.90185211823393,0.00025568775092467904,76.89576665886375,-5.864286797730763e-05,76.73699729773074,2.0720830556177794
451.064,76.90865213463239,0.0002558914518247722,76.90156969049654,-5.867716270107973e-05,76.7428143025235,2.0731565770517135
451.132,76.92225218816772,0.0002563029975044948,76.91235592441303,-5.874114069366022e-05,76.75405604099758,2.0752329855849276
451.166,76.92905220483509,0.0002565091567706911,76.91922224757886,-5.878191483578567e-05,76.7598614291813,2.076305826747441
451.234,76.94265222321982,0.00025692453612948673,76.93265337372108,-5.8861754349702025e-05,76.77258733494185,2.0786588152376453
451.268,76.9494522209461,0.00025713160381030104,76.93908886817208,-5.890009050615772e-05,76.7790618370976,2.0798556300036246
451.336,76.96305220080406,0.0002575440047943376,76.95240314590056,-5.897977553840021e-05,76.79178433421151,2.082209988920336
451.37,76.9698522013727,0.0002577475424416966,76.95906646599482,-5.901979199955102e-05,76.79848216069563,2.083449603754918
451.404,76.97665221165954,0.00025795018626866413,76.96593022456179,-5.906111448970343e-05,76.80517464811889,2.084688624292652
451.472,76.99025225441149,0.0002583542720231504,76.98015741370703,-5.914722447568284e-05,76.81908481690722,2.087263367951336
451.506,76.99705227892083,0.00025855641042232537,76.98775463627454,-5.919325527399781e-05,76.82615314185303,2.0885717747300903
451.574,77.01065229326638,0.00025896319905802616,77.00151511894617,-5.9276369502518893e-05,76.84013161965223,2.091160105546739
451.608,77.01745229869715,0.0002591673093094357,77.00766205163889,-5.931337904051253e-05,76.8465885910922,2.0923541922620363
451.676,77.0310522731589,0.0002595832816898063,77.02338552751823,-5.9408261760005e-05,76.86097735992648,2.095013118451987
451.71,77.03785227660184,0.0002597921650160943,77.02984334345855,-5.9447449750591826e-05,76.86794966435632,2.0963008038859416
451.778,77.05145232514847,0.0002602068912061011,77.04406172963553,-5.953452775089517e-05,76.87511347117923,2.0976234495620463
451.812,77.0582523329544,0.00026041423139401554,77.04973405207878,-5.956946078996331e-05,76.88825204053404,2.1000514843821745
451.846,77.06505233734698,0.00026061793509790697,77.05683836606049,-5.961322968954265e-05,76.8946793160443,2.1012397091435155
451.914,77.07865233222077,0.0002610269997989781,77.06980905348351,-5.96928100361412e-05,76.9075045591263,2.1036115258358974
451.948,77.08545233006502,0.0002612295166864376,77.07595721366111,-5.9730499707313965e-05,76.91383404251901,2.1047839330146965
452.016,77.09905235049229,0.0002616362718263067,77.09112966639893,-5.9824074050867524e-05,76.92805370583757,2.107417768637781
452.05,77.1058523834567,0.0002618394494609018,77.09827190098618,-5.986836446794907e-05,76.9350288314603,2.108708515511391
452.118,77.11945243355854,0.00026224848805764196,77.11242880387715,-5.9956014190347654e-05,76.94939452089878,2.111369029893327
452.152,77.12625243541903,0.00026245521041487257,77.11951896377751,-5.99997869390568e-05,76.95611390763632,2.1126128588228275
452.22,77.13985244695513,0.0002628719671876635,77.13193845322097,-6.007659866699527e-05,76.96893258419935,2.1149881707003275
452.254,77.14665243031328,0.00026307977653230606,77.13933806494369,-6.0122627584537484e-05,76.97556711377331,2.116217278613604
452.322,77.16025241572817,0.0002634966996696966,77.15431851255596,-6.021616621137176e-05,76.98981167179598,2.11885419728979
452.356,77.16705242732577,0.0002637031434218752,77.16098023583763,-6.025796669091509e-05,76.99681432717851,2.120149450729359
452.424,77.18065247522055,0.0002641129526156944,77.16878085596919,-6.030717324256161e-05,77.00400907904456,2.121480492771529
452.458,77.18745249232138,0.0002643147412979351,77.18285782562214,-6.039630223669493e-05,77.01824226374416,2.1241121487784436
452.492,77.19425248786834,0.0002645177903128625,77.19054183739851,-6.044482320116904e-05,77.02544035360698,2.125442513910804
452.56,77.20785248489639,0.0002649253932237583,77.20394556813973,-6.052905724801948e-05,77.03924319895258,2.1279949816861623
452.594,77.21465248672973,0.00026512992770819365,77.21086843571528,-6.057260111157536e-05,77.04597853088369,2.1292389436944354
452.662,77.2282525126507,0.00026554256140678826,77.22422279525716,-6.0657247807133346e-05,77.0592720412866,2.131690483378177
452.696,77.23505252504587,0.0002657502203161848,77.23013962949003,-6.0694968919226826e-05,77.06555027198296,2.1328479418639956
452.764,77.248652526279,0.0002661679377308141,77.24254565943077,-6.077404258899806e-05,77.0780856758194,2.1351552038357773
452.798,77.25545253295479,0.0002663769247298077,77.24997936230268,-6.0821322354868255e-05,77.08450743631766,2.1363352323654734
452.866,77.26905254765921,0.00026679262691801426,77.26192172890778,-6.0897887337563876e-05,77.09682620445457,2.1385988218021112
452.9,77.27585257980303,0.00026699851804620045,77.26915243583812,-6.094473744579979e-05,77.10335293989253,2.1397981022402015
452.968,77.28945261184823,0.0002674063151862714,77.2822940090496,-6.103004448970205e-05,77.11659412262584,2.1422249736539403
453.002,77.29625261598494,0.0002676104353283741,77.28793522553974,-6.106647858749522e-05,77.12264039910657,2.143331263697425
453.07,77.30985260759098,0.00026801597417060977,77.3038445848525,-6.116885283916328e-05,77.13691190675256,2.145943151468943
453.104,77.31665259084576,0.00026822317444560303,77.31034282573876,-6.121072278251985e-05,77.14382353500669,2.1472074575210085
453.138,77.32345259527229,0.0002684293590132259,77.31809177700558,-6.12608950431655e-05,77.15093283681836,2.1485075041469672
453.206,77.33705263712861,0.00026884392955257147,77.33147616681964,-6.134803279787648e-05,77.16472456696337,2.1510242276233216
453.24,77.34385266011586,0.00026905279532403334,77.33955954187105,-6.14007704529621e-05,77.17190321095342,2.152335123439511
453.308,77.35745269621161,0.0002694704461969145,77.35287747998352,-6.148772964941178e-05,77.18519908403766,2.1547657068929422
453.342,77.36425268989407,0.0002696796943947705,77.35954814153338,-6.153134912828889e-05,77.19214916381041,2.1560365137388064
453.41,77.37785268807013,0.0002700946356238731,77.37420445334784,-6.162747743494555e-05,77.20638442863307,2.1586377162183843
453.444,77.38465266732307,0.0002703011422030795,77.38087628601207,-6.167137804556843e-05,77.21321359444053,2.159885676773574
453.512,77.39825267211047,0.00027070969545001615,77.3937999822782,-6.17567220860101e-05,77.2260645640394,2.1622365372840022
453.546,77.40505268903004,0.000270913518528398,77.40107488292361,-6.180494288990699e-05,77.23289835185187,2.163484776877011
453.58,77.41185272094977,0.00027111757730958146,77.40865368091022,-6.185524996560762e-05,77.24004531490515,2.1647890756466
453.648,77.4254527679982,0.0002715279168844078,77.42071675836037,-6.193524974351115e-05,77.2530429015889,2.167162402631408
453.682,77.43225277151765,0.00027173488470587983,77.42703113989843,-6.197705857583614e-05,77.25919501958957,2.1682847778652996
453.75,77.44585277940722,0.00027215346137766163,77.43341477544207,-6.201932048161103e-05,77.2654105891915,2.169417158894421
453.784,77.45265276493099,0.0002723615615904919,77.44733427483139,-6.211178833156156e-05,77.27839925964983,2.171779167572531
453.818,77.45945276530522,0.00027257317480735156,77.45400666727136,-6.215629148716026e-05,77.28518661000192,2.1730134782694743
453.886,77.4730527665311,0.00027299124606743974,77.46619113281427,-6.223813926568183e-05,77.2977063394316,2.1752878543056915
453.92,77.47985279193827,0.0002731986028582475,77.47328740020369,-6.228612119878566e-05,77.30422008509977,2.176469279090729
453.988,77.49345283966255,0.0002736100918131768,77.48634569995525,-6.237457912574006e-05,77.31732476183643,2.1788415311182323
454.022,77.50025285234081,0.000273812808662088,77.49316141924017,-6.242068734403355e-05,77.32385190121484,2.180022151891979
454.09,77.51385284979183,0.0002742226544401952,77.5069516354789,-6.251366631021375e-05,77.33721473720107,2.1824383002207255
454.124,77.52065284089741,0.00027442819608663224,77.51344989689977,-6.255743439442693e-05,77.34384266613905,2.1836351535526957
454.192,77.5342528448616,0.00027484298548399,77.52757975751723,-6.265283563221897e-05,77.35745625952546,2.186086246777965
454.226,77.54105286853152,0.00027505109469744596,77.5336601818441,-6.269412559119258e-05,77.3639516253562,2.187254581784487
454.294,77.55465289749513,0.0002754689436802919,77.54735822949836,-6.27876251666442e-05,77.37711354404955,2.189616904294938
454.328,77.56145289901396,0.0002756800242441285,77.55359711331654,-6.283023818194196e-05,77.38356096247126,2.19077395052013
454.396,77.57505289603058,0.0002760998227420478,77.56768697347522,-6.292633665664088e-05,77.396955596559,2.193178659904656
454.43,77.58185288238704,0.000276308212216769,77.57445805240296,-6.297265596769278e-05,77.40371619497131,2.1943917914428734
454.464,77.58865289349868,0.0002765158899963082,77.58122460154858,-6.30192044252957e-05,77.41041828593302,2.195594658122437
454.532,77.60225294606664,0.00027692616724273977,77.59470314146891,-6.311251327425299e-05,77.42387445605544,2.198003877192152
454.566,77.60905296831429,0.0002771310153973767,77.6018807338294,-6.316216722139067e-05,77.43060699865802,2.1992080378926584
454.634,77.62265298155518,0.0002775395711686696,77.61695209634946,-6.326595672626894e-05,77.44485030107171,2.201755392712954
454.668,77.62945297506832,0.00027774716769736295,77.62381960365609,-6.331310777829242e-05,77.45200390249218,2.2030356104496898
454.736,77.64305296109947,0.0002781637497975621,77.63932992668556,-6.341985217050145e-05,77.4667267403569,2.205665440016402
454.77,77.64985296675702,0.00027837431731979654,77.64595752616849,-6.346570341968482e-05,77.47387408005045,2.206940874119906
454.838,77.66345300313448,0.0002787952901141964,77.66088503976056,-6.356957129121838e-05,77.48839173970447,2.209527950788239
454.872,77.67025302542174,0.0002790055746803197,77.66826147216497,-6.362106483763435e-05,77.49557957383581,2.210806411484311
454.906,77.67705304082723,0.00027921549319253377,77.67468406881342,-6.366595806325324e-05,77.50242625805514,2.212026183898737
454.974,77.69065304135424,0.0002796302237852359,77.68711459742495,-6.375286378803833e-05,77.515311118119,2.214323771031888
455.008,77.69745303024895,0.00027983820815493396,77.69388960345196,-6.380024519202243e-05,77.52160875486454,2.2154462341292245
455.076,77.71105306118072,0.00028025052108762087,77.70723251575593,-6.389378683990272e-05,77.53479509057195,2.217793933229951
455.11,77.7178530735845,0.0002804558658848017,77.7134038250834,-6.393727725150707e-05,77.54103960382702,2.218905535321071
455.178,77.7314530931048,0.00028086672072067374,77.72742856331976,-6.403609130098201e-05,77.55421040132029,2.22125234420309
455.212,77.73825308671063,0.000281074855822193,77.73589015776815,-6.409537794031278e-05,77.56165484616623,2.222578610087658
455.28,77.75185307900473,0.0002814944710292504,77.75087909898109,-6.420034817003922e-05,77.57663292849858,2.225249246169857
455.314,77.75865308903147,0.00028170586504655667,77.75773350786531,-6.424873166337322e-05,77.58382063202036,2.2265313634425183
455.382,77.77225313402994,0.00028212723983256415,77.77144370262731,-6.434619441601052e-05,77.5976304188886,2.2289920300537887
455.416,77.77905315969136,0.0002823376155334056,77.77777072478881,-6.439126240273049e-05,77.60416216082132,2.2301535318552324
455.484,77.79265316911729,0.0002827540431735213,77.79172857839735,-6.449064366177822e-05,77.6173800842218,2.232500929089357
455.518,77.79945316796481,0.000282962518324366,77.79882587738989,-6.454115495918857e-05,77.62435434574108,2.2337384803250764
455.586,77.81305315283947,0.00028337506296486476,77.81231568943278,-6.46373092097666e-05,77.63092543759167,2.2349032856406326
455.62,77.81985315526309,0.0002835819430564177,77.81900249033757,-6.468509524571482e-05,77.64447609670304,2.23730073085426
455.688,77.83345319828649,0.0002839945752995832,77.82653601491478,-6.473905452547778e-05,77.65148545996611,2.238539609717302
455.722,77.84025322802606,0.00028420258963234707,77.84003577373672,-6.483586655573134e-05,77.66498356593655,2.2409186465468345
455.756,77.84705323889914,0.0002844106815976919,77.84675878083839,-6.488405949987697e-05,77.67178807082207,2.242117319093376
455.824,77.86065325457102,0.0002848321180624198,77.86100430772215,-6.498614114978947e-05,77.68561524264902,2.2445540991018573
455.858,77.86745324441074,0.00028504470152018014,77.8678771703975,-6.503549368568621e-05,77.69249116414956,2.2457660092036758
455.926,77.88105322792569,0.00028546748569230844,77.8804967502477,-6.512652357909921e-05,77.70555253434938,2.2480677836382905
455.96,77.88785321678402,0.00028567813340219775,77.88723471000448,-6.517539911226541e-05,77.71193691002414,2.249192771939713
456.028,77.90145324606092,0.00028609515820209703,77.89856887327379,-6.525806461428004e-05,77.72383596894548,2.251287403205913
456.062,77.90825328117766,0.0002863020500860986,77.90568861547803,-6.531012215814037e-05,77.73008846662567,2.252386952631031
456.096,77.91505330292152,0.00028650875238450386,77.91266677863256,-6.536112526050412e-05,77.73673196752979,2.2535563904496545
456.164,77.9286533393559,0.00028692004035035703,77.9265073295065,-6.546221285380138e-05,77.75014322282978,2.255918425240633
456.232,77.94225334835613,0.0002873353033135152,77.93395281408374,-6.551650745205922e-05,77.75723981482149,2.2571689363913503
456.266,77.94905333429726,0.00028754545105693323,77.9469847403003,-6.561150435193038e-05,77.77062438941086,2.2595260153460575
456.3,77.955853317844,0.0002877533198661496,77.95397116594319,-6.566254202115262e-05,77.77735067775859,2.2607088585062725
456.368,77.96945332628094,0.00028817938964538953,77.96637715951633,-6.575349272190416e-05,77.79012956815536,2.262950587797889
456.402,77.97625335328472,0.0002883912444532382,77.97301805942325,-6.580255844030853e-05,77.79647807475676,2.2640632152521007
456.47,77.98985340589653,0.0002888131588269158,77.98566137756086,-6.589640379302554e-05,77.80909219171336,2.2662713892545585
456.504,77.9966534098938,0.0002890233486487791,77.99125952993164,-6.593798028601903e-05,77.81503912939955,2.2673127909930892
456.572,78.01025342254303,0.0002894391103043311,78.00587825089731,-6.604636680098448e-05,77.8282685289744,2.2696338917043604
456.606,78.01705340482685,0.000289646603095535,78.01275268262752,-6.609732675034336e-05,77.83516479262194,2.2708455793095093
456.674,78.03065339010391,0.0002900607074118186,78.02787870580815,-6.620964528217446e-05,77.84937524276444,2.273336757797067
456.708,78.03745339498339,0.00029026812898232633,78.03442283685276,-6.625832652224976e-05,77.85647101387633,2.2745795287278177
456.776,78.05105343195527,0.00029068552387210536,78.04842871878495,-6.636281422852854e-05,77.86980739170299,2.2769159693415357
456.81,78.05785346469251,0.0002908959712058061,78.05499758887352,-6.641188562652318e-05,77.87680080559497,2.278140758664265
456.844,78.06465347819655,0.00029110674697155456,78.06222465644225,-6.646587656330722e-05,77.88375164906606,2.2793555606252105
456.912,78.07825349892293,0.0002915316145228852,78.0765271351275,-6.657283887321406e-05,77.89802631952048,2.2818511147398732
456.946,78.08505349314966,0.0002917441112685703,78.08324557640654,-6.66231680443326e-05,77.90476157325524,2.2830276629787205
457.014,78.09865347731638,0.0002921675127963706,78.09743187355825,-6.672981145108301e-05,77.91845720218197,2.2854175026384094
457.048,78.1054534803851,0.00029237672033949607,78.10401640094132,-6.677951255703935e-05,77.92523461820345,2.2865994145762834
457.116,78.11905350508101,0.00029279305931631354,78.11778751673897,-6.688389589510503e-05,77.93879606656316,2.2889599033195878
457.15,78.12585353201754,0.0002929998151953073,78.12399563430542,-6.693108565087122e-05,77.94525403973688,2.290081465178486
457.218,78.13945357456997,0.0002934139827817237,78.13560401915177,-6.701920754024243e-05,77.95151343786068,2.2911691384806936
457.252,78.14625357047976,0.0002936225581591052,78.14157836547925,-6.706445166489864e-05,77.96312766955927,2.293185804977791
457.286,78.15305357349396,0.00029382995148597384,78.14945702288776,-6.712405364664221e-05,77.96973423121132,2.294331117755562
457.354,78.16665354871867,0.00029425447531521485,78.16194283598664,-6.721860054909906e-05,77.98272793822841,2.2965807548637804
457.388,78.17345355228447,0.0002944681247667651,78.1700572121907,-6.728025536267219e-05,77.98970503896356,2.2977862896834114
457.456,78.18705360650148,0.00029489342500091284,78.18439235755316,-6.738999876549656e-05,78.00391854904184,2.3002428437881917
457.49,78.19385361520506,0.0002951059345788907,78.19106641955152,-6.744133566570809e-05,78.01086380144332,2.3014410869368893
457.558,78.20745364488741,0.0002955268925850901,78.20539603386815,-6.755160657355822e-05,78.02469826784528,2.303826803167416
457.592,78.21425363466967,0.0002957365727243631,78.21332137247799,-6.761250830437827e-05,78.032100928253,2.3051022834881567
457.66,78.22785362341759,0.00029615341451384947,78.22622970982908,-6.771174887251388e-05,78.04584017761516,2.3074685326361792
457.694,78.23465362813002,0.0002963603720773848,78.23347023637642,-6.776761878854104e-05,78.05260622588601,2.308632412086112
457.762,78.2482536637265,0.00029677662594302994,78.24713492122525,-6.78734104078883e-05,78.05967212722769,2.309846389969529
457.796,78.25505368849169,0.00029698629218049167,78.25344369744798,-6.792229558186372e-05,78.07281706806029,2.3121054710645903
457.864,78.26865369618187,0.0002974083753274226,78.26670789468777,-6.802496016919252e-05,78.08594653711508,2.314355967424012
457.898,78.27545370221588,0.0002976216222388393,78.2727486470557,-6.807169446267735e-05,78.09210323919388,2.31541252212194
457.932,78.28225368854302,0.00029783568459730125,78.27918946509389,-6.812162202759255e-05,78.09830171427242,2.3164763251904334
458.0,78.29585368529439,0.00029826161419144317,78.29330174279465,-6.82317308061197e-05,78.11179735059379,2.31879216596489
458.034,78.30265369687476,0.0002984741082622429,78.29940020789294,-6.827961557562735e-05,78.11818968218358,2.3198896857388123
458.102,78.31625375608898,0.00029889422193649307,78.31120867614266,-6.837255731091767e-05,78.13017442504925,2.3219504803030584
458.136,78.32305377487238,0.000299103573933135,78.31736026653947,-6.84209701983592e-05,78.13615773238806,2.3229794992841737
458.204,78.33665379548151,0.00029951786386440363,78.33119892774974,-6.85298282222831e-05,78.14914053560109,2.3252064623415496
458.238,78.34345378667633,0.00029972690599773446,78.33795207875808,-6.858284894234196e-05,78.1558018528652,2.326347651520556
458.306,78.35705377016002,0.0003001469466965269,78.35166737202701,-6.869046622510093e-05,78.16924482314016,2.3286455068690635
458.34,78.36385378031139,0.0003003579119333078,78.3595310373114,-6.87522677334405e-05,78.17639731694123,2.3298668911095692
458.408,78.3774538149174,0.0003007830045184555,78.37458011860465,-6.88712394685682e-05,78.19140946812934,2.332431621239445
458.442,78.38425382661183,0.00030099509234519787,78.38175461167023,-6.892820161904843e-05,78.19853207512398,2.333647566090368
458.476,78.39105383791076,0.0003012091811484612,78.3896773172045,-6.899108482367489e-05,78.20592782094984,2.334906183455613
458.544,78.40465383055945,0.00030163652214560305,78.40458251295368,-6.910917325159531e-05,78.22073751058674,2.337429620001958
458.578,78.41145381855114,0.00030184856268097783,78.41149290338262,-6.916403643794442e-05,78.22790014117145,2.3386501247331113
458.646,78.42505385603468,0.00030226905093261503,78.42394538121258,-6.926359148432238e-05,78.24108585142406,2.3408993723898055
458.68,78.43185387639342,0.00030247737441848515,78.4313028738216,-6.932267200089044e-05,78.24768500345266,2.3420230036810636
458.748,78.44545390799956,0.00030289459040835724,78.44475612303556,-6.943040800182174e-05,78.26092743360266,2.3442755695756095
458.782,78.45225391341185,0.0003031014207279888,78.45071732969458,-6.947796761684011e-05,78.26736086763356,2.3453684531010723
458.85,78.46585390163061,0.00030352418420419525,78.46454315893301,-6.95881631126908e-05,78.28069565983633,2.3476326614701652
458.884,78.47265389891083,0.00030373609162573015,78.4712491708359,-6.964175341521678e-05,78.28727653689103,2.34874895838087
458.952,78.4862539152818,0.00030416499882560127,78.48392561670576,-6.974359187034257e-05,78.30011913883956,2.350920166517957
458.986,78.49305394206058,0.00030437909158377227,78.49076516710967,-6.979880509500517e-05,78.30657003577636,2.3520102807150636
459.054,78.50665398015548,0.0003048059153906395,78.50463345673253,-6.991097541558974e-05,78.32028523660148,2.3543283174500154
459.088,78.51345397628441,0.0003050193915540348,78.51133063307309,-6.996519059005139e-05,78.32682734207054,2.355434506205127
459.156,78.52705397246936,0.00030543923722317206,78.52295423890614,-7.005932121428941e-05,78.33311089673563,2.3564976808599103
459.19,78.53385395709515,0.00030564954354369536,78.53059465689131,-7.012123552553372e-05,78.34555258739395,2.358602236703213
459.224,78.54065396466798,0.00030585950639622016,78.5361824212969,-7.016661544482225e-05,78.35184155745625,2.359664222669467
459.292,78.554254003483,0.0003062773853052782,78.54825053840676,-7.026492026028272e-05,78.36379208097453,2.3616797374477234
459.326,78.56105403070568,0.0003064874493614632,78.55526758009918,-7.032212278806907e-05,78.37016931413159,2.3627542600825353
459.394,78.57465406499796,0.0003069098733290714,78.5696342464663,-7.043905026489402e-05,78.38407349651426,2.365091908305517
459.428,78.58145405924661,0.00030712413533655737,78.57597963226131,-7.049064147077705e-05,78.39065562010795,2.3661968530854343
459.496,78.59505405446481,0.0003075537810077497,78.59034639214964,-7.06076943501867e-05,78.40433633347573,2.3684886568156234
459.53,78.60185404263848,0.0003077692293594011,78.59688253989194,-7.066117052684093e-05,78.41109306856744,2.36961947881706
459.598,78.61545407887716,0.0003081965769030573,78.60988310174726,-7.076813711420898e-05,78.42424024050523,2.371822164131087
459.632,78.62225409933731,0.00030840900955640183,78.61672521705981,-7.082476191386018e-05,78.43074512218266,2.372913321898446
459.7,78.63585411098721,0.00030882843596908194,78.62825228056799,-7.092020635908208e-05,78.44323521103944,2.3750065074988824
459.734,78.64265411342089,0.00030903804186644714,78.63397108481871,-7.09673711515738e-05,78.44876756347182,2.3759345289505616
459.768,78.64945410737694,0.0003092480364948142,78.6413881863362,-7.102845806926516e-05,78.45504987062185,2.376988099876205
459.836,78.6630541165981,0.0003096684005384765,78.656343273361,-7.115197174186614e-05,78.46923159972687,2.379365530343324
459.87,78.66985413986698,0.0003098796864954959,78.66201143727609,-7.119904730189097e-05,78.4757519347413,2.3804562198858243
459.938,78.68345416932566,0.0003103051210084956,78.67620416777223,-7.131712022591875e-05,78.48872415657688,2.3826225029066115
459.972,78.6902541678294,0.0003105198505758093,78.68305039508635,-7.137397269674824e-05,78.49577812229367,2.383800229860761
460.04,78.70385416042708,0.0003109513886819392,78.69822245758718,-7.149997170685668e-05,78.51018200824775,2.3862055755632796
460.074,78.71065416782966,0.00031116593674963014,78.70512192763451,-7.155756615642813e-05,78.5174106780562,2.387413197240437
460.142,78.72425420208624,0.0003115926626127263,78.71985889040576,-7.168148787948274e-05,78.53194393662362,2.3898438047218753
460.176,78.73105422673225,0.00031180425343049886,78.72626166119859,-7.173553534573134e-05,78.53872301659992,2.3909759995781754
460.244,78.74465423415032,0.00031222408446020483,78.7398717127802,-7.185015466524257e-05,78.55196438285088,2.3931865381826603
460.278,78.75145423947161,0.0003124341740452875,78.7474743364532,-7.191397233262349e-05,78.55906288889176,2.39437077083601
460.346,78.76505422950011,0.00031285568869406034,78.75960052500217,-7.201588312909373e-05,78.57196215429937,2.3965217388093563
460.38,78.7718542458024,0.0003130670401752601,78.76600527761951,-7.206995205539599e-05,78.57825925218002,2.397571264767787
460.414,78.77865426991927,0.00031327965838042534,78.7717029049216,-7.211819742795906e-05,78.58428276649948,2.398574262009709
460.482,78.7922542873166,0.00031370779958700103,78.78519938779776,-7.223261660844697e-05,78.59688476106086,2.4006711607726516
460.516,78.79905429824902,0.00031392348992972035,78.79137888852732,-7.228495369309909e-05,78.60328538510187,2.401734204917306
460.584,78.81265428592003,0.0003143556222605682,78.80420372548392,-7.239369182478639e-05,78.61602134012153,2.403848951471695
460.618,78.81945428738972,0.00031457020935335374,78.81069035875667,-7.244899879775098e-05,78.62231679917227,2.4048930427221125
460.686,78.83305433729176,0.0003149954141348865,78.82435701306186,-7.256630512754203e-05,78.63540603092422,2.4070595207462167
460.72,78.83985434543816,0.00031520713851655605,78.83067471948291,-7.262066741127462e-05,78.64192765340032,2.4081367588948495
460.788,78.85345436873969,0.0003156270639464107,78.84255444652744,-7.272265885619364e-05,78.65415265661998,2.410155048579997
460.822,78.86025435641676,0.0003158384741848005,78.84924354379692,-7.277990582550366e-05,78.66035747842541,2.41117586525945
460.89,78.87385434687556,0.00031626125782101055,78.86202839361931,-7.288937191147235e-05,78.67288543639077,2.413238745238503
460.924,78.8806543632299,0.00031647427079927213,78.86872818102073,-7.294696667619164e-05,78.67937936959913,2.4143072510313957
460.992,78.89425440026304,0.00031690313136535853,78.88322829292959,-7.307224824077208e-05,78.69309363748471,2.416558247579687
461.026,78.90105441524837,0.0003171184173651995,78.88978242060256,-7.312896110821565e-05,78.69994884430166,2.4176839417413056
461.06,78.90785442232682,0.00031733492925341847,78.8969688675475,-7.319108012660245e-05,78.70683066457104,2.4188156971078905
461.128,78.92145441742458,0.0003177664180276343,78.91088582079308,-7.331143164862733e-05,78.72032974701828,2.421035179502694
461.162,78.92825441203183,0.0003179810744049014,78.91782145200447,-7.337170897311773e-05,78.72737163823443,2.42219253008323
461.23,78.94185445744205,0.0003184055097695783,78.93252057226533,-7.350030565830426e-05,78.74174206420822,2.424555088736843
461.264,78.94865445836238,0.00031861676433769435,78.93864775770548,-7.35540002213169e-05,78.74841928382288,2.4256520519046987
461.332,78.96225446442271,0.00031903709943955174,78.95377789973185,-7.368605962147117e-05,78.76273357856836,2.4280078384447075
461.366,78.96905445654146,0.00031924856785955273,78.96100840585012,-7.374889308068961e-05,78.76984741707318,2.4291770294095714
461.434,78.9826544879602,0.0003196750896141153,78.97630806448198,-7.388239368246106e-05,78.78463006250956,2.4316098245808435
461.468,78.98945451634054,0.00031988869521183303,78.98357593877357,-7.394619818600758e-05,78.79195621102882,2.43281676923019
461.536,79.00305453512746,0.00032031920984303814,78.9897865777223,-7.400077813088115e-05,78.79876342760262,2.43393817050196
461.57,79.0098545458908,0.00032053520285512494,79.00391039542636,-7.412469121695392e-05,78.8122875615035,2.436169844440761
461.604,79.01665453476056,0.00032075283888455253,79.01091593418097,-7.418607181887288e-05,78.81925750064394,2.4373215951946503
461.672,79.0302545219104,0.0003211842944306845,79.02348928487899,-7.429665733773642e-05,78.83251335074075,2.4395135897462934
461.706,79.0370545305464,0.00032139865155054754,79.03039980791146,-7.435780440835436e-05,78.8389081227361,2.4405715398628147
461.774,79.05065457613412,0.0003218230066760463,79.04354856629783,-7.447455778230372e-05,78.85160309164013,2.4426682063668337
461.808,79.05745460593964,0.0003220342415443095,79.0503475817228,-7.45348951719057e-05,78.85836666263863,2.4437866254453886
461.876,79.07105462308277,0.000322456008407244,79.06387797822389,-7.465472926983423e-05,78.87145657996138,2.445950814858897
461.91,79.0778546332268,0.00032266852215708154,79.07244872147652,-7.473055875509797e-05,78.879056764485,2.4472068905438107
461.978,79.09145461135137,0.00032309419057499714,79.08689667181451,-7.485849494200794e-05,78.89402515103355,2.4496858978968294
462.012,79.09825459798627,0.0003233131862005193,79.0947402421587,-7.492803503006385e-05,78.90141434548248,2.450909133335991
462.08,79.11185460775975,0.00032374612095119776,79.10879579405828,-7.505328162302812e-05,78.90853730878969,2.4520891710001913
462.114,79.11865462796604,0.0003239631183814562,79.11624459817858,-7.511999916388365e-05,78.92285836858599,2.454463034346066
462.182,79.13225468235181,0.00032439473164804725,79.12320266397593,-7.518247403369717e-05,78.92996026085942,2.455639473107708
462.216,79.1390547076867,0.00032460902983955195,79.13662703189594,-7.530316014162856e-05,78.94349912605715,2.4578838478102547
462.25,79.14585470781697,0.00032482285207618766,79.14264378849492,-7.535726205809478e-05,78.9499062941277,2.458944039958623
462.318,79.15945471247532,0.0003252461126903537,79.155001959087,-7.546833976568528e-05,78.9624071324387,2.461010391692428
462.352,79.16625469047452,0.0003254581642385979,79.16150903566131,-7.552681475149149e-05,78.9685529163809,2.462025594886832
462.42,79.17985468896103,0.0003258834162772601,79.1759658350137,-7.565677212829089e-05,78.98195785095798,2.464242132610752
462.454,79.18665470126378,0.00032609693156156785,79.18185890117556,-7.570988754980588e-05,78.98852368648069,2.4653272901234438
462.522,79.20025475748486,0.0003265273766768818,79.19297340186777,-7.581042261853684e-05,79.0000729413685,2.467235861627217
462.556,79.20705476738128,0.0003267431474648495,79.200387360802,-7.587755959563153e-05,79.00646570715652,2.468292480953587
462.624,79.22065478158551,0.00032717808012026325,79.21625305379992,-7.602116245941946e-05,79.02117259249805,2.470721968378884
462.658,79.22745477082391,0.0003273963236187021,79.2229188027693,-7.608158859835538e-05,79.0283654301504,2.4719124119039826
462.692,79.23425475779304,0.0003276100050613943,79.22999152988095,-7.614589892750133e-05,79.03535904958885,2.4730691148228012
462.76,79.24785477346643,0.00032804227515545285,79.24471617507155,-7.628028461357826e-05,79.04926522190948,2.4753669391041844
462.794,79.25465480361628,0.00032825512719649493,79.25177655259655,-7.634500725279538e-05,79.05661172532588,2.47657982904432
462.862,79.2682548452276,0.0003286778386549786,79.2664414738149,-7.647958190493333e-05,79.0710634758431,2.4789641460790275
462.896,79.27505484709066,0.0003288903843446871,79.27337328323952,-7.654304005015842e-05,79.07814399765255,2.4801321198993875
462.964,79.28865484612797,0.00032931721013298716,79.28641098598077,-7.666206488900504e-05,79.09156788422466,2.482346513545547
462.998,79.29545482893556,0.00032953272288581447,79.29296988893448,-7.672199124005225e-05,79.09802488641827,2.4834109499604953
463.066,79.30905484002844,0.00032996574771443826,79.30823687165943,-7.686211664986976e-05,79.11229005096327,2.4857642914729223
463.1,79.31585485873947,0.00033018342479875396,79.31607074018227,-7.693438909388902e-05,79.11974198639258,2.4869945983799053
463.134,79.32265488670306,0.00033040121640937834,79.32183050738529,-7.698763845173367e-05,79.12651893305788,2.4881136555258268
463.202,79.33625491273678,0.0003308341194224533,79.33660552185808,-7.712430448970571e-05,79.14044823716024,2.490411500475577
463.236,79.34305490763943,0.00033105107458946694,79.34294775768308,-7.718294917440634e-05,79.14719788827992,2.4915253638707338
463.304,79.35665489965626,0.0003314807278344956,79.35865048258412,-7.7328280812317e-05,79.16172214969129,2.4939285726032883
463.338,79.36345488555712,0.00033169389126065657,79.36493596245022,-7.738657198507086e-05,79.16872912852311,2.495088420094005
463.406,79.37705491687993,0.00033211879160909474,79.38005966393489,-7.75272374246899e-05,79.18285266626783,2.4974311496047674
463.44,79.38385494632985,0.0003323315706603465,79.38616029629719,-7.758406219381902e-05,79.18977867574652,2.498581374665559
463.508,79.3974549947492,0.00033275928330970525,79.4000161618749,-7.771299321203721e-05,79.20317764229804,2.5008105128067184
463.542,79.40425501636004,0.00033297546656709263,79.40653288630082,-7.777358814606926e-05,79.20989406331384,2.501930936833647
463.61,79.41785501515385,0.00033341122238751247,79.4200925122829,-7.789974493860645e-05,79.22344781989057,2.5041924590021862
463.644,79.42465501747714,0.00033362989346405583,79.42594577571559,-7.79543383396084e-05,79.22961993164931,2.505223165535455
463.678,79.43145499529834,0.00033384854748140904,79.432361902368,-7.801431515848776e-05,79.2357840636794,2.5062533056737117
463.746,79.44505497734076,0.0003342833555399217,79.44412959953378,-7.812465793617005e-05,79.2478344053005,2.5082646908878083
463.78,79.45185498547804,0.0003344990732249509,79.45074735891374,-7.81869959752871e-05,79.25391570925001,2.5092789905384576
463.848,79.46545504610928,0.00033492653260361793,79.464578296774,-7.831775515061827e-05,79.26696418855597,2.51145450192614
463.882,79.47225505736382,0.00033513973848880573,79.47053715005481,-7.837409450172526e-05,79.27339321593163,2.512526721886873
463.95,79.48585509056923,0.0003355653725403285,79.48295325147161,-7.849129183154391e-05,79.28566173311182,2.5145720716102655
463.984,79.49265508159712,0.0003357796619259293,79.49052584282313,-7.856266315779773e-05,79.2924051077963,2.5156960446872074
464.018,79.49945507998405,0.0003359924365992838,79.49798672292113,-7.863298478323985e-05,79.29953203495269,2.5168831702742356
464.086,79.51305507292993,0.0003364291606243948,79.5131625090983,-7.87761896958386e-05,79.31415504462875,2.519321574288605
464.12,79.51985508733829,0.00033664744013033667,79.51974015693783,-7.883849799082053e-05,79.32126646355057,2.520506094463244
464.188,79.53345512578552,0.0003370843883898565,79.5337245528007,-7.8971621959993e-05,79.3354120503588,2.5228575457465015
464.222,79.54025513317737,0.0003373029822701922,79.54036036916115,-7.90349494937973e-05,79.34197248546454,2.5239494323892386
464.29,79.55385513207905,0.0003377346941922676,79.55472786991024,-7.917189569057876e-05,79.35569947095603,2.526235573638475
464.324,79.56065511978501,0.0003379525542100675,79.56195078034948,-7.924071252110167e-05,79.36275132523448,2.5274097644089673
464.392,79.57425514992207,0.00033838017116043147,79.57494329912548,-7.936509407356893e-05,79.37612705657217,2.529639000728699
464.426,79.58105517880465,0.000338593259883158,79.58267968354423,-7.943944060916154e-05,79.38309872519665,2.5308017293827874
464.494,79.59465520465804,0.0003390202728704997,79.59711670858913,-7.957800513993794e-05,79.39738768857602,2.533188021581716
464.528,79.60145521921721,0.00033923570306470965,79.60349313749552,-7.963902253156788e-05,79.40416965959484,2.5343197011753773
464.596,79.61505520579965,0.00033966893475184364,79.61764930484718,-7.977448153570011e-05,79.41755824348053,2.5365532648751707
464.63,79.62185520014428,0.000339887054026882,79.6248893616282,-7.984393675271999e-05,79.42473763363347,2.5377520591172695
464.698,79.63545520784159,0.00034032803119763235,79.6369188981931,-7.995976721936821e-05,79.43159792906394,2.5388981168729328
464.732,79.64225523544074,0.00034054683348420706,79.64377312904962,-8.002614186786969e-05,79.4440946859154,2.5409811232879247
464.766,79.64905526152386,0.00034076519587997807,79.64958175600376,-8.008252125111058e-05,79.45024235560336,2.5420036476523933
464.834,79.6626552758242,0.00034119697701683196,79.66307601094425,-8.021355917009125e-05,79.4630822165252,2.5441319143376995
464.868,79.66945528426045,0.0003414120078241496,79.66917647563537,-8.027270502183402e-05,79.46938090347386,2.545175774236504
464.936,79.68305526556787,0.00034184113957122774,79.68261798540084,-8.040306258355793e-05,79.48216359524768,2.5472907293868245
464.97,79.68985526310067,0.0003420549248565036,79.68960905653091,-8.04710390885542e-05,79.48893929257397,2.5484138110560557
465.038,79.70345530345975,0.0003424845433055724,79.7019588393115,-8.059149513977513e-05,79.50154869011483,2.5504995152037893
465.072,79.71025531698778,0.000342701238984951,79.70939215774034,-8.066409165376444e-05,79.50832403219025,2.5516213281531894
465.14,79.72385534108896,0.00034313693777820244,79.72345894537654,-8.080140029341219e-05,79.5220807385567,2.5538946340355553
465.174,79.73065533272889,0.00034335655274113537,79.72940936986292,-8.085944356150658e-05,79.52865833666087,2.5549808454812966
465.208,79.73745534232772,0.00034357680442362396,79.73708390512341,-8.09343876819045e-05,79.53551621227199,2.5561117387099554
465.276,79.75105533202854,0.00034401428689307686,79.75309162241179,-8.109137895381215e-05,79.55071104002592,2.5586138445274833
465.31,79.75785533656797,0.0003442333278419358,79.75930321271582,-8.115260319710778e-05,79.55775327191093,2.5597748545473227
465.378,79.77145538579686,0.0003446653659271786,79.77286886245412,-8.128656994215613e-05,79.57134303271154,2.562017709694293
465.412,79.77825540489383,0.0003448798682943383,79.77992157506782,-8.135620640748363e-05,79.57806479648995,2.5631284051178493
465.48,79.79185542701312,0.00034530890139457287,79.79448263053496,-8.149993526742283e-05,79.59200781620567,2.565432325675147
465.514,79.79865542789184,0.0003455210575942307,79.80117491293095,-8.156593352689272e-05,79.59897333835328,2.5665829183229576
465.582,79.81225540607362,0.0003459552781002334,79.81413182963523,-8.169360381240848e-05,79.6123370003649,2.5687894918702185
465.616,79.81905541046902,0.00034617443641160193,79.82034941271968,-8.17549208070237e-05,79.61855436990828,2.569816068481596
465.684,79.83265546352972,0.00034661273095456765,79.83529453095055,-8.190306978120232e-05,79.63229036044416,2.5720822411842064
465.718,79.839455473486,0.00034683320493425013,79.84214096832868,-8.197120863387849e-05,79.63930925493791,2.5732399687920244
465.786,79.85305550192065,0.0003472717664717482,79.85565470059234,-8.210579636067088e-05,79.6526851854653,2.575445957819158
465.82,79.85985549294382,0.0003474914655864038,79.86227082985778,-8.217165140198828e-05,79.65943091640105,2.576554963907705
465.854,79.86665548789843,0.000347705980627816,79.8704793241258,-8.225343282125337e-05,79.66669236419658,2.577748640041783
465.922,79.88025548669066,0.0003481403243770174,79.8844415941219,-8.239294185996154e-05,79.680838423869,2.5800693767710365
465.956,79.8870554981485,0.0003483552539887193,79.89229564346833,-8.247171167137971e-05,79.68823462698309,2.5812823013189274
466.024,79.9006555500812,0.00034878479163310026,79.90452929902362,-8.259453599155728e-05,79.70148464760427,2.583456063317827
466.058,79.90745555417762,0.00034899978124838257,79.9108610438953,-8.265802579166382e-05,79.7077789674442,2.5844899669944565
466.126,79.92105556558522,0.0003494351262398609,79.9244961713914,-8.27945145887242e-05,79.72091752296525,2.5866508790589724
466.16,79.92785554797901,0.0003496554929260828,79.9319238232351,-8.286891029901123e-05,79.72781354678808,2.587786939133963
466.194,79.93465554460163,0.0003498755191221555,79.9391631559635,-8.29415706985394e-05,79.7348884697878,2.5889550599523354
466.262,79.94825554797833,0.00035031673618620795,79.9515346290992,-8.306640245696812e-05,79.74796264323136,2.5911155609340324
466.296,79.95505557512914,0.0003505368382250568,79.95857171576844,-8.313776510309766e-05,79.75448342042185,2.592191519326634
466.364,79.96865562794436,0.00035097342725363875,79.97233980333307,-8.327762754836062e-05,79.76814253404987,2.5944422762585124
466.398,79.97545563306926,0.00035119003778702934,79.97995527749337,-8.335499532973229e-05,79.7751031233071,2.5955880587294153
466.466,79.98905564253936,0.00035162128185717165,79.99238741593136,-8.348115748282174e-05,79.78818391284366,2.597741363552748
466.5,79.99585562652835,0.00035183659094268764,79.99840646243169,-8.354220398255437e-05,79.79434549285679,2.5987558114800637
466.568,80.00945563538839,0.0003522689152674586,80.01069521683468,-8.366691127830312e-05,79.80649619103137,2.6007587372509473
466.602,80.01625565213797,0.0003524861037579343,80.01674184351651,-8.372843137533116e-05,79.81252190352585,2.6017546330138384
466.67,80.0298556816604,0.00035292214315519184,80.02988758908637,-8.386255158711384e-05,79.82491394529836,2.6038048200643393
466.704,80.0366556947771,0.00035314227350828853,80.03615272020836,-8.392646226676021e-05,79.83133311277903,2.604867365871902
466.772,80.0502556849641,0.00035358564199599804,80.05066945854443,-8.407433468047777e-05,79.83774408952173,2.6059278727445183
466.806,80.05705567575907,0.00035380657442630537,80.0570914705789,-8.413987455521167e-05,79.85162628159395,2.6082213207200127
466.84,80.06385568791005,0.0003540271635417438,80.0650627994432,-8.42215590519276e-05,79.85881115484943,2.6094054502558284
466.908,80.07745573146607,0.0003544630266705346,80.07902461332202,-8.43653959891578e-05,79.8730910114816,2.611758085286046
466.942,80.08425576062469,0.00035467937850606834,80.08641487860298,-8.444158893695376e-05,79.88014537281292,2.612919400706044
467.01,80.0978557712507,0.0003551096163781812,80.09838067011387,-8.456466396516675e-05,79.89295583754351,2.6150250202645067
467.044,80.10465577742197,0.00035532541557729353,80.10511662106232,-8.463380016278248e-05,79.89929433771941,2.6160659688038814
467.112,80.11825575246847,0.00035576057733335527,80.12133704604899,-8.480038451901057e-05,79.91404948510095,2.618490391546756
467.146,80.12505575318318,0.0003559797134684445,80.12930912860044,-8.488239594794891e-05,79.92180779248201,2.619765973801957
467.18,80.13185577000435,0.0003561992745965875,80.1355964787301,-8.494724894782841e-05,79.92894850469024,2.620941069714077
467.248,80.14545581212211,0.00035664069352242935,80.14846118349443,-8.508038524789156e-05,79.94199546837662,2.6230865490687036
467.282,80.15225583366646,0.00035686177077302064,80.15606570624438,-8.51592068369976e-05,79.94890792699479,2.624222736485465
467.35,80.16585582946617,0.00035730234597758246,80.17090562152679,-8.531305160368624e-05,79.96345075710127,2.6266106520234316
467.384,80.17265582873436,0.00035752210371925756,80.1780487386897,-8.538717573606752e-05,79.9705852893202,2.6277831834985976
467.452,80.18625581808153,0.00035796039294106884,80.19119402863097,-8.55239725909296e-05,79.98382726268609,2.6299582866317257
467.486,80.19305583731612,0.00035817669935186503,80.1981232309212,-8.559634289772576e-05,79.99066509538801,2.6310808461316477
467.554,80.20665588694585,0.0003586084610857368,80.21166026250346,-8.573785729055221e-05,80.00384027024612,2.6332441081084785
467.588,80.21345590864694,0.00035882371978377374,80.21835569070618,-8.580775340903079e-05,80.01069127924218,2.6343700496447453
467.622,80.22025592218162,0.00035904153283469596,80.2256042243771,-8.588332881413609e-05,80.01762201649477,2.6355078633752447
467.69,80.23385591711029,0.00035948041800439436,80.24088260802313,-8.604250644495076e-05,80.0317716563779,2.6378332675595333
467.758,80.24745589166051,0.0003599240752789223,80.25600404685594,-8.620046215269915e-05,80.0468949683279,2.6403189525643396
467.792,80.25425589256295,0.0003601456513921679,80.26311586429853,-8.627503555441126e-05,80.05432859939977,2.641542072717226
467.826,80.2610558974203,0.0003603675861664894,80.26993591035365,-8.634674964357735e-05,80.0613988914805,2.6427037459844165
467.894,80.27465594598114,0.0003608090360249806,80.28333838742948,-8.648827312667681e-05,80.07477273669821,2.644898695686774
467.928,80.28145597908544,0.00036102832837369363,80.2897360990574,-8.655595117155982e-05,80.08138364384402,2.6459856601159677
467.996,80.2950560008716,0.00036146264327322874,80.30353954526979,-8.670194156927094e-05,80.09470543072582,2.648172399278276
468.03,80.3018560155202,0.00036167930992723763,80.31061173280325,-8.6776673673405e-05,80.10159035363763,2.649301609701818
468.098,80.31545599721923,0.00036211111605602376,80.32433144425501,-8.692165145562567e-05,80.11544498818695,2.651573970457167
468.132,80.32225598840337,0.0003623292475553524,80.33026957468817,-8.698440619963042e-05,80.12174029290972,2.652607115277969
468.2,80.33585599148836,0.0003627701425374475,80.34407566059323,-8.713046438340185e-05,80.13498970444802,2.654784143697461
468.234,80.34265601501549,0.0003629911056455327,80.35020309932895,-8.719556084841423e-05,80.14132515519955,2.655824378146446
468.302,80.35625605955003,0.00036343496743015795,80.36356843535962,-8.73379187458591e-05,80.1540833755676,2.6579205116293694
468.336,80.3630560749748,0.00036365572491450614,80.37064820826252,-8.741336161195563e-05,80.1608872250375,2.6590384539175034
468.404,80.37665606977839,0.00036409977417191006,80.38408782383156,-8.755653331863788e-05,80.17465656782797,2.661306888180481
468.438,80.38345606540646,0.00036431992407388414,80.39161550538007,-8.763685333408323e-05,80.18144882848485,2.6624238762709433
468.506,80.39705606936819,0.0003647575930554763,80.39881327204981,-8.771379760841607e-05,80.18848274306211,2.663581212426752
468.54,80.40385609511378,0.0003649745037446207,80.41311691857676,-8.78671343509448e-05,80.20259234652221,2.665900389628641
468.574,80.41065610740961,0.00036519161183386163,80.41991618189515,-8.794020416767227e-05,80.20950895044437,2.6670337835629563
468.642,80.42425612512683,0.0003656251301720518,80.43389246075533,-8.809024694925889e-05,80.22294506724798,2.6692382840636912
468.676,80.43105611649746,0.00036584425946856305,80.44113856898585,-8.816779531177847e-05,80.2301298249989,2.6704184873313577
468.744,80.44465610836059,0.0003662864237984868,80.45435275516506,-8.83091965631978e-05,80.24395438280334,2.672692055416302
468.778,80.45145611758232,0.0003665092084861117,80.46004814848587,-8.837041492517379e-05,80.25002789226532,2.6736908933748404
468.846,80.4650561724829,0.0003669539394182079,80.47365688562016,-8.851748805125981e-05,80.26288567410916,2.675804888719878
468.88,80.47185618958017,0.0003671767638803129,80.47937778276857,-8.857941771568621e-05,80.26903880962111,2.67681540047314
468.948,80.48545620814043,0.00036761727907902767,80.49303991548796,-8.8727219820539e-05,80.28208181263291,2.6789612543799306
468.982,80.49225619888082,0.00036783791054157013,80.4999940438741,-8.88024163087887e-05,80.28869156164453,2.68005181490892
469.016,80.49905619562576,0.0003680568237380979,80.50569970464434,-8.886417321706379e-05,80.29494563599852,2.6810797987439083
469.084,80.51265619798637,0.00036849255704437406,80.52061554694241,-8.902594567958414e-05,80.30867143226138,2.6833362064018127
469.118,80.51945621578719,0.0003687099438282994,80.52766131850477,-8.910252531099245e-05,80.31568479515069,2.6844897998019377
469.186,80.53305625929511,0.0003691466229295421,80.54165092568037,-8.925461339136175e-05,80.32957747313063,2.6867718631532087
469.22,80.53985626849858,0.0003693671685649625,80.54777258008457,-8.932112314099613e-05,80.33612954641283,2.6878471861333266
469.288,80.55345627028615,0.00036980914566061825,80.5612313566135,-8.94672696290095e-05,80.34940983388763,2.6900251754428286
469.322,80.56025625533496,0.00037003348158263133,80.56656536802407,-8.952523735162893e-05,80.35534252338685,2.6909973741684734
469.39,80.57385624745093,0.0003704813749958369,80.58105520234011,-8.968321994014998e-05,80.36867488300686,2.69318267050362
469.424,80.58065626618054,0.0003707038211641937,80.58686557710942,-8.974688531993137e-05,80.37497607831084,2.6942145832952527
469.492,80.59425631717458,0.0003711450892203593,80.60007352594577,-8.989198950661878e-05,80.38767839903366,2.6962901282459084
469.526,80.60105634279228,0.00037136273751021823,80.60516099714711,-8.994789134551247e-05,80.39354934750975,2.6972485413941176
469.594,80.61465634878547,0.0003717994705297778,80.61883087069991,-9.009789379316246e-05,80.40620334442855,2.6993114882824734
469.628,80.6214563534116,0.0003720176098956804,80.62575962493992,-9.017384897652461e-05,80.41281215337837,2.7003880832811733
469.662,80.62825634217157,0.0003722367138479757,80.63290673175783,-9.025222253614114e-05,80.41964500218675,2.7015005747620773
469.73,80.64185634890269,0.0003726765565470601,80.64580503647409,-9.039388725442125e-05,80.43265416976756,2.7036156418406243
469.764,80.64865637067604,0.00037289810041751136,80.65343825867741,-9.047800666242246e-05,80.43965063525062,2.7047520760698553
469.832,80.66225639683147,0.000373343261578066,80.66767955473588,-9.063539634110149e-05,80.45391463211215,2.7070670007112683
469.866,80.66905639840341,0.00037356699913101754,80.67420732167838,-9.070754994986563e-05,80.4606598133933,2.7081608022747075
469.934,80.68265638973038,0.0003740147930772188,80.68783843145026,-9.08581821780815e-05,80.47411775333133,2.7103456592277975
469.968,80.6894563968744,0.0003742368465201142,80.6950638013939,-9.093827557734788e-05,80.48096537182239,2.711456052595576
470.036,80.70305643466348,0.0003746774992022455,80.70936331084583,-9.109762993801855e-05,80.49482776656698,2.71370312598567
470.07,80.70985645480539,0.0003748965572510861,80.71603034594195,-9.117211042392247e-05,80.50176679501672,2.714827955952265
470.138,80.72345646510352,0.0003753322628284638,80.73100086064399,-9.13389857499576e-05,80.51611852176171,2.7171518406253945
470.172,80.7302564654667,0.00037555148455658296,80.73720881116323,-9.140797449500154e-05,80.52291243484272,2.7182517043577175
470.24,80.7438564550253,0.0003759921593664385,80.75035133451296,-9.15541902922096e-05,80.53606745253808,2.720379778845089
470.274,80.75065647167499,0.00037621390945844375,80.75690030451884,-9.162736486462482e-05,80.54249987781107,2.7214186126247264
470.308,80.75745649861632,0.00037643633579319036,80.7629529646294,-9.169518336423902e-05,80.54875088596046,2.7224279751501514
470.376,80.77105651409647,0.0003768835610117218,80.77730664381563,-9.185622503267794e-05,80.56232094507317,2.724618877999471
470.41,80.77785652682283,0.00037710779531032823,80.78406014493873,-9.1931960778787e-05,80.56904701853016,2.7257044177996366
470.478,80.79145651498986,0.00037755531641053494,80.7972551789318,-9.208008332966596e-05,80.5820152567089,2.727796773022001
470.512,80.79825651347281,0.00037777709146815573,80.80429334139839,-9.215940219567319e-05,80.58885640955354,2.7288994896543635
470.58,80.81185656390507,0.0003782167114269546,80.81774287735207,-9.231165938587277e-05,80.60225061093671,2.731050929973062
470.614,80.81865657019743,0.0003784357635512638,80.82325234532884,-9.237410190133102e-05,80.60846949496654,2.732049092241425
470.682,80.83225659342592,0.0003788729535467775,80.83676221201272,-9.252688431757421e-05,80.62104395276792,2.7340693096033166
470.716,80.83905657951333,0.000379092965315934,80.84397911452339,-9.260831756601116e-05,80.62794486683273,2.7351781139658664
470.784,80.85265657663909,0.0003795361723397544,80.8564780349688,-9.274953260046228e-05,80.63460459707572,2.7362461190059784
470.818,80.85945659196078,0.0003797592697568296,80.86362418034612,-9.283063435396098e-05,80.64757033988987,2.73832240948831
470.886,80.87305662940093,0.0003802073065685884,80.87692993485547,-9.298217608097838e-05,80.66046631344912,2.740389582736221
470.92,80.87985664727026,0.000380431444040555,80.88413928807655,-9.306435718742912e-05,80.6675053511921,2.741519325102404
470.954,80.88665664933765,0.0003806563741857518,80.89109114647015,-9.314356803989934e-05,80.67448680086625,2.742640806094341
471.022,80.90025664686853,0.00038110244482797396,80.90513679584147,-9.330371769304257e-05,80.6882519610346,2.744850354101499
471.056,80.90705664376117,0.0003813239492750026,80.91204639964675,-9.338276257595325e-05,80.6952076126499,2.7459681374089064
471.124,80.9206566846447,0.0003817634198399627,80.92535934810812,-9.35356663159782e-05,80.70871131302933,2.7481397794882585
471.158,80.92745669941901,0.0003819822107826936,80.93240744425849,-9.361668425826944e-05,80.71543170536002,2.7492210225599973
471.226,80.94105671262753,0.00038242196251729593,80.94610122390188,-9.377374098027964e-05,80.7288088165218,2.7513732954151275
471.26,80.94785670943676,0.0003826401411256663,80.95294124317222,-9.385203331303969e-05,80.73566991139015,2.7524770591943275
471.328,80.9614567062386,0.00038308833025394823,80.96666611866802,-9.400925212319954e-05,80.74918185384092,2.754651741137204
471.362,80.9682567198838,0.00038331272241161243,80.9730850713964,-9.408308086698565e-05,80.7558312115461,2.755724264145593
471.43,80.98185676023874,0.0003837620671934934,80.98782044981603,-9.425328638348536e-05,80.76279648784742,2.756846729249273
471.464,80.9886567740589,0.0003839868987480042,80.99463139936125,-9.433206226380685e-05,80.77679730019341,2.7591057458896575
471.532,81.00225677170157,0.00038443222675873194,81.00107080883122,-9.440648194780721e-05,80.78345084074702,2.760178868117513
471.566,81.0090567592438,0.00038465562967282036,81.0142465375983,-9.455870411282004e-05,80.79647440012374,2.762282992063991
471.6,81.01585676775218,0.0003848781222698644,81.02077795453144,-9.463429451501395e-05,80.80298015861796,2.7633348352038074
471.668,81.02945680471694,0.0003853172449296056,81.03297373475884,-9.477602500952283e-05,80.81532079972163,2.7653280266742426
471.702,81.036256830183,0.0003855365987848863,81.0387998404902,-9.484382120598974e-05,80.82132958529476,2.7662981700513467
471.77,81.0498568332313,0.00038597623893938375,81.05204722592794,-9.499758798200029e-05,80.83371634418954,2.7682959644206613
471.804,81.05665683565584,0.00038619869005006383,81.05895666913464,-9.507756877489755e-05,80.84041995968137,2.769377348379292
471.872,81.07025682471019,0.0003866491993025991,81.07157921377079,-9.522391341888977e-05,80.85294498439556,2.7713969885880885
471.906,81.07705684708775,0.00038687428357086264,81.0798317399212,-9.532006194405537e-05,80.86022438990003,2.772568536926555
471.974,81.09065689047175,0.0003873243656394188,81.0871113549372,-9.540516931468717e-05,80.86762249741429,2.77375992343703
472.008,81.09745688998599,0.0003875493436644292,81.1007034961895,-9.556429714231887e-05,80.88152368702623,2.7759967770535514
472.042,81.10425689678752,0.00038777119652884823,81.10707654628227,-9.563881246915083e-05,80.88814603624772,2.77706395386122
472.11,81.11785688044309,0.0003882174104547007,81.12378771536903,-9.583412409376629e-05,80.90309270590103,2.7794771693832803
472.144,81.12465688794819,0.00038843924510040945,81.13117936760261,-9.592068385883618e-05,80.9108470882219,2.780729239905631
472.212,81.13825693899942,0.00038887866594670197,81.14471338504703,-9.607980536809672e-05,80.92483432587507,2.7829864922438787
472.246,81.14505695326883,0.00038909934555219597,81.15119035603728,-9.615600852692112e-05,80.9315794041016,2.784074870775606
472.314,81.15865696489351,0.0003895410333553024,81.16381983047457,-9.63042054385788e-05,80.94443289564103,2.7861495461376338
472.348,81.16545695166968,0.0003897657307306596,81.17028236732806,-9.637985354778945e-05,80.95073748942991,2.7871677238867503
472.416,81.17905694085181,0.0003902163653667757,81.18249406438845,-9.652309521262988e-05,80.9632477486771,2.789187022736123
472.45,81.18585693533917,0.0003904434423325006,81.18890369591553,-9.659862609880713e-05,80.96930738439252,2.7901636380397186
472.518,81.19945697856822,0.0003908946147961073,81.20227433950856,-9.675683814430305e-05,80.98189364984395,2.792194917250753
472.552,81.20625702003382,0.0003911183588228995,81.208935497201,-9.683576741545795e-05,80.98857529184647,2.7932735276956455
472.62,81.21985705185413,0.00039156338948004315,81.2217704035105,-9.698784325042956e-05,80.99509304389332,2.794325110421562
472.654,81.22665706790883,0.00039178498157402703,81.22879543872372,-9.707109913230246e-05,81.00811904617633,2.7964260147176256
472.688,81.23345705919265,0.00039200619362432656,81.23516744015092,-9.714659994540645e-05,81.01465834662777,2.797482034172656
472.756,81.24705705107056,0.0003924480148985372,81.24925878640106,-9.731352615645911e-05,81.0282634267355,2.7996758419297976
472.79,81.25385702659634,0.00039267033203624905,81.2562145009158,-9.739592839838328e-05,81.03507358263933,2.8007716715097133
472.858,81.26745702864486,0.00039311654134640525,81.2685183132033,-9.754197896461951e-05,81.04790713353265,2.8028375253394833
472.892,81.27425703237547,0.0003933414626467822,81.2749541380915,-9.76186262191172e-05,81.05413547416333,2.8038415980088103
472.96,81.2878570998633,0.0003937929359106473,81.28735091909029,-9.776655960062253e-05,81.06636384210194,2.8058121206302156
472.994,81.29465711677945,0.00039401987642816687,81.29407917973063,-9.784690750724765e-05,81.07279108560728,2.806846113975211
473.028,81.30145713575797,0.00039424524875684725,81.30000782911125,-9.791779448566793e-05,81.0790218300247,2.807849925369635
473.096,81.31505715724369,0.0003946955322219049,81.3122689362267,-9.806466494113553e-05,81.09106874267236,2.809791885704773
473.13,81.32185715852083,0.000394916026684543,81.32005126846637,-9.815798670967123e-05,81.0978606954925,2.8108868481126814
473.198,81.3354571380808,0.00039536101529841813,81.33402961470007,-9.832556256656239e-05,81.11181491468908,2.813134633339001
473.232,81.3422571310672,0.000395581327937925,81.34194066153505,-9.842038110605245e-05,81.11909479995852,2.814304172822244
473.3,81.35585713714669,0.0003960259657802522,81.35730372622349,-9.860484383767464e-05,81.13418590222554,2.8167241061194916
473.334,81.3626571626193,0.00039624852282692485,81.36457354277941,-9.869233753420155e-05,81.14156633105817,2.817906841145096
473.402,81.37625721006873,0.00039669732668294307,81.37877692466527,-9.886330785805828e-05,81.15575941551654,2.820178992095936
473.436,81.38305722275601,0.0003969216627107241,81.38695993799728,-9.896178644110323e-05,81.16329110814897,2.821383388475629
473.504,81.39665722202216,0.00039737639328406223,81.40016401507593,-9.912074657901138e-05,81.17732234545835,2.8236286692619594
473.538,81.40345721489321,0.00039760329788874927,81.40742572951626,-9.920833332525027e-05,81.18421906959239,2.824730722892671
473.572,81.41025720774111,0.00039783003759219266,81.41369607022683,-9.928410452999854e-05,81.19087654644997,2.8257932217596964
473.64,81.42385720314148,0.00039827900630463165,81.428127272197,-9.94589505135699e-05,81.20460195225382,2.827978464826072
473.674,81.4306572243116,0.0003985018087915771,81.4341212123589,-9.953178084387055e-05,81.21118419862937,2.829024078944237
473.742,81.4442572791327,0.0003989448014707069,81.44849852241283,-9.970664486889834e-05,81.22474038451756,2.831173546633759
473.776,81.45105730605329,0.0003991649312213859,81.45519189263756,-9.97879946475294e-05,81.23159502043143,2.8322596900357095
473.844,81.46465731463319,0.0003996101860631976,81.46791718613935,-9.994244515509142e-05,81.24488616678686,2.834364176756351
473.878,81.47145732063603,0.0003998345348875321,81.47625258746511,-0.00010004354699959505,81.25183557045925,2.835462902280963
473.946,81.48505729074455,0.00040028511314719057,81.49042710956896,-0.00010021572655499821,81.26628385310471,2.8377461484294475
473.98,81.4918572874981,0.0004005142792947761,81.49815803264657,-0.00010030980746074087,81.27348248715253,2.8388819034858774
474.048,81.50545732644524,0.0004009685392121074,81.51398187233576,-0.00010050316288231267,81.28871171955181,2.84128197360935
474.082,81.51225734777148,0.00040119473578486306,81.5216139919135,-0.00010059679266909556,81.29636616550881,2.8424874746136775
474.116,81.51905737787392,0.0004014199861148285,81.52834191559535,-0.00010067940193525251,81.30358683366185,2.843622875288614
474.184,81.53265739033448,0.00040186655001848396,81.54308944910032,-0.00010086040178617407,81.31820820482986,2.8459187763858114
474.218,81.53945739600987,0.0004020896530184505,81.54927256461922,-0.00010093618989761316,81.32483843613021,2.8469611429691772
474.286,81.55305737628265,0.00040253472821208554,81.56238195470812,-0.00010109690609264159,81.33761021585129,2.848968974633687
474.32,81.55985737919806,0.00040275770594963735,81.56918176491044,-0.00010118034145085796,81.34428736672487,2.850018426972957
474.388,81.5734574241761,0.00040320454984864464,81.58265893315578,-0.00010134615050103514,81.35775669441985,2.8521372750544978
474.422,81.5802574274498,0.0004034293226747052,81.58898990548342,-0.00010142413377167429,81.3641755238596,2.85314770432716
474.49,81.59385743431777,0.0004038830034044703,81.60314401894627,-0.000101598270519824,81.37732743571816,2.855220393529346
474.524,81.60065742713637,0.00040411125386762855,81.61021307612481,-0.00010168517355333484,81.38443724937532,2.8563406687112343
474.592,81.61425743290062,0.0004045669363396222,81.6238667791215,-0.00010185353852518053,81.39842006981594,2.8585406113348193
474.626,81.62105745065678,0.0004047933501679811,81.63110775140831,-0.00010194331887812174,81.40523256406162,2.859613099881273
474.694,81.6346574988464,0.00040524205952162395,81.6450543556581,-0.00010211661682640841,81.41896112910234,2.8617695974992317
474.728,81.64145751608719,0.0004054652543718141,81.65346172916549,-0.00010222098678589398,81.42647604334603,2.862950235906843
474.762,81.64825751355737,0.0004056873365307281,81.66100912424807,-0.00010231455076328224,81.43410952358765,2.8641487408646062
474.83,81.66185750871675,0.0004061320901385511,81.67419588127326,-0.00010247787234879864,81.44798376556668,2.8663273347283704
474.864,81.66865749862673,0.00040635514880428515,81.68092332359079,-0.00010256124087938998,81.45468091155165,2.8673768883064734
474.932,81.68225751880343,0.0004068066793894134,81.69397644011057,-0.00010272338548001053,81.46785663459825,2.8694427687866098
474.966,81.68905755130083,0.0004070331028463976,81.70016755984236,-0.00010280046881663055,81.47414133736713,2.870427413771893
475.034,81.70265757609697,0.00040748827370081295,81.71291412117625,-0.00010295931572174431,81.48648710527141,2.8723587371238173
475.068,81.70945758500729,0.0004077168884379688,81.71997305323045,-0.00010304733516133445,81.49317049584222,2.8734027946466534
475.136,81.72305757378452,0.0004081696221520987,81.73373074303922,-0.00010321906699476056,81.50674423173477,2.8755195305679733
475.17,81.72985756072711,0.00040839894597527725,81.74051086446507,-0.00010330383193997544,81.51349856903533,2.8765713185439887
475.238,81.74345758253881,0.000408846859855652,81.75358790356701,-0.00010346788637451039,81.52656959781459,2.8786096475116882
475.272,81.75025760665093,0.0004090699943811826,81.75999515523331,-0.00010354844941185039,81.53305157772773,2.879621109798349
475.34,81.7638576499005,0.00040951441724886223,81.77453191955206,-0.0001037311240460266,81.54663182338237,2.88173681199581
475.374,81.7706576695473,0.00040973765674612674,81.78196096247274,-0.00010382432517728183,81.55390104508233,2.8828673136651433
475.442,81.78425765860808,0.0004101887320130728,81.78892077727048,-0.00010391154843647408,81.56102237881194,2.883975648805701
475.476,81.79105765808532,0.00041041594277621573,81.80265613154515,-0.00010408372662999787,81.57509018480306,2.886162372664503
475.51,81.79785763557534,0.0004106446882865566,81.81004442500355,-0.00010417652847094685,81.58194882589511,2.887227221242382
475.578,81.81145764481897,0.00041110165130671335,81.82401241362926,-0.0001043525811896004,81.5957415624595,2.889371338944245
475.612,81.81825764949212,0.0004113301730377467,81.83171606715452,-0.00010445002697797472,81.60299426028794,2.8904988118645054
475.68,81.83185771723346,0.00041178391628982156,81.84501250245428,-0.0001046185586138036,81.61661668061555,2.8926163918871715
475.714,81.83865773455028,0.00041201018551745153,81.85089739327415,-0.00010469319296853363,81.62305993413494,2.8936155353386876
475.782,81.85225776465704,0.00041245667030471203,81.86434681528303,-0.00010486381350649967,81.6360067217178,2.895621792806364
475.816,81.85905775626911,0.0004126806667806841,81.86944246125898,-0.00010492840234836573,81.64196288420594,2.8965449962509258
475.884,81.87265774479351,0.00041312826010785194,81.88228176899895,-0.00010509106479733022,81.65391980272001,2.8983976893750736
475.918,81.8794577287961,0.00041335371597297046,81.88915742814477,-0.00010517820947164287,81.660484991552,2.899414486771948
475.986,81.89305775553565,0.00041380673414847765,81.9020554858656,-0.00010534210285399706,81.66684028825932,2.9003984974883594
476.02,81.89985779094233,0.000414034522897436,81.9082092323465,-0.00010542056565655375,81.67966900305497,2.902383376866944
476.054,81.90665780183087,0.0004142632495960316,81.91522626273397,-0.00010551011853506872,81.68621694441164,2.9033949999337056
476.122,81.92025783345525,0.0004147211739528706,81.92952055633644,-0.00010569260716732155,81.69993624148415,2.9055118621204583
476.156,81.92705782635178,0.00041494912939473637,81.93692917050633,-0.00010578721591135604,81.70711193139734,2.9066193070137767
476.224,81.94065781378787,0.00041540262931215696,81.95136269945404,-0.00010597183106759631,81.72126209946659,2.9088039908588708
476.258,81.94745780058072,0.00041562753162669824,81.9575615491229,-0.00010605123960936179,81.72810166130331,2.9098593114407496
476.326,81.96105781440448,0.0004160774124271618,81.97329967097617,-0.0001062532052305987,81.74285109199367,2.912138891679894
476.36,81.9678578351763,0.0004163006880994821,81.97958773088958,-0.00010633399375794268,81.74977999778991,2.913210681528817
476.428,81.9814578920262,0.00041674998764293185,81.99231476174961,-0.00010649746018237369,81.76280952831176,2.915222353086646
476.462,81.9882579004821,0.0004169751276932512,81.99844097542976,-0.00010657613819294178,81.76898478615603,2.916176105299207
476.496,81.99505791576898,0.00041720237654230697,82.00565159086975,-0.00010666875185277637,81.77552794249449,2.917186492597852
476.564,82.00865791196253,0.00041765965766843205,82.01846178908427,-0.0001068333857223622,81.78845488110605,2.919184531839685
476.598,82.01545790926116,0.0004178876413447215,82.02491200419752,-0.0001069163858411593,81.7948768914196,2.920173806475407
476.666,82.02905789976136,0.00041834918242632837,82.03837835905522,-0.00010709007664786295,81.80800146599516,2.922197748903559
476.7,82.03585791473239,0.0004185769231871014,82.04438976536125,-0.00010716791728368915,81.81432672811836,2.9231731600538753
476.768,82.04945796595075,0.0004190298959269032,82.05775750945166,-0.0001073414469234453,81.82764272585551,2.9252264296571844
476.802,82.05625798137893,0.00041925367986745613,82.0654307118158,-0.00010744105374829083,81.83435322218133,2.926258073183007
476.87,82.06985799551525,0.0004197023687674863,82.07902134875157,-0.00010761718553014135,81.84779432821593,2.9283291034573002
476.904,82.07665799027028,0.00041992697159895677,82.08503985443234,-0.00010769508986572842,81.85434458436781,2.9293381940151932
476.972,82.09025796628582,0.00042037939315493517,82.09830997343889,-0.00010786698693631303,81.86702536527936,2.9312899679123396
477.006,82.09705796468533,0.00042060666239049545,82.10520742272394,-0.00010795650246004576,81.87383348170052,2.932335776570312
477.074,82.11065797827459,0.0004210649071918865,82.11981102709998,-0.000108146562286966,81.88782907376607,2.9344826007599645
477.108,82.11745800766495,0.0004212945645196148,82.12591659880802,-0.00010822621114358889,81.8945811728504,2.935519723303819
477.142,82.12425803368441,0.0004215241161169916,82.13190028540843,-0.0001083043232725074,81.90086074417384,2.936482988718244
477.21,82.13785807051548,0.00042198278188094573,82.14594307165044,-0.00010848788160816606,81.91428358456027,2.938538288954192
477.244,82.14465808349355,0.00042220880066751355,82.15216619877928,-0.00010856933965137214,81.92071571946046,2.939520681381951
477.312,82.15825807237249,0.00042266228442937467,82.1656271669362,-0.000108745537465408,81.9338223642766,2.9415247969753233
477.346,82.16505807674382,0.0004228874464858877,82.17215808184933,-0.0001088310145178518,81.94033133701218,2.9425204928206745
477.414,82.17865806689316,0.0004233377283902446,82.18590055275737,-0.00010901099404230682,81.95367565310265,2.944562557494525
477.448,82.18545808866425,0.00042356289738237636,82.19340076537769,-0.0001091094296076952,81.9606877654276,2.945633881491018
477.516,82.19905813461428,0.0004240165058650645,82.20532822478133,-0.00010926612931302949,81.97331482020594,2.9475657910039246
477.55,82.20585814441323,0.0004242444100667178,82.21193078620499,-0.00010935285991694033,81.9797065725573,2.948543207492535
477.618,82.21945815603645,0.00042470551793048864,82.22510066082518,-0.00010952583067096567,81.99256074049092,2.9505018456855674
477.652,82.22625814823915,0.00042493365564846006,82.23232157175433,-0.00010962082226527601,81.99938146373967,2.9515367206955077
477.686,82.23305814315135,0.0004251641779787213,82.23945349350684,-0.00010971477453884478,82.00635447646435,2.9525921486826254
477.754,82.2466581548998,0.00042562444806737166,82.2510372191414,-0.00010986775984521031,82.0189158012697,2.954494469233007
477.788,82.25345817675618,0.00042585153919686363,82.25740676760003,-0.00010995219507080741,82.02497199809903,2.955412722368874
477.856,82.26705820993278,0.000426302618716606,82.27161533603152,-0.00011014073910531985,82.03804762971984,2.9573994538192934
477.89,82.2738582012586,0.0004265279644969581,82.27802802681718,-0.00011022569347611827,82.04483744806348,2.9584278997351006
477.958,82.28745819260166,0.00042697970111741827,82.29065643368497,-0.00011039264032289204,82.05744711343061,2.96033450244675
477.992,82.29425819855166,0.0004272058625965208,82.29714996770835,-0.00011047862529133349,82.06393211871568,2.9613141143654453
478.06,82.30785823711464,0.0004276622304751187,82.31210401703383,-0.0001106773637623792,82.07805960492979,2.9634498252843393
478.094,82.31465826376137,0.0004278921264046636,82.31842272535131,-0.0001107614989420089,82.08482428118118,2.964473157961758
478.162,82.32825827592008,0.00042835298347093014,82.333234034597,-0.00011095862571791555,82.09879995013647,2.966579481563039
478.196,82.33505828451732,0.0004285840785736978,82.33938018955038,-0.00011104042641894136,82.10558590289675,2.9676004958556943
478.264,82.34865827097603,0.0004290440766299306,82.35357310628675,-0.00011122977181726296,82.11919192210682,2.969644015955202
478.298,82.35545826281748,0.0004292723585080194,82.35946388006717,-0.00011130862350032597,82.12571048749194,2.9706205744997796
478.332,82.36225827684905,0.00042949935980882777,82.3667981331966,-0.00011140699342627144,82.13240552403198,2.9716211884850816
478.4,82.37585832521188,0.0004299512843118859,82.3809680151961,-0.00011159728321839005,82.14629478255264,2.9736985302788383
478.434,82.38265834778221,0.0004301750312288422,82.38778400824756,-0.00011168877316139263,82.1531828157878,2.9747299850853177
478.502,82.39625834444413,0.0004306280918355979,82.40126412882874,-0.00011186940410168234,82.16665323292406,2.9767435087587395
478.536,82.40305834495842,0.00043085634738512915,82.40850029880815,-0.00011196630707846933,82.17354360994413,2.9777710837822284
478.604,82.41665832855381,0.0004313158903420998,82.421997031036,-0.00011214738411409716,82.18730643302058,2.9798241780634664
478.638,82.42345833313908,0.000431547158518155,82.42819894863744,-0.0001122308757324811,82.19369095968277,2.980774873845533
478.706,82.4370583868645,0.0004320096753631385,82.4393482702143,-0.00011238146913204934,82.20529337190486,2.982501357638619
478.74,82.44385842002498,0.000432240767493354,82.44692730813293,-0.00011248398832508166,82.21174943565609,2.98346195675002
478.808,82.45745844848122,0.0004326984161513875,82.46155790991291,-0.00011268201412864002,82.22572898361456,2.985544123160382
478.842,82.46425846645339,0.0004329262583607881,82.4686559889263,-0.00011277812731401672,82.23289405950118,2.9866112195926418
478.876,82.47105845688509,0.0004331532077568079,82.47642095449265,-0.00011288336645241593,82.24024431170555,2.9877051565291106
478.944,82.4846584420228,0.00043360405976051466,82.4899152153892,-0.00011306630066283936,82.25453609968578,2.989825144558969
478.978,82.49145841799456,0.00043383097234882603,82.4971776716718,-0.00011316457634098723,82.26132127788762,2.9908305961051203
479.046,82.50505842769773,0.00043428709163990167,82.51070435967999,-0.0001133477021727313,82.27497517445154,2.9928545425685775
479.08,82.51185845419415,0.0004345160831426791,82.5164544800967,-0.00011342583454244632,82.28122144790163,2.9937791723046328
479.148,82.52545851027219,0.00043497739124374516,82.53008610510054,-0.0001136113826389633,82.29391584086942,2.9956583805656822
479.182,82.53225852541614,0.00043520842644931973,82.53571801598505,-0.00011368803521310377,82.30025135330813,2.9965951933170434
479.25,82.54585854846414,0.0004356726310714818,82.5509575947956,-0.00011389554304007853,82.31396282700358,2.9986215688342885
479.284,82.55265854610832,0.00043590104350608804,82.5569993216538,-0.00011397798040392811,82.32081908976572,2.9996326275295475
479.352,82.56625852225716,0.0004363601939168688,82.57262539766792,-0.00011419152127559347,82.33532918476017,3.00176693785312
479.386,82.57305851154167,0.00043658804333705797,82.58053534497733,-0.0001142996543710756,82.3429848453354,3.0028928802566996
479.454,82.58665851899592,0.0004370419317625713,82.59415242384611,-0.00011448592815969573,82.35727768682058,3.004989569998904
479.488,82.59345854540848,0.000437268342765259,82.60120275063987,-0.00011458262468773876,82.36420185394385,3.0060041171187852
479.522,82.60025858593184,0.00043749513160871176,82.60845670801126,-0.0001146821919659152,82.37123897385923,3.0070360003509684
479.59,82.61385862551343,0.0004379519873720227,82.6221610510974,-0.00011487013950028507,82.38544496966594,3.009123220332767
479.624,82.6206586413832,0.0004381828378638457,82.62801289654165,-0.00011495032738599814,82.39161388099077,3.0100304034071783
479.692,82.63425864307982,0.0004386446052819513,82.6398434663406,-0.00011511260605606793,82.40319166874066,3.0117342647123917
479.726,82.64105863137166,0.0004388782764555427,82.64691728713258,-0.00011520981374727092,82.40970679870048,3.0126932472117165
479.794,82.65465860187892,0.0004393426583122771,82.65995082340307,-0.0001153892239544454,82.42291825979068,3.0146375774042844
479.828,82.66145860386331,0.00043957297797510937,82.66677570783223,-0.00011548330305430388,82.4294310065117,3.0155941481540105
479.896,82.67505863941602,0.00044003034450361314,82.67973861299159,-0.00011566258032332561,82.44260330266522,3.0175341267591107
479.93,82.68185867540033,0.0004402571284950008,82.68730596915353,-0.00011576746495327584,82.44935291841088,3.018528211437909
479.998,82.69545870498959,0.0004407093127564088,82.70104017250561,-0.00011595755117701302,82.4632864064631,3.0205815514274734
480.032,82.70225870718706,0.00044093762463567096,82.70818098632152,-0.00011605616332233255,82.47009384999318,3.021583959218648
480.066,82.70905869695265,0.000441166076669493,82.71513617086121,-0.00011615214962044941,82.47697757018065,3.022599373470657
480.134,82.72265868370135,0.0004416273767837074,82.7286618213518,-0.00011633903808603517,82.49053228090908,3.0245946567131234
480.168,82.72945869459504,0.00044185931562161837,82.73572530081576,-0.00011643686403128128,82.49735615716097,3.0255993640898766
480.236,82.74305873451407,0.00044232480684545933,82.74990859236644,-0.00011663399794183502,82.5114245628768,3.027670675033921
480.27,82.74985875633114,0.00044255529904391265,82.75709809598256,-0.00011673416993538058,82.51837460647698,3.0286967385608916
480.338,82.76345874814437,0.0004430189405470267,82.77327495891305,-0.00011695943071246911,82.53351360707913,3.0309296770166916
480.372,82.77025875094856,0.0004432497702741765,82.77946685594445,-0.00011704562506666825,82.54066575025925,3.0319830473333327
480.44,82.78385875519,0.0004437066163947874,82.79199369091542,-0.00011722040098610492,82.55350064209803,3.033874416982499
480.474,82.79065878094383,0.0004439338163923163,82.79956343492881,-0.00011732636093215842,82.56034471179713,3.034883450278728
480.508,82.79745880095707,0.0004441614115781016,82.80601836579572,-0.00011741677604586868,82.56711704771548,3.035883841864572
480.576,82.81105881084375,0.00044461609562931046,82.81832160514666,-0.00011758883618396204,82.57984771513435,3.037761418947999
480.61,82.81785881232344,0.0004448461017074546,82.82557095674093,-0.00011768996950307464,82.58638393422635,3.0387268399186453
480.678,82.83145880659437,0.000445309574655881,82.8380585534581,-0.00011786433761975684,82.59946298650476,3.04065911700506
480.712,82.8382588143208,0.00044554275325401596,82.84350483542788,-0.00011794068757073625,82.60521490997765,3.041509204597497
480.78,82.85185886295928,0.00044600895718243874,82.85648031605817,-0.00011812326414978408,82.61755976337997,3.043332666714707
480.814,82.8586588695324,0.00044624052195146044,82.86223129361996,-0.00011820428375590654,82.62351045795147,3.044210841207389
480.848,82.86545886929734,0.0004464721909129939,82.86898594280449,-0.00011829937858840817,82.62971396126306,3.0451253002090493
480.916,82.87905886398678,0.0004469333526411697,82.88355707890855,-0.00011850446611505193,82.64362578577693,3.0471744569751436
480.95,82.8858588718725,0.000447161676818556,82.88983800182861,-0.00011859303983461146,82.65021724735485,3.048145866033456
481.018,82.89945890589193,0.00044761733725731624,82.90199992932314,-0.00011876503591422227,82.66248512185155,3.0499510276030497
481.052,82.9062589298039,0.0004478452963772079,82.90898283206008,-0.00011886388390292728,82.66899945314411,3.0509099994738724
481.12,82.91985893529419,0.00044830297684396453,82.92571418105642,-0.00011910034201572213,82.68418382144226,3.0531453181912633
481.154,82.92665893980342,0.00044853442621868296,82.93245220646276,-0.00011919541190327151,82.69163891176215,3.0542448476098807
481.222,82.9402589291993,0.00044900059837069253,82.94717141723834,-0.0001194034372352262,82.70631308580141,3.056414031848487
481.256,82.94705894584352,0.0004492338586863387,82.95338342361694,-0.00011949159813117325,82.71302185625034,3.0574068333032605
481.324,82.96065898587841,0.00044970092237924057,82.96632874422019,-0.00011967594007060301,82.72589775628799,3.0593144646811927
481.358,82.96745899044187,0.0004499321246560304,82.97230933504885,-0.00011976118178561417,82.73213859090393,3.060237399682302
481.392,82.97425900256087,0.00045016342719576336,82.97806848089948,-0.00011984321193665971,82.73809801943425,3.061119147184366
481.46,82.98785899186558,0.00045062396408397117,82.99164785225285,-0.00012003657974900305,82.75115990632432,3.0630424365232756
481.494,82.99465899349826,0.0004508524298633388,82.99789966447638,-0.00012012578244621027,82.75738509136256,3.0639569596136687
481.562,83.00825904249875,0.0004513083084091234,83.01244019358668,-0.00012033381842746766,82.7706397126099,3.06590583533511
481.596,83.01505904973773,0.0004515374701293401,83.01835234149861,-0.0001204184556793671,82.77737128002293,3.066895424184063
481.664,83.028659071158,0.0004519979506176615,83.0321543841065,-0.0001206157767930985,82.79082638143205,3.068870540282534
481.698,83.0354590581996,0.0004522313509428526,83.03957461540632,-0.00012072173229016432,82.79776753993004,3.069887597824159
481.766,83.04905904866172,0.0004526987820805135,83.05306740085018,-0.00012091469708700211,82.8115727776302,3.0719081002824487
481.8,83.05585906569782,0.00045293294211438837,83.05913393600342,-0.00012100178998597342,82.81793342796205,3.072838375763941
481.868,83.06945910496252,0.0004533993118768351,83.07279547165707,-0.00012119868044291116,82.83103750605814,3.0747552386988
481.902,83.07625912116241,0.0004536305970565751,83.0792829616246,-0.00012129227926858627,82.83760180329442,3.075714426979513
481.936,83.08305912926093,0.00045386187069733006,83.08595693274005,-0.00012138847062887579,82.84415624228897,3.0766715515490213
482.004,83.09665911554765,0.0004543187569876042,83.0996630973342,-0.00012158582964746344,82.85749041884344,3.0786139408089723
482.038,83.10345911387476,0.000454550334961941,83.10608363413955,-0.00012167832817863507,82.86410690909999,3.0795762417042774
482.106,83.11705915752094,0.0004550078801131097,83.11877111218374,-0.00012186167956634255,82.87682666993764,3.081425053965803
482.14,83.12385916874977,0.0004552376577113767,83.12533502149333,-0.00012195667802277684,82.88324923203112,3.0823594838338755
482.208,83.1374591847975,0.00045570186987473895,83.137705106001,-0.00012213547928595505,82.89580749902778,3.0841851043506976
482.242,83.14425917855459,0.0004559331814103637,83.1453812482188,-0.0001222462981308322,82.90253739370416,3.085162642086432
482.276,83.15105917501198,0.00045616792368381644,83.15176738628709,-0.00012233854362740795,82.90925563075977,3.086137947078367
482.344,83.16465919001274,0.00045663910606444494,83.16650483651226,-0.00012255217678600204,82.9231766544946,3.0881576497514267
482.378,83.17145921365523,0.00045687249015432873,83.17356135266485,-0.00012265495226831383,82.93032392713512,3.0891914255476243
482.446,83.18505925111441,0.0004573361171398071,83.18708239538338,-0.0001228521139653643,82.94385513398733,3.091145632633348
482.48,83.19185924495561,0.0004575670864425205,83.19347278174847,-0.00012294516445294828,82.95054795257299,3.092112879591364
482.548,83.20545923721694,0.00045802507413440644,83.20699242405409,-0.00012314179119939152,82.96392845493726,3.094047724940085
482.582,83.21225924452744,0.0004582556383098668,83.2148418043406,-0.0001232560195445354,82.97099553523158,3.095070469032505
482.65,83.22585927865534,0.00045871499305891986,83.22741958571635,-0.00012343960817352945,82.98419779702236,3.09698624429112
482.684,83.23265930202574,0.00045894620617267047,83.23379581418354,-0.0001235327915783651,82.99063524143469,3.097921887610866
482.752,83.24625930648585,0.00045941150481205106,83.2473564579219,-0.00012373075779485942,83.00418319932501,3.099889326877106
482.786,83.2530593097871,0.0004596455725481521,83.25298465940908,-0.00012381281736631035,83.01016658957631,3.1007578972055314
482.82,83.25985929385453,0.000459881861361516,83.26032051028243,-0.00012391987116364855,83.01659857739095,3.1016905814257574
482.888,83.27345929352025,0.0004603520588372958,83.27438823377491,-0.00012412588674475122,83.03008295629222,3.103649029008842
482.922,83.28025929539429,0.00046058579911510423,83.28104030247128,-0.00012422364967142527,83.03698439336071,3.1046495563223586
482.99,83.29385936408156,0.00046104896087745495,83.29491324090716,-0.00012442777213856587,83.05050208394313,3.106606826367438
483.024,83.30065937963892,0.00046127960448917176,83.30161671768994,-0.00012452637104288643,83.05736178185971,3.1076009815413532
483.092,83.31425942173263,0.00046173822312625895,83.31542962293504,-0.0001247295615222784,83.07115528916768,3.1096014680892776
483.126,83.32105941715167,0.00046196825468890527,83.3225868955795,-0.00012483482366182575,83.07799309745086,3.11059149939014
483.194,83.33465941204675,0.00046242945431969773,83.33646213005628,-0.00012503877353773496,83.09203136822764,3.112618941257371
483.228,83.34145939321012,0.00046266300636212425,83.34289886372127,-0.00012513336512647824,83.09854196760936,3.113558958804255
483.296,83.35505938103232,0.00046313281431137814,83.35824226824077,-0.00012535921073190026,83.11258293099773,3.11558710337955
483.33,83.36185938976259,0.000463368272064686,83.36513245438445,-0.00012546095083391533,83.11987061321027,3.1166388833203755
483.398,83.37545945142189,0.00046383830984034305,83.37904341550997,-0.0001256669255015901,83.13370581742909,3.1186314233292145
483.432,83.38225947232378,0.00046407230463821363,83.3851272632856,-0.00012575708229870027,83.14035118857888,3.119589273352505
483.466,83.38905950171315,0.00046430487813308525,83.39220811918409,-0.00012586205883362682,83.1470329797654,3.1205512398296844
483.534,83.40265951207934,0.0004647667641082913,83.40542208419377,-0.00012605803356702513,83.16041904688345,3.1224790130006115
483.568,83.40945951844627,0.00046499693879534085,83.41232483933125,-0.00012616041419434822,83.167039968363,3.1234343049965494
483.636,83.42305949385496,0.0004654585539849101,83.42568605906159,-0.000126358524480749,83.18020780397211,3.125333561740446
483.67,83.42985947662335,0.000465689161242009,83.43184358400177,-0.00012644981278715973,83.18668421997889,3.126269325622806
483.738,83.44345949412357,0.0004661546308729438,83.4443572864241,-0.00012663562359995596,83.19918339096766,3.128076501089532
483.772,83.45025951680144,0.00046638880745233837,83.45092810809422,-0.0001267334071469748,83.205534275534,3.1289953364478347
483.84,83.46385955843643,0.0004668584856066668,83.465714485793,-0.00012695364873381392,83.21955888475894,3.1310249513639596
483.874,83.47065957816196,0.0004670940374947605,83.47221638527319,-0.00012705052214863824,83.22633095789642,3.13200700895759
483.942,83.48425956875298,0.00046756538764402514,83.47921849819251,-0.0001271548633217388,83.23310690759122,3.1329882948109855
483.976,83.49105956946468,0.0004677993244229555,83.49368901078734,-0.00012737074034960434,83.2475381663756,3.1350768830933093
484.01,83.49785955805335,0.00046803287250919717,83.50236653474431,-0.00012750043794335008,83.25501966603643,3.136159436071724
484.078,83.5114595941034,0.00046849544080586596,83.5157306127044,-0.00012770060450004986,83.26921445473495,3.1382147195698735
484.112,83.51825961389882,0.00046872623284922415,83.52257792412811,-0.0001278033710191047,83.27603500525358,3.139202091274661
484.18,83.53185962338465,0.000469186134775986,83.53457515718262,-0.00012798332464575754,83.28869420960574,3.1410346851631994
484.214,83.53865962456871,0.0004694184036207498,83.54182503739666,-0.00012809180965152051,83.29518860114432,3.1419733754061645
484.282,83.55225961799937,0.00046988653876173713,83.55599482676348,-0.00012830386665264957,83.3086804388025,3.1439248631221592
484.316,83.55905962517944,0.0004701223409854367,83.5619808967446,-0.00012839373128546372,83.31537776826623,3.144895368598844
484.384,83.5726596842518,0.00047059397401410277,83.57547668982413,-0.00012859711231634239,83.32848024623225,3.1467927767717403
484.418,83.57945969237524,0.00047083030283967287,83.58207328149975,-0.00012869661306834677,83.33511910059303,3.1477525796641515
484.452,83.58625970762992,0.00047106417626864187,83.58897014235973,-0.0001288006113480015,83.34181482209175,3.1487199943524407
484.52,83.5998597016969,0.00047153339682794767,83.60193660616238,-0.00012899605038985425,83.35501162399875,3.1506263404478356
484.554,83.6066596967467,0.0004717659817671041,83.60878074866278,-0.00012909931976905388,83.36154822145537,3.1515711830238256
484.622,83.62025969908983,0.0004722293681740774,83.6200414707112,-0.00012926947891554494,83.37372493338681,3.1533320126864846
484.656,83.6270597238521,0.0004724600490946989,83.62615176951162,-0.00012936196961427557,83.37949495784873,3.1541650740944487
484.724,83.64065977032472,0.00047292280876613135,83.64032645590959,-0.00012957668526101078,83.39269052869976,3.156067819085501
484.758,83.64745977063464,0.00047315610899295325,83.64680357340814,-0.00012967474421395414,83.39926574163921,3.1570145191975376
484.826,83.66105977565775,0.0004736253879190245,83.66058314265265,-0.0001298831137165882,83.4127440117018,3.15895478631292
484.86,83.66785976239859,0.00047386244467516445,83.66807727324132,-0.00012999648104239305,83.41972977014798,3.159959944369216
484.928,83.68145976199605,0.00047433681820875434,83.68195457479543,-0.00013020695556785087,83.43410837021086,3.162028705371962
484.962,83.68825977669366,0.00047457300850152945,83.68880996059809,-0.00013031133559670435,83.44071074736006,3.1629779830783815
484.996,83.6950598009868,0.00047480795081532545,83.69604120783112,-0.00013042161619613947,83.44757363387791,3.1639653852848526
485.064,83.70865983952612,0.0004752745678396355,83.71052988356129,-0.00013064263795475783,83.46166676809764,3.1659961046618825
485.098,83.71545983379691,0.00047550704965001133,83.71669860548796,-0.00013073667261151578,83.46841818406317,3.1669704939993957
485.166,83.72905982663714,0.00047596893358620775,83.73195068615877,-0.0001309690054463296,83.48253220688218,3.1690112068407372
485.2,83.73585983419999,0.00047620200698360744,83.73914083976224,-0.00013107853795632702,83.48989515354424,3.1700779493489497
485.268,83.74945986890495,0.0004766673694469701,83.75080401677612,-0.00013125663125762254,83.50272963162514,3.1719371257612603
485.302,83.75625989268336,0.00047690180008799527,83.75821777497094,-0.0001313700210621221,83.50927486404214,3.1728865986826027
485.37,83.76985989821179,0.0004773731271169298,83.77067221011166,-0.00013156042241230578,83.5220199700859,3.1747348488151026
485.404,83.77665990216501,0.0004776097560962585,83.77736083636697,-0.00013166258691072803,83.52849090691474,3.1756724572560184
485.472,83.79025987869451,0.00047808468271527926,83.79262918256443,-0.00013189616815231865,83.54278227099182,3.1777412733000476
485.506,83.79705987854732,0.0004783224066542318,83.79947951099254,-0.00013200133293023478,83.54989014927231,3.178770920289732
485.574,83.81065992674348,0.0004787908101734992,83.80601173343389,-0.00013210185897735978,83.55667536768773,3.179752954326204
485.608,83.81745994914222,0.0004790239688740262,83.81914991342957,-0.00013230427770735266,83.5698500246164,3.1816602025623237
485.642,83.82425997459863,0.00047925435302421124,83.82537432502846,-0.00013240011521416215,83.57621983921189,3.1825818563432295
485.71,83.83785997736041,0.0004797184386395286,83.83896051810487,-0.00013260906530645954,83.58967738106726,3.184528512108291
485.744,83.8446599807688,0.0004799513934086197,83.8468455707187,-0.0001327302923144947,83.59659025666669,3.185529564421407
485.812,83.85825996721839,0.0004804205751737587,83.85972314479785,-0.0001329284836703894,83.61003244267593,3.187474352549182
485.846,83.86505998201878,0.00048065628665022004,83.86654507013967,-0.00013303369024096777,83.616628693857,3.188427042834793
485.914,83.87866001792551,0.00048113107137444296,83.8797473234913,-0.00013323777101339579,83.6299410319094,3.190351889847596
485.948,83.88546002043175,0.000481367595183031,83.88545598852592,-0.00013332614844510242,83.63603235194788,3.191232162962514
486.016,83.89906002543844,0.00048184242386840366,83.89258169749213,-0.00013343645951292396,83.64243807278154,3.1921568530043776
486.05,83.90586001660931,0.00048207838077725574,83.90463067593993,-0.0001336230363482771,83.65477088251643,3.1939375016393625
486.084,83.91266001705023,0.000482312895920732,83.91135112975722,-0.0001337273257144748,83.66115360374685,3.1948582915140182
486.152,83.92626006391768,0.0004827785471969008,83.92645440319004,-0.0001339623960201822,83.6756498298089,3.196949449957121
486.186,83.933060080685,0.00048301089278471586,83.93370517395964,-0.00013407539306187628,83.68267360481647,3.1979604939887643
486.254,83.94666011017289,0.00048347502110881487,83.94666049384132,-0.00013427697952761872,83.69608556902715,3.1998884095982376
486.288,83.95346010399102,0.00048370884039952033,83.95265581074418,-0.00013437008405389384,83.70234326430801,3.2007881919549326
486.356,83.9670600924849,0.00048418097496045863,83.96514599124025,-0.00013456415240855872,83.71456250302099,3.202545403993092
486.39,83.97386009487013,0.0004844179212179174,83.97151771393777,-0.00013466338490185467,83.72086682157335,3.203452100892021
486.458,83.98746012145438,0.0004848942678255843,83.98414813136617,-0.00013486070079354233,83.73318511729723,3.205219859726734
486.492,83.9942601536402,0.00048513183700273164,83.99172946799082,-0.00013497939799002385,83.7400906711619,3.2062095886153243
486.56,84.00786017749617,0.0004856037733781668,84.00647864285264,-0.000135210409321953,83.75447115857985,3.2082712387479173
486.594,84.01466017728616,0.00048584004512476295,84.01408689866409,-0.00013532953929930352,83.76187075247319,3.209331501144318
486.628,84.02146016495627,0.000486074340756003,84.02185132481344,-0.00013545109594430133,83.76941157031564,3.210411155522212
486.696,84.03506015393133,0.0004865407900693489,84.0351803957144,-0.00013565990064995026,83.7836266184298,3.2124440534127863
486.73,84.04186016193526,0.0004867741350018988,84.04234157247305,-0.00013577224036887047,83.79040646396403,3.2134136807804348
486.798,84.05546021993007,0.00048724053365940996,84.05788101611603,-0.00013601636716251362,83.80509050277531,3.2155118529140885
486.832,84.06226023170136,0.0004874758568337936,84.06438367692381,-0.0001361185235073,83.8121983440069,3.216528273586106
486.9,84.0758602627117,0.00048794896249384996,84.07736092308716,-0.0001363223339895192,83.82517390174895,3.2183761465693235
486.934,84.08266025485872,0.0004881881451395772,84.08468607575321,-0.00013643740695164124,83.83214470801897,3.2193684856814833
487.002,84.09626024391362,0.0004886634694447954,84.09844239428618,-0.0001366538592191479,83.84584631367103,3.221320211743749
487.036,84.10306022539852,0.0004889022621808863,84.10587572746311,-0.00013677100608557838,83.85297803146139,3.2223362857621893
487.104,84.11666024517856,0.0004893758196466799,84.1206523218338,-0.0001370044879239499,83.86014607638552,3.223357612015213
487.138,84.12346025819988,0.000489610923992999,84.12775285677282,-0.00013711690276037436,83.87467133655079,3.2254276689561467
487.172,84.13026028964515,0.0004898447690642754,84.13473480353979,-0.00013722747833769114,83.88173331425983,3.226434639632083
487.24,84.14386033390564,0.0004903105022899685,84.14858587591681,-0.00013744680624691385,83.89554698972256,3.2284046984615506
487.274,84.15066034397273,0.0004905437614144721,84.1548917732512,-0.00013754661384538105,83.90218647770253,3.229350723463598
487.342,84.16426034682249,0.0004910142622363532,84.17038150348127,-0.00013779165416258658,83.9164891207262,3.231392461427091
487.376,84.1710603391241,0.0004912478273709729,84.17615871657176,-0.00013788306836278822,83.92328853976801,3.232363922840017
487.444,84.18466032666137,0.0004917267862676131,84.19109678504213,-0.0001381196032357876,83.93757851503051,3.234402046759483
487.478,84.19146033599759,0.0004919659751181293,84.1989975663339,-0.00013824503129667868,83.94489655246036,3.235443761767011
487.546,84.20506039459852,0.0004924430222556975,84.21338240105928,-0.00013847416579625585,83.95966393006454,3.2375428843636933
487.58,84.2118604050398,0.0004926804358494128,84.21927077645086,-0.00013856807629891886,83.9661528556429,3.238465060144201
487.648,84.22546042674684,0.00049315235474622,84.23357692974496,-0.00013879610609175854,83.97988883725411,3.240414208444184
487.682,84.23226041722857,0.0004933870214891009,84.24079295020321,-0.0001389110436036348,83.98678038416107,3.2413920562565472
487.75,84.24586039889213,0.0004938553664972577,84.25425692387132,-0.00013912566509300555,84.00039014214393,3.2433243951597293
487.784,84.25266039213724,0.0004940891110243015,84.2616507384651,-0.00013924365926737877,84.00733806452712,3.2443108374245275
487.852,84.26626040900582,0.0004945588983016271,84.27598165389628,-0.00013947264519415014,84.02178373368079,3.246358973833431
487.886,84.27306043723586,0.000494795717295779,84.2838963877654,-0.00013959924596322536,84.02901133467623,3.247385394612992
487.92,84.27986046696869,0.0004950327653419127,84.29073940821785,-0.00013970872579631137,84.03616331421907,3.248400592299945
487.988,84.29346049891927,0.0004955106351218246,84.30467385455901,-0.00013993179991186603,84.05009511449099,3.25037767713299
488.022,84.30026051370342,0.0004957489660355856,84.31032101684279,-0.00014002229430817994,84.05645936043699,3.2512816457554417
488.09,84.31386049898046,0.0004962277861896445,84.32354566695244,-0.0001402343862347261,84.06928405958489,3.253101340134286
488.124,84.32066050358706,0.0004964655693970621,84.33050650594382,-0.00014034614978495282,84.07588378446319,3.2540374804332046
488.192,84.33426049492175,0.0004969378138730921,84.3434690848756,-0.00014055458952282114,84.08878677931872,3.2558693047147744
488.226,84.341060517529,0.0004971722764200964,84.35142269071746,-0.00014068275038166131,84.09592099605523,3.2568808348685154
488.294,84.35466056492857,0.0004976398967617724,84.36596402094199,-0.00014091719053939343,84.11048835474763,3.2589454682879437
488.328,84.36146057820972,0.0004978737935818421,84.37216455437023,-0.0001410170826463544,84.11724816660649,3.259903479164717
488.396,84.37506058657847,0.0004983471765228207,84.37884279346827,-0.0001411245803583082,84.12383543357389,3.26083762968048
488.43,84.38186058150515,0.0004985823177333096,84.39281298289514,-0.00014134941448552476,84.137322965397,3.2627541892646814
488.464,84.38866057319592,0.0004988225043191473,84.39955784931932,-0.00014145806632263113,84.14415418959089,3.263727175287678
488.532,84.40226055562091,0.000499304116817205,84.41298970715438,-0.00014167485139462708,84.15764485914595,3.265646983091202
488.566,84.40906057036878,0.000499543358039084,84.42005830609008,-0.0001417892772477223,84.16440332897288,3.266606542834296
488.634,84.42266061238719,0.0005000208534543275,84.43361969258203,-0.0001420092173714078,84.17777730007283,3.2685034713449572
488.668,84.42946065511018,0.0005002571268541215,84.44122717171378,-0.00014213267353436695,84.18492744522267,3.269517753814335
488.736,84.44306069772634,0.0005007282818459755,84.45521831396091,-0.00014235983394422628,84.19920331832685,3.2715440262380238
488.77,84.44986070632578,0.0005009631384436496,84.46190194811763,-0.0001424684023951552,84.20595381903858,3.2725032201472586
488.838,84.46346070917811,0.0005014318567295238,84.47631276727101,-0.0001427025445515259,84.21996789686055,3.2744913084649103
488.872,84.47026068821701,0.0005016677013390043,84.48297407980685,-0.00014281076791571083,84.22678068095618,3.2754579374461135
488.94,84.4838606651381,0.0005021433755589857,84.49641089873667,-0.00014302884278919535,84.24015633451712,3.277353426203878
488.974,84.49066067349115,0.0005023827339764665,84.502973409495,-0.0001431354940546524,84.24675851846109,3.2782885878973347
489.042,84.50426072574507,0.0005028623807257917,84.50879786457558,-0.0001432304169188557,84.25299981516561,3.2791706503639553
489.076,84.51106074151292,0.0005031029470853811,84.52032162939292,-0.00014341872549874932,84.2646910942067,3.280823116291734
489.11,84.51786074600162,0.0005033414078130942,84.526576143724,-0.00014352096174872602,84.27066144001147,3.2816655268816244
489.178,84.53146074707495,0.0005038184471131675,84.54118352213126,-0.00014375948435973041,84.28408102687762,3.283559197698277
489.212,84.53826074269101,0.000504055533601142,84.5474715178303,-0.00014386221060448906,84.29081282951837,3.284509740302176
489.28,84.55186074300556,0.0005045269138201896,84.5616449353626,-0.00014409419196035407,84.30461480544525,3.286458031302843
489.314,84.55866075984251,0.00050476165302826,84.56694072796536,-0.00014418102786220203,84.3107826848411,3.2873291573796055
489.382,84.57226081613929,0.0005052328549484519,84.58166686248161,-0.00014442248815763913,84.32437698836121,3.289250311099436
489.416,84.57906082193641,0.0005054691147871489,84.5888966492461,-0.00014454093809822906,84.33136689343739,3.2902362648283487
489.45,84.58586083182122,0.0005057074269785235,84.59520060389777,-0.00014464418533189312,84.338080814285,3.2911836258125207
489.518,84.59946082684134,0.0005061877594064953,84.608811773655,-0.00014486724232835115,84.35151063829059,3.293075846468608
489.552,84.60626082014261,0.0005064260955223045,84.6151569189083,-0.00014497138175032667,84.35799133114934,3.29398990440483
489.62,84.61986080436506,0.0005069102212552945,84.62924462408833,-0.0001452030097853899,84.37183430550355,3.2959443789465213
489.654,84.62666081250063,0.0005071497823836995,84.63557098987144,-0.00014530734832951352,84.37825329582378,3.2968509439603464
489.722,84.64026087358069,0.0005076253628389592,84.64995998023639,-0.00014554518852400144,84.39174436343177,3.2987628106151337
489.756,84.64706089016647,0.0005078613226490302,84.65703751897568,-0.00014566220789095433,84.39882203810475,3.299767708956557
489.824,84.6606609247056,0.0005083322967631961,84.6711214913913,-0.0001458949466807476,84.41283348894245,3.3017551791095032
489.858,84.66746092210188,0.0005085664555193037,84.67895448721491,-0.00014602430276664137,84.42013655478071,3.302791983991963
489.926,84.68106090995478,0.0005090404958520398,84.69445260756814,-0.00014628016038735773,84.435318543492,3.3049486807931814
489.96,84.68786090059011,0.0005092783557016011,84.70098193950142,-0.00014638798886003579,84.44245500139844,3.3059632394180336
489.994,84.69466089901158,0.000509519865283586,84.7078260257756,-0.00014650114716529476,84.4493226583017,3.3069382785379657
490.062,84.70826094444158,0.0005100014965635127,84.71978942015554,-0.00014669945786522287,84.46200123677511,3.308736025283202
490.096,84.71506096586144,0.000510243186367641,84.7263673659096,-0.0001468087022133775,84.46821512836026,3.3096164582584224
490.164,84.72866098989802,0.0005107229644816672,84.73985746272778,-0.0001470329072542705,84.48139432637225,3.3114831115485894
490.198,84.73546099410775,0.0005109621655103375,84.74596233072832,-0.00014713437374920326,84.48769757871084,3.312376000134047
490.266,84.74906097799108,0.0005114379403310173,84.76133981103314,-0.00014739014904837521,84.50161624039922,3.3143459275110123
490.3,84.75586097541554,0.0005116744070959797,84.76847595041495,-0.00014750894672825745,84.50895675564077,3.3153850198169565
490.368,84.76946096653253,0.0005121463924526409,84.78224763472815,-0.00014773854955261835,84.52283738237111,3.3173463532897998
490.402,84.77626098625558,0.0005123821088570866,84.78866574834878,-0.00014784569250924818,84.52958029157247,3.3182996098743036
490.47,84.78986104624443,0.0005128581606647002,84.79572189831532,-0.0001479634957887068,84.5363530460305,3.319257528646573
490.504,84.7966610710293,0.000513097825546811,84.80873703055927,-0.00014818074361546733,84.54968549067894,3.321145690424536
490.538,84.80346110135807,0.000513338337691024,84.81613295373288,-0.00014830429231575635,84.55645878690468,3.322106344071732
490.606,84.81706111660965,0.0005138216668587633,84.82996009414579,-0.0001485355899982778,84.5701131979633,3.3240404931174186
490.64,84.82386110992344,0.0005140626732574605,84.8379712731245,-0.00014866983867773553,84.57748151287196,3.3250864140074072
490.708,84.83746109125093,0.0005145437807541526,84.85183107893086,-0.00014890226259740955,84.59188620695744,3.3271309245649285
490.742,84.8442610739639,0.0005147834230183757,84.85902113374519,-0.00014902286621829296,84.5988510006716,3.328120222016637
490.81,84.85786109953709,0.0005152582000818217,84.8735261228276,-0.00014926664977475473,84.61322507832037,3.330167537198456
490.844,84.86466113408294,0.0005154939027640148,84.88076970242854,-0.00014938874199241426,84.62029367391584,3.331174581285095
490.912,84.87826115624011,0.0005159662288858612,84.89269298794764,-0.00014958964937939004,84.63309174196289,3.3329978265297804
490.946,84.88506116935487,0.000516204071044279,84.89838496498247,-0.00014968537011975905,84.63900459817492,3.333841268606602
490.98,84.89186115741849,0.0005164431092533963,84.90490386917605,-0.00014979490192020323,84.64508898601483,3.3347086231803464
491.048,84.90546114302362,0.0005169251864723789,84.91673276619538,-0.0001499938317227358,84.65705373119431,3.3364143649256515
491.082,84.91226114674383,0.0005171664840215863,84.92403192764498,-0.00015011696187785365,84.663522375532,3.3373377668570625
491.15,84.92586118196985,0.000517650603322008,84.9366959214433,-0.000150331219782236,84.67616893230587,3.3391425738860696
491.184,84.93266121441985,0.0005178919993222761,84.94426473516151,-0.00015045945115049284,84.683129250725,3.3401360139030634
491.252,84.94626124891874,0.0005183704763610936,84.9576982676664,-0.00015068706148608162,84.69661035876801,3.342055695703083
491.286,84.9530612480079,0.0005186096482130268,84.96490521660282,-0.00015080916493983562,84.70363171674737,3.3430522191559238
491.354,84.96666124224141,0.000519084290521651,84.97903081674833,-0.0001510485072727069,84.717732250475,3.345053618405269
491.388,84.97346122257501,0.0005193217801848544,84.98392380570614,-0.00015113144119104422,84.72381407400202,3.345917300498963
491.422,84.98026122346616,0.0005195585697861594,84.98993006096146,-0.00015123329958997226,84.72961721890057,3.3467416502449936
491.49,84.99386124315622,0.0005200354661268927,85.00364728646305,-0.00015146623294637628,84.74239735710803,3.3485578807994845
491.524,85.00066127382111,0.0005202754013484643,85.00971884756403,-0.00015156948495081965,84.74878443315177,3.3494633250254924
491.592,85.01426131816571,0.0005207580488040761,85.02234501840766,-0.0001517843046208631,84.76140001518479,3.3512500515501205
491.626,85.02106132445623,0.0005210005356689934,85.02886286025073,-0.0001518952344639421,84.76767927845394,3.3521389091269276
491.694,85.03466133078628,0.0005214864156140209,85.04278142035751,-0.00015213234412085545,84.78085336116052,3.354003281697574
491.728,85.04146132060949,0.0005217251064133802,85.05034779534533,-0.00015226146929221614,84.78801907887603,3.355018888626283
491.796,85.05506130906731,0.000522206951373663,85.06306840362583,-0.00015247873033594805,84.80147935660209,3.3569232584730626
491.83,85.06186131825766,0.0005224452454367059,85.06903493000996,-0.00015258077929397829,84.80767786774167,3.3578002478163196
491.898,85.0754613796593,0.0005229190180549831,85.08258407772814,-0.000152812969664092,84.82043395560316,3.3596062901023416
491.932,85.08226138808881,0.0005231564515693176,85.09005024217961,-0.00015294089583986912,84.82745820284244,3.360601699823421
492.0,85.0958614089817,0.000523632630395419,85.1026134208629,-0.00015315583165839813,84.84078266887187,3.3624892588647333
492.034,85.10266139538463,0.0005238732489624507,85.10962001843862,-0.00015327556341785238,84.84731506003212,3.3634150512302257
492.102,85.1162613799171,0.0005243582591166172,85.1246226725469,-0.0001535322828811623,84.86132728881844,3.3653998694997527
492.136,85.12306139064184,0.0005246014778059087,85.13015471910734,-0.00015362716534012116,84.86799751293475,3.3663441626754547
492.17,85.1298614156292,0.0005248443485088803,85.13731563412898,-0.00015375026926533548,84.87462465135516,3.3672825542379434
492.238,85.1434614485869,0.0005253272004615268,85.15125046717867,-0.00015399035378869876,84.8883459555722,3.36922364369537
492.272,85.15026144663882,0.000525568802464626,85.15833127154038,-0.00015411235745189193,84.89525877067194,3.370202866121243
492.34,85.16386144462318,0.000526048283174347,85.16902354784045,-0.00015429639873385133,84.90745450414366,3.3719263221157654
492.374,85.17066143341378,0.0005262862551080068,85.17582670566586,-0.000154413548463335,84.91336342839874,3.372761174264667
492.442,85.18426146836056,0.0005267620006666953,85.18910043293631,-0.00015464266048028014,84.92647387151769,3.374615740375286
492.476,85.19106149818182,0.0005269995131332845,85.1947483550526,-0.00015474029139807423,84.93242142110846,3.3754563837855334
492.544,85.20466151882205,0.0005274781431180839,85.20812017472383,-0.0001549711828699955,84.9450650207049,3.3772424564285037
492.578,85.21146153008468,0.0005277192261969034,85.21374139745771,-0.00015506811847137002,84.95114448960148,3.3781003500760476
492.646,85.22506151467857,0.0005282067509086474,85.2279763470541,-0.00015531371780364467,84.9645450334541,3.3799917977487515
492.68,85.23186150677193,0.000528450405567006,85.23515877684835,-0.00015543790655177023,84.97136493911742,3.380954747777033
492.714,85.23866151581994,0.0005286942604015261,85.24190424603913,-0.00015555476676696193,84.9781797892462,3.3819175084560853
492.782,85.25226155349439,0.0005291781876614049,85.25793224305197,-0.00015583309440226584,84.99334967201825,3.3840619741274107
492.816,85.25906157920286,0.0005294184217724477,85.26436558443743,-0.00015594490950806476,85.00037100487299,3.3850546834299124
492.884,85.27266158835329,0.0005298955416227557,85.2804086686137,-0.00015622366840984056,85.01527924960537,3.387153934224586
492.918,85.27946159348767,0.00053013297800879,85.28693518476291,-0.00015633696755500495,85.02253208870975,3.3881729752841836
492.986,85.29306158787135,0.0005306124336375716,85.29950070432555,-0.00015655505308889884,85.03583479821008,3.390043847998066
493.02,85.29986161078001,0.000530851451684671,85.30718961665796,-0.00015668869728139803,85.04258561408015,3.390994051130994
493.088,85.3134616374752,0.0005313318122905262,85.32191038422869,-0.00015694506289323516,85.05692552595819,3.3930094629597902
493.122,85.32026163740176,0.0005315754094602908,85.32841667246514,-0.0001570583593617925,85.06384590838503,3.3939842963160354
493.19,85.33386163656259,0.0005320635079057479,85.34091330997033,-0.0001572757028223235,85.07662223675159,3.3957839341193092
493.224,85.34066162738506,0.0005323075009473596,85.34767735864826,-0.00015739354018713038,85.08312800935514,3.396701101437303
493.292,85.35426166207958,0.0005327940083903734,85.35553224758146,-0.00015753075592582914,85.09018975495529,3.397696821497265
493.326,85.36106168796336,0.0005330343664745817,85.37031469822651,-0.00015778967657041775,85.10465177802332,3.3997368557365313
493.36,85.36786170966485,0.000533274630263335,85.37786872092126,-0.00015792199731897615,85.11211762013458,3.4007903186306163
493.428,85.38146172237154,0.0005337507004672464,85.39340145969516,-0.00015819379716310006,85.12741421634638,3.4029510210436147
493.462,85.38826171557285,0.0005339904518665224,85.39999387359933,-0.00015830904047617716,85.13454730132692,3.4039584375613896
493.53,85.40186170054717,0.0005344691539275641,85.4125778181642,-0.00015852909069914885,85.14742241428033,3.405774138125947
493.564,85.40866170524788,0.0005347107257557134,85.41973543168316,-0.0001586544000552352,85.15418327215147,3.406726286185917
493.632,85.42226174687707,0.0005351956228195693,85.43171585980882,-0.0001588645062997742,85.1667647741933,3.408497792238251
493.666,85.42906177714937,0.000535439539793613,85.43824666691802,-0.00015897915664160446,85.17304038614203,3.4093812930634027
493.7,85.43586178484586,0.0005356832683554415,85.44396835863265,-0.0001590796445842092,85.17910064626683,3.4102343908399573
493.768,85.44946180511371,0.0005361715561763008,85.45884522666937,-0.00015934105898887617,85.19250466569962,3.4121221998535107
493.802,85.45626179238269,0.0005364158222801862,85.46517005867798,-0.0001594523085212879,85.1993606543049,3.413085188788121
493.87,85.46986177650373,0.0005368988591952245,85.47967720568649,-0.0001597077942449254,85.2131399759861,3.4150197226233776
493.904,85.47666176924758,0.0005371385153195557,85.48699851213395,-0.00015983692110342618,85.2203973902292,3.416036131071751
493.972,85.49026180269708,0.0005376165387946805,85.49869267073703,-0.00016004348813890282,85.23323385846133,3.41782819134215
494.006,85.49706184098255,0.0005378553822737838,85.50509725853972,-0.00016015669501382135,85.23937517760203,3.418685104954719
494.074,85.51066187602504,0.0005383355031248946,85.5213868417452,-0.00016044444506333044,85.25388224925192,3.420709527860447
494.108,85.51746188941442,0.0005385778981657826,85.52802522171824,-0.00016056166027109245,85.26119727487567,3.421730695191148
494.176,85.53106188607917,0.0005390632968831378,85.54363256472696,-0.00016083734571896102,85.26842428518084,3.4227376591234853
494.21,85.53786187321005,0.0005393093941010729,85.54935686133526,-0.00016093855725612155,85.28290068127768,3.4247574308368978
494.244,85.54466186122605,0.0005395540156136808,85.55555046097311,-0.0001610481683702148,85.28925784959948,3.425646876642668
494.312,85.55826187888516,0.0005400440744161806,85.56956463914405,-0.0001612968061888568,85.30270184985528,3.4275252977432995
494.346,85.56506191037516,0.0005402867985863225,85.5764586967045,-0.00016141942714282162,85.30946866549525,3.4284703994297
494.414,85.5786619577461,0.0005407672942691934,85.59034458594617,-0.0001616665629014944,85.32293262668468,3.4303511286244497
494.448,85.58546195840957,0.0005410075358040514,85.59706569435282,-0.0001617861089636534,85.32983535178239,3.431315925263815
494.516,85.59906196474876,0.0005414867351395125,85.61006354821356,-0.00016201708158783087,85.33641054560556,3.4322351746601036
494.55,85.60586194421606,0.0005417279285834037,85.61701172851612,-0.00016214056340430435,85.3496587397785,3.4340878289813905
494.618,85.61946195885659,0.0005422108091736718,85.63021213188121,-0.00016237541964592473,85.36273456669184,3.435921256677333
494.652,85.62626197944446,0.0005424542636148746,85.6367971139137,-0.00016249283265434725,85.36939325429539,3.436855013248889
494.686,85.63306199722403,0.000542698816955418,85.64309358004893,-0.00016260525028238582,85.37585367846127,3.437761076731813
494.754,85.64666200405595,0.0005431882752033554,85.65552699259763,-0.000162827340196287,85.3885264662373,3.4395382919935837
494.788,85.65346200362379,0.000543433912012942,85.66216619242748,-0.00016294587621946887,85.3947805458253,3.4404173145382337
494.856,85.66706199301498,0.0005439225317834686,85.67548476890782,-0.00016318403235587736,85.40771601181893,3.4422351601789343
494.89,85.67386201000674,0.0005441647696501676,85.6831260575616,-0.00016332111298743244,85.41471573632593,3.443217496563834
494.958,85.68746205591826,0.0005446459755951008,85.69516731014764,-0.00016353757208998644,85.4275989395841,3.4450216123907667
494.992,85.6942620760826,0.0005448843515767542,85.70145927340354,-0.00016365061535644505,85.43382047970974,3.4458940831443337
495.06,85.70786207966742,0.0005453652993509455,85.71450081652233,-0.00016388445422169695,85.44622458778414,3.4476337879489938
495.094,85.7146620788453,0.0005456069059522324,85.72121107485634,-0.00016400468756999281,85.4529231064185,3.4485729057236885
495.162,85.72826206826296,0.0005460932967215687,85.73539222769863,-0.00016425914580559133,85.46650612685062,3.4504752415429074
495.196,85.7350620733622,0.0005463383523526537,85.74197515073449,-0.00016437751280269335,85.4733936659637,3.4514407771351725
495.264,85.74866212831375,0.0005468288859392743,85.75434674659964,-0.00016460044296178386,85.4796788899007,3.452321212632363
495.298,85.75546213441962,0.0005470747484373691,85.76051091027261,-0.00016471161194686826,85.4922893710599,3.4540869355817083
495.332,85.76226214776487,0.0005473180827305059,85.76686965642418,-0.00016482632623403352,85.49855067640108,3.454962480418922
495.4,85.77586213771424,0.0005478065798639627,85.77918356940577,-0.00016504845537406002,85.51082701359587,3.4566788208564745
495.434,85.7826621429025,0.0005480487890464719,85.7859594506069,-0.00016517074817937638,85.5172311578931,3.4575741770904878
495.502,85.79626213836958,0.0005485309355666319,85.80122234671317,-0.00016544653280725996,85.5314218870265,3.45955553342376
495.536,85.80306215510716,0.0005487711205959622,85.80753767279614,-0.00016556081359769034,85.53836647614828,3.4605246080751626
495.604,85.81666221121289,0.0005492531823066936,85.82207630964187,-0.00016582398937485857,85.55227892986557,3.462465808101318
495.638,85.82346221691397,0.0005494948813312378,85.82857542485091,-0.00016594157313798118,85.5591785030835,3.463426389762523
495.706,85.83706223648538,0.0005499838322456473,85.84263571973354,-0.00016619584933635665,85.57315822578101,3.4653703426786504
495.74,85.8438622215628,0.0005502298848756242,85.84933130590295,-0.000166317022228446,85.57983315485279,3.4662986743215645
495.808,85.85746221208137,0.000550722861573233,85.86344473572143,-0.00016657283022875863,85.5934105731973,3.468189178898702
495.842,85.86426222761766,0.0005509686206452163,85.8704234657957,-0.00016669961833713196,85.60041161685302,3.4691635903661564
495.91,85.87786226566821,0.000551456763785544,85.87757593317158,-0.00016682983709233033,85.60743079082944,3.4701397591372594
495.944,85.88466228359529,0.0005516987428380046,85.88990350460264,-0.00016705458435173684,85.62034935571538,3.4719358363382113
495.978,85.89146228530771,0.0005519410336721053,85.89588790444736,-0.00016716361115039544,85.62651485640093,3.472792354304835
496.046,85.90506228085616,0.0005524230161089364,85.909993450698,-0.00016742028300389402,85.63989875737835,3.474652903169688
496.08,85.91186227615218,0.0005526642121760721,85.91740780731114,-0.00016755531078828481,85.64685053646633,3.475620783661644
496.148,85.92546231328082,0.0005531481606094608,85.93049546742022,-0.00016779423437628528,85.66041549283861,3.477506017981247
496.182,85.9322623262528,0.0005533917071362728,85.93639476494495,-0.0001679020413917579,85.6666286029578,3.4783689343974804
496.25,85.94586233688389,0.0005538833499254169,85.95076206223783,-0.00016816441069410202,85.68002796544152,3.4802278803094784
496.284,85.95266233309322,0.0005541272181714921,85.95723799616043,-0.00016828261744624725,85.6867477069751,3.4811606753505018
496.352,85.9662623357949,0.0005546229373575487,85.96990776303193,-0.00016851433602632808,85.69958122252747,3.4829419804493864
496.386,85.9730623497879,0.0005548686002595233,85.97755212803834,-0.0001686546631627993,85.70642738273848,3.483892429064704
496.454,85.98666240809246,0.0005553561893537398,85.98980059669394,-0.00016887994326665297,85.71938191339089,3.4856889177626575
496.488,85.99346241572667,0.000555597894801381,85.99691251375711,-0.0001690107037139521,85.72595553600537,3.4865972630958844
496.522,86.00026242287417,0.0005558393569491101,86.00338478732843,-0.00016912959442956792,85.73254755428869,3.487509152433195
496.59,86.0138624199488,0.0005563231437241715,86.01772242283451,-0.00016939282695804925,85.74621601767396,3.4893999720139632
496.624,86.02066240945487,0.000556562095879008,86.02438341095743,-0.00016951519091860096,85.75309328291547,3.4903496597961152
496.692,86.03426242070316,0.0005570519024089824,86.03869013938636,-0.0001697782037748552,85.76711981755501,3.4922877615711063
496.726,86.04106244948092,0.000557296855708807,86.04491251050736,-0.00016989282682470367,85.7737402633402,3.493202450207863
496.794,86.0546624667818,0.0005577892520171641,86.05775523194181,-0.00017012970720235168,85.78657178833473,3.4949732954508184
496.828,86.06146247188353,0.0005580367663424161,86.06567029501315,-0.00017027571574632636,85.79354574425794,3.4959336928383227
496.896,86.07506246301112,0.0005585302479205777,86.08048988059723,-0.00017054912646685837,85.80790194213768,3.497906515154888
496.93,86.08186245565767,0.0005587759066346322,86.08700186574403,-0.00017066951568552505,85.8150104410376,3.4988829172563793
496.998,86.09546249957013,0.0005592628803586904,86.10116316144565,-0.00017093213775182624,85.8290750667718,3.5008109300309953
497.032,86.10226253787023,0.0005595042208939077,86.10823386200516,-0.0001710634254819303,85.83600286699092,3.5017575701842323
497.066,86.10906255457907,0.0005597464512799933,86.11496322665461,-0.00017118825794377811,85.84283809249301,3.502690812057069
497.134,86.12266258272545,0.000560228740529014,86.12926972843312,-0.00017145329144285977,85.85670458985504,3.5045773461442
497.168,86.12946257324438,0.0005604725031702481,86.13567792841232,-0.0001715719271754249,85.86349342647574,3.505501250640385
497.236,86.14306256001953,0.0005609626214784217,86.1493124764739,-0.0001718245278972786,85.87721923545082,3.507371712267521
497.27,86.14986254359752,0.0005612097941124456,86.15752428555612,-0.0001719768435390536,85.88435336393984,3.5083450521685613
497.338,86.16346257046446,0.0005617047588763586,86.17276669065976,-0.00017226016441222717,85.89911639100225,3.5103578350602547
497.372,86.17026260091905,0.000561951437492297,86.17900612062031,-0.00017237645641081552,85.90624165126286,3.5113301046040317
497.44,86.18386261618124,0.0005624429243465857,86.19139705171202,-0.00017260764960261846,85.9191679775136,3.513094542021677
497.474,86.19066262559438,0.0005626875937714446,86.197886330704,-0.00017272865931794792,85.92545485985087,3.513952543431898
497.508,86.19746261451148,0.0005629323682613094,86.20576821628072,-0.000172875544345527,85.93239151417922,3.5148989094831706
497.576,86.21106261818731,0.0005634186338425418,86.2181607744268,-0.00017310667201660316,85.94545186568918,3.5166821837708238
497.61,86.21786263838732,0.0005636606057782692,86.22374972096615,-0.000173211141720818,85.95151120135917,3.5175095124189895
497.678,86.23146267492072,0.0005641456702509109,86.23784804237869,-0.00017347483586474457,85.96449320278445,3.5192842123423516
497.712,86.23826268583645,0.000564388145925876,86.24490517944207,-0.00017360667431703039,85.97142278610663,3.520231323222595
497.78,86.25186266990255,0.000564881847147275,86.25731246111368,-0.00017383813910374352,85.98410481934918,3.5219641397077317
497.814,86.25866267199514,0.0005651301414307458,86.26412823538669,-0.00017396539621524306,85.99074387331416,3.5228706160935297
497.882,86.27226269669274,0.0005656265689564311,86.2759092986122,-0.00017418606272872096,86.00278910022459,3.5245157253966735
497.916,86.2790627240716,0.0005658738636422929,86.28196272786342,-0.00017429979660821493,86.00896637768751,3.5253568424023265
497.984,86.2926627487442,0.000566364032072907,86.29741142160718,-0.00017459012239276673,86.02321182789714,3.5272989036726052
498.018,86.29946274270202,0.0005666094472619022,86.30438921466767,-0.00017472107210850425,86.03028499779,3.5282641649480366
498.086,86.31306273216836,0.0005670970828718063,86.31897748011912,-0.00017499476236154971,86.04472389108234,3.5302342686790835
498.12,86.31986274520905,0.0005673395226188168,86.32528097064466,-0.00017511316672224044,86.05143838644742,3.5311497173127764
498.154,86.32666276604465,0.0005675821805125907,86.33327927621912,-0.000175263655319009,86.05856451935657,3.5321202406208787
498.222,86.34026279781952,0.000568068288796465,86.34486789871059,-0.00017548190023446237,86.07131796702875,3.533855677927935
498.256,86.34706281047077,0.0005683142093976623,86.35018301334539,-0.00017558187991810944,86.07707628646942,3.5346394987208365
498.324,86.36066279153194,0.0005688098732639923,86.36366628867768,-0.00017583518842108925,86.08929192650274,3.53630384895682
498.358,86.36746278747518,0.0005690591680746528,86.37036404160206,-0.00017596117348236777,86.09599653266385,3.5372181232824422
498.426,86.38106282778709,0.0005695555929208554,86.38433780176283,-0.00017622490858218114,86.1096419723627,3.539079334253366
498.46,86.3878628420024,0.0005698031155361307,86.39168372855764,-0.00017636397778551826,86.11668725636677,3.5400425021731636
498.528,86.40146286794713,0.0005702933629825274,86.40722645421293,-0.00017665822560719008,86.13150553517805,3.5420655278722957
498.562,86.40826286031579,0.0005705375798486566,86.4146965081145,-0.00017679941528144587,86.13908226230375,3.543099001219975
498.63,86.42186285212173,0.000571025074556029,86.42964505789574,-0.00017708192014541694,86.1541297816191,3.545152645057838
498.664,86.42866286506784,0.0005712683913212966,86.43534973858922,-0.00017718989081492515,86.1607465811431,3.54605708007925
498.698,86.43546289208196,0.0005715121377753563,86.4423359699489,-0.00017732234176229337,86.16731441200193,3.546954560922639
498.766,86.44906292993744,0.0005720007103675611,86.45594806105419,-0.00017758064062911146,86.1807935783089,3.548797836207795
498.8,86.45586292569794,0.0005722481976228738,86.46209237000585,-0.00017769711078675132,86.18723272839793,3.549679071833095
498.868,86.46946292358467,0.0005727455674950662,86.47516394960935,-0.00017794471378795445,86.19986974289803,3.5514067970432834
498.902,86.47626291302144,0.0005729953767104408,86.48192674915748,-0.00017807302363931905,86.20653799618225,3.5523184808222545
498.97,86.48986294912724,0.0005734919657889323,86.495882821984,-0.00017833878451600836,86.21985596381909,3.554141155072183
499.004,86.49666295740688,0.0005737385974173862,86.50333343132698,-0.00017848103741725555,86.2271229266773,3.5551355299778735
499.072,86.5102629681217,0.0005742296101431542,86.51668479800357,-0.0001787358636524107,86.2407646321058,3.557002056064068
499.106,86.5170629680807,0.0005744735234752317,86.52418314071684,-0.0001788787562341434,86.2478749342104,3.557973007918374
499.174,86.53066298880648,0.0005749608810108086,86.5393058478831,-0.000179167271457415,86.26259630961265,3.55998297057095
499.208,86.53746301370083,0.0005752041383223544,86.54621131833666,-0.00017929936410218973,86.26980898538336,3.5609682372891287
499.242,86.54426302497616,0.0005754491490098316,86.5527360039794,-0.00017942425337997376,86.2766478488537,3.561905331485775
499.31,86.55786303102089,0.0005759401972114295,86.56655064377443,-0.00017968831348711754,86.29018001620334,3.5637589094158044
499.344,86.56466301803941,0.0005761897106214531,86.57301466910836,-0.0001798116383141741,86.29686438197,3.5646754102493197
499.412,86.57826301383794,0.0005766897599915067,86.58608834821521,-0.0001800614873806666,86.31007495632285,3.566485619089342
499.446,86.58506303266317,0.0005769389198595908,86.59286086484398,-0.0001801914650990316,86.31656696036838,3.5673755562002816
499.514,86.59866309167582,0.0005774354337743545,86.60681936329429,-0.00018045989525673035,86.33020192017042,3.569246466057532
499.548,86.60546311996313,0.0005776804802892141,86.61315219486542,-0.00018058164041169335,86.33675830316619,3.5701460239219327
499.616,86.6190631294521,0.0005781709495355008,86.62786977593494,-0.000180864360682754,86.35080384662695,3.5720742936331167
499.65,86.62586313638263,0.0005784152431164277,86.63547269014559,-0.00018101045382275016,86.35802539607414,3.573063443528771
499.684,86.63266311831856,0.0005786594422011644,86.64052270757875,-0.00018110754738867712,86.36439378275647,3.5739374169692533
499.752,86.64626310075968,0.0005791492499909695,86.65375832439828,-0.00018136201619191444,86.37725523394406,3.5756975363323544
499.786,86.65306311148751,0.0005793954440858752,86.66135944305029,-0.0001815082257361882,86.38400256085956,3.576621370358918
499.854,86.66666315348908,0.0005798916620519103,86.6751319257108,-0.00018177364847429313,86.39819809942588,3.5785670798719202
499.888,86.67346317357253,0.0005801391632820517,86.68205636610159,-0.00018190729659753977,86.40480813334564,3.5794721256221975
499.956,86.6870631665232,0.0005806392423024674,86.69516639971911,-0.000182160231224197,86.41786708735337,3.581260728355745
499.99,86.69386316564612,0.000580889378461655,86.70192410195257,-0.00018229062264486928,86.42451575132229,3.5821713181959893
500.058,86.70746317399113,0.0005813853809695764,86.7154266094032,-0.0001825517287325858,86.43135750110582,3.5831076506532367
500.092,86.71426319977924,0.0005816314664559651,86.72178279585204,-0.00018267502390015807,86.44445633104381,3.584901486043404
500.16,86.72786323529178,0.0005821202690319148,86.73502049973855,-0.00018293195643596415,86.45742782184199,3.5866785707005535
500.194,86.73466323272397,0.0005823644352371142,86.74405183549646,-0.00018310697477890385,86.46495533243426,3.5877087605172773
500.228,86.74146323801715,0.0005826093354934405,86.75236910227333,-0.00018326796150017189,86.47303154894715,3.5888117740763277
500.296,86.75506323293122,0.0005831014939435964,86.76564465101458,-0.0001835249718229524,86.48785462103443,3.590833022176401
500.33,86.76186324168836,0.0005833493563038682,86.77250138550605,-0.0001836580137110696,86.4944499169718,3.5917326927356985
500.398,86.77546328952656,0.0005838474178941273,86.78356128835543,-0.00018387307319596015,86.50634478593128,3.5933569261226603
500.432,86.78226329228437,0.0005840967605721041,86.79210397618374,-0.0001840392766388845,86.51318906896608,3.594290010031355
500.5,86.79586330234379,0.0005845971138226119,86.80610026920363,-0.00018431146960467626,86.52747569267002,3.5962356654077934
500.534,86.80266328452227,0.0005848475668849435,86.81263973436582,-0.0001844387391721281,86.53421578409244,3.597155062358735
500.602,86.81626330562976,0.0005853420433391615,86.82698967752151,-0.00018471859800646927,86.54825138284804,3.5990686416835938
500.636,86.82306332958662,0.000585588014344566,86.83386397931044,-0.00018485301588209456,86.55508177982259,3.5999982699328927
500.704,86.83666335306387,0.0005860769930235242,86.84786659069258,-0.0001851269787875195,86.56901510839475,3.601890205362941
500.738,86.84346336203731,0.0005863219560393796,86.85521609786394,-0.00018527055269259036,86.57599362762325,3.6028357318663637
500.806,86.85706335096597,0.0005868150526614035,86.86881039090183,-0.00018553579091140673,86.58971858661236,3.604697197396991
500.84,86.86386335401157,0.0005870628327876694,86.87599534191122,-0.00018567614810098632,86.59665994604546,3.6056384756096813
500.874,86.87066337145102,0.0005873116710154422,86.88332391745175,-0.0001858195885693798,86.60376517603238,3.6066001819402134
500.942,86.88426340472918,0.0005878112414621552,86.89812202968821,-0.00018610987899783608,86.61803825957152,3.608530559757068
500.976,86.89106339915347,0.0005880620924765805,86.90519203932953,-0.00018624862544711182,86.6253626129521,3.609519487235868
501.044,86.90466339835751,0.0005885633102150994,86.9179233611597,-0.00018649825984153702,86.63877526473492,3.6113293444761037
501.078,86.91146340888906,0.0005888116965706976,86.9245580675669,-0.0001866285316422221,86.64526565132671,3.612205268907938
501.146,86.92506344451314,0.0005893058010299151,86.93840221402786,-0.00018690126114986335,86.65841952685045,3.61397948373414
501.18,86.93186345639748,0.0005895497192437975,86.94405376256383,-0.0001870127314324454,86.66489495385063,3.6148514352219157
501.248,86.94546345943253,0.0005900411312387617,86.95891982481525,-0.00018730531490384228,86.67871050829964,3.6167119517647612
501.282,86.95226346341683,0.0005902868382186351,86.96545521935776,-0.00018743367076191002,86.68557004613808,3.6176377429804756
501.35,86.96586346484153,0.0005907829127572499,86.9789053515513,-0.00018769831876046836,86.69898283428284,3.6194476980746098
501.384,86.97266348801534,0.0005910314230521726,86.98548382575098,-0.00018782808660803316,86.70558518531483,3.62033465096722
501.418,86.97946350622948,0.0005912810065904438,86.99347419784274,-0.00018798580608194254,86.71271256950703,3.6212902856510607
501.486,86.99306353504318,0.00059178356750149,87.00684873543712,-0.00018824977602204754,86.72685310412103,3.62318500284765
501.52,86.99986354002638,0.0005920323652391554,87.01485779546539,-0.00018840787425605904,86.73393338203691,3.6241358382052975
501.588,87.01346352862429,0.0005925338042350657,87.0298773858774,-0.00018870460685985364,86.74877913406324,3.626131033926251
501.622,87.0202635264945,0.0005927816866636827,87.03580548847282,-0.00018882187952399472,86.755544074876,3.6270384747728435
501.69,87.03386354364068,0.000593276830068968,87.0475901486409,-0.00018905538097121252,86.76788659876865,3.6286902515211152
501.724,87.040663574631,0.0005935224963499482,87.05354695307516,-0.0001891735451849071,86.77374776289706,3.6294748126403205
501.792,87.05426361979892,0.0005940135617119725,87.06775999171262,-0.0001894553962838062,86.78686668377104,3.6312340337645015
501.826,87.06106362214364,0.0005942601671650236,87.07495744812165,-0.0001895980062875096,86.79382811012215,3.6321687280909125
501.894,87.07466362700097,0.0005947582443332187,87.08886612010127,-0.00018987349841851833,86.80757136657249,3.6340113407590726
501.928,87.08146361080362,0.0005950069224653963,87.09483677602954,-0.00018999186346203668,86.81416089308911,3.63489591396093
501.996,87.09506359853393,0.0005955115973335224,87.10868301707383,-0.0001902667669080748,86.82759719669302,3.6367005542275903
502.03,87.10186360641211,0.0005957632269598523,87.11514650642484,-0.0001903954128882335,86.8341593271226,3.6375829727542235
502.064,87.10866362999188,0.0005960142066555988,87.12214534395214,-0.00019053493817158763,86.84084670979183,3.638481712386109
502.132,87.12226368395356,0.0005965131109468834,87.13420956836106,-0.00019077570141201686,86.85375848969768,3.6402142474929953
502.166,87.12906370978331,0.0005967605412247722,87.14293719807982,-0.0001909499263820599,86.86073175830249,3.6411500704205593
502.234,87.1426637175682,0.0005972531356637642,87.15611466627611,-0.00019121291746285895,86.874537643757,3.643001192143638
502.268,87.14946372204516,0.0005974985706091498,87.16306123225955,-0.0001913515092505768,86.8813373728455,3.64391316338933
502.336,87.16306369149802,0.0005979938942616219,87.17631881086209,-0.00019161597482449504,86.89478640351028,3.6457163096484586
502.37,87.16986369068145,0.0005982428073378911,87.18289530944934,-0.00019174719386533975,86.90130360022732,3.6465912846532214
502.404,87.17666370589473,0.0005984921146847475,87.18862667406589,-0.0001918617000398757,86.90747791864129,3.647421017392937
502.472,87.19026374270962,0.0005989935150654749,87.20300527848104,-0.0001921495086245051,86.9209235516887,3.6492244958092805
502.54,87.20386376179933,0.0005994976668885557,87.21661534238216,-0.00019242213842291704,86.93455059582355,3.651052391014055
502.574,87.21066375256916,0.0005997478990178378,87.22373445316906,-0.00019256473210961877,86.94139125890038,3.6519693903634476
502.608,87.21746375860641,0.0006000004269501939,87.23023578074758,-0.00019269500559390492,86.94810807738317,3.652869852481944
502.676,87.23106377021213,0.0006004992540529945,87.24362835735427,-0.00019296407371303533,86.961638711596,3.654680185793577
502.744,87.24466381091706,0.0006009931646265459,87.25056330572434,-0.00019310375794990523,86.96821947621986,3.65556001371702
502.778,87.25146383078467,0.0006012393162021447,87.26412144730425,-0.00019337678426255254,86.98159555027989,3.657346047492926
502.812,87.25826382444711,0.0006014869853171767,87.27057787383595,-0.00019350659942255424,86.98819228344894,3.6582254473844222
502.88,87.27186381995341,0.0006019829937145427,87.28567985134654,-0.00019380999314022924,87.00250453461122,3.6601287653669625
502.914,87.27866382401095,0.0006022321428593301,87.29356528719535,-0.00019396863689252454,87.0099543725339,3.6611176270046006
502.982,87.29226385677678,0.0006027341555074625,87.30735315561056,-0.00019424672486331856,87.02428487522926,3.6630176286308918
503.016,87.29906387707551,0.0006029862324269551,87.31317056786071,-0.00019436420612197443,87.03072072102778,3.66386924538237
503.05,87.30586389046358,0.0006032388111441029,87.32022279680918,-0.00019450663803043678,87.03726340463983,3.6647361775926317
503.118,87.31946388740755,0.0006037407002149701,87.3328997493254,-0.00019476260992640825,87.05018737557442,3.6664499255328953
503.152,87.32626387472236,0.0006039926387004447,87.33946636763991,-0.00019489528349796325,87.05658646544282,3.66729986638353
503.22,87.33986390316761,0.0006044916078631364,87.35402845248286,-0.00019519004144756593,87.07026029235257,3.6691113956928123
503.254,87.34666392019466,0.0006047388984936891,87.36067244990677,-0.0001953248163325132,87.07720607723576,3.67003131591882
503.322,87.36026394950467,0.0006052332329023608,87.37409253135698,-0.0001955970067078805,87.0905728470706,3.671797321624238
503.356,87.36706394923905,0.0006054787229808788,87.37959979681096,-0.00019570853437499464,87.0968083173561,3.6726207134367126
503.424,87.38066393350792,0.0006059782375206306,87.3919900470294,-0.00019595916862633642,87.10913133924372,3.6742454399731437
503.458,87.38746394053945,0.0006062304568732862,87.39781129304315,-0.00019607703444648797,87.11501393799807,3.6750192528742107
503.526,87.40106398159767,0.0006067342297708063,87.4097838206085,-0.00019632018505214667,87.126886610688,3.676587389912204
503.56,87.40786400522285,0.000606986991838562,87.41574474913152,-0.00019644146346583087,87.13275793981899,3.6773640592324695
503.594,87.41466400433134,0.0006072399706022753,87.42190237310226,-0.0001965667417602501,87.13873150857901,3.6781555537869988
503.662,87.42826400797355,0.0006077426274375004,87.43540169230249,-0.00019684117143197553,87.15153905192247,3.679849948070606
503.696,87.43506399407083,0.000607993477874002,87.44325222596302,-0.0001970008290225341,87.15861692098483,3.6807880995487148
503.764,87.44866402474426,0.0006084917874313179,87.45742526658896,-0.0001972896232928219,87.17324252754443,3.682725149688928
503.798,87.45546405288292,0.0006087385503691415,87.46342737793952,-0.00019741220579998358,87.1796459496448,3.683572876041873
503.866,87.46906407004997,0.0006092327775352719,87.4758874504954,-0.0001976665262601542,87.19185831032948,3.6851923066093657
503.9,87.47586407922975,0.0006094808734775831,87.48302332603342,-0.00019781189488919489,87.19853715043666,3.6860770727495997
503.968,87.48946405874398,0.0006099834702657557,87.49556677073552,-0.00019806724753267325,87.21171123651311,3.687824360874684
504.002,87.49626406329962,0.0006102364123176385,87.50172946652087,-0.00019819289041367953,87.21779149276946,3.68862993044364
504.07,87.50986411686483,0.0006107418744890489,87.50830577649559,-0.00019832727492888368,87.2240569349437,3.6894599821486223
504.104,87.51666412317368,0.0006109957985482495,87.5215813784187,-0.0001985991536350291,87.23683919577617,3.6911499990850443
504.138,87.52346413242628,0.0006112465631726195,87.52901617684314,-0.0001987514356156494,87.2438270974945,3.692073612255288
504.206,87.53706412393342,0.0006117507744249485,87.5429110686694,-0.00019903578255873504,87.25803932048866,3.69395018300389
504.24,87.54386412614589,0.0006120009179408567,87.55038558004705,-0.00019918881753516274,87.26501138881252,3.694872025473016
504.308,87.55746411968305,0.0006124984011125518,87.5629171234035,-0.00019944579807420766,87.27835015950912,3.6966386680020236
504.342,87.56426413348971,0.0006127463936185396,87.57033400614996,-0.00019959812111136036,87.28501666644637,3.6975213423070454
504.41,87.57786419907497,0.0006132430399572311,87.58398266941546,-0.00019987842306787637,87.29882739733398,3.6993478561868383
504.444,87.58466421219248,0.0006134926940101617,87.59023347426664,-0.00020000668682936858,87.3052602655104,3.700197454712215
504.512,87.59826423869869,0.000613995962589468,87.5967870276435,-0.00020014115461193527,87.31167680451603,3.7010457805069223
504.546,87.60506423172764,0.0006142492209614281,87.61117964517254,-0.0002004365578725811,87.32544339254699,3.7028712192047766
504.614,87.61866421958291,0.0006147579083553999,87.61905521284987,-0.00020059834482560768,87.33273964240536,3.703840978101496
504.648,87.62546420216343,0.0006150118516993152,87.6331187284842,-0.00020088763676690458,87.34719983619874,3.7057619255181478
504.682,87.63226420409138,0.00061526376870558,87.64023810366909,-0.00020103436366689095,87.35418402427844,3.706689177758861
504.75,87.64586421086724,0.0006157661187213125,87.65425025143783,-0.00020132371390327728,87.36842335537008,3.7085810593846826
504.784,87.65266423800577,0.0006160158080451411,87.66082630280748,-0.00020145968624369156,87.37502402939235,3.7094566806282114
504.852,87.66626429632767,0.0006165126366389477,87.6735022430768,-0.0002017217020413669,87.38813404960828,3.711197313652787
504.886,87.67306432123507,0.000616760668570132,87.67990265045587,-0.00020185397187917406,87.39429380957573,3.7120147722410017
504.954,87.68666433466211,0.0006172595925370459,87.69371792009616,-0.00020213945127472665,87.40732648608952,3.713745824541254
504.988,87.69346433971117,0.0006175094907437139,87.69981932732931,-0.00020226550366952826,87.41386491936721,3.7146132416836655
505.056,87.70706431324582,0.000618017389400427,87.7137159461038,-0.00020255264627674457,87.4272908413201,3.7163945893271566
505.09,87.71386430364437,0.000618271224933466,87.7210521770427,-0.00020270438240025526,87.434248060519,3.7173190783850947
505.158,87.72746431496888,0.0006187807637629268,87.72714882959554,-0.0002028306575757953,87.44088790743949,3.7181997008086123
505.192,87.73426433956163,0.0006190340190103717,87.74129666484338,-0.0002031244227845336,87.45442465873325,3.7199926223029194
505.226,87.74106437586259,0.0006192859389260197,87.7477457099881,-0.00020325851533871931,87.46114467444413,3.7208802273417496
505.294,87.75466440700175,0.0006197858995371603,87.76144334866673,-0.00020354324850175808,87.47439988499008,3.7226333659463515
505.328,87.76146441030616,0.0006200361313609021,87.76896744299141,-0.00020369956745459113,87.48155471552091,3.723582863223157
505.396,87.77506440008574,0.0006205342774805434,87.784320352033,-0.0002040184510374162,87.49633527469295,3.7255443199282094
505.43,87.78186438337822,0.000620784335188304,87.79118980431468,-0.00020416116934300808,87.50366261337557,3.7265162812910777
505.498,87.79546438022528,0.0006212863211751419,87.80555886791834,-0.00020445996446719,87.51810152808686,3.7284286004230283
505.532,87.80226439921016,0.0006215389243050055,87.81189296775351,-0.00020459188895839077,87.52479172505606,3.729312758772056
505.6,87.81586445462817,0.0006220473337326767,87.82448162881883,-0.00020485438846160246,87.53084077651954,3.7301112407168713
505.634,87.82266448371183,0.0006223005361508218,87.83195714876338,-0.0002050103693424797,87.54416093686474,3.7318712453851814
505.702,87.83626449111091,0.000622809604030643,87.83914823077667,-0.00020516045691313287,87.551265001312,3.732810854274424
505.736,87.84306450013688,0.0006230627116300995,87.8534694328411,-0.00020545954475240303,87.5654893009994,3.7346942092985715
505.77,87.84986448367334,0.0006233159232179275,87.8605852595224,-0.00020560830210375973,87.57256119980504,3.7356324045572786
505.838,87.86346446681743,0.0006238166490270154,87.87444058951729,-0.00020589812705133876,87.58661530214104,3.7374975971449516
505.872,87.87026447954491,0.0006240660928745056,87.8805491661701,-0.0002060260074884469,87.5930792477393,3.738353752590866
505.94,87.88386453376233,0.0006245642824672639,87.89414202436274,-0.00020631097327310872,87.60639594850407,3.740119110318981
505.974,87.89066455671762,0.0006248148209414089,87.90124793250956,-0.0002064599615177712,87.6131175009001,3.7410095647089174
506.042,87.90426457162943,0.0006253174667552384,87.91564849128815,-0.0002067616333250957,87.62737478183998,3.742895271145723
506.076,87.91106456646976,0.0006255725977185023,87.92224908967992,-0.00020689981116937695,87.63409292606187,3.743783958335682
506.144,87.92466454951897,0.0006260836988339874,87.93569345479295,-0.00020718156345917542,87.64778561592202,3.745591546337936
506.178,87.9314645577902,0.000626338870172136,87.94322346758632,-0.00020733968234647093,87.65456376599987,3.7464863326465454
506.246,87.94506459672809,0.0006268473374272795,87.95708845008207,-0.00020763157911397875,87.66843251336674,3.748318736456419
506.28,87.95186460671215,0.000627098498287766,87.96563024991993,-0.00020781162310596127,87.67595456431421,3.7493114269122083
506.314,87.95866462088453,0.0006273496416143819,87.97224081208394,-0.00020795090293930992,87.6832506498919,3.750273207698953
506.382,87.97226461214137,0.0006278515114832707,87.9865526266995,-0.00020825202514975343,87.69736420769955,3.7521381932967706
506.416,87.97906460264805,0.0006281014068853033,87.99419725210865,-0.0002084128438203486,87.70468619970309,3.7531063380520626
506.484,87.9926646358556,0.000628602474020542,88.00646511784119,-0.00020867139681797484,87.7179062216023,3.7548563728276982
506.518,87.99946465458315,0.0006288538341884102,88.01229733493895,-0.0002087944806545945,87.72401866276304,3.7556655456574957
506.586,88.01306468785162,0.0006293612828301082,88.02657770183383,-0.00020909571735038283,87.73722163594553,3.75740940446693
506.62,88.01986468993998,0.0006296144645532594,88.03292150394977,-0.0002092294731191007,87.74391032640763,3.7582926480498173
506.688,88.03346468079604,0.0006301268854498111,88.0464226858551,-0.00020951430623125186,87.7569695392212,3.7600130333951785
506.722,88.04026467732936,0.0006303817226895113,88.0532821587194,-0.00020965925411644762,87.76382494629534,3.760915184100024
506.79,88.05386469646542,0.0006308910903356438,88.06861397678901,-0.00020998394702047442,87.77865615781998,3.7628649656962034
506.824,88.06066472671753,0.000631143109574412,88.07561750630384,-0.000210132511658102,87.78575633538772,3.7637978574627593
506.858,88.06746474062224,0.0006313941050213142,88.0823310337284,-0.00021027492744618567,87.79264660410591,3.7647017222511687
506.926,88.08106476185635,0.0006318951752649315,88.09648615514605,-0.00021057507362189724,87.80705205661452,3.7665930676997847
506.96,88.08786475767339,0.0006321432327626408,88.10325255383825,-0.00021071844381465583,87.8136068645913,3.7674539880525724
507.028,88.10146473804157,0.000632648067011186,88.11719369239997,-0.00021101376011246393,87.82709813276375,3.7692225820215857
507.062,88.10826474188057,0.0006329019525063749,88.12488799918279,-0.00021117692835067683,87.83431689740301,3.7701679442813445
507.13,88.12186478752234,0.0006334109820030826,88.13951386039466,-0.00021148766440738783,87.84889120608912,3.77207433942911
507.164,88.12866480715836,0.0006336670155391076,88.14640720890172,-0.00021163428448856214,87.85598438580544,3.7730021556012274
507.232,88.14226484265515,0.0006341780822882345,88.16047058210961,-0.0002119335201728634,87.8700605498236,3.7748381935446065
507.266,88.14906483717927,0.0006344334823665025,88.16749691064368,-0.0002120830533280477,87.87697883682921,3.7757381361040894
507.334,88.162664834397,0.0006349412667484102,88.18023546676439,-0.000212354369382983,87.89013294623724,3.777443885061781
507.368,88.16946481625835,0.0006351938717400475,88.18649677016234,-0.00021248786972649595,87.89646228046743,3.7782634112863547
507.436,88.18306482264782,0.0006356953278700061,88.19956778284231,-0.0002127668918393735,87.90904349083951,3.77989070816637
507.47,88.18986483855005,0.0006359460566769182,88.20684829509742,-0.00021292246270608468,87.91594150692806,3.7807849237015505
507.504,88.19666486964273,0.0006361971111013305,88.21294425897624,-0.00021305276666331875,87.92254824458412,3.781641122212793
507.572,88.21026491396961,0.0006367017510958641,88.22342555934485,-0.00021327675839254704,87.93418974240598,3.7831460176980674
507.606,88.21706491981979,0.0006369561252278219,88.23065632443144,-0.0002134312357478259,87.94019079146993,3.783922311745441
507.674,88.23066492464257,0.0006374691061575807,88.24332513805528,-0.00021370198922008736,87.95283785050098,3.785556515673566
